nombre,municipio,teléfono,correo,WhatsApp,sitio_red,url_fuente
Canada Boutique,Acambay de Ruíz Castañeda,+52 71 2192 0118,lacanada55@hotmail.com,https://wa.me/527121920118,https://www.facebook.com/search/pages/?q=Canada%20Boutique%20Acambay%20de%20Ruíz%20Castañeda,"https://www.google.com/maps/search/?api=1&query=19.95489683,-99.8443238"
Tienda De Ropa Mizma Moda,Acambay de Ruíz Castañeda,+52 71 2264 0806,mizmamoda@gmail.com,https://wa.me/527122640806,https://www.facebook.com/search/pages/?q=Tienda%20De%20Ropa%20Mizma%20Moda%20Acambay%20de%20Ruíz%20Castañeda,"https://www.google.com/maps/search/?api=1&query=19.95433149,-99.84221994"
Tienda De Ropa Boutique Moonly,Acambay de Ruíz Castañeda,+52 72 2879 3751,ND,https://wa.me/527228793751,https://www.facebook.com/search/pages/?q=Tienda%20De%20Ropa%20Boutique%20Moonly%20Acambay%20de%20Ruíz%20Castañeda,"https://www.google.com/maps/search/?api=1&query=19.95142376,-99.84375531"
Tienda De Ropa Boutique Paulina,Acambay de Ruíz Castañeda,+52 71 2237 5117,ND,https://wa.me/527122375117,https://www.facebook.com/search/pages/?q=Tienda%20De%20Ropa%20Boutique%20Paulina%20Acambay%20de%20Ruíz%20Castañeda,"https://www.google.com/maps/search/?api=1&query=19.95654603,-99.84660415"
Boutique Aislynn,Acolman,+52 55 7875 5481,ND,https://wa.me/525578755481,https://www.facebook.com/search/pages/?q=Boutique%20Aislynn%20Acolman,"https://www.google.com/maps/search/?api=1&query=19.63803524,-98.91166596"
Boutique Blessed,Acolman,+52 55 1820 5408,ND,https://wa.me/525518205408,https://www.facebook.com/search/pages/?q=Boutique%20Blessed%20Acolman,"https://www.google.com/maps/search/?api=1&query=19.59994101,-98.9775335"
Boutique Corsalle,Acolman,+52 55 4818 5946,ND,https://wa.me/525548185946,https://www.facebook.com/search/pages/?q=Boutique%20Corsalle%20Acolman,"https://www.google.com/maps/search/?api=1&query=19.61420885,-98.89261563"
Boutique D Mavi,Acolman,+52 56 3380 4009,ND,https://wa.me/525633804009,https://www.facebook.com/search/pages/?q=Boutique%20D%20Mavi%20Acolman,"https://www.google.com/maps/search/?api=1&query=19.6377129,-98.91203123"
Boutique El Castillo,Acolman,+52 55 4192 7058,ND,https://wa.me/525541927058,https://www.facebook.com/search/pages/?q=Boutique%20El%20Castillo%20Acolman,"https://www.google.com/maps/search/?api=1&query=19.63793239,-98.91187197"
Boutique El Mexa,Acolman,+52 55 3705 7648,ND,https://wa.me/525537057648,https://www.facebook.com/search/pages/?q=Boutique%20El%20Mexa%20Acolman,"https://www.google.com/maps/search/?api=1&query=19.60338733,-98.97431874"
Boutique Mary,Acolman,+52 55 7275 6230,ND,https://wa.me/525572756230,https://www.facebook.com/search/pages/?q=Boutique%20Mary%20Acolman,"https://www.google.com/maps/search/?api=1&query=19.59887752,-98.98129635"
Boutique Moda Juvenil Liz,Acolman,+52 56 3379 3477,ND,https://wa.me/525633793477,https://www.facebook.com/search/pages/?q=Boutique%20Moda%20Juvenil%20Liz%20Acolman,"https://www.google.com/maps/search/?api=1&query=19.6126957,-98.93636458"
Boutique Moda Shein,Acolman,+52 56 2678 3467,ND,https://wa.me/525626783467,https://www.facebook.com/search/pages/?q=Boutique%20Moda%20Shein%20Acolman,"https://www.google.com/maps/search/?api=1&query=19.60060449,-98.97523542"
Boutique Moda Y Estilo,Acolman,+52 56 1662 1411,ND,https://wa.me/525616621411,https://www.facebook.com/search/pages/?q=Boutique%20Moda%20Y%20Estilo%20Acolman,"https://www.google.com/maps/search/?api=1&query=19.60929486,-98.97909203"
Boutique Mujercitas,Acolman,+52 55 7532 6502,ND,https://wa.me/525575326502,https://www.facebook.com/search/pages/?q=Boutique%20Mujercitas%20Acolman,"https://www.google.com/maps/search/?api=1&query=19.60118556,-98.97932284"
Boutique Nayeli,Acolman,+52 55 2092 0704,ND,https://wa.me/525520920704,https://www.facebook.com/search/pages/?q=Boutique%20Nayeli%20Acolman,"https://www.google.com/maps/search/?api=1&query=19.63910214,-98.91071164"
Boutique Pretty Woman,Acolman,+52 55 2683 8357,ND,https://wa.me/525526838357,https://www.facebook.com/search/pages/?q=Boutique%20Pretty%20Woman%20Acolman,"https://www.google.com/maps/search/?api=1&query=19.63893995,-98.91071174"
El Closet De La Tia,Acolman,+52 55 6736 0105,ND,https://wa.me/525567360105,https://www.facebook.com/search/pages/?q=El%20Closet%20De%20La%20Tia%20Acolman,"https://www.google.com/maps/search/?api=1&query=19.64110301,-98.88763048"
Fantasy Shop,Acolman,+52 55 3486 7073,ND,https://wa.me/525534867073,https://www.facebook.com/search/pages/?q=Fantasy%20Shop%20Acolman,"https://www.google.com/maps/search/?api=1&query=19.61451662,-98.97036037"
Nana Boutique,Acolman,+52 55 6785 1815,ND,https://wa.me/525567851815,https://www.facebook.com/search/pages/?q=Nana%20Boutique%20Acolman,"https://www.google.com/maps/search/?api=1&query=19.61129511,-98.97306817"
Shop Ag,Acolman,+52 55 7071 4524,ND,https://wa.me/525570714524,https://www.facebook.com/search/pages/?q=Shop%20Ag%20Acolman,"https://www.google.com/maps/search/?api=1&query=19.60284971,-98.97361997"
Tienda Boutique Nashivana,Acolman,+52 55 2937 3901,ND,https://wa.me/525529373901,https://www.facebook.com/search/pages/?q=Tienda%20Boutique%20Nashivana%20Acolman,"https://www.google.com/maps/search/?api=1&query=19.60410286,-98.89587598"
Venta De Ropa Naomi Fashion,Acolman,+52 55 3190 7523,ND,https://wa.me/525531907523,https://www.facebook.com/search/pages/?q=Venta%20De%20Ropa%20Naomi%20Fashion%20Acolman,"https://www.google.com/maps/search/?api=1&query=19.6004751,-98.97733036"
Tienda De Ropa Gevy,Aculco,+52 71 2113 0185,ND,https://wa.me/527121130185,https://www.facebook.com/search/pages/?q=Tienda%20De%20Ropa%20Gevy%20Aculco,"https://www.google.com/maps/search/?api=1&query=20.09949242,-99.83112392"
Boutique Cely S,Almoloya de Alquisiras,+52 72 2413 8579,ND,https://wa.me/527224138579,https://www.facebook.com/search/pages/?q=Boutique%20Cely%20S%20Almoloya%20de%20Alquisiras,"https://www.google.com/maps/search/?api=1&query=18.86667613,-99.89440345"
Mb Boutique,Almoloya de Alquisiras,+52 72 2337 3512,ND,https://wa.me/527223373512,https://www.facebook.com/search/pages/?q=Mb%20Boutique%20Almoloya%20de%20Alquisiras,"https://www.google.com/maps/search/?api=1&query=18.86627482,-99.89785672"
Mundo Moda,Almoloya de Alquisiras,+52 72 2614 8422,ND,https://wa.me/527226148422,https://www.facebook.com/search/pages/?q=Mundo%20Moda%20Almoloya%20de%20Alquisiras,"https://www.google.com/maps/search/?api=1&query=18.86501744,-99.88446802"
Tienda De Ropa Kips Moda,Almoloya de Alquisiras,+52 72 2601 5207,ND,https://wa.me/527226015207,https://www.facebook.com/search/pages/?q=Tienda%20De%20Ropa%20Kips%20Moda%20Almoloya%20de%20Alquisiras,"https://www.google.com/maps/search/?api=1&query=18.86576741,-99.88808945"
Tienda De Ropa Shopix-25,Almoloya de Alquisiras,+52 72 2139 1285,ND,https://wa.me/527221391285,https://www.facebook.com/search/pages/?q=Tienda%20De%20Ropa%20Shopix-25%20Almoloya%20de%20Alquisiras,"https://www.google.com/maps/search/?api=1&query=18.86557498,-99.89561408"
Todo Fashion,Almoloya de Alquisiras,+52 72 2505 7516,ND,https://wa.me/527225057516,https://www.facebook.com/search/pages/?q=Todo%20Fashion%20Almoloya%20de%20Alquisiras,"https://www.google.com/maps/search/?api=1&query=18.86645178,-99.89001968"
Boutique Perlas,Almoloya de Juárez,+52 72 2892 7382,ND,https://wa.me/527228927382,https://www.facebook.com/search/pages/?q=Boutique%20Perlas%20Almoloya%20de%20Juárez,"https://www.google.com/maps/search/?api=1&query=19.37312792,-99.75794627"
Jimenez Jeans,Almoloya de Juárez,+52 55 8457 0397,ND,https://wa.me/525584570397,https://www.facebook.com/search/pages/?q=Jimenez%20Jeans%20Almoloya%20de%20Juárez,"https://www.google.com/maps/search/?api=1&query=19.36788124,-99.75912083"
Life Moda Y Accesorios,Almoloya de Juárez,+52 72 2806 9261,ND,https://wa.me/527228069261,https://www.facebook.com/search/pages/?q=Life%20Moda%20Y%20Accesorios%20Almoloya%20de%20Juárez,"https://www.google.com/maps/search/?api=1&query=19.37084886,-99.75907221"
Tienda De Tatuajes Hexen Shop,Almoloya de Juárez,+52 72 2863 6614,ND,https://wa.me/527228636614,https://www.facebook.com/search/pages/?q=Tienda%20De%20Tatuajes%20Hexen%20Shop%20Almoloya%20de%20Juárez,"https://www.google.com/maps/search/?api=1&query=19.3704583,-99.74221069"
Butique Lucky Style,Almoloya del Río,+52 71 3138 5543,ND,https://wa.me/527131385543,https://www.facebook.com/search/pages/?q=Butique%20Lucky%20Style%20Almoloya%20del%20Río,"https://www.google.com/maps/search/?api=1&query=19.16094427,-99.48753273"
Venta De Ropa Juan,Amanalco,+52 72 2141 6023,ND,https://wa.me/527221416023,https://www.facebook.com/search/pages/?q=Venta%20De%20Ropa%20Juan%20Amanalco,"https://www.google.com/maps/search/?api=1&query=19.25524334,-100.02057705"
Venta De Ropa Rosario,Amanalco,+52 72 2114 1620,ND,https://wa.me/527221141620,https://www.facebook.com/search/pages/?q=Venta%20De%20Ropa%20Rosario%20Amanalco,"https://www.google.com/maps/search/?api=1&query=19.25494397,-100.0205431"
Boutique Andy,Amatepec,+52 72 2771 1440,ND,https://wa.me/527227711440,https://www.facebook.com/search/pages/?q=Boutique%20Andy%20Amatepec,"https://www.google.com/maps/search/?api=1&query=18.69213073,-100.36818101"
Boutique Natalia,Amatepec,+52 72 2372 9434,ND,https://wa.me/527223729434,https://www.facebook.com/search/pages/?q=Boutique%20Natalia%20Amatepec,"https://www.google.com/maps/search/?api=1&query=18.69112129,-100.36884835"
Moda Arleos,Amatepec,+52 72 2183 4989,ND,https://wa.me/527221834989,https://www.facebook.com/search/pages/?q=Moda%20Arleos%20Amatepec,"https://www.google.com/maps/search/?api=1&query=18.69674922,-100.36844343"
Tienda De Ropa Moda Exclusiva,Amatepec,+52 72 2376 3719,ND,https://wa.me/527223763719,https://www.facebook.com/search/pages/?q=Tienda%20De%20Ropa%20Moda%20Exclusiva%20Amatepec,"https://www.google.com/maps/search/?api=1&query=18.68320554,-100.18626804"
Boutique Cajoncito De Ropa,Amecameca,+52 55 2827 5029,ND,https://wa.me/525528275029,https://www.facebook.com/search/pages/?q=Boutique%20Cajoncito%20De%20Ropa%20Amecameca,"https://www.google.com/maps/search/?api=1&query=19.13150378,-98.76723189"
Boutique Emilianos,Amecameca,+52 55 1336 2425,ND,https://wa.me/525513362425,https://www.facebook.com/search/pages/?q=Boutique%20Emilianos%20Amecameca,"https://www.google.com/maps/search/?api=1&query=19.1334482,-98.77071056"
Boutique Fashion 4N,Amecameca,+52 55 7217 3264,ND,https://wa.me/525572173264,https://www.facebook.com/search/pages/?q=Boutique%20Fashion%204N%20Amecameca,"https://www.google.com/maps/search/?api=1&query=19.11837463,-98.76797227"
Boutique Milie Fashion,Amecameca,+52 56 5215 6846,ND,https://wa.me/525652156846,https://www.facebook.com/search/pages/?q=Boutique%20Milie%20Fashion%20Amecameca,"https://www.google.com/maps/search/?api=1&query=19.12869146,-98.76710957"
Boutique Pekes,Amecameca,+52 56 9785 4824,ND,https://wa.me/525697854824,https://www.facebook.com/search/pages/?q=Boutique%20Pekes%20Amecameca,"https://www.google.com/maps/search/?api=1&query=19.12860538,-98.76688302"
Boutique Yaraleidi,Amecameca,+52 55 2303 5558,ND,https://wa.me/525523035558,https://www.facebook.com/search/pages/?q=Boutique%20Yaraleidi%20Amecameca,"https://www.google.com/maps/search/?api=1&query=19.12504783,-98.76463315"
Boutique Zone Center,Amecameca,+52 55 3420 7991,ND,https://wa.me/525534207991,https://www.facebook.com/search/pages/?q=Boutique%20Zone%20Center%20Amecameca,"https://www.google.com/maps/search/?api=1&query=19.12717952,-98.76861464"
Boutique Nayelli,Apaxco,+52 55 4358 2218,ND,https://wa.me/525543582218,https://www.facebook.com/search/pages/?q=Boutique%20Nayelli%20Apaxco,"https://www.google.com/maps/search/?api=1&query=19.9762629,-99.17361786"
Tienda De Ropa Alien Shop,Apaxco,+52 55 4459 3606,ND,https://wa.me/525544593606,https://www.facebook.com/search/pages/?q=Tienda%20De%20Ropa%20Alien%20Shop%20Apaxco,"https://www.google.com/maps/search/?api=1&query=19.9752116,-99.1691217"
Tienda De Ropa Modas R&M,Apaxco,+52 77 1302 1785,ND,https://wa.me/527713021785,https://www.facebook.com/search/pages/?q=Tienda%20De%20Ropa%20Modas%20R%26M%20Apaxco,"https://www.google.com/maps/search/?api=1&query=19.97544269,-99.17341421"
Tienda De Ropa Queens Fashion Boutique,Apaxco,+52 55 1124 1807,ND,https://wa.me/525511241807,https://www.facebook.com/search/pages/?q=Tienda%20De%20Ropa%20Queens%20Fashion%20Boutique%20Apaxco,"https://www.google.com/maps/search/?api=1&query=19.97595976,-99.1747236"
Venta De Ropa American Style,Apaxco,+52 55 6016 1232,ND,https://wa.me/525560161232,https://www.facebook.com/search/pages/?q=Venta%20De%20Ropa%20American%20Style%20Apaxco,"https://www.google.com/maps/search/?api=1&query=19.97199994,-99.1717622"
Boutique 5 De Noviembre,Atenco,+52 55 2048 6292,ND,https://wa.me/525520486292,https://www.facebook.com/search/pages/?q=Boutique%205%20De%20Noviembre%20Atenco,"https://www.google.com/maps/search/?api=1&query=19.57989371,-98.93054447"
Boutique Abbe,Atenco,+52 55 3659 5595,ND,https://wa.me/525536595595,https://www.facebook.com/search/pages/?q=Boutique%20Abbe%20Atenco,"https://www.google.com/maps/search/?api=1&query=19.57746143,-98.93368713"
Boutique Alejandra,Atenco,+52 55 7066 0478,ND,https://wa.me/525570660478,https://www.facebook.com/search/pages/?q=Boutique%20Alejandra%20Atenco,"https://www.google.com/maps/search/?api=1&query=19.59204124,-98.97241654"
Boutique Artemi,Atenco,+52 56 3101 4011,ND,https://wa.me/525631014011,https://www.facebook.com/search/pages/?q=Boutique%20Artemi%20Atenco,"https://www.google.com/maps/search/?api=1&query=19.59057989,-98.96251255"
Boutique Emy,Atenco,+52 55 6193 8282,ND,https://wa.me/525561938282,https://www.facebook.com/search/pages/?q=Boutique%20Emy%20Atenco,"https://www.google.com/maps/search/?api=1&query=19.58667448,-98.94645519"
Boutique Lulu,Atenco,+52 55 4139 9993,ND,https://wa.me/525541399993,https://www.facebook.com/search/pages/?q=Boutique%20Lulu%20Atenco,"https://www.google.com/maps/search/?api=1&query=19.58784501,-98.96765961"
Jan Boutique,Atenco,+52 55 2521 4666,ND,https://wa.me/525525214666,https://www.facebook.com/search/pages/?q=Jan%20Boutique%20Atenco,"https://www.google.com/maps/search/?api=1&query=19.58196051,-98.92967516"
Miro Shop,Atenco,+52 55 4867 9780,ND,https://wa.me/525548679780,https://www.facebook.com/search/pages/?q=Miro%20Shop%20Atenco,"https://www.google.com/maps/search/?api=1&query=19.55335165,-98.91652843"
Almacenes Almodena,Atizapán,ND,ND,ND,https://www.facebook.com/search/pages/?q=Almacenes%20Almodena%20Atizapán,"https://www.google.com/maps/search/?api=1&query=19.17232933,-99.48684252"
Boutique Bella Mat,Atizapán,ND,ND,ND,https://www.facebook.com/search/pages/?q=Boutique%20Bella%20Mat%20Atizapán,"https://www.google.com/maps/search/?api=1&query=19.18316692,-99.48832243"
Boutique Evita,Atizapán de Zaragoza,+52 55 1527 3349,julianlealcastro@gmail.com,https://wa.me/525515273349,https://www.facebook.com/search/pages/?q=Boutique%20Evita%20Atizapán%20de%20Zaragoza,"https://www.google.com/maps/search/?api=1&query=19.60615714,-99.26082554"
Ana Bel Ropa De Moda,Atizapán de Zaragoza,+52 55 3210 4023,ND,https://wa.me/525532104023,https://www.facebook.com/search/pages/?q=Ana%20Bel%20Ropa%20De%20Moda%20Atizapán%20de%20Zaragoza,"https://www.google.com/maps/search/?api=1&query=19.60335821,-99.22577292"
Boutique Andy,Atizapán de Zaragoza,+52 55 5379 1881,ND,https://wa.me/525553791881,https://www.facebook.com/search/pages/?q=Boutique%20Andy%20Atizapán%20de%20Zaragoza,"https://www.google.com/maps/search/?api=1&query=19.56000213,-99.2198844"
Boutique Bella,Atizapán de Zaragoza,+52 55 1428 2338,ND,https://wa.me/525514282338,https://www.facebook.com/search/pages/?q=Boutique%20Bella%20Atizapán%20de%20Zaragoza,"https://www.google.com/maps/search/?api=1&query=19.59661699,-99.26597803"
Boutique Camila,Atizapán de Zaragoza,+52 55 4690 3131,ND,https://wa.me/525546903131,https://www.facebook.com/search/pages/?q=Boutique%20Camila%20Atizapán%20de%20Zaragoza,"https://www.google.com/maps/search/?api=1&query=19.58942905,-99.22529107"
Boutique De Ropa,Atizapán de Zaragoza,+52 55 5365 2484,ND,https://wa.me/525553652484,https://www.facebook.com/search/pages/?q=Boutique%20De%20Ropa%20Atizapán%20de%20Zaragoza,"https://www.google.com/maps/search/?api=1&query=19.54121928,-99.24940391"
Boutique De Ropa Itzel,Atizapán de Zaragoza,+52 55 1366 0420,ND,https://wa.me/525513660420,https://www.facebook.com/search/pages/?q=Boutique%20De%20Ropa%20Itzel%20Atizapán%20de%20Zaragoza,"https://www.google.com/maps/search/?api=1&query=19.59221945,-99.24993373"
Boutique Delgado,Atizapán de Zaragoza,+52 55 8153 0424,ND,https://wa.me/525581530424,https://www.facebook.com/search/pages/?q=Boutique%20Delgado%20Atizapán%20de%20Zaragoza,"https://www.google.com/maps/search/?api=1&query=19.5790785,-99.24091123"
Boutique Denys,Atizapán de Zaragoza,+52 55 5820 0230,ND,https://wa.me/525558200230,https://www.facebook.com/search/pages/?q=Boutique%20Denys%20Atizapán%20de%20Zaragoza,"https://www.google.com/maps/search/?api=1&query=19.58975715,-99.24223896"
Boutique Dos Veintidos,Atizapán de Zaragoza,+52 55 4363 3696,ND,https://wa.me/525543633696,https://www.facebook.com/search/pages/?q=Boutique%20Dos%20Veintidos%20Atizapán%20de%20Zaragoza,"https://www.google.com/maps/search/?api=1&query=19.55564934,-99.25582549"
Boutique Genesis,Atizapán de Zaragoza,+52 56 3005 3712,ND,https://wa.me/525630053712,https://www.facebook.com/search/pages/?q=Boutique%20Genesis%20Atizapán%20de%20Zaragoza,"https://www.google.com/maps/search/?api=1&query=19.59183425,-99.22167149"
Boutique Jesucristo Rey,Atizapán de Zaragoza,+52 55 6515 0060,ND,https://wa.me/525565150060,https://www.facebook.com/search/pages/?q=Boutique%20Jesucristo%20Rey%20Atizapán%20de%20Zaragoza,"https://www.google.com/maps/search/?api=1&query=19.60524211,-99.24604127"
Boutique Las Cosas,Atizapán de Zaragoza,+52 56 2147 3722,ND,https://wa.me/525621473722,https://www.facebook.com/search/pages/?q=Boutique%20Las%20Cosas%20Atizapán%20de%20Zaragoza,"https://www.google.com/maps/search/?api=1&query=19.58862751,-99.23477246"
Boutique Liz,Atizapán de Zaragoza,+52 56 2314 7898,ND,https://wa.me/525623147898,https://www.facebook.com/search/pages/?q=Boutique%20Liz%20Atizapán%20de%20Zaragoza,"https://www.google.com/maps/search/?api=1&query=19.57967463,-99.24135801"
Boutique Lola,Atizapán de Zaragoza,+52 56 4344 9927,ND,https://wa.me/525643449927,https://www.facebook.com/search/pages/?q=Boutique%20Lola%20Atizapán%20de%20Zaragoza,"https://www.google.com/maps/search/?api=1&query=19.6051014,-99.24612349"
Boutique Lore,Atizapán de Zaragoza,+52 55 3107 0307,ND,https://wa.me/525531070307,https://www.facebook.com/search/pages/?q=Boutique%20Lore%20Atizapán%20de%20Zaragoza,"https://www.google.com/maps/search/?api=1&query=19.59686598,-99.25580053"
Boutique Lorena,Atizapán de Zaragoza,+52 55 1119 2003,ND,https://wa.me/525511192003,https://www.facebook.com/search/pages/?q=Boutique%20Lorena%20Atizapán%20de%20Zaragoza,"https://www.google.com/maps/search/?api=1&query=19.59097054,-99.24905034"
Boutique Lupita,Atizapán de Zaragoza,+52 55 7943 5160,ND,https://wa.me/525579435160,https://www.facebook.com/search/pages/?q=Boutique%20Lupita%20Atizapán%20de%20Zaragoza,"https://www.google.com/maps/search/?api=1&query=19.54051988,-99.2491328"
Boutique Melisa,Atizapán de Zaragoza,+52 55 3258 8144,ND,https://wa.me/525532588144,https://www.facebook.com/search/pages/?q=Boutique%20Melisa%20Atizapán%20de%20Zaragoza,"https://www.google.com/maps/search/?api=1&query=19.60340899,-99.22011268"
Boutique Nayeli,Atizapán de Zaragoza,+52 55 3336 6323,ND,https://wa.me/525533366323,https://www.facebook.com/search/pages/?q=Boutique%20Nayeli%20Atizapán%20de%20Zaragoza,"https://www.google.com/maps/search/?api=1&query=19.58758971,-99.26411113"
Boutique Perez,Atizapán de Zaragoza,+52 55 8683 9461,ND,https://wa.me/525586839461,https://www.facebook.com/search/pages/?q=Boutique%20Perez%20Atizapán%20de%20Zaragoza,"https://www.google.com/maps/search/?api=1&query=19.5410893,-99.24931753"
Boutique Pettra,Atizapán de Zaragoza,+52 55 3495 2623,ND,https://wa.me/525534952623,https://www.facebook.com/search/pages/?q=Boutique%20Pettra%20Atizapán%20de%20Zaragoza,"https://www.google.com/maps/search/?api=1&query=19.560213,-99.2316621"
Boutique Trend,Atizapán de Zaragoza,+52 55 8495 5703,ND,https://wa.me/525584955703,https://www.facebook.com/search/pages/?q=Boutique%20Trend%20Atizapán%20de%20Zaragoza,"https://www.google.com/maps/search/?api=1&query=19.56713462,-99.21737063"
Boutique Yiyoss,Atizapán de Zaragoza,+52 55 7759 1813,ND,https://wa.me/525577591813,https://www.facebook.com/search/pages/?q=Boutique%20Yiyoss%20Atizapán%20de%20Zaragoza,"https://www.google.com/maps/search/?api=1&query=19.59160123,-99.22221939"
De Toto Fashion,Atizapán de Zaragoza,+52 55 3574 0768,ND,https://wa.me/525535740768,https://www.facebook.com/search/pages/?q=De%20Toto%20Fashion%20Atizapán%20de%20Zaragoza,"https://www.google.com/maps/search/?api=1&query=19.59667964,-99.2559146"
Economia Y Moda Nancy,Atizapán de Zaragoza,+52 55 6682 5417,ND,https://wa.me/525566825417,https://www.facebook.com/search/pages/?q=Economia%20Y%20Moda%20Nancy%20Atizapán%20de%20Zaragoza,"https://www.google.com/maps/search/?api=1&query=19.5414911,-99.25012257"
Kanto Shop,Atizapán de Zaragoza,+52 55 6559 6636,ND,https://wa.me/525565596636,https://www.facebook.com/search/pages/?q=Kanto%20Shop%20Atizapán%20de%20Zaragoza,"https://www.google.com/maps/search/?api=1&query=19.59076026,-99.24052223"
Luzzy Boutique,Atizapán de Zaragoza,+52 55 7352 0843,ND,https://wa.me/525573520843,https://www.facebook.com/search/pages/?q=Luzzy%20Boutique%20Atizapán%20de%20Zaragoza,"https://www.google.com/maps/search/?api=1&query=19.58242146,-99.26447252"
Mini Boutique,Atizapán de Zaragoza,+52 55 8561 3660,ND,https://wa.me/525585613660,https://www.facebook.com/search/pages/?q=Mini%20Boutique%20Atizapán%20de%20Zaragoza,"https://www.google.com/maps/search/?api=1&query=19.54092132,-99.24933715"
Miranda Shop,Atizapán de Zaragoza,+52 56 1286 3448,ND,https://wa.me/525612863448,https://www.facebook.com/search/pages/?q=Miranda%20Shop%20Atizapán%20de%20Zaragoza,"https://www.google.com/maps/search/?api=1&query=19.60817433,-99.24264706"
Modanna S Closet,Atizapán de Zaragoza,+52 55 2119 8367,ND,https://wa.me/525521198367,https://www.facebook.com/search/pages/?q=Modanna%20S%20Closet%20Atizapán%20de%20Zaragoza,"https://www.google.com/maps/search/?api=1&query=19.58845541,-99.26338556"
Modas Dany,Atizapán de Zaragoza,+52 55 8802 3915,ND,https://wa.me/525588023915,https://www.facebook.com/search/pages/?q=Modas%20Dany%20Atizapán%20de%20Zaragoza,"https://www.google.com/maps/search/?api=1&query=19.59111187,-99.22413281"
Modas Leo,Atizapán de Zaragoza,+52 55 1617 5446,ND,https://wa.me/525516175446,https://www.facebook.com/search/pages/?q=Modas%20Leo%20Atizapán%20de%20Zaragoza,"https://www.google.com/maps/search/?api=1&query=19.59125165,-99.22358633"
Real 179 Moda Y Estilo,Atizapán de Zaragoza,+52 55 2318 1087,ND,https://wa.me/525523181087,https://www.facebook.com/search/pages/?q=Real%20179%20Moda%20Y%20Estilo%20Atizapán%20de%20Zaragoza,"https://www.google.com/maps/search/?api=1&query=19.59041196,-99.22554308"
Ropa Brecia Closet,Atizapán de Zaragoza,+52 56 1767 5271,ND,https://wa.me/525617675271,https://www.facebook.com/search/pages/?q=Ropa%20Brecia%20Closet%20Atizapán%20de%20Zaragoza,"https://www.google.com/maps/search/?api=1&query=19.60631187,-99.25260477"
Sl Shop,Atizapán de Zaragoza,+52 55 4556 6114,ND,https://wa.me/525545566114,https://www.facebook.com/search/pages/?q=Sl%20Shop%20Atizapán%20de%20Zaragoza,"https://www.google.com/maps/search/?api=1&query=19.57135351,-99.24842159"
Tienda De Ropa Boutique Fashion,Atizapán de Zaragoza,+52 56 4323 3869,ND,https://wa.me/525643233869,https://www.facebook.com/search/pages/?q=Tienda%20De%20Ropa%20Boutique%20Fashion%20Atizapán%20de%20Zaragoza,"https://www.google.com/maps/search/?api=1&query=19.57930125,-99.21958364"
Tienda De Todo Fashon Store,Atizapán de Zaragoza,+52 55 2179 9940,ND,https://wa.me/525521799940,https://www.facebook.com/search/pages/?q=Tienda%20De%20Todo%20Fashon%20Store%20Atizapán%20de%20Zaragoza,"https://www.google.com/maps/search/?api=1&query=19.60599661,-99.24730767"
Venta De Ropa Boutique,Atizapán de Zaragoza,+52 72 9775 1325,ND,https://wa.me/527297751325,https://www.facebook.com/search/pages/?q=Venta%20De%20Ropa%20Boutique%20Atizapán%20de%20Zaragoza,"https://www.google.com/maps/search/?api=1&query=19.58537296,-99.21896037"
Venta De Ropa Boutique 44,Atizapán de Zaragoza,+52 55 4531 4594,ND,https://wa.me/525545314594,https://www.facebook.com/search/pages/?q=Venta%20De%20Ropa%20Boutique%2044%20Atizapán%20de%20Zaragoza,"https://www.google.com/maps/search/?api=1&query=19.60592309,-99.25198428"
Wood Sk8 Shop,Atizapán de Zaragoza,+52 55 3582 4166,ND,https://wa.me/525535824166,https://www.facebook.com/search/pages/?q=Wood%20Sk8%20Shop%20Atizapán%20de%20Zaragoza,"https://www.google.com/maps/search/?api=1&query=19.59228866,-99.26317369"
Xidis Shop,Atizapán de Zaragoza,+52 55 8395 9344,ND,https://wa.me/525583959344,https://www.facebook.com/search/pages/?q=Xidis%20Shop%20Atizapán%20de%20Zaragoza,"https://www.google.com/maps/search/?api=1&query=19.56948052,-99.21825871"
Boutique A&B Maisie,Atlacomulco,+52 71 2597 5940,contactoabmaisie@gmail.com,https://wa.me/527125975940,https://www.facebook.com/search/pages/?q=Boutique%20A%26B%20Maisie%20Atlacomulco,"https://www.google.com/maps/search/?api=1&query=19.79906624,-99.87462508"
Boutique Emociones,Atlacomulco,+52 71 2142 1711,03lilianacd@gmail.com,https://wa.me/527121421711,https://www.facebook.com/search/pages/?q=Boutique%20Emociones%20Atlacomulco,"https://www.google.com/maps/search/?api=1&query=19.79975984,-99.87527399"
Boutique Paris,Atlacomulco,+52 71 2108 1508,salazar-grise@hotmail.com.ar,https://wa.me/527121081508,https://www.facebook.com/search/pages/?q=Boutique%20Paris%20Atlacomulco,"https://www.google.com/maps/search/?api=1&query=19.79931783,-99.87470629"
Sofia Boutique,Atlacomulco,+52 71 2130 9945,bella_boutique88@hotmail.com,https://wa.me/527121309945,https://www.facebook.com/search/pages/?q=Sofia%20Boutique%20Atlacomulco,"https://www.google.com/maps/search/?api=1&query=19.7996378,-99.87245776"
Tienda De Ropa Arizbeth Boutique,Atlacomulco,+52 71 2205 3942,fashioncentertendencias@gmail.com,https://wa.me/527122053942,https://www.facebook.com/search/pages/?q=Tienda%20De%20Ropa%20Arizbeth%20Boutique%20Atlacomulco,"https://www.google.com/maps/search/?api=1&query=19.79957242,-99.87471441"
Tienda De Ropa Ruu Boutique,Atlacomulco,+52 71 2113 7282,ruuboutique@gmail.com,https://wa.me/527121137282,https://www.facebook.com/search/pages/?q=Tienda%20De%20Ropa%20Ruu%20Boutique%20Atlacomulco,"https://www.google.com/maps/search/?api=1&query=19.79963397,-99.87767385"
Venta De Ropa Y Tenis Ontario Store,Atlacomulco,+52 71 2140 7577,gabbs.261@gmail.com,https://wa.me/527121407577,https://www.facebook.com/search/pages/?q=Venta%20De%20Ropa%20Y%20Tenis%20Ontario%20Store%20Atlacomulco,"https://www.google.com/maps/search/?api=1&query=19.79963397,-99.87767385"
Alfoncina Boutique,Atlacomulco,+52 71 2116 3161,ND,https://wa.me/527121163161,https://www.facebook.com/search/pages/?q=Alfoncina%20Boutique%20Atlacomulco,"https://www.google.com/maps/search/?api=1&query=19.7925222,-99.87360675"
Blitzer Jeans Tienda De Ropa,Atlacomulco,+52 71 2140 9919,ND,https://wa.me/527121409919,https://www.facebook.com/search/pages/?q=Blitzer%20Jeans%20Tienda%20De%20Ropa%20Atlacomulco,"https://www.google.com/maps/search/?api=1&query=19.78904569,-99.86657889"
Boutique De Araceli,Atlacomulco,+52 71 2103 6773,ND,https://wa.me/527121036773,https://www.facebook.com/search/pages/?q=Boutique%20De%20Araceli%20Atlacomulco,"https://www.google.com/maps/search/?api=1&query=19.80006445,-99.87346992"
Boutique Wrangler,Atlacomulco,+52 71 2122 0578,ND,https://wa.me/527121220578,https://www.facebook.com/search/pages/?q=Boutique%20Wrangler%20Atlacomulco,"https://www.google.com/maps/search/?api=1&query=19.79791382,-99.8741156"
Divine Boutique Venta De Ropa,Atlacomulco,+52 71 2134 7851,ND,https://wa.me/527121347851,https://www.facebook.com/search/pages/?q=Divine%20Boutique%20Venta%20De%20Ropa%20Atlacomulco,"https://www.google.com/maps/search/?api=1&query=19.79608794,-99.87529284"
Dulce Moda Boutique,Atlacomulco,+52 71 2251 6274,ND,https://wa.me/527122516274,https://www.facebook.com/search/pages/?q=Dulce%20Moda%20Boutique%20Atlacomulco,"https://www.google.com/maps/search/?api=1&query=19.80250632,-99.87327352"
Tienda De Ropa Aick Moda Mabek,Atlacomulco,+52 71 2227 6254,ND,https://wa.me/527122276254,https://www.facebook.com/search/pages/?q=Tienda%20De%20Ropa%20Aick%20Moda%20Mabek%20Atlacomulco,"https://www.google.com/maps/search/?api=1&query=19.80284451,-99.87446937"
Tienda De Ropa Hi Chic Boutique,Atlacomulco,+52 71 2122 8904,ND,https://wa.me/527121228904,https://www.facebook.com/search/pages/?q=Tienda%20De%20Ropa%20Hi%20Chic%20Boutique%20Atlacomulco,"https://www.google.com/maps/search/?api=1&query=19.79341094,-99.88706045"
Tienda De Ropa Modas Sure,Atlacomulco,+52 72 2493 1492,ND,https://wa.me/527224931492,https://www.facebook.com/search/pages/?q=Tienda%20De%20Ropa%20Modas%20Sure%20Atlacomulco,"https://www.google.com/maps/search/?api=1&query=19.80132092,-99.87220189"
Tienda De Ropa Papichino Shop,Atlacomulco,+52 64 2108 0149,ND,https://wa.me/526421080149,https://www.facebook.com/search/pages/?q=Tienda%20De%20Ropa%20Papichino%20Shop%20Atlacomulco,"https://www.google.com/maps/search/?api=1&query=19.79733265,-99.87337935"
Tienda De Ropa Sexi Moda,Atlacomulco,+52 71 2220 9509,ND,https://wa.me/527122209509,https://www.facebook.com/search/pages/?q=Tienda%20De%20Ropa%20Sexi%20Moda%20Atlacomulco,"https://www.google.com/maps/search/?api=1&query=19.8000431,-99.87631421"
Tienda De Ropa Shop Legancy Moda Casual,Atlacomulco,+52 71 2115 9282,ND,https://wa.me/527121159282,https://www.facebook.com/search/pages/?q=Tienda%20De%20Ropa%20Shop%20Legancy%20Moda%20Casual%20Atlacomulco,"https://www.google.com/maps/search/?api=1&query=19.80176555,-99.87344106"
Venta De Ropa Milashop,Atlacomulco,+52 71 2204 0147,ND,https://wa.me/527122040147,https://www.facebook.com/search/pages/?q=Venta%20De%20Ropa%20Milashop%20Atlacomulco,"https://www.google.com/maps/search/?api=1&query=19.79612206,-99.88282097"
Modas Lady & Lord,Atlautla,+52 55 1020 1964,ND,https://wa.me/525510201964,https://www.facebook.com/search/pages/?q=Modas%20Lady%20%26%20Lord%20Atlautla,"https://www.google.com/maps/search/?api=1&query=19.03193841,-98.77903962"
Boutique De Ropa,Axapusco,+52 99 8187 7693,ND,https://wa.me/529981877693,https://www.facebook.com/search/pages/?q=Boutique%20De%20Ropa%20Axapusco,"https://www.google.com/maps/search/?api=1&query=19.7259092,-98.75781604"
Cool Moda,Axapusco,+52 77 1420 4767,ND,https://wa.me/527714204767,https://www.facebook.com/search/pages/?q=Cool%20Moda%20Axapusco,"https://www.google.com/maps/search/?api=1&query=19.85538031,-98.74741006"
Kaly Moda,Axapusco,+52 56 2648 6737,ND,https://wa.me/525626486737,https://www.facebook.com/search/pages/?q=Kaly%20Moda%20Axapusco,"https://www.google.com/maps/search/?api=1&query=19.72539017,-98.76101338"
Butic Alison,Ayapango,+52 56 3099 2526,ND,https://wa.me/525630992526,https://www.facebook.com/search/pages/?q=Butic%20Alison%20Ayapango,"https://www.google.com/maps/search/?api=1&query=19.12749799,-98.80368839"
Venta De Ropa,Ayapango,+52 55 7374 1459,ND,https://wa.me/525573741459,https://www.facebook.com/search/pages/?q=Venta%20De%20Ropa%20Ayapango,"https://www.google.com/maps/search/?api=1&query=19.12736941,-98.80398185"
Tienda De Ropa Yaz Fashion Store,Calimaya,+52 72 2339 6203,ND,https://wa.me/527223396203,https://www.facebook.com/search/pages/?q=Tienda%20De%20Ropa%20Yaz%20Fashion%20Store%20Calimaya,"https://www.google.com/maps/search/?api=1&query=19.21112995,-99.63204721"
Boutique Lacoqueteria Ponte Tus Moños,Capulhuac,+52 72 2630 3042,ND,https://wa.me/527226303042,https://www.facebook.com/search/pages/?q=Boutique%20Lacoqueteria%20Ponte%20Tus%20Moños%20Capulhuac,"https://www.google.com/maps/search/?api=1&query=19.19582933,-99.46476246"
Boutique Shimmer,Capulhuac,+52 71 3115 8373,ND,https://wa.me/527131158373,https://www.facebook.com/search/pages/?q=Boutique%20Shimmer%20Capulhuac,"https://www.google.com/maps/search/?api=1&query=19.19366582,-99.46482911"
Yayas Boutique,Capulhuac,+52 72 9361 8138,ND,https://wa.me/527293618138,https://www.facebook.com/search/pages/?q=Yayas%20Boutique%20Capulhuac,"https://www.google.com/maps/search/?api=1&query=19.19485205,-99.46479242"
Boutique Shana,Chalco,+52 55 2750 3341,isr_1703@hotmail.com,https://wa.me/525527503341,https://www.facebook.com/search/pages/?q=Boutique%20Shana%20Chalco,"https://www.google.com/maps/search/?api=1&query=19.2604153,-98.89599399"
Ani Boutique,Chalco,+52 55 7689 8025,ND,https://wa.me/525576898025,https://www.facebook.com/search/pages/?q=Ani%20Boutique%20Chalco,"https://www.google.com/maps/search/?api=1&query=19.27001457,-98.83885565"
Boutique Abril,Chalco,+52 55 4917 6128,ND,https://wa.me/525549176128,https://www.facebook.com/search/pages/?q=Boutique%20Abril%20Chalco,"https://www.google.com/maps/search/?api=1&query=19.2664368,-98.89240006"
Boutique Andromeda,Chalco,+52 55 3647 1600,ND,https://wa.me/525536471600,https://www.facebook.com/search/pages/?q=Boutique%20Andromeda%20Chalco,"https://www.google.com/maps/search/?api=1&query=19.26470681,-98.89778295"
Boutique Aranza,Chalco,+52 56 4766 5350,ND,https://wa.me/525647665350,https://www.facebook.com/search/pages/?q=Boutique%20Aranza%20Chalco,"https://www.google.com/maps/search/?api=1&query=19.26066983,-98.8984127"
Boutique Arian,Chalco,+52 55 7229 7838,ND,https://wa.me/525572297838,https://www.facebook.com/search/pages/?q=Boutique%20Arian%20Chalco,"https://www.google.com/maps/search/?api=1&query=19.25762715,-98.91642105"
Boutique Armadio Di Camila,Chalco,+52 55 3887 9328,ND,https://wa.me/525538879328,https://www.facebook.com/search/pages/?q=Boutique%20Armadio%20Di%20Camila%20Chalco,"https://www.google.com/maps/search/?api=1&query=19.26175645,-98.8943041"
Boutique Betty,Chalco,+52 55 8420 0404,ND,https://wa.me/525584200404,https://www.facebook.com/search/pages/?q=Boutique%20Betty%20Chalco,"https://www.google.com/maps/search/?api=1&query=19.25809971,-98.85824015"
Boutique Dama,Chalco,+52 56 1812 6160,ND,https://wa.me/525618126160,https://www.facebook.com/search/pages/?q=Boutique%20Dama%20Chalco,"https://www.google.com/maps/search/?api=1&query=19.28363277,-98.89561644"
Boutique El Mundo Chic,Chalco,+52 55 2666 3014,ND,https://wa.me/525526663014,https://www.facebook.com/search/pages/?q=Boutique%20El%20Mundo%20Chic%20Chalco,"https://www.google.com/maps/search/?api=1&query=19.22132529,-98.80911826"
Boutique La Tiendita,Chalco,+52 56 1128 5632,ND,https://wa.me/525611285632,https://www.facebook.com/search/pages/?q=Boutique%20La%20Tiendita%20Chalco,"https://www.google.com/maps/search/?api=1&query=19.30295096,-98.85967665"
Boutique Laura,Chalco,+52 55 8099 8040,ND,https://wa.me/525580998040,https://www.facebook.com/search/pages/?q=Boutique%20Laura%20Chalco,"https://www.google.com/maps/search/?api=1&query=19.23921595,-98.84215348"
Boutique Michelle,Chalco,+52 55 8830 8441,ND,https://wa.me/525588308441,https://www.facebook.com/search/pages/?q=Boutique%20Michelle%20Chalco,"https://www.google.com/maps/search/?api=1&query=19.2369057,-98.91417533"
Boutique Si Nombre,Chalco,+52 22 0139 3386,ND,https://wa.me/522201393386,https://www.facebook.com/search/pages/?q=Boutique%20Si%20Nombre%20Chalco,"https://www.google.com/maps/search/?api=1&query=19.28980773,-98.89389927"
Boutique Team Work,Chalco,+52 55 1183 3703,ND,https://wa.me/525511833703,https://www.facebook.com/search/pages/?q=Boutique%20Team%20Work%20Chalco,"https://www.google.com/maps/search/?api=1&query=19.22138039,-98.81082428"
Boutique Yare,Chalco,+52 55 8935 0882,ND,https://wa.me/525589350882,https://www.facebook.com/search/pages/?q=Boutique%20Yare%20Chalco,"https://www.google.com/maps/search/?api=1&query=19.26043299,-98.89750952"
Butique D Shopping Cyc,Chalco,+52 56 3407 9777,ND,https://wa.me/525634079777,https://www.facebook.com/search/pages/?q=Butique%20D%20Shopping%20Cyc%20Chalco,"https://www.google.com/maps/search/?api=1&query=19.28799604,-98.89744118"
El Atico Boutique,Chalco,+52 55 3199 9343,ND,https://wa.me/525531999343,https://www.facebook.com/search/pages/?q=El%20Atico%20Boutique%20Chalco,"https://www.google.com/maps/search/?api=1&query=19.26402778,-98.89392698"
Fashion Boutique Nancy,Chalco,+52 55 9358 9599,ND,https://wa.me/525593589599,https://www.facebook.com/search/pages/?q=Fashion%20Boutique%20Nancy%20Chalco,"https://www.google.com/maps/search/?api=1&query=19.26488783,-98.89844879"
Fashion Fer,Chalco,+52 55 8819 4042,ND,https://wa.me/525588194042,https://www.facebook.com/search/pages/?q=Fashion%20Fer%20Chalco,"https://www.google.com/maps/search/?api=1&query=19.26154353,-98.8981183"
La Chica Fashion,Chalco,+52 55 1753 2841,ND,https://wa.me/525517532841,https://www.facebook.com/search/pages/?q=La%20Chica%20Fashion%20Chalco,"https://www.google.com/maps/search/?api=1&query=19.26394203,-98.88615512"
Modas Kary,Chalco,+52 55 6566 9225,ND,https://wa.me/525565669225,https://www.facebook.com/search/pages/?q=Modas%20Kary%20Chalco,"https://www.google.com/maps/search/?api=1&query=19.26380209,-98.8993026"
Outlet Clothes Boutique,Chalco,+52 55 6163 0885,ND,https://wa.me/525561630885,https://www.facebook.com/search/pages/?q=Outlet%20Clothes%20Boutique%20Chalco,"https://www.google.com/maps/search/?api=1&query=19.26013047,-98.89866131"
Rivaly Boutique De Ropa,Chalco,+52 55 8670 6152,ND,https://wa.me/525586706152,https://www.facebook.com/search/pages/?q=Rivaly%20Boutique%20De%20Ropa%20Chalco,"https://www.google.com/maps/search/?api=1&query=19.26344759,-98.89460152"
Shop Nataly Boutique,Chalco,+52 56 2580 8717,ND,https://wa.me/525625808717,https://www.facebook.com/search/pages/?q=Shop%20Nataly%20Boutique%20Chalco,"https://www.google.com/maps/search/?api=1&query=19.28380201,-98.91330101"
Tienda De Ropa Isval Shop,Chalco,+52 55 1385 2653,ND,https://wa.me/525513852653,https://www.facebook.com/search/pages/?q=Tienda%20De%20Ropa%20Isval%20Shop%20Chalco,"https://www.google.com/maps/search/?api=1&query=19.26070909,-98.85743939"
Tienda De Ropa Moda Perrona,Chalco,+52 55 1861 0668,ND,https://wa.me/525518610668,https://www.facebook.com/search/pages/?q=Tienda%20De%20Ropa%20Moda%20Perrona%20Chalco,"https://www.google.com/maps/search/?api=1&query=19.26593106,-98.89390196"
Tienda De Ropa Vaquera El Jovero,Chalco,+52 56 3232 2934,ND,https://wa.me/525632322934,https://www.facebook.com/search/pages/?q=Tienda%20De%20Ropa%20Vaquera%20El%20Jovero%20Chalco,"https://www.google.com/maps/search/?api=1&query=19.23254661,-98.92546266"
Venta De Ropa Y Accesorios Aldo Shop,Chalco,+52 55 8416 8045,ND,https://wa.me/525584168045,https://www.facebook.com/search/pages/?q=Venta%20De%20Ropa%20Y%20Accesorios%20Aldo%20Shop%20Chalco,"https://www.google.com/maps/search/?api=1&query=19.26178897,-98.89333215"
Venta De Ropa De Todo Un Poco Do Sebas,Chapa de Mota,+52 55 3275 2503,ND,https://wa.me/525532752503,https://www.facebook.com/search/pages/?q=Venta%20De%20Ropa%20De%20Todo%20Un%20Poco%20Do%20Sebas%20Chapa%20de%20Mota,"https://www.google.com/maps/search/?api=1&query=19.85924668,-99.63089891"
Venta De Ropa Martinez,Chapa de Mota,+52 55 2491 2940,ND,https://wa.me/525524912940,https://www.facebook.com/search/pages/?q=Venta%20De%20Ropa%20Martinez%20Chapa%20de%20Mota,"https://www.google.com/maps/search/?api=1&query=19.86426985,-99.60773191"
ChokoBoutique,Chapultepec,+52 55 6092 6142,ND,https://wa.me/525560926142,https://www.facebook.com/search/pages/?q=ChokoBoutique%20Chapultepec,"https://www.google.com/maps/search/?api=1&query=19.2032627,-99.560208"
Arteli San Boutique,Chapultepec,ND,ND,ND,https://www.facebook.com/search/pages/?q=Arteli%20San%20Boutique%20Chapultepec,"https://www.google.com/maps/search/?api=1&query=19.203254,-99.5520508"
Ropa Varios,Chiautla,+52 55 7634 4972,ND,https://wa.me/525576344972,https://www.facebook.com/search/pages/?q=Ropa%20Varios%20Chiautla,"https://www.google.com/maps/search/?api=1&query=19.54723778,-98.87918057"
C&Q Accesorios Y Moda,Chiautla,ND,gcvshop7@gmail.com,ND,https://www.facebook.com/search/pages/?q=C%26Q%20Accesorios%20Y%20Moda%20Chiautla,"https://www.google.com/maps/search/?api=1&query=19.55057447,-98.8818558"
Boutique Ana Karen,Chicoloapan,+52 55 2455 2659,ND,https://wa.me/525524552659,https://www.facebook.com/search/pages/?q=Boutique%20Ana%20Karen%20Chicoloapan,"https://www.google.com/maps/search/?api=1&query=19.39749069,-98.93590613"
Boutique Barbie,Chicoloapan,+52 55 3739 4404,ND,https://wa.me/525537394404,https://www.facebook.com/search/pages/?q=Boutique%20Barbie%20Chicoloapan,"https://www.google.com/maps/search/?api=1&query=19.4037887,-98.93046512"
Boutique Bella,Chicoloapan,+52 55 2350 7857,ND,https://wa.me/525523507857,https://www.facebook.com/search/pages/?q=Boutique%20Bella%20Chicoloapan,"https://www.google.com/maps/search/?api=1&query=19.41691147,-98.9043061"
Boutique Bree,Chicoloapan,+52 56 3324 9917,ND,https://wa.me/525633249917,https://www.facebook.com/search/pages/?q=Boutique%20Bree%20Chicoloapan,"https://www.google.com/maps/search/?api=1&query=19.41667497,-98.90452447"
Boutique Chuchin,Chicoloapan,+52 55 6390 4291,ND,https://wa.me/525563904291,https://www.facebook.com/search/pages/?q=Boutique%20Chuchin%20Chicoloapan,"https://www.google.com/maps/search/?api=1&query=19.39767572,-98.935965"
Boutique De Ropa Chavez_Aggcesorios,Chicoloapan,+52 55 6217 1370,ND,https://wa.me/525562171370,https://www.facebook.com/search/pages/?q=Boutique%20De%20Ropa%20Chavez_Aggcesorios%20Chicoloapan,"https://www.google.com/maps/search/?api=1&query=19.40508831,-98.90984731"
Boutique Genesis,Chicoloapan,+52 56 1758 7766,ND,https://wa.me/525617587766,https://www.facebook.com/search/pages/?q=Boutique%20Genesis%20Chicoloapan,"https://www.google.com/maps/search/?api=1&query=19.41878683,-98.88858876"
Boutique Melanusca,Chicoloapan,+52 55 4268 8712,ND,https://wa.me/525542688712,https://www.facebook.com/search/pages/?q=Boutique%20Melanusca%20Chicoloapan,"https://www.google.com/maps/search/?api=1&query=19.39707675,-98.93560988"
Boutique Priker,Chicoloapan,+52 55 3927 6959,ND,https://wa.me/525539276959,https://www.facebook.com/search/pages/?q=Boutique%20Priker%20Chicoloapan,"https://www.google.com/maps/search/?api=1&query=19.39806058,-98.93363014"
Boutique Simali Colection,Chicoloapan,+52 56 2663 8041,ND,https://wa.me/525626638041,https://www.facebook.com/search/pages/?q=Boutique%20Simali%20Colection%20Chicoloapan,"https://www.google.com/maps/search/?api=1&query=19.40907722,-98.89056466"
Boutique Uri Y Emi,Chicoloapan,+52 56 1448 2246,ND,https://wa.me/525614482246,https://www.facebook.com/search/pages/?q=Boutique%20Uri%20Y%20Emi%20Chicoloapan,"https://www.google.com/maps/search/?api=1&query=19.41797366,-98.89977101"
Todo Moda,Chicoloapan,+52 55 1013 9980,ND,https://wa.me/525510139980,https://www.facebook.com/search/pages/?q=Todo%20Moda%20Chicoloapan,"https://www.google.com/maps/search/?api=1&query=19.41065256,-98.88232747"
Boutique Cocomiel,Chiconcuac,+52 55 6488 9695,jeensmaribel@gmail.com,https://wa.me/525564889695,https://www.facebook.com/search/pages/?q=Boutique%20Cocomiel%20Chiconcuac,"https://www.google.com/maps/search/?api=1&query=19.55613558,-98.90065674"
Magia Moda,Chiconcuac,+52 55 6044 0467,localmixcalco_79@hotmail.com,https://wa.me/525560440467,https://www.facebook.com/search/pages/?q=Magia%20Moda%20Chiconcuac,"https://www.google.com/maps/search/?api=1&query=19.5510155,-98.89904326"
Maxi Moda,Chiconcuac,+52 59 5953 2785,maxi-moda02@hotmail.com,https://wa.me/525959532785,https://www.facebook.com/search/pages/?q=Maxi%20Moda%20Chiconcuac,"https://www.google.com/maps/search/?api=1&query=19.55764151,-98.89672909"
Boutique Briale,Chiconcuac,+52 55 2817 4443,ND,https://wa.me/525528174443,https://www.facebook.com/search/pages/?q=Boutique%20Briale%20Chiconcuac,"https://www.google.com/maps/search/?api=1&query=19.55109259,-98.89968209"
Boutique Playeras Masculinas,Chiconcuac,+52 55 8487 3053,ND,https://wa.me/525584873053,https://www.facebook.com/search/pages/?q=Boutique%20Playeras%20Masculinas%20Chiconcuac,"https://www.google.com/maps/search/?api=1&query=19.55109467,-98.89970099"
Boutique Proa Para Dama,Chiconcuac,+52 59 5953 2978,ND,https://wa.me/525959532978,https://www.facebook.com/search/pages/?q=Boutique%20Proa%20Para%20Dama%20Chiconcuac,"https://www.google.com/maps/search/?api=1&query=19.55891477,-98.8968648"
Boutique Sharis,Chiconcuac,+52 22 2707 6254,ND,https://wa.me/522227076254,https://www.facebook.com/search/pages/?q=Boutique%20Sharis%20Chiconcuac,"https://www.google.com/maps/search/?api=1&query=19.55333991,-98.89965329"
Boutique Tequila Sure,Chiconcuac,+52 55 2418 3627,ND,https://wa.me/525524183627,https://www.facebook.com/search/pages/?q=Boutique%20Tequila%20Sure%20Chiconcuac,"https://www.google.com/maps/search/?api=1&query=19.55168516,-98.89708581"
Candys Moda,Chiconcuac,+52 55 8171 5509,ND,https://wa.me/525581715509,https://www.facebook.com/search/pages/?q=Candys%20Moda%20Chiconcuac,"https://www.google.com/maps/search/?api=1&query=19.55155827,-98.89709108"
Creaciones Santiago Pantalon De Vestir Para Dama,Chiconcuac,+52 55 6789 0067,ND,https://wa.me/525567890067,https://www.facebook.com/search/pages/?q=Creaciones%20Santiago%20Pantalon%20De%20Vestir%20Para%20Dama%20Chiconcuac,"https://www.google.com/maps/search/?api=1&query=19.55878684,-98.90042492"
Degos Jeans,Chiconcuac,+52 55 1427 6932,ND,https://wa.me/525514276932,https://www.facebook.com/search/pages/?q=Degos%20Jeans%20Chiconcuac,"https://www.google.com/maps/search/?api=1&query=19.55411627,-98.89940424"
El Punto Rojo Jeans,Chiconcuac,+52 56 6803 0211,ND,https://wa.me/525668030211,https://www.facebook.com/search/pages/?q=El%20Punto%20Rojo%20Jeans%20Chiconcuac,"https://www.google.com/maps/search/?api=1&query=19.55109363,-98.89969154"
Fashion Yael,Chiconcuac,+52 55 8219 8172,ND,https://wa.me/525582198172,https://www.facebook.com/search/pages/?q=Fashion%20Yael%20Chiconcuac,"https://www.google.com/maps/search/?api=1&query=19.55137025,-98.89940945"
Fashion Zoe,Chiconcuac,+52 56 2216 4541,ND,https://wa.me/525622164541,https://www.facebook.com/search/pages/?q=Fashion%20Zoe%20Chiconcuac,"https://www.google.com/maps/search/?api=1&query=19.56051548,-98.89864182"
Fridha Jeans,Chiconcuac,+52 55 1267 8549,ND,https://wa.me/525512678549,https://www.facebook.com/search/pages/?q=Fridha%20Jeans%20Chiconcuac,"https://www.google.com/maps/search/?api=1&query=19.55593242,-98.89691241"
Havana Jeans,Chiconcuac,+52 55 2967 7558,ND,https://wa.me/525529677558,https://www.facebook.com/search/pages/?q=Havana%20Jeans%20Chiconcuac,"https://www.google.com/maps/search/?api=1&query=19.5526109,-98.89936409"
Hellen Fashion,Chiconcuac,+52 55 6165 6768,ND,https://wa.me/525561656768,https://www.facebook.com/search/pages/?q=Hellen%20Fashion%20Chiconcuac,"https://www.google.com/maps/search/?api=1&query=19.55745954,-98.89934"
Mariale Fashion,Chiconcuac,+52 55 3368 0537,ND,https://wa.me/525533680537,https://www.facebook.com/search/pages/?q=Mariale%20Fashion%20Chiconcuac,"https://www.google.com/maps/search/?api=1&query=19.55090585,-98.89813754"
Maribelly Jeans,Chiconcuac,+52 55 3404 8913,ND,https://wa.me/525534048913,https://www.facebook.com/search/pages/?q=Maribelly%20Jeans%20Chiconcuac,"https://www.google.com/maps/search/?api=1&query=19.55458795,-98.89940776"
Mezclilla Ana,Chiconcuac,+52 55 4710 7401,ND,https://wa.me/525547107401,https://www.facebook.com/search/pages/?q=Mezclilla%20Ana%20Chiconcuac,"https://www.google.com/maps/search/?api=1&query=19.56263043,-98.90192961"
Moda En Ropa,Chiconcuac,+52 56 3646 5955,ND,https://wa.me/525636465955,https://www.facebook.com/search/pages/?q=Moda%20En%20Ropa%20Chiconcuac,"https://www.google.com/maps/search/?api=1&query=19.56261505,-98.90190839"
Moda Noemi,Chiconcuac,+52 59 5102 2366,ND,https://wa.me/525951022366,https://www.facebook.com/search/pages/?q=Moda%20Noemi%20Chiconcuac,"https://www.google.com/maps/search/?api=1&query=19.55568435,-98.89813661"
Modas Mj,Chiconcuac,+52 55 2267 5345,ND,https://wa.me/525522675345,https://www.facebook.com/search/pages/?q=Modas%20Mj%20Chiconcuac,"https://www.google.com/maps/search/?api=1&query=19.55093475,-98.89837626"
Modas Velamar,Chiconcuac,+52 59 5115 5006,ND,https://wa.me/525951155006,https://www.facebook.com/search/pages/?q=Modas%20Velamar%20Chiconcuac,"https://www.google.com/maps/search/?api=1&query=19.55477483,-98.89925532"
Norvi Jeans,Chiconcuac,+52 55 3362 7180,ND,https://wa.me/525533627180,https://www.facebook.com/search/pages/?q=Norvi%20Jeans%20Chiconcuac,"https://www.google.com/maps/search/?api=1&query=19.55427982,-98.89940119"
Pantalones D Thelma,Chiconcuac,+52 56 2448 2557,ND,https://wa.me/525624482557,https://www.facebook.com/search/pages/?q=Pantalones%20D%20Thelma%20Chiconcuac,"https://www.google.com/maps/search/?api=1&query=19.55414604,-98.89914401"
Pantalones De Mezclilla Zamy Jeans,Chiconcuac,+52 77 5106 4290,ND,https://wa.me/527751064290,https://www.facebook.com/search/pages/?q=Pantalones%20De%20Mezclilla%20Zamy%20Jeans%20Chiconcuac,"https://www.google.com/maps/search/?api=1&query=19.55093475,-98.89837626"
Ropa De Mezclilla Curi,Chiconcuac,+52 72 2652 9141,ND,https://wa.me/527226529141,https://www.facebook.com/search/pages/?q=Ropa%20De%20Mezclilla%20Curi%20Chiconcuac,"https://www.google.com/maps/search/?api=1&query=19.56148912,-98.9001674"
Sigal Pantalones,Chiconcuac,+52 55 5415 7524,ND,https://wa.me/525554157524,https://www.facebook.com/search/pages/?q=Sigal%20Pantalones%20Chiconcuac,"https://www.google.com/maps/search/?api=1&query=19.55506016,-98.8968087"
Sigue Jeans Acp,Chiconcuac,+52 55 6737 3357,ND,https://wa.me/525567373357,https://www.facebook.com/search/pages/?q=Sigue%20Jeans%20Acp%20Chiconcuac,"https://www.google.com/maps/search/?api=1&query=19.55081165,-98.89724144"
Style Y Fashion,Chiconcuac,+52 59 5953 9279,ND,https://wa.me/525959539279,https://www.facebook.com/search/pages/?q=Style%20Y%20Fashion%20Chiconcuac,"https://www.google.com/maps/search/?api=1&query=19.55412032,-98.89694384"
Tienda Reygonss Jeans,Chiconcuac,+52 55 9144 7873,ND,https://wa.me/525591447873,https://www.facebook.com/search/pages/?q=Tienda%20Reygonss%20Jeans%20Chiconcuac,"https://www.google.com/maps/search/?api=1&query=19.55335137,-98.89701661"
Venta De Pantalon De Mezclilla Riper,Chiconcuac,+52 55 5457 2190,ND,https://wa.me/525554572190,https://www.facebook.com/search/pages/?q=Venta%20De%20Pantalon%20De%20Mezclilla%20Riper%20Chiconcuac,"https://www.google.com/maps/search/?api=1&query=19.55882076,-98.90030086"
Venta De Pantalon De Vestir Sn Nombre,Chiconcuac,+52 55 2272 4295,ND,https://wa.me/525522724295,https://www.facebook.com/search/pages/?q=Venta%20De%20Pantalon%20De%20Vestir%20Sn%20Nombre%20Chiconcuac,"https://www.google.com/maps/search/?api=1&query=19.55776318,-98.90011326"
Venta De Ropa Para Dama Sabina Fashion,Chiconcuac,+52 55 2891 6774,ND,https://wa.me/525528916774,https://www.facebook.com/search/pages/?q=Venta%20De%20Ropa%20Para%20Dama%20Sabina%20Fashion%20Chiconcuac,"https://www.google.com/maps/search/?api=1&query=19.55833267,-98.90040237"
Venta De Sueter Y Pantalon,Chiconcuac,+52 56 1150 6095,ND,https://wa.me/525611506095,https://www.facebook.com/search/pages/?q=Venta%20De%20Sueter%20Y%20Pantalon%20Chiconcuac,"https://www.google.com/maps/search/?api=1&query=19.55950229,-98.89718427"
Ventade Ropa Familiar Omar Shop,Chiconcuac,+52 55 8344 8434,ND,https://wa.me/525583448434,https://www.facebook.com/search/pages/?q=Ventade%20Ropa%20Familiar%20Omar%20Shop%20Chiconcuac,"https://www.google.com/maps/search/?api=1&query=19.55951134,-98.89719384"
Zoe Fashion,Chiconcuac,+52 24 8106 4281,ND,https://wa.me/522481064281,https://www.facebook.com/search/pages/?q=Zoe%20Fashion%20Chiconcuac,"https://www.google.com/maps/search/?api=1&query=19.55758909,-98.90176708"
Boutique Chika,Chimalhuacán,+52 55 3502 7890,abrahamp66@hotmail.com,https://wa.me/525535027890,https://www.facebook.com/search/pages/?q=Boutique%20Chika%20Chimalhuacán,"https://www.google.com/maps/search/?api=1&query=19.43252316,-98.96580466"
Boutique Las Toxicas,Chimalhuacán,+52 55 4129 6199,lastoxicas992@gmail.com,https://wa.me/525541296199,https://www.facebook.com/search/pages/?q=Boutique%20Las%20Toxicas%20Chimalhuacán,"https://www.google.com/maps/search/?api=1&query=19.43725273,-98.95003094"
Boutique Santy,Chimalhuacán,+52 27 5105 5316,martinezmolinagaby@hotmail.com,https://wa.me/522751055316,https://www.facebook.com/search/pages/?q=Boutique%20Santy%20Chimalhuacán,"https://www.google.com/maps/search/?api=1&query=19.44815681,-98.96776558"
Compraventa De Ropa Bp Boutique,Chimalhuacán,+52 56 3373 4411,bpboutiquebp@gmail.com,https://wa.me/525633734411,https://www.facebook.com/search/pages/?q=Compraventa%20De%20Ropa%20Bp%20Boutique%20Chimalhuacán,"https://www.google.com/maps/search/?api=1&query=19.39399967,-98.97506509"
Ashley Boutique,Chimalhuacán,+52 55 1219 1852,ND,https://wa.me/525512191852,https://www.facebook.com/search/pages/?q=Ashley%20Boutique%20Chimalhuacán,"https://www.google.com/maps/search/?api=1&query=19.4341169,-98.96416746"
Boutique Berenice,Chimalhuacán,+52 55 2456 8512,ND,https://wa.me/525524568512,https://www.facebook.com/search/pages/?q=Boutique%20Berenice%20Chimalhuacán,"https://www.google.com/maps/search/?api=1&query=19.4098281,-98.93483896"
Boutique Bexi,Chimalhuacán,+52 55 6698 8156,ND,https://wa.me/525566988156,https://www.facebook.com/search/pages/?q=Boutique%20Bexi%20Chimalhuacán,"https://www.google.com/maps/search/?api=1&query=19.40471335,-98.93656211"
Boutique Danilu,Chimalhuacán,+52 55 6006 2298,ND,https://wa.me/525560062298,https://www.facebook.com/search/pages/?q=Boutique%20Danilu%20Chimalhuacán,"https://www.google.com/maps/search/?api=1&query=19.42220373,-98.95886942"
Boutique De Ropa,Chimalhuacán,+52 56 2621 4095,ND,https://wa.me/525626214095,https://www.facebook.com/search/pages/?q=Boutique%20De%20Ropa%20Chimalhuacán,"https://www.google.com/maps/search/?api=1&query=19.386667,-98.95430598"
Boutique De Ropa,Chimalhuacán,+52 56 3425 5514,ND,https://wa.me/525634255514,https://www.facebook.com/search/pages/?q=Boutique%20De%20Ropa%20Chimalhuacán,"https://www.google.com/maps/search/?api=1&query=19.43624139,-98.97422688"
Boutique De Ropa,Chimalhuacán,+52 55 7472 0439,ND,https://wa.me/525574720439,https://www.facebook.com/search/pages/?q=Boutique%20De%20Ropa%20Chimalhuacán,"https://www.google.com/maps/search/?api=1&query=19.43273268,-98.9811098"
Boutique De Ropa Frida Love,Chimalhuacán,+52 55 7681 6721,ND,https://wa.me/525576816721,https://www.facebook.com/search/pages/?q=Boutique%20De%20Ropa%20Frida%20Love%20Chimalhuacán,"https://www.google.com/maps/search/?api=1&query=19.43342998,-98.96242063"
Boutique Estrella,Chimalhuacán,+52 55 5626 6975,ND,https://wa.me/525556266975,https://www.facebook.com/search/pages/?q=Boutique%20Estrella%20Chimalhuacán,"https://www.google.com/maps/search/?api=1&query=19.43453296,-98.97169319"
Boutique Gaby Fashion,Chimalhuacán,+52 55 2184 1913,ND,https://wa.me/525521841913,https://www.facebook.com/search/pages/?q=Boutique%20Gaby%20Fashion%20Chimalhuacán,"https://www.google.com/maps/search/?api=1&query=19.40994692,-98.97498742"
Boutique Geraldine,Chimalhuacán,+52 55 8702 9630,ND,https://wa.me/525587029630,https://www.facebook.com/search/pages/?q=Boutique%20Geraldine%20Chimalhuacán,"https://www.google.com/maps/search/?api=1&query=19.42249232,-98.95093376"
Boutique Jazmin,Chimalhuacán,+52 56 3324 9847,ND,https://wa.me/525633249847,https://www.facebook.com/search/pages/?q=Boutique%20Jazmin%20Chimalhuacán,"https://www.google.com/maps/search/?api=1&query=19.41060244,-98.97528677"
Boutique Jesus,Chimalhuacán,+52 56 1541 0977,ND,https://wa.me/525615410977,https://www.facebook.com/search/pages/?q=Boutique%20Jesus%20Chimalhuacán,"https://www.google.com/maps/search/?api=1&query=19.42636745,-98.97705165"
Boutique Las Flores,Chimalhuacán,+52 56 8211 4507,ND,https://wa.me/525682114507,https://www.facebook.com/search/pages/?q=Boutique%20Las%20Flores%20Chimalhuacán,"https://www.google.com/maps/search/?api=1&query=19.40915316,-98.93216949"
Boutique Mar Fer,Chimalhuacán,+52 55 1812 1819,ND,https://wa.me/525518121819,https://www.facebook.com/search/pages/?q=Boutique%20Mar%20Fer%20Chimalhuacán,"https://www.google.com/maps/search/?api=1&query=19.44311488,-98.93670664"
Boutique Maya,Chimalhuacán,+52 56 5626 9397,ND,https://wa.me/525656269397,https://www.facebook.com/search/pages/?q=Boutique%20Maya%20Chimalhuacán,"https://www.google.com/maps/search/?api=1&query=19.4312522,-98.96951561"
Boutique Michelle,Chimalhuacán,+52 55 7351 7103,ND,https://wa.me/525573517103,https://www.facebook.com/search/pages/?q=Boutique%20Michelle%20Chimalhuacán,"https://www.google.com/maps/search/?api=1&query=19.43289184,-98.98087755"
Boutique Moda Y Estilo,Chimalhuacán,+52 55 1421 0352,ND,https://wa.me/525514210352,https://www.facebook.com/search/pages/?q=Boutique%20Moda%20Y%20Estilo%20Chimalhuacán,"https://www.google.com/maps/search/?api=1&query=19.41638924,-98.98226137"
Boutique Princess,Chimalhuacán,+52 55 3144 4717,ND,https://wa.me/525531444717,https://www.facebook.com/search/pages/?q=Boutique%20Princess%20Chimalhuacán,"https://www.google.com/maps/search/?api=1&query=19.44427278,-98.94475441"
Boutique Ropa Para Cabello,Chimalhuacán,+52 55 7916 3745,ND,https://wa.me/525579163745,https://www.facebook.com/search/pages/?q=Boutique%20Ropa%20Para%20Cabello%20Chimalhuacán,"https://www.google.com/maps/search/?api=1&query=19.42275227,-98.98193887"
Boutique Tamy,Chimalhuacán,+52 55 4765 8290,ND,https://wa.me/525547658290,https://www.facebook.com/search/pages/?q=Boutique%20Tamy%20Chimalhuacán,"https://www.google.com/maps/search/?api=1&query=19.44116121,-98.93736213"
Boutique The Power Girls,Chimalhuacán,+52 55 6771 5844,ND,https://wa.me/525567715844,https://www.facebook.com/search/pages/?q=Boutique%20The%20Power%20Girls%20Chimalhuacán,"https://www.google.com/maps/search/?api=1&query=19.44626212,-98.96520932"
Boutique Toñito,Chimalhuacán,+52 56 4133 9350,ND,https://wa.me/525641339350,https://www.facebook.com/search/pages/?q=Boutique%20Toñito%20Chimalhuacán,"https://www.google.com/maps/search/?api=1&query=19.44952135,-98.93412678"
Boutique Vega,Chimalhuacán,+52 55 1853 2355,ND,https://wa.me/525518532355,https://www.facebook.com/search/pages/?q=Boutique%20Vega%20Chimalhuacán,"https://www.google.com/maps/search/?api=1&query=19.41631955,-98.97332632"
Boutique Yobis,Chimalhuacán,+52 56 2071 9532,ND,https://wa.me/525620719532,https://www.facebook.com/search/pages/?q=Boutique%20Yobis%20Chimalhuacán,"https://www.google.com/maps/search/?api=1&query=19.4132228,-98.98344827"
Cristi Boo Boutique,Chimalhuacán,+52 56 2033 0866,ND,https://wa.me/525620330866,https://www.facebook.com/search/pages/?q=Cristi%20Boo%20Boutique%20Chimalhuacán,"https://www.google.com/maps/search/?api=1&query=19.42358479,-98.94627235"
Damari Boutique,Chimalhuacán,+52 55 1046 6512,ND,https://wa.me/525510466512,https://www.facebook.com/search/pages/?q=Damari%20Boutique%20Chimalhuacán,"https://www.google.com/maps/search/?api=1&query=19.42349516,-98.9740947"
Moda Ahilug,Chimalhuacán,+52 55 8291 3360,ND,https://wa.me/525582913360,https://www.facebook.com/search/pages/?q=Moda%20Ahilug%20Chimalhuacán,"https://www.google.com/maps/search/?api=1&query=19.4073175,-98.95650567"
Moda Jaquelin,Chimalhuacán,+52 55 5852 1067,ND,https://wa.me/525558521067,https://www.facebook.com/search/pages/?q=Moda%20Jaquelin%20Chimalhuacán,"https://www.google.com/maps/search/?api=1&query=19.43413763,-98.96427001"
Revoluzion Shop,Chimalhuacán,+52 55 4851 7213,ND,https://wa.me/525548517213,https://www.facebook.com/search/pages/?q=Revoluzion%20Shop%20Chimalhuacán,"https://www.google.com/maps/search/?api=1&query=19.43113217,-98.95283673"
Rm Boutique,Chimalhuacán,+52 56 3533 9792,ND,https://wa.me/525635339792,https://www.facebook.com/search/pages/?q=Rm%20Boutique%20Chimalhuacán,"https://www.google.com/maps/search/?api=1&query=19.42654413,-98.9728909"
Tenda De Ropa Sick Store,Chimalhuacán,+52 55 8534 6440,ND,https://wa.me/525585346440,https://www.facebook.com/search/pages/?q=Tenda%20De%20Ropa%20Sick%20Store%20Chimalhuacán,"https://www.google.com/maps/search/?api=1&query=19.40993084,-98.92740587"
Tienda De Ropa Neni S Shop,Chimalhuacán,+52 56 3263 4685,ND,https://wa.me/525632634685,https://www.facebook.com/search/pages/?q=Tienda%20De%20Ropa%20Neni%20S%20Shop%20Chimalhuacán,"https://www.google.com/maps/search/?api=1&query=19.42838869,-98.96244808"
Bet Style,Coacalco de Berriozábal,+52 56 2033 9290,madeline.baza@gmail.com,https://wa.me/525620339290,https://www.facebook.com/search/pages/?q=Bet%20Style%20Coacalco%20de%20Berriozábal,"https://www.google.com/maps/search/?api=1&query=19.64247909,-99.09825042"
El Desvan Boutique,Coacalco de Berriozábal,+52 55 4725 3042,eldesvanboutique3008@gmail.com,https://wa.me/525547253042,https://ELDESVANBOUTIQUE.COM/,"https://www.google.com/maps/search/?api=1&query=19.62887508,-99.10397413"
Opps Jeans,Coacalco de Berriozábal,+52 55 6981 2190,59_opps@jeans.com.mx,https://wa.me/525569812190,https://www.facebook.com/search/pages/?q=Opps%20Jeans%20Coacalco%20de%20Berriozábal,"https://www.google.com/maps/search/?api=1&query=19.63100299,-99.08879368"
Ryanshop,Coacalco de Berriozábal,+52 56 2433 4263,ND,https://wa.me/525624334263,https://WWW.RYANSHOP.COM/,"https://www.google.com/maps/search/?api=1&query=19.64120637,-99.09852671"
Skin Shoes Boutique,Coacalco de Berriozábal,+52 55 9161 8344,ND,https://wa.me/525591618344,https://WWW.SKINSHOES.MX/,"https://www.google.com/maps/search/?api=1&query=19.64192722,-99.11023422"
Ammanis Bloom Boutique,Coacalco de Berriozábal,+52 55 1512 6441,ND,https://wa.me/525515126441,https://www.facebook.com/search/pages/?q=Ammanis%20Bloom%20Boutique%20Coacalco%20de%20Berriozábal,"https://www.google.com/maps/search/?api=1&query=19.65280851,-99.09410225"
Boutique Alin,Coacalco de Berriozábal,+52 55 2260 6493,ND,https://wa.me/525522606493,https://www.facebook.com/search/pages/?q=Boutique%20Alin%20Coacalco%20de%20Berriozábal,"https://www.google.com/maps/search/?api=1&query=19.63291726,-99.10072119"
Boutique Asur,Coacalco de Berriozábal,+52 55 1630 8481,ND,https://wa.me/525516308481,https://www.facebook.com/search/pages/?q=Boutique%20Asur%20Coacalco%20de%20Berriozábal,"https://www.google.com/maps/search/?api=1&query=19.65203771,-99.09169809"
Boutique Caeli,Coacalco de Berriozábal,+52 56 3724 6400,ND,https://wa.me/525637246400,https://www.facebook.com/search/pages/?q=Boutique%20Caeli%20Coacalco%20de%20Berriozábal,"https://www.google.com/maps/search/?api=1&query=19.65463246,-99.07272131"
Boutique D Angie,Coacalco de Berriozábal,+52 55 1413 1415,ND,https://wa.me/525514131415,https://www.facebook.com/search/pages/?q=Boutique%20D%20Angie%20Coacalco%20de%20Berriozábal,"https://www.google.com/maps/search/?api=1&query=19.6295481,-99.09322793"
Boutique De Ropa,Coacalco de Berriozábal,+52 55 2600 6177,ND,https://wa.me/525526006177,https://www.facebook.com/search/pages/?q=Boutique%20De%20Ropa%20Coacalco%20de%20Berriozábal,"https://www.google.com/maps/search/?api=1&query=19.64758807,-99.08060023"
Boutique Ennovi,Coacalco de Berriozábal,+52 55 8036 4314,ND,https://wa.me/525580364314,https://www.facebook.com/search/pages/?q=Boutique%20Ennovi%20Coacalco%20de%20Berriozábal,"https://www.google.com/maps/search/?api=1&query=19.61439267,-99.09455137"
Boutique Fashion Lupita,Coacalco de Berriozábal,+52 55 8433 2266,ND,https://wa.me/525584332266,https://www.facebook.com/search/pages/?q=Boutique%20Fashion%20Lupita%20Coacalco%20de%20Berriozábal,"https://www.google.com/maps/search/?api=1&query=19.63443467,-99.0850078"
Boutique Glowy,Coacalco de Berriozábal,+52 55 6702 4365,ND,https://wa.me/525567024365,https://www.facebook.com/search/pages/?q=Boutique%20Glowy%20Coacalco%20de%20Berriozábal,"https://www.google.com/maps/search/?api=1&query=19.64614542,-99.11075804"
Boutique Hazi,Coacalco de Berriozábal,+52 55 1269 5412,ND,https://wa.me/525512695412,https://www.facebook.com/search/pages/?q=Boutique%20Hazi%20Coacalco%20de%20Berriozábal,"https://www.google.com/maps/search/?api=1&query=19.63885505,-99.0818007"
Boutique Jelivic,Coacalco de Berriozábal,+52 55 6675 8176,ND,https://wa.me/525566758176,https://www.facebook.com/search/pages/?q=Boutique%20Jelivic%20Coacalco%20de%20Berriozábal,"https://www.google.com/maps/search/?api=1&query=19.62256647,-99.09501063"
Boutique Karens Tienda De Ropa,Coacalco de Berriozábal,+52 55 4539 0616,ND,https://wa.me/525545390616,https://www.facebook.com/search/pages/?q=Boutique%20Karens%20Tienda%20De%20Ropa%20Coacalco%20de%20Berriozábal,"https://www.google.com/maps/search/?api=1&query=19.63484011,-99.0849316"
Boutique Lety,Coacalco de Berriozábal,+52 55 1787 2767,ND,https://wa.me/525517872767,https://www.facebook.com/search/pages/?q=Boutique%20Lety%20Coacalco%20de%20Berriozábal,"https://www.google.com/maps/search/?api=1&query=19.63587695,-99.08044182"
Boutique Magy Fashion,Coacalco de Berriozábal,+52 56 1166 9796,ND,https://wa.me/525611669796,https://www.facebook.com/search/pages/?q=Boutique%20Magy%20Fashion%20Coacalco%20de%20Berriozábal,"https://www.google.com/maps/search/?api=1&query=19.64544112,-99.11929626"
Boutique Moda Fashion,Coacalco de Berriozábal,+52 56 1463 8961,ND,https://wa.me/525614638961,https://www.facebook.com/search/pages/?q=Boutique%20Moda%20Fashion%20Coacalco%20de%20Berriozábal,"https://www.google.com/maps/search/?api=1&query=19.65256491,-99.10461543"
Boutique Nataly,Coacalco de Berriozábal,+52 56 1854 3996,ND,https://wa.me/525618543996,https://www.facebook.com/search/pages/?q=Boutique%20Nataly%20Coacalco%20de%20Berriozábal,"https://www.google.com/maps/search/?api=1&query=19.63498645,-99.08287659"
Boutique Pink,Coacalco de Berriozábal,+52 55 4997 5878,ND,https://wa.me/525549975878,https://www.facebook.com/search/pages/?q=Boutique%20Pink%20Coacalco%20de%20Berriozábal,"https://www.google.com/maps/search/?api=1&query=19.63966359,-99.09534302"
Boutique Punto Moda,Coacalco de Berriozábal,+52 55 4517 0155,ND,https://wa.me/525545170155,https://www.facebook.com/search/pages/?q=Boutique%20Punto%20Moda%20Coacalco%20de%20Berriozábal,"https://www.google.com/maps/search/?api=1&query=19.62562069,-99.09596449"
Boutique Rouse,Coacalco de Berriozábal,+52 56 2752 4156,ND,https://wa.me/525627524156,https://www.facebook.com/search/pages/?q=Boutique%20Rouse%20Coacalco%20de%20Berriozábal,"https://www.google.com/maps/search/?api=1&query=19.63632115,-99.08244169"
Boutique Selene Moda,Coacalco de Berriozábal,+52 55 5865 1329,ND,https://wa.me/525558651329,https://www.facebook.com/search/pages/?q=Boutique%20Selene%20Moda%20Coacalco%20de%20Berriozábal,"https://www.google.com/maps/search/?api=1&query=19.62552519,-99.09425025"
Boutique Y Estetica Mari,Coacalco de Berriozábal,+52 79 7116 0495,ND,https://wa.me/527971160495,https://www.facebook.com/search/pages/?q=Boutique%20Y%20Estetica%20Mari%20Coacalco%20de%20Berriozábal,"https://www.google.com/maps/search/?api=1&query=19.63440497,-99.08492266"
Divas Moda,Coacalco de Berriozábal,+52 55 7107 8945,ND,https://wa.me/525571078945,https://www.facebook.com/search/pages/?q=Divas%20Moda%20Coacalco%20de%20Berriozábal,"https://www.google.com/maps/search/?api=1&query=19.64005146,-99.09879968"
Fashion Look,Coacalco de Berriozábal,+52 55 1783 5630,ND,https://wa.me/525517835630,https://www.facebook.com/search/pages/?q=Fashion%20Look%20Coacalco%20de%20Berriozábal,"https://www.google.com/maps/search/?api=1&query=19.64963033,-99.09681627"
Fers Shop Boutique,Coacalco de Berriozábal,+52 55 6789 8765,ND,https://wa.me/525567898765,https://www.facebook.com/search/pages/?q=Fers%20Shop%20Boutique%20Coacalco%20de%20Berriozábal,"https://www.google.com/maps/search/?api=1&query=19.63249049,-99.0946794"
J.B. Boutique,Coacalco de Berriozábal,+52 55 2521 1084,ND,https://wa.me/525525211084,https://www.facebook.com/search/pages/?q=J.B.%20Boutique%20Coacalco%20de%20Berriozábal,"https://www.google.com/maps/search/?api=1&query=19.64045047,-99.12122911"
Katy Boutique,Coacalco de Berriozábal,+52 55 4509 6985,ND,https://wa.me/525545096985,https://www.facebook.com/search/pages/?q=Katy%20Boutique%20Coacalco%20de%20Berriozábal,"https://www.google.com/maps/search/?api=1&query=19.63704696,-99.10327745"
Ma Belle By. Ilse Boutique,Coacalco de Berriozábal,+52 55 3652 6802,ND,https://wa.me/525536526802,https://www.facebook.com/search/pages/?q=Ma%20Belle%20By.%20Ilse%20Boutique%20Coacalco%20de%20Berriozábal,"https://www.google.com/maps/search/?api=1&query=19.64013775,-99.09854337"
Maxi Moda,Coacalco de Berriozábal,+52 55 3045 5386,ND,https://wa.me/525530455386,https://www.facebook.com/search/pages/?q=Maxi%20Moda%20Coacalco%20de%20Berriozábal,"https://www.google.com/maps/search/?api=1&query=19.6280624,-99.10978433"
Moda D Mary,Coacalco de Berriozábal,+52 55 1176 8339,ND,https://wa.me/525511768339,https://www.facebook.com/search/pages/?q=Moda%20D%20Mary%20Coacalco%20de%20Berriozábal,"https://www.google.com/maps/search/?api=1&query=19.62687235,-99.1008356"
Modas Gasan,Coacalco de Berriozábal,+52 55 9083 2656,ND,https://wa.me/525590832656,https://www.facebook.com/search/pages/?q=Modas%20Gasan%20Coacalco%20de%20Berriozábal,"https://www.google.com/maps/search/?api=1&query=19.62401698,-99.09454869"
Punto G Boutique,Coacalco de Berriozábal,+52 55 5874 3727,ND,https://wa.me/525558743727,https://www.facebook.com/search/pages/?q=Punto%20G%20Boutique%20Coacalco%20de%20Berriozábal,"https://www.google.com/maps/search/?api=1&query=19.64597743,-99.09723433"
Sweet Shoping Jess Tienda De Ropa,Coacalco de Berriozábal,+52 55 3341 8693,ND,https://wa.me/525533418693,https://www.facebook.com/search/pages/?q=Sweet%20Shoping%20Jess%20Tienda%20De%20Ropa%20Coacalco%20de%20Berriozábal,"https://www.google.com/maps/search/?api=1&query=19.63369802,-99.09298374"
Tienda De Ropa Vacx Boutique,Coacalco de Berriozábal,+52 55 3073 7343,ND,https://wa.me/525530737343,https://www.facebook.com/search/pages/?q=Tienda%20De%20Ropa%20Vacx%20Boutique%20Coacalco%20de%20Berriozábal,"https://www.google.com/maps/search/?api=1&query=19.63515723,-99.09261649"
Woman Boutique,Coacalco de Berriozábal,+52 55 4555 9787,ND,https://wa.me/525545559787,https://www.facebook.com/search/pages/?q=Woman%20Boutique%20Coacalco%20de%20Berriozábal,"https://www.google.com/maps/search/?api=1&query=19.63777551,-99.10630426"
Zhen Boutique,Coacalco de Berriozábal,+52 55 1044 6664,ND,https://wa.me/525510446664,https://www.facebook.com/search/pages/?q=Zhen%20Boutique%20Coacalco%20de%20Berriozábal,"https://www.google.com/maps/search/?api=1&query=19.63299465,-99.09331032"
Boutique Fashion Tani,Coatepec Harinas,+52 72 2641 2085,ND,https://wa.me/527226412085,https://www.facebook.com/search/pages/?q=Boutique%20Fashion%20Tani%20Coatepec%20Harinas,"https://www.google.com/maps/search/?api=1&query=18.92542401,-99.76992748"
Boutique Sol,Coatepec Harinas,+52 72 2391 4797,ND,https://wa.me/527223914797,https://www.facebook.com/search/pages/?q=Boutique%20Sol%20Coatepec%20Harinas,"https://www.google.com/maps/search/?api=1&query=18.92666593,-99.76877477"
Boutique (mejor opción local),Cocotitlán,+52 55 7147 3139,ND,https://wa.me/525571473139,https://www.facebook.com/search/pages/?q=Boutique%20%28mejor%20opción%20local%29%20Cocotitlán,"https://www.google.com/maps/search/?api=1&query=19.23222711,-98.86522115"
Venta De Pantalones De Mezclilla,Cocotitlán,ND,ND,ND,https://www.facebook.com/search/pages/?q=Venta%20De%20Pantalones%20De%20Mezclilla%20Cocotitlán,"https://www.google.com/maps/search/?api=1&query=19.23054044,-98.86321456"
Ropa Asg,Coyotepec,+52 55 1389 2268,ND,https://wa.me/525513892268,https://www.facebook.com/search/pages/?q=Ropa%20Asg%20Coyotepec,"https://www.google.com/maps/search/?api=1&query=19.78664963,-99.200634"
Ropa,Coyotepec,+52 55 6199 7848,ND,https://wa.me/525561997848,https://www.facebook.com/search/pages/?q=Ropa%20Coyotepec,"https://www.google.com/maps/search/?api=1&query=19.78890324,-99.20182936"
Astrid Boutique,Cuautitlán,+52 55 8675 8954,ND,https://wa.me/525586758954,https://www.facebook.com/search/pages/?q=Astrid%20Boutique%20Cuautitlán,"https://www.google.com/maps/search/?api=1&query=19.68528116,-99.15665359"
Boutique Corazon Bohemio,Cuautitlán,+52 56 2692 5330,ND,https://wa.me/525626925330,https://www.facebook.com/search/pages/?q=Boutique%20Corazon%20Bohemio%20Cuautitlán,"https://www.google.com/maps/search/?api=1&query=19.69596671,-99.17682046"
Boutique De Vestidos De Noche,Cuautitlán,+52 56 2489 5857,ND,https://wa.me/525624895857,https://www.facebook.com/search/pages/?q=Boutique%20De%20Vestidos%20De%20Noche%20Cuautitlán,"https://www.google.com/maps/search/?api=1&query=19.67005528,-99.18454046"
Boutique Dian,Cuautitlán,+52 55 9375 3757,ND,https://wa.me/525593753757,https://www.facebook.com/search/pages/?q=Boutique%20Dian%20Cuautitlán,"https://www.google.com/maps/search/?api=1&query=19.69952315,-99.17403187"
Boutique El Closet De Frida,Cuautitlán,+52 55 1835 2189,ND,https://wa.me/525518352189,https://www.facebook.com/search/pages/?q=Boutique%20El%20Closet%20De%20Frida%20Cuautitlán,"https://www.google.com/maps/search/?api=1&query=19.67312063,-99.18050279"
Boutique Mady,Cuautitlán,+52 55 2311 8804,ND,https://wa.me/525523118804,https://www.facebook.com/search/pages/?q=Boutique%20Mady%20Cuautitlán,"https://www.google.com/maps/search/?api=1&query=19.6873822,-99.17259352"
Boutique Platino,Cuautitlán,+52 55 6702 4219,ND,https://wa.me/525567024219,https://www.facebook.com/search/pages/?q=Boutique%20Platino%20Cuautitlán,"https://www.google.com/maps/search/?api=1&query=19.66955861,-99.17812544"
Buena Suerte Shop,Cuautitlán,+52 55 2675 7736,ND,https://wa.me/525526757736,https://www.facebook.com/search/pages/?q=Buena%20Suerte%20Shop%20Cuautitlán,"https://www.google.com/maps/search/?api=1&query=19.67057944,-99.17740973"
Geesy Boutique,Cuautitlán,+52 55 2905 0665,ND,https://wa.me/525529050665,https://www.facebook.com/search/pages/?q=Geesy%20Boutique%20Cuautitlán,"https://www.google.com/maps/search/?api=1&query=19.76057526,-99.14750214"
Kcto Boutique,Cuautitlán,+52 55 2919 3126,ND,https://wa.me/525529193126,https://www.facebook.com/search/pages/?q=Kcto%20Boutique%20Cuautitlán,"https://www.google.com/maps/search/?api=1&query=19.67318581,-99.17005875"
Look Fashion,Cuautitlán,+52 55 9169 6391,ND,https://wa.me/525591696391,https://www.facebook.com/search/pages/?q=Look%20Fashion%20Cuautitlán,"https://www.google.com/maps/search/?api=1&query=19.67054001,-99.18346915"
Moda Para Todas,Cuautitlán,+52 55 2304 7004,ND,https://wa.me/525523047004,https://www.facebook.com/search/pages/?q=Moda%20Para%20Todas%20Cuautitlán,"https://www.google.com/maps/search/?api=1&query=19.67506634,-99.17934399"
Moms Boutique,Cuautitlán,+52 56 1322 2704,ND,https://wa.me/525613222704,https://www.facebook.com/search/pages/?q=Moms%20Boutique%20Cuautitlán,"https://www.google.com/maps/search/?api=1&query=19.67132644,-99.16226654"
Moon-Ligh Boutique,Cuautitlán,+52 55 3471 0845,ND,https://wa.me/525534710845,https://www.facebook.com/search/pages/?q=Moon-Ligh%20Boutique%20Cuautitlán,"https://www.google.com/maps/search/?api=1&query=19.67013167,-99.17968034"
New Fashion,Cuautitlán,+52 55 5870 2792,ND,https://wa.me/525558702792,https://www.facebook.com/search/pages/?q=New%20Fashion%20Cuautitlán,"https://www.google.com/maps/search/?api=1&query=19.6727724,-99.18045353"
Pink Boutique Venta De Ropa,Cuautitlán Izcalli,+52 55 1838 8123,dianaviche03@gmail.com,https://wa.me/525518388123,https://www.facebook.com/search/pages/?q=Pink%20Boutique%20Venta%20De%20Ropa%20Cuautitlán%20Izcalli,"https://www.google.com/maps/search/?api=1&query=19.66938846,-99.2104012"
Boutique Alexa,Cuautitlán Izcalli,+52 55 8101 9687,ND,https://wa.me/525581019687,https://www.facebook.com/search/pages/?q=Boutique%20Alexa%20Cuautitlán%20Izcalli,"https://www.google.com/maps/search/?api=1&query=19.62687819,-99.22887"
Boutique Alis Glam,Cuautitlán Izcalli,+52 56 2142 4581,ND,https://wa.me/525621424581,https://www.facebook.com/search/pages/?q=Boutique%20Alis%20Glam%20Cuautitlán%20Izcalli,"https://www.google.com/maps/search/?api=1&query=19.62205527,-99.22012646"
Boutique De Ropa,Cuautitlán Izcalli,+52 55 1843 4707,ND,https://wa.me/525518434707,https://www.facebook.com/search/pages/?q=Boutique%20De%20Ropa%20Cuautitlán%20Izcalli,"https://www.google.com/maps/search/?api=1&query=19.64180176,-99.22799711"
Boutique De Ropa Emi,Cuautitlán Izcalli,+52 55 4760 0919,ND,https://wa.me/525547600919,https://www.facebook.com/search/pages/?q=Boutique%20De%20Ropa%20Emi%20Cuautitlán%20Izcalli,"https://www.google.com/maps/search/?api=1&query=19.6580328,-99.21437329"
Boutique Esperanza,Cuautitlán Izcalli,+52 55 2142 3214,ND,https://wa.me/525521423214,https://www.facebook.com/search/pages/?q=Boutique%20Esperanza%20Cuautitlán%20Izcalli,"https://www.google.com/maps/search/?api=1&query=19.66603996,-99.21798945"
Boutique Fany,Cuautitlán Izcalli,+52 56 1626 0288,ND,https://wa.me/525616260288,https://www.facebook.com/search/pages/?q=Boutique%20Fany%20Cuautitlán%20Izcalli,"https://www.google.com/maps/search/?api=1&query=19.65346887,-99.25254964"
Boutique Jireh,Cuautitlán Izcalli,+52 55 1260 6178,ND,https://wa.me/525512606178,https://www.facebook.com/search/pages/?q=Boutique%20Jireh%20Cuautitlán%20Izcalli,"https://www.google.com/maps/search/?api=1&query=19.65979625,-99.21152614"
Boutique Lia,Cuautitlán Izcalli,+52 55 3806 1566,ND,https://wa.me/525538061566,https://www.facebook.com/search/pages/?q=Boutique%20Lia%20Cuautitlán%20Izcalli,"https://www.google.com/maps/search/?api=1&query=19.62598543,-99.21354901"
Boutique Love And Live,Cuautitlán Izcalli,+52 55 2753 4640,ND,https://wa.me/525527534640,https://www.facebook.com/search/pages/?q=Boutique%20Love%20And%20Live%20Cuautitlán%20Izcalli,"https://www.google.com/maps/search/?api=1&query=19.64930604,-99.21654326"
Boutique Malibu,Cuautitlán Izcalli,+52 55 3646 3644,ND,https://wa.me/525536463644,https://www.facebook.com/search/pages/?q=Boutique%20Malibu%20Cuautitlán%20Izcalli,"https://www.google.com/maps/search/?api=1&query=19.65949724,-99.22268178"
Boutique Minet,Cuautitlán Izcalli,+52 55 7429 2462,ND,https://wa.me/525574292462,https://www.facebook.com/search/pages/?q=Boutique%20Minet%20Cuautitlán%20Izcalli,"https://www.google.com/maps/search/?api=1&query=19.6203248,-99.21649627"
Boutique Perfecta,Cuautitlán Izcalli,+52 55 8312 2564,ND,https://wa.me/525583122564,https://www.facebook.com/search/pages/?q=Boutique%20Perfecta%20Cuautitlán%20Izcalli,"https://www.google.com/maps/search/?api=1&query=19.6447404,-99.25240709"
Boutique Pumitas,Cuautitlán Izcalli,+52 55 4333 1859,ND,https://wa.me/525543331859,https://www.facebook.com/search/pages/?q=Boutique%20Pumitas%20Cuautitlán%20Izcalli,"https://www.google.com/maps/search/?api=1&query=19.64928374,-99.25644132"
Boutique Santy Ropa De Caballero,Cuautitlán Izcalli,+52 55 5817 4015,ND,https://wa.me/525558174015,https://www.facebook.com/search/pages/?q=Boutique%20Santy%20Ropa%20De%20Caballero%20Cuautitlán%20Izcalli,"https://www.google.com/maps/search/?api=1&query=19.67723128,-99.2169893"
Boutique Sarti,Cuautitlán Izcalli,+52 56 1169 2668,ND,https://wa.me/525611692668,https://www.facebook.com/search/pages/?q=Boutique%20Sarti%20Cuautitlán%20Izcalli,"https://www.google.com/maps/search/?api=1&query=19.66548909,-99.21380658"
Boutique Toda Linda,Cuautitlán Izcalli,+52 55 4536 9170,ND,https://wa.me/525545369170,https://www.facebook.com/search/pages/?q=Boutique%20Toda%20Linda%20Cuautitlán%20Izcalli,"https://www.google.com/maps/search/?api=1&query=19.61182098,-99.19225443"
Boutique Toral,Cuautitlán Izcalli,+52 55 5817 4631,ND,https://wa.me/525558174631,https://www.facebook.com/search/pages/?q=Boutique%20Toral%20Cuautitlán%20Izcalli,"https://www.google.com/maps/search/?api=1&query=19.67723128,-99.2169893"
Boutique Vestir Bonito,Cuautitlán Izcalli,+52 55 3430 1924,ND,https://wa.me/525534301924,https://www.facebook.com/search/pages/?q=Boutique%20Vestir%20Bonito%20Cuautitlán%20Izcalli,"https://www.google.com/maps/search/?api=1&query=19.62990847,-99.20271882"
Boutique Yanix,Cuautitlán Izcalli,+52 55 1589 4614,ND,https://wa.me/525515894614,https://www.facebook.com/search/pages/?q=Boutique%20Yanix%20Cuautitlán%20Izcalli,"https://www.google.com/maps/search/?api=1&query=19.62948669,-99.22870296"
Estudio Boutique,Cuautitlán Izcalli,+52 55 3603 5250,ND,https://wa.me/525536035250,https://www.facebook.com/search/pages/?q=Estudio%20Boutique%20Cuautitlán%20Izcalli,"https://www.google.com/maps/search/?api=1&query=19.62887053,-99.22871994"
Eva Shoping Boutique,Cuautitlán Izcalli,+52 55 5893 3987,ND,https://wa.me/525558933987,https://www.facebook.com/search/pages/?q=Eva%20Shoping%20Boutique%20Cuautitlán%20Izcalli,"https://www.google.com/maps/search/?api=1&query=19.62757825,-99.19592964"
Fr Galeria Boutique,Cuautitlán Izcalli,+52 55 6077 0806,ND,https://wa.me/525560770806,https://www.facebook.com/search/pages/?q=Fr%20Galeria%20Boutique%20Cuautitlán%20Izcalli,"https://www.google.com/maps/search/?api=1&query=19.70242543,-99.1985408"
Jera Clothes Store,Cuautitlán Izcalli,+52 55 5160 2059,ND,https://wa.me/525551602059,https://www.facebook.com/search/pages/?q=Jera%20Clothes%20Store%20Cuautitlán%20Izcalli,"https://www.google.com/maps/search/?api=1&query=19.68876574,-99.21280914"
Joy Boutique,Cuautitlán Izcalli,+52 55 1062 9890,ND,https://wa.me/525510629890,https://www.facebook.com/search/pages/?q=Joy%20Boutique%20Cuautitlán%20Izcalli,"https://www.google.com/maps/search/?api=1&query=19.61789811,-99.20311628"
La Vip Shop,Cuautitlán Izcalli,+52 55 8397 2284,ND,https://wa.me/525583972284,https://www.facebook.com/search/pages/?q=La%20Vip%20Shop%20Cuautitlán%20Izcalli,"https://www.google.com/maps/search/?api=1&query=19.66302155,-99.21817383"
Madison Store,Cuautitlán Izcalli,+52 55 7683 0248,ND,https://wa.me/525576830248,https://www.facebook.com/search/pages/?q=Madison%20Store%20Cuautitlán%20Izcalli,"https://www.google.com/maps/search/?api=1&query=19.6821181,-99.21885276"
Majou Boutique,Cuautitlán Izcalli,+52 55 2840 0877,ND,https://wa.me/525528400877,https://www.facebook.com/search/pages/?q=Majou%20Boutique%20Cuautitlán%20Izcalli,"https://www.google.com/maps/search/?api=1&query=19.63032342,-99.22979978"
Mia Boutique,Cuautitlán Izcalli,+52 55 2656 9911,ND,https://wa.me/525526569911,https://www.facebook.com/search/pages/?q=Mia%20Boutique%20Cuautitlán%20Izcalli,"https://www.google.com/maps/search/?api=1&query=19.65661099,-99.21005382"
Paps Store,Cuautitlán Izcalli,+52 55 3693 2158,ND,https://wa.me/525536932158,https://www.facebook.com/search/pages/?q=Paps%20Store%20Cuautitlán%20Izcalli,"https://www.google.com/maps/search/?api=1&query=19.66279273,-99.21103666"
Tienda De Ropa Karly Boutique,Cuautitlán Izcalli,+52 55 3994 4544,ND,https://wa.me/525539944544,https://www.facebook.com/search/pages/?q=Tienda%20De%20Ropa%20Karly%20Boutique%20Cuautitlán%20Izcalli,"https://www.google.com/maps/search/?api=1&query=19.65021645,-99.24757978"
Tienda De Ropa Kitty Boutique,Cuautitlán Izcalli,+52 56 1856 9889,ND,https://wa.me/525618569889,https://www.facebook.com/search/pages/?q=Tienda%20De%20Ropa%20Kitty%20Boutique%20Cuautitlán%20Izcalli,"https://www.google.com/maps/search/?api=1&query=19.6450931,-99.25204237"
Tienda De Ropa Modas Ceci,Cuautitlán Izcalli,+52 55 6969 8999,ND,https://wa.me/525569698999,https://www.facebook.com/search/pages/?q=Tienda%20De%20Ropa%20Modas%20Ceci%20Cuautitlán%20Izcalli,"https://www.google.com/maps/search/?api=1&query=19.65964811,-99.21249501"
Venta De Ropa Boutique Citlalli,Cuautitlán Izcalli,+52 55 8721 8845,ND,https://wa.me/525587218845,https://www.facebook.com/search/pages/?q=Venta%20De%20Ropa%20Boutique%20Citlalli%20Cuautitlán%20Izcalli,"https://www.google.com/maps/search/?api=1&query=19.68002392,-99.25852972"
Boutique Elizabeth,Donato Guerra,+52 72 2607 2076,ND,https://wa.me/527226072076,https://www.facebook.com/search/pages/?q=Boutique%20Elizabeth%20Donato%20Guerra,"https://www.google.com/maps/search/?api=1&query=19.32650969,-100.1490957"
F Moda,Donato Guerra,+52 72 2413 8723,ND,https://wa.me/527224138723,https://www.facebook.com/search/pages/?q=F%20Moda%20Donato%20Guerra,"https://www.google.com/maps/search/?api=1&query=19.30931866,-100.14522809"
Moda Estheysy,Donato Guerra,+52 72 2594 1389,ND,https://wa.me/527225941389,https://www.facebook.com/search/pages/?q=Moda%20Estheysy%20Donato%20Guerra,"https://www.google.com/maps/search/?api=1&query=19.30821941,-100.14322495"
Moda Fm,Donato Guerra,+52 72 2594 1382,ND,https://wa.me/527225941382,https://www.facebook.com/search/pages/?q=Moda%20Fm%20Donato%20Guerra,"https://www.google.com/maps/search/?api=1&query=19.30864286,-100.14352108"
Modas Dama,Donato Guerra,+52 56 3621 9952,ND,https://wa.me/525636219952,https://www.facebook.com/search/pages/?q=Modas%20Dama%20Donato%20Guerra,"https://www.google.com/maps/search/?api=1&query=19.30869221,-100.14370118"
Angels Boutique,Ecatepec de Morelos,+52 55 4084 8748,renata75.alm@gmail.com,https://wa.me/525540848748,https://www.facebook.com/search/pages/?q=Angels%20Boutique%20Ecatepec%20de%20Morelos,"https://www.google.com/maps/search/?api=1&query=19.58734348,-99.02172164"
Boutique Petites,Ecatepec de Morelos,+52 55 3631 8919,delia@grupodelia.com,https://wa.me/525536318919,https://www.facebook.com/search/pages/?q=Boutique%20Petites%20Ecatepec%20de%20Morelos,"https://www.google.com/maps/search/?api=1&query=19.58783012,-99.00092039"
Bruno Corza Boutique,Ecatepec de Morelos,+52 55 5362 0031,ND,https://wa.me/525553620031,https://BRUNOCORZA.MX/,"https://www.google.com/maps/search/?api=1&query=19.58433097,-99.02383686"
Fashion Boris Boutique,Ecatepec de Morelos,+52 56 2704 3826,fashionborismx1@gmail.com,https://wa.me/525627043826,https://www.facebook.com/search/pages/?q=Fashion%20Boris%20Boutique%20Ecatepec%20de%20Morelos,"https://www.google.com/maps/search/?api=1&query=19.5852248,-99.01398432"
It Girl Boutique,Ecatepec de Morelos,+52 56 4766 5781,itgirlboutique256@gmail.com,https://wa.me/525647665781,https://www.facebook.com/search/pages/?q=It%20Girl%20Boutique%20Ecatepec%20de%20Morelos,"https://www.google.com/maps/search/?api=1&query=19.59877397,-99.04393352"
Ji Store,Ecatepec de Morelos,+52 55 7359 3762,jistore0828@gmail.com,https://wa.me/525573593762,https://www.facebook.com/search/pages/?q=Ji%20Store%20Ecatepec%20de%20Morelos,"https://www.google.com/maps/search/?api=1&query=19.57592817,-99.04409985"
Local De Ropa Moda Daly,Ecatepec de Morelos,+52 55 7225 5486,torresgdalia29@gmail.com,https://wa.me/525572255486,https://www.facebook.com/search/pages/?q=Local%20De%20Ropa%20Moda%20Daly%20Ecatepec%20de%20Morelos,"https://www.google.com/maps/search/?api=1&query=19.57524659,-99.04178517"
Moda Elo Chic,Ecatepec de Morelos,+52 56 3995 0660,eloisasebast940@gmail.com,https://wa.me/525639950660,https://www.facebook.com/search/pages/?q=Moda%20Elo%20Chic%20Ecatepec%20de%20Morelos,"https://www.google.com/maps/search/?api=1&query=19.59219887,-99.01886857"
Modas Jessi Fashion,Ecatepec de Morelos,+52 56 2156 2863,jessifashionboutique@hotmail.com,https://wa.me/525621562863,https://www.facebook.com/search/pages/?q=Modas%20Jessi%20Fashion%20Ecatepec%20de%20Morelos,"https://www.google.com/maps/search/?api=1&query=19.57575893,-99.04473958"
Ropa Melus Shop,Ecatepec de Morelos,+52 55 4897 3748,elizabrthaaron0319@gmail.com,https://wa.me/525548973748,https://www.facebook.com/search/pages/?q=Ropa%20Melus%20Shop%20Ecatepec%20de%20Morelos,"https://www.google.com/maps/search/?api=1&query=19.57775844,-99.03971709"
Sox Shope,Ecatepec de Morelos,+52 55 7331 0097,ND,https://wa.me/525573310097,https://WWW.SOXSHOPE.COM.MX/,"https://www.google.com/maps/search/?api=1&query=19.52865206,-99.02745216"
Virus Rock Shop,Ecatepec de Morelos,+52 55 3730 5323,virusrockshop@yahoo.com.mx,https://wa.me/525537305323,https://www.facebook.com/search/pages/?q=Virus%20Rock%20Shop%20Ecatepec%20de%20Morelos,"https://www.google.com/maps/search/?api=1&query=19.60152634,-99.04942236"
Alien Shop Venta De Ropa,Ecatepec de Morelos,+52 55 8453 9572,ND,https://wa.me/525584539572,https://www.facebook.com/search/pages/?q=Alien%20Shop%20Venta%20De%20Ropa%20Ecatepec%20de%20Morelos,"https://www.google.com/maps/search/?api=1&query=19.52917514,-99.02944375"
Boutike De Ropa De Dama,Ecatepec de Morelos,+52 55 2646 2705,ND,https://wa.me/525526462705,https://www.facebook.com/search/pages/?q=Boutike%20De%20Ropa%20De%20Dama%20Ecatepec%20de%20Morelos,"https://www.google.com/maps/search/?api=1&query=19.54986892,-99.04040033"
Boutique Alma,Ecatepec de Morelos,+52 55 2012 7422,ND,https://wa.me/525520127422,https://www.facebook.com/search/pages/?q=Boutique%20Alma%20Ecatepec%20de%20Morelos,"https://www.google.com/maps/search/?api=1&query=19.6046616,-99.00286638"
Boutique American Level,Ecatepec de Morelos,+52 55 4449 6109,ND,https://wa.me/525544496109,https://www.facebook.com/search/pages/?q=Boutique%20American%20Level%20Ecatepec%20de%20Morelos,"https://www.google.com/maps/search/?api=1&query=19.58433097,-99.02383686"
Boutique Amor Love,Ecatepec de Morelos,+52 55 2654 7838,ND,https://wa.me/525526547838,https://www.facebook.com/search/pages/?q=Boutique%20Amor%20Love%20Ecatepec%20de%20Morelos,"https://www.google.com/maps/search/?api=1&query=19.50285076,-99.04765394"
Boutique Andi,Ecatepec de Morelos,+52 55 5349 3747,ND,https://wa.me/525553493747,https://www.facebook.com/search/pages/?q=Boutique%20Andi%20Ecatepec%20de%20Morelos,"https://www.google.com/maps/search/?api=1&query=19.5559701,-99.06236048"
Boutique Angie,Ecatepec de Morelos,+52 55 7224 2230,ND,https://wa.me/525572242230,https://www.facebook.com/search/pages/?q=Boutique%20Angie%20Ecatepec%20de%20Morelos,"https://www.google.com/maps/search/?api=1&query=19.59838327,-99.04573057"
Boutique Ani,Ecatepec de Morelos,+52 55 3106 7776,ND,https://wa.me/525531067776,https://www.facebook.com/search/pages/?q=Boutique%20Ani%20Ecatepec%20de%20Morelos,"https://www.google.com/maps/search/?api=1&query=19.60825157,-99.06236444"
Boutique Bendito Negro,Ecatepec de Morelos,+52 55 1841 3943,ND,https://wa.me/525518413943,https://www.facebook.com/search/pages/?q=Boutique%20Bendito%20Negro%20Ecatepec%20de%20Morelos,"https://www.google.com/maps/search/?api=1&query=19.52071639,-99.07945182"
Boutique Bere Luna,Ecatepec de Morelos,+52 55 8497 6867,ND,https://wa.me/525584976867,https://www.facebook.com/search/pages/?q=Boutique%20Bere%20Luna%20Ecatepec%20de%20Morelos,"https://www.google.com/maps/search/?api=1&query=19.58618052,-99.01061616"
Boutique Black Queens,Ecatepec de Morelos,+52 56 1490 8533,ND,https://wa.me/525614908533,https://www.facebook.com/search/pages/?q=Boutique%20Black%20Queens%20Ecatepec%20de%20Morelos,"https://www.google.com/maps/search/?api=1&query=19.51447958,-99.05275692"
Boutique Boys,Ecatepec de Morelos,+52 55 8558 1880,ND,https://wa.me/525585581880,https://www.facebook.com/search/pages/?q=Boutique%20Boys%20Ecatepec%20de%20Morelos,"https://www.google.com/maps/search/?api=1&query=19.59977257,-99.04586757"
Boutique Conejo Loco,Ecatepec de Morelos,+52 55 4321 5577,ND,https://wa.me/525543215577,https://www.facebook.com/search/pages/?q=Boutique%20Conejo%20Loco%20Ecatepec%20de%20Morelos,"https://www.google.com/maps/search/?api=1&query=19.58092772,-99.06347079"
Boutique Creaciones Mabel,Ecatepec de Morelos,+52 55 3747 9701,ND,https://wa.me/525537479701,https://www.facebook.com/search/pages/?q=Boutique%20Creaciones%20Mabel%20Ecatepec%20de%20Morelos,"https://www.google.com/maps/search/?api=1&query=19.59534654,-99.00947578"
Boutique D Bety,Ecatepec de Morelos,+52 55 4123 6987,ND,https://wa.me/525541236987,https://www.facebook.com/search/pages/?q=Boutique%20D%20Bety%20Ecatepec%20de%20Morelos,"https://www.google.com/maps/search/?api=1&query=19.58198466,-99.06195135"
Boutique D Stilo,Ecatepec de Morelos,+52 55 1115 4060,ND,https://wa.me/525511154060,https://www.facebook.com/search/pages/?q=Boutique%20D%20Stilo%20Ecatepec%20de%20Morelos,"https://www.google.com/maps/search/?api=1&query=19.60215157,-99.05010884"
Boutique D Vanesly,Ecatepec de Morelos,+52 55 1716 4484,ND,https://wa.me/525517164484,https://www.facebook.com/search/pages/?q=Boutique%20D%20Vanesly%20Ecatepec%20de%20Morelos,"https://www.google.com/maps/search/?api=1&query=19.60185106,-99.04458977"
Boutique Dalu,Ecatepec de Morelos,+52 55 6077 2902,ND,https://wa.me/525560772902,https://www.facebook.com/search/pages/?q=Boutique%20Dalu%20Ecatepec%20de%20Morelos,"https://www.google.com/maps/search/?api=1&query=19.52533636,-99.03781973"
Boutique De Ropa,Ecatepec de Morelos,+52 56 1152 1763,ND,https://wa.me/525611521763,https://www.facebook.com/search/pages/?q=Boutique%20De%20Ropa%20Ecatepec%20de%20Morelos,"https://www.google.com/maps/search/?api=1&query=19.56992295,-99.04640967"
Boutique De Ropa Annie,Ecatepec de Morelos,+52 55 6289 5769,ND,https://wa.me/525562895769,https://www.facebook.com/search/pages/?q=Boutique%20De%20Ropa%20Annie%20Ecatepec%20de%20Morelos,"https://www.google.com/maps/search/?api=1&query=19.59970057,-99.05643638"
Boutique De Ropa Para Dama Ponte Guapa,Ecatepec de Morelos,+52 55 2525 9670,ND,https://wa.me/525525259670,https://www.facebook.com/search/pages/?q=Boutique%20De%20Ropa%20Para%20Dama%20Ponte%20Guapa%20Ecatepec%20de%20Morelos,"https://www.google.com/maps/search/?api=1&query=19.60705313,-98.99407176"
Boutique Diana,Ecatepec de Morelos,+52 55 3160 8642,ND,https://wa.me/525531608642,https://www.facebook.com/search/pages/?q=Boutique%20Diana%20Ecatepec%20de%20Morelos,"https://www.google.com/maps/search/?api=1&query=19.61094451,-98.99098142"
Boutique Dita,Ecatepec de Morelos,+52 55 7174 0008,ND,https://wa.me/525571740008,https://www.facebook.com/search/pages/?q=Boutique%20Dita%20Ecatepec%20de%20Morelos,"https://www.google.com/maps/search/?api=1&query=19.61128415,-99.01568474"
Boutique Fashion,Ecatepec de Morelos,+52 56 1108 4687,ND,https://wa.me/525611084687,https://www.facebook.com/search/pages/?q=Boutique%20Fashion%20Ecatepec%20de%20Morelos,"https://www.google.com/maps/search/?api=1&query=19.55454079,-99.02165515"
Boutique Fashion,Ecatepec de Morelos,+52 56 3630 4025,ND,https://wa.me/525636304025,https://www.facebook.com/search/pages/?q=Boutique%20Fashion%20Ecatepec%20de%20Morelos,"https://www.google.com/maps/search/?api=1&query=19.57008627,-99.02368191"
Boutique Fashion,Ecatepec de Morelos,+52 55 3861 2580,ND,https://wa.me/525538612580,https://www.facebook.com/search/pages/?q=Boutique%20Fashion%20Ecatepec%20de%20Morelos,"https://www.google.com/maps/search/?api=1&query=19.58240752,-99.06370144"
Boutique Fashion &Style Mlc,Ecatepec de Morelos,+52 55 2670 5814,ND,https://wa.me/525526705814,https://www.facebook.com/search/pages/?q=Boutique%20Fashion%20%26Style%20Mlc%20Ecatepec%20de%20Morelos,"https://www.google.com/maps/search/?api=1&query=19.49782105,-99.03740685"
Boutique Geminis,Ecatepec de Morelos,+52 55 7542 5978,ND,https://wa.me/525575425978,https://www.facebook.com/search/pages/?q=Boutique%20Geminis%20Ecatepec%20de%20Morelos,"https://www.google.com/maps/search/?api=1&query=19.5937043,-99.04277862"
Boutique Genesis,Ecatepec de Morelos,+52 55 4953 4031,ND,https://wa.me/525549534031,https://www.facebook.com/search/pages/?q=Boutique%20Genesis%20Ecatepec%20de%20Morelos,"https://www.google.com/maps/search/?api=1&query=19.59797302,-99.02464496"
Boutique Gorgette,Ecatepec de Morelos,+52 55 6342 0930,ND,https://wa.me/525563420930,https://www.facebook.com/search/pages/?q=Boutique%20Gorgette%20Ecatepec%20de%20Morelos,"https://www.google.com/maps/search/?api=1&query=19.55602329,-99.03671735"
Boutique Gran Moda,Ecatepec de Morelos,+52 55 1562 4651,ND,https://wa.me/525515624651,https://www.facebook.com/search/pages/?q=Boutique%20Gran%20Moda%20Ecatepec%20de%20Morelos,"https://www.google.com/maps/search/?api=1&query=19.5049887,-99.01711367"
Boutique Gris,Ecatepec de Morelos,+52 55 9457 1911,ND,https://wa.me/525594571911,https://www.facebook.com/search/pages/?q=Boutique%20Gris%20Ecatepec%20de%20Morelos,"https://www.google.com/maps/search/?api=1&query=19.60666152,-99.02310024"
Boutique Guelda,Ecatepec de Morelos,+52 55 5791 1292,ND,https://wa.me/525557911292,https://www.facebook.com/search/pages/?q=Boutique%20Guelda%20Ecatepec%20de%20Morelos,"https://www.google.com/maps/search/?api=1&query=19.53486599,-99.08160598"
Boutique Iris,Ecatepec de Morelos,+52 56 4369 4391,ND,https://wa.me/525643694391,https://www.facebook.com/search/pages/?q=Boutique%20Iris%20Ecatepec%20de%20Morelos,"https://www.google.com/maps/search/?api=1&query=19.59250131,-99.01786093"
Boutique Ivone,Ecatepec de Morelos,+52 55 9163 0489,ND,https://wa.me/525591630489,https://www.facebook.com/search/pages/?q=Boutique%20Ivone%20Ecatepec%20de%20Morelos,"https://www.google.com/maps/search/?api=1&query=19.55214375,-99.0868949"
Boutique Jade,Ecatepec de Morelos,+52 55 4539 4140,ND,https://wa.me/525545394140,https://www.facebook.com/search/pages/?q=Boutique%20Jade%20Ecatepec%20de%20Morelos,"https://www.google.com/maps/search/?api=1&query=19.59590443,-99.03716258"
Boutique Jamzi Be,Ecatepec de Morelos,+52 55 6453 4234,ND,https://wa.me/525564534234,https://www.facebook.com/search/pages/?q=Boutique%20Jamzi%20Be%20Ecatepec%20de%20Morelos,"https://www.google.com/maps/search/?api=1&query=19.55633282,-99.01844285"
Boutique Jazz,Ecatepec de Morelos,+52 55 4859 5605,ND,https://wa.me/525548595605,https://www.facebook.com/search/pages/?q=Boutique%20Jazz%20Ecatepec%20de%20Morelos,"https://www.google.com/maps/search/?api=1&query=19.60358127,-99.0547271"
Boutique Jessica S Casual,Ecatepec de Morelos,+52 56 1157 9869,ND,https://wa.me/525611579869,https://www.facebook.com/search/pages/?q=Boutique%20Jessica%20S%20Casual%20Ecatepec%20de%20Morelos,"https://www.google.com/maps/search/?api=1&query=19.55200114,-99.08869571"
Boutique Jocelyn,Ecatepec de Morelos,+52 55 8304 5976,ND,https://wa.me/525583045976,https://www.facebook.com/search/pages/?q=Boutique%20Jocelyn%20Ecatepec%20de%20Morelos,"https://www.google.com/maps/search/?api=1&query=19.61797232,-99.04951664"
Boutique Jonyfer,Ecatepec de Morelos,+52 55 6032 8094,ND,https://wa.me/525560328094,https://www.facebook.com/search/pages/?q=Boutique%20Jonyfer%20Ecatepec%20de%20Morelos,"https://www.google.com/maps/search/?api=1&query=19.64284334,-98.99790934"
Boutique Juliete,Ecatepec de Morelos,+52 55 1246 7965,ND,https://wa.me/525512467965,https://www.facebook.com/search/pages/?q=Boutique%20Juliete%20Ecatepec%20de%20Morelos,"https://www.google.com/maps/search/?api=1&query=19.54215538,-99.0677012"
Boutique Karen,Ecatepec de Morelos,+52 55 3503 3654,ND,https://wa.me/525535033654,https://www.facebook.com/search/pages/?q=Boutique%20Karen%20Ecatepec%20de%20Morelos,"https://www.google.com/maps/search/?api=1&query=19.5521152,-99.08928188"
Boutique Karen,Ecatepec de Morelos,+52 55 4826 5911,ND,https://wa.me/525548265911,https://www.facebook.com/search/pages/?q=Boutique%20Karen%20Ecatepec%20de%20Morelos,"https://www.google.com/maps/search/?api=1&query=19.63850751,-99.00483998"
Boutique Kary Fashion,Ecatepec de Morelos,+52 55 6676 6574,ND,https://wa.me/525566766574,https://www.facebook.com/search/pages/?q=Boutique%20Kary%20Fashion%20Ecatepec%20de%20Morelos,"https://www.google.com/maps/search/?api=1&query=19.49767521,-99.03859382"
Boutique La Estrellita,Ecatepec de Morelos,+52 55 5116 3678,ND,https://wa.me/525551163678,https://www.facebook.com/search/pages/?q=Boutique%20La%20Estrellita%20Ecatepec%20de%20Morelos,"https://www.google.com/maps/search/?api=1&query=19.57031875,-99.05576072"
Boutique Lety S,Ecatepec de Morelos,+52 55 2350 4350,ND,https://wa.me/525523504350,https://www.facebook.com/search/pages/?q=Boutique%20Lety%20S%20Ecatepec%20de%20Morelos,"https://www.google.com/maps/search/?api=1&query=19.59893159,-99.04977519"
Boutique Lolita,Ecatepec de Morelos,+52 55 3965 7626,ND,https://wa.me/525539657626,https://www.facebook.com/search/pages/?q=Boutique%20Lolita%20Ecatepec%20de%20Morelos,"https://www.google.com/maps/search/?api=1&query=19.54978991,-99.09107258"
Boutique Luciernaga,Ecatepec de Morelos,+52 55 5120 4343,ND,https://wa.me/525551204343,https://www.facebook.com/search/pages/?q=Boutique%20Luciernaga%20Ecatepec%20de%20Morelos,"https://www.google.com/maps/search/?api=1&query=19.50876527,-99.04946642"
Boutique Lupita,Ecatepec de Morelos,+52 55 4856 3553,ND,https://wa.me/525548563553,https://www.facebook.com/search/pages/?q=Boutique%20Lupita%20Ecatepec%20de%20Morelos,"https://www.google.com/maps/search/?api=1&query=19.61899118,-99.05245791"
Boutique Lv,Ecatepec de Morelos,+52 55 4404 2362,ND,https://wa.me/525544042362,https://www.facebook.com/search/pages/?q=Boutique%20Lv%20Ecatepec%20de%20Morelos,"https://www.google.com/maps/search/?api=1&query=19.56968072,-99.04774234"
Boutique Mardan,Ecatepec de Morelos,+52 55 8676 6435,ND,https://wa.me/525586766435,https://www.facebook.com/search/pages/?q=Boutique%20Mardan%20Ecatepec%20de%20Morelos,"https://www.google.com/maps/search/?api=1&query=19.52418463,-99.07296145"
Boutique Mary,Ecatepec de Morelos,+52 56 3645 8821,ND,https://wa.me/525636458821,https://www.facebook.com/search/pages/?q=Boutique%20Mary%20Ecatepec%20de%20Morelos,"https://www.google.com/maps/search/?api=1&query=19.57621239,-99.04522556"
Boutique Mateo,Ecatepec de Morelos,+52 55 7340 9417,ND,https://wa.me/525573409417,https://www.facebook.com/search/pages/?q=Boutique%20Mateo%20Ecatepec%20de%20Morelos,"https://www.google.com/maps/search/?api=1&query=19.58891645,-98.99988618"
Boutique Michelle,Ecatepec de Morelos,+52 55 4037 6605,ND,https://wa.me/525540376605,https://www.facebook.com/search/pages/?q=Boutique%20Michelle%20Ecatepec%20de%20Morelos,"https://www.google.com/maps/search/?api=1&query=19.55834595,-99.03116063"
Boutique Michelle,Ecatepec de Morelos,+52 55 1851 2213,ND,https://wa.me/525518512213,https://www.facebook.com/search/pages/?q=Boutique%20Michelle%20Ecatepec%20de%20Morelos,"https://www.google.com/maps/search/?api=1&query=19.60518318,-99.06236837"
Boutique Mimi,Ecatepec de Morelos,+52 55 1362 0355,ND,https://wa.me/525513620355,https://www.facebook.com/search/pages/?q=Boutique%20Mimi%20Ecatepec%20de%20Morelos,"https://www.google.com/maps/search/?api=1&query=19.61029703,-98.99844793"
Boutique Modas Pam,Ecatepec de Morelos,+52 55 5612 1879,ND,https://wa.me/525556121879,https://www.facebook.com/search/pages/?q=Boutique%20Modas%20Pam%20Ecatepec%20de%20Morelos,"https://www.google.com/maps/search/?api=1&query=19.55496611,-99.07777764"
Boutique Mont,Ecatepec de Morelos,+52 56 4811 3969,ND,https://wa.me/525648113969,https://www.facebook.com/search/pages/?q=Boutique%20Mont%20Ecatepec%20de%20Morelos,"https://www.google.com/maps/search/?api=1&query=19.61300561,-99.00554894"
Boutique New Day,Ecatepec de Morelos,+52 55 2960 2336,ND,https://wa.me/525529602336,https://www.facebook.com/search/pages/?q=Boutique%20New%20Day%20Ecatepec%20de%20Morelos,"https://www.google.com/maps/search/?api=1&query=19.56843265,-99.05057548"
Boutique Neyla Clothes,Ecatepec de Morelos,+52 55 6116 6556,ND,https://wa.me/525561166556,https://www.facebook.com/search/pages/?q=Boutique%20Neyla%20Clothes%20Ecatepec%20de%20Morelos,"https://www.google.com/maps/search/?api=1&query=19.64013543,-98.9949249"
Boutique Paola,Ecatepec de Morelos,+52 55 3247 0082,ND,https://wa.me/525532470082,https://www.facebook.com/search/pages/?q=Boutique%20Paola%20Ecatepec%20de%20Morelos,"https://www.google.com/maps/search/?api=1&query=19.58228169,-99.06321981"
Boutique Paos,Ecatepec de Morelos,+52 55 4803 1724,ND,https://wa.me/525548031724,https://www.facebook.com/search/pages/?q=Boutique%20Paos%20Ecatepec%20de%20Morelos,"https://www.google.com/maps/search/?api=1&query=19.53761258,-99.03833478"
Boutique Picis,Ecatepec de Morelos,+52 55 5787 8983,ND,https://wa.me/525557878983,https://www.facebook.com/search/pages/?q=Boutique%20Picis%20Ecatepec%20de%20Morelos,"https://www.google.com/maps/search/?api=1&query=19.59928946,-99.04487958"
Boutique Realsa Mercato,Ecatepec de Morelos,+52 55 3556 4971,ND,https://wa.me/525535564971,https://www.facebook.com/search/pages/?q=Boutique%20Realsa%20Mercato%20Ecatepec%20de%20Morelos,"https://www.google.com/maps/search/?api=1&query=19.5871003,-99.0158153"
Boutique Rr,Ecatepec de Morelos,+52 55 6117 7173,ND,https://wa.me/525561177173,https://www.facebook.com/search/pages/?q=Boutique%20Rr%20Ecatepec%20de%20Morelos,"https://www.google.com/maps/search/?api=1&query=19.60098358,-99.0619289"
Boutique Sandy,Ecatepec de Morelos,+52 56 1537 0090,ND,https://wa.me/525615370090,https://www.facebook.com/search/pages/?q=Boutique%20Sandy%20Ecatepec%20de%20Morelos,"https://www.google.com/maps/search/?api=1&query=19.56927745,-99.05147345"
Boutique Sandy,Ecatepec de Morelos,+52 55 8161 5393,ND,https://wa.me/525581615393,https://www.facebook.com/search/pages/?q=Boutique%20Sandy%20Ecatepec%20de%20Morelos,"https://www.google.com/maps/search/?api=1&query=19.54915117,-99.08735839"
Boutique Santa Cruz,Ecatepec de Morelos,+52 55 6880 4635,ND,https://wa.me/525568804635,https://www.facebook.com/search/pages/?q=Boutique%20Santa%20Cruz%20Ecatepec%20de%20Morelos,"https://www.google.com/maps/search/?api=1&query=19.57586528,-99.06417164"
Boutique Shein,Ecatepec de Morelos,+52 55 4964 6005,ND,https://wa.me/525549646005,https://www.facebook.com/search/pages/?q=Boutique%20Shein%20Ecatepec%20de%20Morelos,"https://www.google.com/maps/search/?api=1&query=19.63917637,-99.00528665"
Boutique Tania,Ecatepec de Morelos,+52 55 1370 3387,ND,https://wa.me/525513703387,https://www.facebook.com/search/pages/?q=Boutique%20Tania%20Ecatepec%20de%20Morelos,"https://www.google.com/maps/search/?api=1&query=19.5427529,-99.02681066"
Boutique Tatis,Ecatepec de Morelos,+52 55 3021 7820,ND,https://wa.me/525530217820,https://www.facebook.com/search/pages/?q=Boutique%20Tatis%20Ecatepec%20de%20Morelos,"https://www.google.com/maps/search/?api=1&query=19.49419132,-99.02284509"
Boutique Toderia De Cam,Ecatepec de Morelos,+52 56 1023 3523,ND,https://wa.me/525610233523,https://www.facebook.com/search/pages/?q=Boutique%20Toderia%20De%20Cam%20Ecatepec%20de%20Morelos,"https://www.google.com/maps/search/?api=1&query=19.59524272,-99.00858239"
Boutique Toque De Canela,Ecatepec de Morelos,+52 55 1011 0253,ND,https://wa.me/525510110253,https://www.facebook.com/search/pages/?q=Boutique%20Toque%20De%20Canela%20Ecatepec%20de%20Morelos,"https://www.google.com/maps/search/?api=1&query=19.60286744,-99.00955131"
Boutique Victoria,Ecatepec de Morelos,+52 55 2941 9587,ND,https://wa.me/525529419587,https://www.facebook.com/search/pages/?q=Boutique%20Victoria%20Ecatepec%20de%20Morelos,"https://www.google.com/maps/search/?api=1&query=19.58606801,-99.01016021"
Boutique Victoria Pedraza,Ecatepec de Morelos,+52 55 4863 3696,ND,https://wa.me/525548633696,https://www.facebook.com/search/pages/?q=Boutique%20Victoria%20Pedraza%20Ecatepec%20de%20Morelos,"https://www.google.com/maps/search/?api=1&query=19.64333141,-98.98962321"
Boutique Wenp Faschion,Ecatepec de Morelos,+52 55 1149 4868,ND,https://wa.me/525511494868,https://www.facebook.com/search/pages/?q=Boutique%20Wenp%20Faschion%20Ecatepec%20de%20Morelos,"https://www.google.com/maps/search/?api=1&query=19.60185106,-99.04458977"
Boutique Yanez,Ecatepec de Morelos,+52 55 6228 9525,ND,https://wa.me/525562289525,https://www.facebook.com/search/pages/?q=Boutique%20Yanez%20Ecatepec%20de%20Morelos,"https://www.google.com/maps/search/?api=1&query=19.52493348,-99.05791761"
Boutique Yanis,Ecatepec de Morelos,+52 56 2439 3633,ND,https://wa.me/525624393633,https://www.facebook.com/search/pages/?q=Boutique%20Yanis%20Ecatepec%20de%20Morelos,"https://www.google.com/maps/search/?api=1&query=19.60307595,-98.98877493"
Boutique Yireh,Ecatepec de Morelos,+52 55 8252 1248,ND,https://wa.me/525582521248,https://www.facebook.com/search/pages/?q=Boutique%20Yireh%20Ecatepec%20de%20Morelos,"https://www.google.com/maps/search/?api=1&query=19.57317779,-99.0539606"
Caaam Boutique,Ecatepec de Morelos,+52 56 1835 4186,ND,https://wa.me/525618354186,https://www.facebook.com/search/pages/?q=Caaam%20Boutique%20Ecatepec%20de%20Morelos,"https://www.google.com/maps/search/?api=1&query=19.60243253,-99.04650025"
Cc Fashion,Ecatepec de Morelos,+52 55 2917 6482,ND,https://wa.me/525529176482,https://www.facebook.com/search/pages/?q=Cc%20Fashion%20Ecatepec%20de%20Morelos,"https://www.google.com/maps/search/?api=1&query=19.63767982,-99.05834072"
Dgermany Boutique,Ecatepec de Morelos,+52 56 3725 2265,ND,https://wa.me/525637252265,https://www.facebook.com/search/pages/?q=Dgermany%20Boutique%20Ecatepec%20de%20Morelos,"https://www.google.com/maps/search/?api=1&query=19.59275968,-99.01872234"
Dianas Boutique,Ecatepec de Morelos,+52 55 6855 4103,ND,https://wa.me/525568554103,https://www.facebook.com/search/pages/?q=Dianas%20Boutique%20Ecatepec%20de%20Morelos,"https://www.google.com/maps/search/?api=1&query=19.58351984,-99.04020522"
Enky Boutique,Ecatepec de Morelos,+52 55 1507 1735,ND,https://wa.me/525515071735,https://www.facebook.com/search/pages/?q=Enky%20Boutique%20Ecatepec%20de%20Morelos,"https://www.google.com/maps/search/?api=1&query=19.63806294,-99.05826412"
Fresa Shop,Ecatepec de Morelos,+52 56 2477 9458,ND,https://wa.me/525624779458,https://www.facebook.com/search/pages/?q=Fresa%20Shop%20Ecatepec%20de%20Morelos,"https://www.google.com/maps/search/?api=1&query=19.60898196,-99.01441188"
Frida Store,Ecatepec de Morelos,+52 55 2675 7489,ND,https://wa.me/525526757489,https://www.facebook.com/search/pages/?q=Frida%20Store%20Ecatepec%20de%20Morelos,"https://www.google.com/maps/search/?api=1&query=19.55536555,-99.0801937"
Ghetto Skateshop,Ecatepec de Morelos,+52 55 1032 4214,ND,https://wa.me/525510324214,https://www.facebook.com/search/pages/?q=Ghetto%20Skateshop%20Ecatepec%20de%20Morelos,"https://www.google.com/maps/search/?api=1&query=19.5176352,-99.03442481"
Guayaberas Y Camisas Vaqueras,Ecatepec de Morelos,+52 55 1374 6038,ND,https://wa.me/525513746038,https://www.facebook.com/search/pages/?q=Guayaberas%20Y%20Camisas%20Vaqueras%20Ecatepec%20de%20Morelos,"https://www.google.com/maps/search/?api=1&query=19.60835728,-99.01415487"
Hornet Sex Shop,Ecatepec de Morelos,+52 55 3311 7812,ND,https://wa.me/525533117812,https://www.facebook.com/search/pages/?q=Hornet%20Sex%20Shop%20Ecatepec%20de%20Morelos,"https://www.google.com/maps/search/?api=1&query=19.62461451,-99.0011372"
Jennys Boutique,Ecatepec de Morelos,+52 55 7889 6002,ND,https://wa.me/525578896002,https://www.facebook.com/search/pages/?q=Jennys%20Boutique%20Ecatepec%20de%20Morelos,"https://www.google.com/maps/search/?api=1&query=19.54669275,-99.07818411"
Laura Boutique,Ecatepec de Morelos,+52 55 4757 4881,ND,https://wa.me/525547574881,https://www.facebook.com/search/pages/?q=Laura%20Boutique%20Ecatepec%20de%20Morelos,"https://www.google.com/maps/search/?api=1&query=19.51921529,-99.04848385"
Lc Boutique,Ecatepec de Morelos,+52 55 4962 6587,ND,https://wa.me/525549626587,https://www.facebook.com/search/pages/?q=Lc%20Boutique%20Ecatepec%20de%20Morelos,"https://www.google.com/maps/search/?api=1&query=19.4965108,-99.0286705"
Local De Venta Y Articulos Vaqueros El Rodeo,Ecatepec de Morelos,+52 55 4425 2662,ND,https://wa.me/525544252662,https://www.facebook.com/search/pages/?q=Local%20De%20Venta%20Y%20Articulos%20Vaqueros%20El%20Rodeo%20Ecatepec%20de%20Morelos,"https://www.google.com/maps/search/?api=1&query=19.60452789,-99.05886007"
Lutsi Boutique,Ecatepec de Morelos,+52 55 2279 9433,ND,https://wa.me/525522799433,https://www.facebook.com/search/pages/?q=Lutsi%20Boutique%20Ecatepec%20de%20Morelos,"https://www.google.com/maps/search/?api=1&query=19.56952907,-99.04547911"
Mc Boutique,Ecatepec de Morelos,+52 55 4310 4603,ND,https://wa.me/525543104603,https://www.facebook.com/search/pages/?q=Mc%20Boutique%20Ecatepec%20de%20Morelos,"https://www.google.com/maps/search/?api=1&query=19.60097444,-99.04668997"
Mer Lib Boutique,Ecatepec de Morelos,+52 55 9194 9568,ND,https://wa.me/525591949568,https://www.facebook.com/search/pages/?q=Mer%20Lib%20Boutique%20Ecatepec%20de%20Morelos,"https://www.google.com/maps/search/?api=1&query=19.55078797,-99.04691455"
Mi Pequeña Boutique,Ecatepec de Morelos,+52 55 2335 3806,ND,https://wa.me/525523353806,https://www.facebook.com/search/pages/?q=Mi%20Pequeña%20Boutique%20Ecatepec%20de%20Morelos,"https://www.google.com/maps/search/?api=1&query=19.54200357,-99.06783659"
Mj Boutique,Ecatepec de Morelos,+52 56 1049 4914,ND,https://wa.me/525610494914,https://www.facebook.com/search/pages/?q=Mj%20Boutique%20Ecatepec%20de%20Morelos,"https://www.google.com/maps/search/?api=1&query=19.54771996,-99.07709172"
Moda Casual,Ecatepec de Morelos,+52 55 2926 5986,ND,https://wa.me/525529265986,https://www.facebook.com/search/pages/?q=Moda%20Casual%20Ecatepec%20de%20Morelos,"https://www.google.com/maps/search/?api=1&query=19.56142496,-99.02175762"
Moda Fashon,Ecatepec de Morelos,+52 55 6536 7222,ND,https://wa.me/525565367222,https://www.facebook.com/search/pages/?q=Moda%20Fashon%20Ecatepec%20de%20Morelos,"https://www.google.com/maps/search/?api=1&query=19.54440327,-99.07655762"
Modas Bety,Ecatepec de Morelos,+52 55 3783 3018,ND,https://wa.me/525537833018,https://www.facebook.com/search/pages/?q=Modas%20Bety%20Ecatepec%20de%20Morelos,"https://www.google.com/maps/search/?api=1&query=19.49786394,-99.05353772"
Modas Flor,Ecatepec de Morelos,+52 55 3126 6654,ND,https://wa.me/525531266654,https://www.facebook.com/search/pages/?q=Modas%20Flor%20Ecatepec%20de%20Morelos,"https://www.google.com/maps/search/?api=1&query=19.51786931,-99.01829976"
Modas Madai,Ecatepec de Morelos,+52 56 4628 1462,ND,https://wa.me/525646281462,https://www.facebook.com/search/pages/?q=Modas%20Madai%20Ecatepec%20de%20Morelos,"https://www.google.com/maps/search/?api=1&query=19.52192343,-99.03564741"
Modas Vanel Teinda De Ropa De Dama,Ecatepec de Morelos,+52 55 5995 6738,ND,https://wa.me/525559956738,https://www.facebook.com/search/pages/?q=Modas%20Vanel%20Teinda%20De%20Ropa%20De%20Dama%20Ecatepec%20de%20Morelos,"https://www.google.com/maps/search/?api=1&query=19.59925125,-99.04619097"
Nasch Style Venta De Ropa,Ecatepec de Morelos,+52 55 4634 9663,ND,https://wa.me/525546349663,https://www.facebook.com/search/pages/?q=Nasch%20Style%20Venta%20De%20Ropa%20Ecatepec%20de%20Morelos,"https://www.google.com/maps/search/?api=1&query=19.50089093,-99.04682319"
Natys Boutique,Ecatepec de Morelos,+52 55 3420 4379,ND,https://wa.me/525534204379,https://www.facebook.com/search/pages/?q=Natys%20Boutique%20Ecatepec%20de%20Morelos,"https://www.google.com/maps/search/?api=1&query=19.55764239,-99.02946834"
Nenis Fashions Ropa,Ecatepec de Morelos,+52 55 1363 4780,ND,https://wa.me/525513634780,https://www.facebook.com/search/pages/?q=Nenis%20Fashions%20Ropa%20Ecatepec%20de%20Morelos,"https://www.google.com/maps/search/?api=1&query=19.60514698,-99.06060513"
Ponte Bonita Boutique,Ecatepec de Morelos,+52 55 4504 3206,ND,https://wa.me/525545043206,https://www.facebook.com/search/pages/?q=Ponte%20Bonita%20Boutique%20Ecatepec%20de%20Morelos,"https://www.google.com/maps/search/?api=1&query=19.51559442,-99.06122084"
Ropa De Moda,Ecatepec de Morelos,+52 55 2036 6910,ND,https://wa.me/525520366910,https://www.facebook.com/search/pages/?q=Ropa%20De%20Moda%20Ecatepec%20de%20Morelos,"https://www.google.com/maps/search/?api=1&query=19.5996959,-99.04562521"
Ropa Liz Boutique,Ecatepec de Morelos,+52 55 5973 7779,ND,https://wa.me/525559737779,https://www.facebook.com/search/pages/?q=Ropa%20Liz%20Boutique%20Ecatepec%20de%20Morelos,"https://www.google.com/maps/search/?api=1&query=19.54456425,-99.02034399"
Ropa Para Dama Boutique Vero,Ecatepec de Morelos,+52 55 4475 2164,ND,https://wa.me/525544752164,https://www.facebook.com/search/pages/?q=Ropa%20Para%20Dama%20Boutique%20Vero%20Ecatepec%20de%20Morelos,"https://www.google.com/maps/search/?api=1&query=19.59837148,-98.99089509"
Sama Boutique,Ecatepec de Morelos,+52 55 5385 9081,ND,https://wa.me/525553859081,https://www.facebook.com/search/pages/?q=Sama%20Boutique%20Ecatepec%20de%20Morelos,"https://www.google.com/maps/search/?api=1&query=19.54533619,-99.07695202"
Sexy Closet Kym,Ecatepec de Morelos,+52 55 6690 6688,ND,https://wa.me/525566906688,https://www.facebook.com/search/pages/?q=Sexy%20Closet%20Kym%20Ecatepec%20de%20Morelos,"https://www.google.com/maps/search/?api=1&query=19.62023225,-99.04829305"
Shopboutique La Doncella De Hierro,Ecatepec de Morelos,+52 55 2113 3137,ND,https://wa.me/525521133137,https://www.facebook.com/search/pages/?q=Shopboutique%20La%20Doncella%20De%20Hierro%20Ecatepec%20de%20Morelos,"https://www.google.com/maps/search/?api=1&query=19.5176352,-99.03442481"
Sofia Orozco Boutique,Ecatepec de Morelos,+52 56 4411 8629,ND,https://wa.me/525644118629,https://www.facebook.com/search/pages/?q=Sofia%20Orozco%20Boutique%20Ecatepec%20de%20Morelos,"https://www.google.com/maps/search/?api=1&query=19.58685866,-99.02201686"
Style Life,Ecatepec de Morelos,+52 55 1168 3209,ND,https://wa.me/525511683209,https://www.facebook.com/search/pages/?q=Style%20Life%20Ecatepec%20de%20Morelos,"https://www.google.com/maps/search/?api=1&query=19.5176352,-99.03442481"
Tienda De Ropa Fashion,Ecatepec de Morelos,+52 55 2663 3808,ND,https://wa.me/525526633808,https://www.facebook.com/search/pages/?q=Tienda%20De%20Ropa%20Fashion%20Ecatepec%20de%20Morelos,"https://www.google.com/maps/search/?api=1&query=19.49753926,-99.03652479"
Tienda De Ropa Fashion Girl,Ecatepec de Morelos,+52 56 1660 7245,ND,https://wa.me/525616607245,https://www.facebook.com/search/pages/?q=Tienda%20De%20Ropa%20Fashion%20Girl%20Ecatepec%20de%20Morelos,"https://www.google.com/maps/search/?api=1&query=19.61165031,-99.01614851"
Tienda Ropa Vg Shop,Ecatepec de Morelos,+52 55 1697 8171,ND,https://wa.me/525516978171,https://www.facebook.com/search/pages/?q=Tienda%20Ropa%20Vg%20Shop%20Ecatepec%20de%20Morelos,"https://www.google.com/maps/search/?api=1&query=19.56676563,-99.0404453"
Trapos Boutique,Ecatepec de Morelos,+52 55 3907 5303,ND,https://wa.me/525539075303,https://www.facebook.com/search/pages/?q=Trapos%20Boutique%20Ecatepec%20de%20Morelos,"https://www.google.com/maps/search/?api=1&query=19.53993938,-99.0684637"
Tu Closet,Ecatepec de Morelos,+52 55 6488 5832,ND,https://wa.me/525564885832,https://www.facebook.com/search/pages/?q=Tu%20Closet%20Ecatepec%20de%20Morelos,"https://www.google.com/maps/search/?api=1&query=19.58367584,-99.04029546"
Venta De Ropa Fers Boutique,Ecatepec de Morelos,+52 55 2094 6803,ND,https://wa.me/525520946803,https://www.facebook.com/search/pages/?q=Venta%20De%20Ropa%20Fers%20Boutique%20Ecatepec%20de%20Morelos,"https://www.google.com/maps/search/?api=1&query=19.64814854,-98.99775491"
Vip Boutique,Ecatepec de Morelos,+52 56 4844 5097,ND,https://wa.me/525648445097,https://www.facebook.com/search/pages/?q=Vip%20Boutique%20Ecatepec%20de%20Morelos,"https://www.google.com/maps/search/?api=1&query=19.60282471,-99.05133423"
Tienda De Ropa Ian,Ecatzingo,+52 55 7549 8652,ND,https://wa.me/525575498652,https://www.facebook.com/search/pages/?q=Tienda%20De%20Ropa%20Ian%20Ecatzingo,"https://www.google.com/maps/search/?api=1&query=18.9618473,-98.7488518"
Gabriel Boutique,Ecatzingo,ND,ND,ND,https://www.facebook.com/search/pages/?q=Gabriel%20Boutique%20Ecatzingo,"https://www.google.com/maps/search/?api=1&query=18.95806879,-98.7525737"
Legos Boutique,El Oro,+52 71 2106 7028,ND,https://wa.me/527121067028,https://www.facebook.com/search/pages/?q=Legos%20Boutique%20El%20Oro,"https://www.google.com/maps/search/?api=1&query=19.80119255,-100.13273922"
Tienda De Casa De Vaqueros El Oro,El Oro,+52 71 2219 1058,ND,https://wa.me/527122191058,https://www.facebook.com/search/pages/?q=Tienda%20De%20Casa%20De%20Vaqueros%20El%20Oro%20El%20Oro,"https://www.google.com/maps/search/?api=1&query=19.80050864,-100.13079253"
Tienda De Ropa Fashio Sk Boutique,El Oro,+52 71 2365 8426,ND,https://wa.me/527123658426,https://www.facebook.com/search/pages/?q=Tienda%20De%20Ropa%20Fashio%20Sk%20Boutique%20El%20Oro,"https://www.google.com/maps/search/?api=1&query=19.80014706,-100.12948716"
Venta Mexa Store 7 41 Ropa & Accesorios,El Oro,+52 71 2305 0871,ND,https://wa.me/527123050871,https://www.facebook.com/search/pages/?q=Venta%20Mexa%20Store%207%2041%20Ropa%20%26%20Accesorios%20El%20Oro,"https://www.google.com/maps/search/?api=1&query=19.80049871,-100.13077387"
Boutique Cultura Fashion,Huehuetoca,+52 72 2364 4163,ND,https://wa.me/527223644163,https://www.facebook.com/search/pages/?q=Boutique%20Cultura%20Fashion%20Huehuetoca,"https://www.google.com/maps/search/?api=1&query=19.82641869,-99.20429757"
Boutique El Glamour,Huehuetoca,+52 55 2804 8245,ND,https://wa.me/525528048245,https://www.facebook.com/search/pages/?q=Boutique%20El%20Glamour%20Huehuetoca,"https://www.google.com/maps/search/?api=1&query=19.83051707,-99.24681219"
Boutique Los Arcos,Huehuetoca,+52 55 4557 8549,ND,https://wa.me/525545578549,https://www.facebook.com/search/pages/?q=Boutique%20Los%20Arcos%20Huehuetoca,"https://www.google.com/maps/search/?api=1&query=19.83142732,-99.20476048"
Boutique Maggie,Huehuetoca,+52 55 6606 1419,ND,https://wa.me/525566061419,https://www.facebook.com/search/pages/?q=Boutique%20Maggie%20Huehuetoca,"https://www.google.com/maps/search/?api=1&query=19.87797277,-99.21518459"
Boutique Puente Grande,Huehuetoca,+52 55 6017 9752,ND,https://wa.me/525560179752,https://www.facebook.com/search/pages/?q=Boutique%20Puente%20Grande%20Huehuetoca,"https://www.google.com/maps/search/?api=1&query=19.8219048,-99.20160164"
Boutique Shan,Huehuetoca,+52 55 2292 5965,ND,https://wa.me/525522925965,https://www.facebook.com/search/pages/?q=Boutique%20Shan%20Huehuetoca,"https://www.google.com/maps/search/?api=1&query=19.83878993,-99.24294872"
Boutique Top Shop,Huehuetoca,+52 55 2702 2717,ND,https://wa.me/525527022717,https://www.facebook.com/search/pages/?q=Boutique%20Top%20Shop%20Huehuetoca,"https://www.google.com/maps/search/?api=1&query=19.83368361,-99.20637065"
Boutique Viri,Huehuetoca,+52 55 4549 9814,ND,https://wa.me/525545499814,https://www.facebook.com/search/pages/?q=Boutique%20Viri%20Huehuetoca,"https://www.google.com/maps/search/?api=1&query=19.87957175,-99.20920974"
Joletts Boutique,Huehuetoca,+52 56 1743 1540,ND,https://wa.me/525617431540,https://www.facebook.com/search/pages/?q=Joletts%20Boutique%20Huehuetoca,"https://www.google.com/maps/search/?api=1&query=19.83368417,-99.20568117"
Lau Boutique,Huehuetoca,+52 55 7287 3193,ND,https://wa.me/525572873193,https://www.facebook.com/search/pages/?q=Lau%20Boutique%20Huehuetoca,"https://www.google.com/maps/search/?api=1&query=19.83853867,-99.2434955"
Mas Moda,Huehuetoca,+52 55 1375 2359,ND,https://wa.me/525513752359,https://www.facebook.com/search/pages/?q=Mas%20Moda%20Huehuetoca,"https://www.google.com/maps/search/?api=1&query=19.86272956,-99.22780296"
Modas Abril,Huehuetoca,+52 55 2065 4155,ND,https://wa.me/525520654155,https://www.facebook.com/search/pages/?q=Modas%20Abril%20Huehuetoca,"https://www.google.com/maps/search/?api=1&query=19.83354662,-99.20464853"
Modas Junior,Huehuetoca,+52 55 6348 0966,ND,https://wa.me/525563480966,https://www.facebook.com/search/pages/?q=Modas%20Junior%20Huehuetoca,"https://www.google.com/maps/search/?api=1&query=19.83366914,-99.20548943"
Pink Boutique,Huehuetoca,+52 55 6607 3281,ND,https://wa.me/525566073281,https://www.facebook.com/search/pages/?q=Pink%20Boutique%20Huehuetoca,"https://www.google.com/maps/search/?api=1&query=19.83131113,-99.20434083"
Ropa Vaquera El Rinconcito,Huehuetoca,+52 56 3000 0534,ND,https://wa.me/525630000534,https://www.facebook.com/search/pages/?q=Ropa%20Vaquera%20El%20Rinconcito%20Huehuetoca,"https://www.google.com/maps/search/?api=1&query=19.83171406,-99.20590343"
Venta De Ropa Rocko Moda Urbana,Huehuetoca,+52 56 3408 4872,ND,https://wa.me/525634084872,https://www.facebook.com/search/pages/?q=Venta%20De%20Ropa%20Rocko%20Moda%20Urbana%20Huehuetoca,"https://www.google.com/maps/search/?api=1&query=19.84350863,-99.2419064"
Angye Boutique,Hueypoxtla,+52 55 3475 7627,ND,https://wa.me/525534757627,https://www.facebook.com/search/pages/?q=Angye%20Boutique%20Hueypoxtla,"https://www.google.com/maps/search/?api=1&query=19.97973226,-99.04487995"
Boutique Ale,Hueypoxtla,+52 72 9517 9632,ND,https://wa.me/527295179632,https://www.facebook.com/search/pages/?q=Boutique%20Ale%20Hueypoxtla,"https://www.google.com/maps/search/?api=1&query=19.92860651,-98.98332792"
Boutique B&C,Hueypoxtla,+52 55 7995 5590,ND,https://wa.me/525579955590,https://www.facebook.com/search/pages/?q=Boutique%20B%26C%20Hueypoxtla,"https://www.google.com/maps/search/?api=1&query=19.86958828,-99.06277072"
Boutique Esmeralda,Hueypoxtla,+52 55 3236 3470,ND,https://wa.me/525532363470,https://www.facebook.com/search/pages/?q=Boutique%20Esmeralda%20Hueypoxtla,"https://www.google.com/maps/search/?api=1&query=19.93425816,-98.98144683"
Boutique Lili,Hueypoxtla,+52 55 1499 5765,ND,https://wa.me/525514995765,https://www.facebook.com/search/pages/?q=Boutique%20Lili%20Hueypoxtla,"https://www.google.com/maps/search/?api=1&query=19.92681065,-98.97593774"
Boutique Luca,Hueypoxtla,+52 55 6705 0948,ND,https://wa.me/525567050948,https://www.facebook.com/search/pages/?q=Boutique%20Luca%20Hueypoxtla,"https://www.google.com/maps/search/?api=1&query=19.92733239,-98.97366829"
Boutique Lupita,Hueypoxtla,+52 56 2670 2346,ND,https://wa.me/525626702346,https://www.facebook.com/search/pages/?q=Boutique%20Lupita%20Hueypoxtla,"https://www.google.com/maps/search/?api=1&query=19.92730393,-98.97392906"
Boutique Reyes,Hueypoxtla,+52 55 4102 2053,ND,https://wa.me/525541022053,https://www.facebook.com/search/pages/?q=Boutique%20Reyes%20Hueypoxtla,"https://www.google.com/maps/search/?api=1&query=19.92667486,-98.97522217"
Butique Style,Hueypoxtla,+52 55 4089 3333,ND,https://wa.me/525540893333,https://www.facebook.com/search/pages/?q=Butique%20Style%20Hueypoxtla,"https://www.google.com/maps/search/?api=1&query=19.90996731,-99.00612114"
Fashion Y Tendencias Ale,Hueypoxtla,+52 55 6421 7567,ND,https://wa.me/525564217567,https://www.facebook.com/search/pages/?q=Fashion%20Y%20Tendencias%20Ale%20Hueypoxtla,"https://www.google.com/maps/search/?api=1&query=19.92644157,-98.98397263"
Muun Petite Boutique,Hueypoxtla,+52 55 3139 4993,ND,https://wa.me/525531394993,https://www.facebook.com/search/pages/?q=Muun%20Petite%20Boutique%20Hueypoxtla,"https://www.google.com/maps/search/?api=1&query=19.90840609,-99.07912556"
Tienda De Ropa Boutique Vega,Hueypoxtla,+52 55 8822 5822,ND,https://wa.me/525588225822,https://www.facebook.com/search/pages/?q=Tienda%20De%20Ropa%20Boutique%20Vega%20Hueypoxtla,"https://www.google.com/maps/search/?api=1&query=19.90769624,-99.07797177"
Tienda De Ropa Misti Fashion,Hueypoxtla,+52 55 2533 1214,ND,https://wa.me/525525331214,https://www.facebook.com/search/pages/?q=Tienda%20De%20Ropa%20Misti%20Fashion%20Hueypoxtla,"https://www.google.com/maps/search/?api=1&query=19.90850437,-99.07922208"
Tienda Vaquera El Trebol,Hueypoxtla,+52 55 4925 5235,ND,https://wa.me/525549255235,https://www.facebook.com/search/pages/?q=Tienda%20Vaquera%20El%20Trebol%20Hueypoxtla,"https://www.google.com/maps/search/?api=1&query=19.93562735,-99.01770606"
Boutique Gina,Huixquilucan,+52 55 2916 6088,gm732018@gmail.com.mx,https://wa.me/525529166088,https://www.facebook.com/search/pages/?q=Boutique%20Gina%20Huixquilucan,"https://www.google.com/maps/search/?api=1&query=19.36081342,-99.35125429"
Shamar Hat Shop,Huixquilucan,+52 55 8570 0458,pedro.angeles.escutia@gmail.com,https://wa.me/525585700458,https://www.facebook.com/search/pages/?q=Shamar%20Hat%20Shop%20Huixquilucan,"https://www.google.com/maps/search/?api=1&query=19.42976967,-99.26525098"
Tienda De Ropa Closet Ropa,Huixquilucan,+52 55 1577 5166,cristinaerherarce@gmail.com,https://wa.me/525515775166,https://www.facebook.com/search/pages/?q=Tienda%20De%20Ropa%20Closet%20Ropa%20Huixquilucan,"https://www.google.com/maps/search/?api=1&query=19.38086412,-99.28497021"
Boutique De Ropa Esmeralda,Huixquilucan,+52 55 6469 7048,ND,https://wa.me/525564697048,https://www.facebook.com/search/pages/?q=Boutique%20De%20Ropa%20Esmeralda%20Huixquilucan,"https://www.google.com/maps/search/?api=1&query=19.36044855,-99.35108846"
Boutique Emiliano,Huixquilucan,+52 55 1889 8919,ND,https://wa.me/525518898919,https://www.facebook.com/search/pages/?q=Boutique%20Emiliano%20Huixquilucan,"https://www.google.com/maps/search/?api=1&query=19.36005252,-99.35093685"
Boutique Encanto,Huixquilucan,+52 55 3210 4578,ND,https://wa.me/525532104578,https://www.facebook.com/search/pages/?q=Boutique%20Encanto%20Huixquilucan,"https://www.google.com/maps/search/?api=1&query=19.37222296,-99.34326111"
Boutique Encanto,Huixquilucan,+52 55 4032 0313,ND,https://wa.me/525540320313,https://www.facebook.com/search/pages/?q=Boutique%20Encanto%20Huixquilucan,"https://www.google.com/maps/search/?api=1&query=19.35959733,-99.35237788"
Boutique Frida,Huixquilucan,+52 55 8197 8334,ND,https://wa.me/525581978334,https://www.facebook.com/search/pages/?q=Boutique%20Frida%20Huixquilucan,"https://www.google.com/maps/search/?api=1&query=19.36136103,-99.35029435"
Boutique Kari Mar,Huixquilucan,+52 55 5902 9810,ND,https://wa.me/525559029810,https://www.facebook.com/search/pages/?q=Boutique%20Kari%20Mar%20Huixquilucan,"https://www.google.com/maps/search/?api=1&query=19.36086546,-99.34993257"
Boutique Karla,Huixquilucan,+52 56 4338 8896,ND,https://wa.me/525643388896,https://www.facebook.com/search/pages/?q=Boutique%20Karla%20Huixquilucan,"https://www.google.com/maps/search/?api=1&query=19.36027643,-99.35120138"
Boutique Mojo Rising Shop,Huixquilucan,+52 55 7863 7489,ND,https://wa.me/525578637489,https://www.facebook.com/search/pages/?q=Boutique%20Mojo%20Rising%20Shop%20Huixquilucan,"https://www.google.com/maps/search/?api=1&query=19.38488177,-99.28356848"
Boutiquet En General,Huixquilucan,+52 55 6884 2113,ND,https://wa.me/525568842113,https://www.facebook.com/search/pages/?q=Boutiquet%20En%20General%20Huixquilucan,"https://www.google.com/maps/search/?api=1&query=19.36005252,-99.35093685"
Lucas Boutique,Huixquilucan,+52 55 5188 4788,ND,https://wa.me/525551884788,https://www.facebook.com/search/pages/?q=Lucas%20Boutique%20Huixquilucan,"https://www.google.com/maps/search/?api=1&query=19.38465075,-99.3041477"
Maki Store,Huixquilucan,+52 55 4784 0993,ND,https://wa.me/525547840993,https://www.facebook.com/search/pages/?q=Maki%20Store%20Huixquilucan,"https://www.google.com/maps/search/?api=1&query=19.40957497,-99.32433042"
Tienda Ropa Paco Jeans,Huixquilucan,+52 55 1227 5750,ND,https://wa.me/525512275750,https://www.facebook.com/search/pages/?q=Tienda%20Ropa%20Paco%20Jeans%20Huixquilucan,"https://www.google.com/maps/search/?api=1&query=19.38116936,-99.28477561"
Venta De Ropa Shopping Style,Huixquilucan,+52 55 1967 8399,ND,https://wa.me/525519678399,https://www.facebook.com/search/pages/?q=Venta%20De%20Ropa%20Shopping%20Style%20Huixquilucan,"https://www.google.com/maps/search/?api=1&query=19.37648064,-99.28576847"
Boutique De Ropa Mariana,Isidro Fabela,+52 55 8638 0224,ND,https://wa.me/525586380224,https://www.facebook.com/search/pages/?q=Boutique%20De%20Ropa%20Mariana%20Isidro%20Fabela,"https://www.google.com/maps/search/?api=1&query=19.55665675,-99.41770179"
Boutique Mvm,Isidro Fabela,+52 55 7642 0609,ND,https://wa.me/525576420609,https://www.facebook.com/search/pages/?q=Boutique%20Mvm%20Isidro%20Fabela,"https://www.google.com/maps/search/?api=1&query=19.5580256,-99.4167854"
Boutique Ohana,Isidro Fabela,+52 56 4299 8158,ND,https://wa.me/525642998158,https://www.facebook.com/search/pages/?q=Boutique%20Ohana%20Isidro%20Fabela,"https://www.google.com/maps/search/?api=1&query=19.55627491,-99.41773953"
Boutique De Ropa De Dama Daanmira,Ixtapaluca,+52 55 6180 0892,tanooscar09@gmail.com,https://wa.me/525561800892,https://DANMIRACOLLEGCION.COM/,"https://www.google.com/maps/search/?api=1&query=19.31566371,-98.88322259"
Boutique Geno,Ixtapaluca,+52 55 4343 8102,genoboutique@gmail.com,https://wa.me/525543438102,https://WWW.GENOBOUTIQUE/,"https://www.google.com/maps/search/?api=1&query=19.35399928,-98.85242809"
Boutique Tade Paez,Ixtapaluca,+52 55 4474 3498,chayisleyva@gmail.com,https://wa.me/525544743498,https://www.facebook.com/search/pages/?q=Boutique%20Tade%20Paez%20Ixtapaluca,"https://www.google.com/maps/search/?api=1&query=19.38628516,-98.84589826"
Boutique Xvjr,Ixtapaluca,+52 56 3806 9715,alondra_castro45@hotmail.com,https://wa.me/525638069715,https://www.facebook.com/search/pages/?q=Boutique%20Xvjr%20Ixtapaluca,"https://www.google.com/maps/search/?api=1&query=19.38631508,-98.84890263"
Boutique Abamo,Ixtapaluca,+52 55 7880 2274,ND,https://wa.me/525578802274,https://www.facebook.com/search/pages/?q=Boutique%20Abamo%20Ixtapaluca,"https://www.google.com/maps/search/?api=1&query=19.34524341,-98.85030918"
Boutique Adyani,Ixtapaluca,+52 56 1850 4045,ND,https://wa.me/525618504045,https://www.facebook.com/search/pages/?q=Boutique%20Adyani%20Ixtapaluca,"https://www.google.com/maps/search/?api=1&query=19.31249744,-98.85065209"
Boutique Alexa,Ixtapaluca,+52 55 7555 5569,ND,https://wa.me/525575555569,https://www.facebook.com/search/pages/?q=Boutique%20Alexa%20Ixtapaluca,"https://www.google.com/maps/search/?api=1&query=19.33038915,-98.91111659"
Boutique American,Ixtapaluca,+52 56 2192 2405,ND,https://wa.me/525621922405,https://www.facebook.com/search/pages/?q=Boutique%20American%20Ixtapaluca,"https://www.google.com/maps/search/?api=1&query=19.34735664,-98.85626733"
Boutique Condesa Fashion,Ixtapaluca,+52 55 3707 0965,ND,https://wa.me/525537070965,https://www.facebook.com/search/pages/?q=Boutique%20Condesa%20Fashion%20Ixtapaluca,"https://www.google.com/maps/search/?api=1&query=19.31168968,-98.88123315"
Boutique De Ropa Lolita,Ixtapaluca,+52 55 6440 5901,ND,https://wa.me/525564405901,https://www.facebook.com/search/pages/?q=Boutique%20De%20Ropa%20Lolita%20Ixtapaluca,"https://www.google.com/maps/search/?api=1&query=19.32573664,-98.87516829"
Boutique De Ropa Princes Shoes,Ixtapaluca,+52 55 8571 6380,ND,https://wa.me/525585716380,https://www.facebook.com/search/pages/?q=Boutique%20De%20Ropa%20Princes%20Shoes%20Ixtapaluca,"https://www.google.com/maps/search/?api=1&query=19.30593057,-98.89851514"
Boutique De Ropa Romi,Ixtapaluca,+52 55 3216 5286,ND,https://wa.me/525532165286,https://www.facebook.com/search/pages/?q=Boutique%20De%20Ropa%20Romi%20Ixtapaluca,"https://www.google.com/maps/search/?api=1&query=19.32509452,-98.89679022"
Boutique De Ropa Wekalau,Ixtapaluca,+52 55 2315 7508,ND,https://wa.me/525523157508,https://www.facebook.com/search/pages/?q=Boutique%20De%20Ropa%20Wekalau%20Ixtapaluca,"https://www.google.com/maps/search/?api=1&query=19.30629428,-98.89858186"
Boutique Diana,Ixtapaluca,+52 55 8477 1599,ND,https://wa.me/525584771599,https://www.facebook.com/search/pages/?q=Boutique%20Diana%20Ixtapaluca,"https://www.google.com/maps/search/?api=1&query=19.30368952,-98.89870689"
Boutique Greys,Ixtapaluca,+52 55 4818 0931,ND,https://wa.me/525548180931,https://www.facebook.com/search/pages/?q=Boutique%20Greys%20Ixtapaluca,"https://www.google.com/maps/search/?api=1&query=19.30904573,-98.84328418"
Boutique Gypsy Shines,Ixtapaluca,+52 55 2060 1020,ND,https://wa.me/525520601020,https://www.facebook.com/search/pages/?q=Boutique%20Gypsy%20Shines%20Ixtapaluca,"https://www.google.com/maps/search/?api=1&query=19.30650257,-98.89847815"
Boutique Itzae,Ixtapaluca,+52 55 2373 4873,ND,https://wa.me/525523734873,https://www.facebook.com/search/pages/?q=Boutique%20Itzae%20Ixtapaluca,"https://www.google.com/maps/search/?api=1&query=19.32662134,-98.87672062"
Boutique J Laurie Tienda De Ropa,Ixtapaluca,+52 56 2186 9340,ND,https://wa.me/525621869340,https://www.facebook.com/search/pages/?q=Boutique%20J%20Laurie%20Tienda%20De%20Ropa%20Ixtapaluca,"https://www.google.com/maps/search/?api=1&query=19.30561013,-98.90058379"
Boutique Java,Ixtapaluca,+52 55 9271 8360,ND,https://wa.me/525592718360,https://www.facebook.com/search/pages/?q=Boutique%20Java%20Ixtapaluca,"https://www.google.com/maps/search/?api=1&query=19.32647628,-98.9129286"
Boutique Las Tres Fridas,Ixtapaluca,+52 55 6481 7982,ND,https://wa.me/525564817982,https://www.facebook.com/search/pages/?q=Boutique%20Las%20Tres%20Fridas%20Ixtapaluca,"https://www.google.com/maps/search/?api=1&query=19.37606627,-98.85043439"
Boutique Lula,Ixtapaluca,+52 55 1338 3969,ND,https://wa.me/525513383969,https://www.facebook.com/search/pages/?q=Boutique%20Lula%20Ixtapaluca,"https://www.google.com/maps/search/?api=1&query=19.38562593,-98.84654304"
Boutique M Qda Bien,Ixtapaluca,+52 55 2038 3220,ND,https://wa.me/525520383220,https://www.facebook.com/search/pages/?q=Boutique%20M%20Qda%20Bien%20Ixtapaluca,"https://www.google.com/maps/search/?api=1&query=19.30153031,-98.89981029"
Boutique M&M,Ixtapaluca,+52 55 1481 9070,ND,https://wa.me/525514819070,https://www.facebook.com/search/pages/?q=Boutique%20M%26M%20Ixtapaluca,"https://www.google.com/maps/search/?api=1&query=19.30680034,-98.89439587"
Boutique Mary,Ixtapaluca,+52 55 9255 7332,ND,https://wa.me/525592557332,https://www.facebook.com/search/pages/?q=Boutique%20Mary%20Ixtapaluca,"https://www.google.com/maps/search/?api=1&query=19.3105755,-98.90631812"
Boutique Mia,Ixtapaluca,+52 55 4062 0433,ND,https://wa.me/525540620433,https://www.facebook.com/search/pages/?q=Boutique%20Mia%20Ixtapaluca,"https://www.google.com/maps/search/?api=1&query=19.38562631,-98.84531565"
Boutique Pakun,Ixtapaluca,+52 55 8564 0184,ND,https://wa.me/525585640184,https://www.facebook.com/search/pages/?q=Boutique%20Pakun%20Ixtapaluca,"https://www.google.com/maps/search/?api=1&query=19.34109629,-98.84730244"
Boutique Patitas Suaves,Ixtapaluca,+52 55 4680 7003,ND,https://wa.me/525546807003,https://www.facebook.com/search/pages/?q=Boutique%20Patitas%20Suaves%20Ixtapaluca,"https://www.google.com/maps/search/?api=1&query=19.29935041,-98.90508018"
Boutique Pauxim,Ixtapaluca,+52 55 5152 2526,ND,https://wa.me/525551522526,https://www.facebook.com/search/pages/?q=Boutique%20Pauxim%20Ixtapaluca,"https://www.google.com/maps/search/?api=1&query=19.32445431,-98.87538674"
Boutique Snoopy,Ixtapaluca,+52 55 3967 5781,ND,https://wa.me/525539675781,https://www.facebook.com/search/pages/?q=Boutique%20Snoopy%20Ixtapaluca,"https://www.google.com/maps/search/?api=1&query=19.31473888,-98.88404844"
Boutique Snow,Ixtapaluca,+52 55 8252 9745,ND,https://wa.me/525582529745,https://www.facebook.com/search/pages/?q=Boutique%20Snow%20Ixtapaluca,"https://www.google.com/maps/search/?api=1&query=19.33779621,-98.86463683"
Boutique Sofi,Ixtapaluca,+52 56 1124 7147,ND,https://wa.me/525611247147,https://www.facebook.com/search/pages/?q=Boutique%20Sofi%20Ixtapaluca,"https://www.google.com/maps/search/?api=1&query=19.32479464,-98.87727"
Boutique Tiempo Moda,Ixtapaluca,+52 55 1474 4419,ND,https://wa.me/525514744419,https://www.facebook.com/search/pages/?q=Boutique%20Tiempo%20Moda%20Ixtapaluca,"https://www.google.com/maps/search/?api=1&query=19.30373157,-98.88910443"
Boutique Tiky,Ixtapaluca,+52 55 5995 2730,ND,https://wa.me/525559952730,https://www.facebook.com/search/pages/?q=Boutique%20Tiky%20Ixtapaluca,"https://www.google.com/maps/search/?api=1&query=19.31074409,-98.85592086"
Boutique Vanesa,Ixtapaluca,+52 55 7112 9512,ND,https://wa.me/525571129512,https://www.facebook.com/search/pages/?q=Boutique%20Vanesa%20Ixtapaluca,"https://www.google.com/maps/search/?api=1&query=19.31518886,-98.92802632"
Boutique Vanys,Ixtapaluca,+52 55 8085 2162,ND,https://wa.me/525580852162,https://www.facebook.com/search/pages/?q=Boutique%20Vanys%20Ixtapaluca,"https://www.google.com/maps/search/?api=1&query=19.32686313,-98.93838708"
Boutique Y Snaikers,Ixtapaluca,+52 55 6459 5320,ND,https://wa.me/525564595320,https://www.facebook.com/search/pages/?q=Boutique%20Y%20Snaikers%20Ixtapaluca,"https://www.google.com/maps/search/?api=1&query=19.34495409,-98.84897917"
Boutique Yad Y July,Ixtapaluca,+52 44 2878 2908,ND,https://wa.me/524428782908,https://www.facebook.com/search/pages/?q=Boutique%20Yad%20Y%20July%20Ixtapaluca,"https://www.google.com/maps/search/?api=1&query=19.33179199,-98.94271726"
Jade Jeans,Ixtapaluca,+52 55 1232 9446,ND,https://wa.me/525512329446,https://www.facebook.com/search/pages/?q=Jade%20Jeans%20Ixtapaluca,"https://www.google.com/maps/search/?api=1&query=19.31615868,-98.88489165"
Modas Miris,Ixtapaluca,+52 55 2414 7470,ND,https://wa.me/525524147470,https://www.facebook.com/search/pages/?q=Modas%20Miris%20Ixtapaluca,"https://www.google.com/maps/search/?api=1&query=19.33095179,-98.9107369"
Myyas Boutique,Ixtapaluca,+52 55 2989 4358,ND,https://wa.me/525529894358,https://www.facebook.com/search/pages/?q=Myyas%20Boutique%20Ixtapaluca,"https://www.google.com/maps/search/?api=1&query=19.32574346,-98.91388642"
New York Boutique,Ixtapaluca,+52 55 2686 3117,ND,https://wa.me/525526863117,https://www.facebook.com/search/pages/?q=New%20York%20Boutique%20Ixtapaluca,"https://www.google.com/maps/search/?api=1&query=19.31379843,-98.88914867"
Ropa De Moda,Ixtapaluca,+52 56 1445 0515,ND,https://wa.me/525614450515,https://www.facebook.com/search/pages/?q=Ropa%20De%20Moda%20Ixtapaluca,"https://www.google.com/maps/search/?api=1&query=19.33611182,-98.86749244"
Solo Dy Boutique,Ixtapaluca,+52 55 1920 1236,ND,https://wa.me/525519201236,https://www.facebook.com/search/pages/?q=Solo%20Dy%20Boutique%20Ixtapaluca,"https://www.google.com/maps/search/?api=1&query=19.30750278,-98.90139702"
Tienda De Ropa Bae Shop,Ixtapaluca,+52 56 1183 3647,ND,https://wa.me/525611833647,https://www.facebook.com/search/pages/?q=Tienda%20De%20Ropa%20Bae%20Shop%20Ixtapaluca,"https://www.google.com/maps/search/?api=1&query=19.34440968,-98.85979507"
Tienda De Ropa Boutique Bsh,Ixtapaluca,+52 55 4941 6404,ND,https://wa.me/525549416404,https://www.facebook.com/search/pages/?q=Tienda%20De%20Ropa%20Boutique%20Bsh%20Ixtapaluca,"https://www.google.com/maps/search/?api=1&query=19.29746431,-98.89488689"
Tienda De Ropa Boutique China,Ixtapaluca,+52 55 5210 0472,ND,https://wa.me/525552100472,https://www.facebook.com/search/pages/?q=Tienda%20De%20Ropa%20Boutique%20China%20Ixtapaluca,"https://www.google.com/maps/search/?api=1&query=19.30650257,-98.89847815"
Tienda De Ropa Boutique Style House,Ixtapaluca,+52 55 6622 6557,ND,https://wa.me/525566226557,https://www.facebook.com/search/pages/?q=Tienda%20De%20Ropa%20Boutique%20Style%20House%20Ixtapaluca,"https://www.google.com/maps/search/?api=1&query=19.31993963,-98.91416535"
Tienda De Ropa Key Store,Ixtapaluca,+52 55 5075 8664,ND,https://wa.me/525550758664,https://www.facebook.com/search/pages/?q=Tienda%20De%20Ropa%20Key%20Store%20Ixtapaluca,"https://www.google.com/maps/search/?api=1&query=19.29825116,-98.83868614"
Venta De Ropa Punto Fashion,Ixtapaluca,+52 55 4584 1536,ND,https://wa.me/525545841536,https://www.facebook.com/search/pages/?q=Venta%20De%20Ropa%20Punto%20Fashion%20Ixtapaluca,"https://www.google.com/maps/search/?api=1&query=19.32485137,-98.91402761"
Boutique Maty,Ixtapan de la Sal,+52 72 2419 3844,ND,https://wa.me/527224193844,https://www.facebook.com/search/pages/?q=Boutique%20Maty%20Ixtapan%20de%20la%20Sal,"https://www.google.com/maps/search/?api=1&query=18.8448025,-99.67616081"
Boutique Victorias,Ixtapan de la Sal,+52 72 2195 4019,ND,https://wa.me/527221954019,https://www.facebook.com/search/pages/?q=Boutique%20Victorias%20Ixtapan%20de%20la%20Sal,"https://www.google.com/maps/search/?api=1&query=18.8442219,-99.67782251"
Cecy Moda Boutique,Ixtapan de la Sal,+52 72 1145 6244,ND,https://wa.me/527211456244,https://www.facebook.com/search/pages/?q=Cecy%20Moda%20Boutique%20Ixtapan%20de%20la%20Sal,"https://www.google.com/maps/search/?api=1&query=18.84075452,-99.67624561"
Fannys By Style,Ixtapan de la Sal,+52 72 9374 2145,ND,https://wa.me/527293742145,https://www.facebook.com/search/pages/?q=Fannys%20By%20Style%20Ixtapan%20de%20la%20Sal,"https://www.google.com/maps/search/?api=1&query=18.84646796,-99.67610067"
Gilsa Elegance Boutique,Ixtapan de la Sal,+52 72 2607 1559,ND,https://wa.me/527226071559,https://www.facebook.com/search/pages/?q=Gilsa%20Elegance%20Boutique%20Ixtapan%20de%20la%20Sal,"https://www.google.com/maps/search/?api=1&query=18.84345138,-99.67726484"
Roperia Angie Moda,Ixtapan de la Sal,+52 72 2122 5609,ND,https://wa.me/527221225609,https://www.facebook.com/search/pages/?q=Roperia%20Angie%20Moda%20Ixtapan%20de%20la%20Sal,"https://www.google.com/maps/search/?api=1&query=18.84445198,-99.67649622"
Uba Mercado Boutique,Ixtapan de la Sal,+52 72 2284 4230,ND,https://wa.me/527222844230,https://www.facebook.com/search/pages/?q=Uba%20Mercado%20Boutique%20Ixtapan%20de%20la%20Sal,"https://www.google.com/maps/search/?api=1&query=18.8444835,-99.67556373"
Ropa & Accesorios Genesis,Ixtapan del Oro,+52 715 167 7665,ND,https://wa.me/527151677665,https://www.facebook.com/search/pages/?q=Ropa%20%26%20Accesorios%20Genesis%20Ixtapan%20del%20Oro,https://www.google.com/maps/search/?api=1&query=Ropa%20%26%20Accesorios%20Genesis%2C%20Libertad%20Manzana%20004%2C%20Ixtapan%20del%20Oro%2C%20Estado%20de%20México
Tienda De Ropa El Crucero,Ixtapan del Oro,ND,ND,ND,https://www.facebook.com/search/pages/?q=Tienda%20De%20Ropa%20El%20Crucero%20Ixtapan%20del%20Oro,"https://www.google.com/maps/search/?api=1&query=19.2625437,-100.26621003"
Kraken Store,Ixtlahuaca,+52 71 2229 0115,rcinflames@gmail.com,https://wa.me/527122290115,https://www.facebook.com/search/pages/?q=Kraken%20Store%20Ixtlahuaca,"https://www.google.com/maps/search/?api=1&query=19.56992749,-99.76604837"
Moda Joven Que Poca,Ixtlahuaca,+52 71 2132 6647,hernandezesthepanie3@gmail.com,https://wa.me/527121326647,https://www.facebook.com/search/pages/?q=Moda%20Joven%20Que%20Poca%20Ixtlahuaca,"https://www.google.com/maps/search/?api=1&query=19.56795364,-99.76640353"
Venta Alben Store,Ixtlahuaca,+52 71 2165 9598,albenestore@hotmail.com,https://wa.me/527121659598,https://www.facebook.com/search/pages/?q=Venta%20Alben%20Store%20Ixtlahuaca,"https://www.google.com/maps/search/?api=1&query=19.56937393,-99.76751124"
Boutique Golden Brides,Ixtlahuaca,+52 21 0289 7697,ND,https://wa.me/522102897697,https://www.facebook.com/search/pages/?q=Boutique%20Golden%20Brides%20Ixtlahuaca,"https://www.google.com/maps/search/?api=1&query=19.57126948,-99.76812846"
Boutique Obsesion En Moda,Ixtlahuaca,+52 72 9164 9468,ND,https://wa.me/527291649468,https://www.facebook.com/search/pages/?q=Boutique%20Obsesion%20En%20Moda%20Ixtlahuaca,"https://www.google.com/maps/search/?api=1&query=19.56865687,-99.76567804"
Boutique Oyuki,Ixtlahuaca,+52 55 2352 4934,ND,https://wa.me/525523524934,https://www.facebook.com/search/pages/?q=Boutique%20Oyuki%20Ixtlahuaca,"https://www.google.com/maps/search/?api=1&query=19.55871775,-99.83046739"
Mi Gusto Es Vaquero,Ixtlahuaca,+52 71 2185 4918,ND,https://wa.me/527121854918,https://www.facebook.com/search/pages/?q=Mi%20Gusto%20Es%20Vaquero%20Ixtlahuaca,"https://www.google.com/maps/search/?api=1&query=19.56770474,-99.74584598"
Moda Y Distincion,Ixtlahuaca,+52 71 2248 8840,ND,https://wa.me/527122488840,https://www.facebook.com/search/pages/?q=Moda%20Y%20Distincion%20Ixtlahuaca,"https://www.google.com/maps/search/?api=1&query=19.56768368,-99.76787585"
Modas Joshua,Ixtlahuaca,+52 71 2247 9989,ND,https://wa.me/527122479989,https://www.facebook.com/search/pages/?q=Modas%20Joshua%20Ixtlahuaca,"https://www.google.com/maps/search/?api=1&query=19.5674745,-99.76476611"
Modas Shalom,Ixtlahuaca,+52 72 9338 4894,ND,https://wa.me/527293384894,https://www.facebook.com/search/pages/?q=Modas%20Shalom%20Ixtlahuaca,"https://www.google.com/maps/search/?api=1&query=19.56937393,-99.76751124"
Modas Tony,Ixtlahuaca,+52 71 2126 7610,ND,https://wa.me/527121267610,https://www.facebook.com/search/pages/?q=Modas%20Tony%20Ixtlahuaca,"https://www.google.com/maps/search/?api=1&query=19.56783643,-99.76633471"
Ropa Y Accesorios Nuevo Estilo,Ixtlahuaca,+52 55 2082 6130,ND,https://wa.me/525520826130,https://www.facebook.com/search/pages/?q=Ropa%20Y%20Accesorios%20Nuevo%20Estilo%20Ixtlahuaca,"https://www.google.com/maps/search/?api=1&query=19.59223675,-99.74436809"
Skimmo Fashion Wear,Ixtlahuaca,+52 71 2174 8904,ND,https://wa.me/527121748904,https://www.facebook.com/search/pages/?q=Skimmo%20Fashion%20Wear%20Ixtlahuaca,"https://www.google.com/maps/search/?api=1&query=19.5696353,-99.76629702"
Tienda De Ropa Moda Y Algo Mas Gaby,Ixtlahuaca,+52 55 4347 2547,ND,https://wa.me/525543472547,https://www.facebook.com/search/pages/?q=Tienda%20De%20Ropa%20Moda%20Y%20Algo%20Mas%20Gaby%20Ixtlahuaca,"https://www.google.com/maps/search/?api=1&query=19.55891126,-99.83109421"
Tienda De Ropa Shein Shop By Isa Becerril,Ixtlahuaca,+52 72 2521 3806,ND,https://wa.me/527225213806,https://www.facebook.com/search/pages/?q=Tienda%20De%20Ropa%20Shein%20Shop%20By%20Isa%20Becerril%20Ixtlahuaca,"https://www.google.com/maps/search/?api=1&query=19.57126948,-99.76812846"
Venta De Ropa Boutique Conny,Ixtlahuaca,+52 71 2152 9496,ND,https://wa.me/527121529496,https://www.facebook.com/search/pages/?q=Venta%20De%20Ropa%20Boutique%20Conny%20Ixtlahuaca,"https://www.google.com/maps/search/?api=1&query=19.57036169,-99.76568186"
Yami Store,Ixtlahuaca,+52 72 2554 6704,ND,https://wa.me/527225546704,https://www.facebook.com/search/pages/?q=Yami%20Store%20Ixtlahuaca,"https://www.google.com/maps/search/?api=1&query=19.56912261,-99.76637763"
Boutique Diamante,Jaltenco,+52 55 8508 1796,ND,https://wa.me/525585081796,https://www.facebook.com/search/pages/?q=Boutique%20Diamante%20Jaltenco,"https://www.google.com/maps/search/?api=1&query=19.75289793,-99.09371871"
Boutique Divas,Jaltenco,+52 55 8967 8289,ND,https://wa.me/525589678289,https://www.facebook.com/search/pages/?q=Boutique%20Divas%20Jaltenco,"https://www.google.com/maps/search/?api=1&query=19.75087878,-99.09683711"
Boutique Flower,Jaltenco,+52 55 1029 0919,ND,https://wa.me/525510290919,https://www.facebook.com/search/pages/?q=Boutique%20Flower%20Jaltenco,"https://www.google.com/maps/search/?api=1&query=19.75561584,-99.09130321"
Boutique Fresh Kiss,Jaltenco,+52 55 8495 6539,ND,https://wa.me/525584956539,https://www.facebook.com/search/pages/?q=Boutique%20Fresh%20Kiss%20Jaltenco,"https://www.google.com/maps/search/?api=1&query=19.65961741,-99.06567381"
Boutique Sarahi,Jaltenco,+52 55 6632 8651,ND,https://wa.me/525566328651,https://www.facebook.com/search/pages/?q=Boutique%20Sarahi%20Jaltenco,"https://www.google.com/maps/search/?api=1&query=19.66125602,-99.069973"
Jovany Y Jovana Jeans,Jaltenco,+52 49 1154 2555,ND,https://wa.me/524911542555,https://www.facebook.com/search/pages/?q=Jovany%20Y%20Jovana%20Jeans%20Jaltenco,"https://www.google.com/maps/search/?api=1&query=19.75062853,-99.09597046"
Madison Boutique,Jaltenco,+52 55 6076 8472,ND,https://wa.me/525560768472,https://www.facebook.com/search/pages/?q=Madison%20Boutique%20Jaltenco,"https://www.google.com/maps/search/?api=1&query=19.75121853,-99.09783413"
Tienda De Ropa Trilliska Boutique,Jilotepec,+52 55 1135 2990,clothing_trilli@hotmail.com,https://wa.me/525511352990,https://www.facebook.com/search/pages/?q=Tienda%20De%20Ropa%20Trilliska%20Boutique%20Jilotepec,"https://www.google.com/maps/search/?api=1&query=19.95278788,-99.53462063"
Boutique Alo,Jilotepec,+52 33 3557 5300,ND,https://wa.me/523335575300,https://www.facebook.com/search/pages/?q=Boutique%20Alo%20Jilotepec,"https://www.google.com/maps/search/?api=1&query=19.95319624,-99.53844976"
Boutique Kharma,Jilotepec,+52 55 3720 8460,ND,https://wa.me/525537208460,https://www.facebook.com/search/pages/?q=Boutique%20Kharma%20Jilotepec,"https://www.google.com/maps/search/?api=1&query=19.95303281,-99.53459172"
Fashion Boutique Licona,Jilotepec,+52 55 5997 5726,ND,https://wa.me/525559975726,https://www.facebook.com/search/pages/?q=Fashion%20Boutique%20Licona%20Jilotepec,"https://www.google.com/maps/search/?api=1&query=19.95225248,-99.53455895"
Boutique Kire Venta De Ropa,Jilotzingo,ND,ND,ND,https://www.facebook.com/search/pages/?q=Boutique%20Kire%20Venta%20De%20Ropa%20Jilotzingo,"https://www.google.com/maps/search/?api=1&query=19.49612499,-99.36465425"
Tienda De Ropa,Jiquipilco,+52 71 2246 6855,ND,https://wa.me/527122466855,https://www.facebook.com/search/pages/?q=Tienda%20De%20Ropa%20Jiquipilco,"https://www.google.com/maps/search/?api=1&query=19.55731349,-99.60858114"
Boutique La Guera,Jiquipilco,ND,ND,ND,https://www.facebook.com/search/pages/?q=Boutique%20La%20Guera%20Jiquipilco,"https://www.google.com/maps/search/?api=1&query=19.55733592,-99.60842736"
Tienda De Ropa Rgshop,Jocotitlán,+52 72 2443 4132,rg.shping99.@gmail.com,https://wa.me/527224434132,https://www.facebook.com/search/pages/?q=Tienda%20De%20Ropa%20Rgshop%20Jocotitlán,"https://www.google.com/maps/search/?api=1&query=19.68152933,-99.7630684"
Boutique Lorey,Joquicingo,ND,ND,ND,https://www.facebook.com/search/pages/?q=Boutique%20Lorey%20Joquicingo,"https://www.google.com/maps/search/?api=1&query=19.11266081,-99.52616674"
Boutique El Armario,Juchitepec,+52 55 3974 1577,ND,https://wa.me/525539741577,https://www.facebook.com/search/pages/?q=Boutique%20El%20Armario%20Juchitepec,"https://www.google.com/maps/search/?api=1&query=19.08263075,-98.84963428"
Boutique Eric,Juchitepec,+52 55 4561 5369,ND,https://wa.me/525545615369,https://www.facebook.com/search/pages/?q=Boutique%20Eric%20Juchitepec,"https://www.google.com/maps/search/?api=1&query=19.08363824,-98.85323521"
Boutique Karla Rueda,Juchitepec,+52 55 8090 7062,ND,https://wa.me/525580907062,https://www.facebook.com/search/pages/?q=Boutique%20Karla%20Rueda%20Juchitepec,"https://www.google.com/maps/search/?api=1&query=19.08511609,-98.85209553"
Boutique Laura,Juchitepec,+52 56 2317 0089,ND,https://wa.me/525623170089,https://www.facebook.com/search/pages/?q=Boutique%20Laura%20Juchitepec,"https://www.google.com/maps/search/?api=1&query=19.1022604,-98.88069754"
Boutique Paty,Juchitepec,+52 55 7298 5390,ND,https://wa.me/525572985390,https://www.facebook.com/search/pages/?q=Boutique%20Paty%20Juchitepec,"https://www.google.com/maps/search/?api=1&query=19.08382352,-98.85116933"
Boutique Toriz,Juchitepec,+52 55 4557 0317,ND,https://wa.me/525545570317,https://www.facebook.com/search/pages/?q=Boutique%20Toriz%20Juchitepec,"https://www.google.com/maps/search/?api=1&query=19.08387309,-98.85310736"
Venta De Ropa Vaquera Torino,Juchitepec,+52 55 5234 7995,ND,https://wa.me/525552347995,https://www.facebook.com/search/pages/?q=Venta%20De%20Ropa%20Vaquera%20Torino%20Juchitepec,"https://www.google.com/maps/search/?api=1&query=19.102423,-98.88114266"
Boutique Caet,La Paz,+52 55 8412 0096,ND,https://wa.me/525584120096,https://www.facebook.com/search/pages/?q=Boutique%20Caet%20La%20Paz,"https://www.google.com/maps/search/?api=1&query=19.37728435,-98.92989318"
Boutique Colibri,La Paz,+52 55 9196 5110,ND,https://wa.me/525591965110,https://www.facebook.com/search/pages/?q=Boutique%20Colibri%20La%20Paz,"https://www.google.com/maps/search/?api=1&query=19.36034265,-98.97674788"
Boutique Grecia,La Paz,+52 55 5067 6122,ND,https://wa.me/525550676122,https://www.facebook.com/search/pages/?q=Boutique%20Grecia%20La%20Paz,"https://www.google.com/maps/search/?api=1&query=19.36577898,-98.98596296"
Boutique H,La Paz,+52 55 2093 3668,ND,https://wa.me/525520933668,https://www.facebook.com/search/pages/?q=Boutique%20H%20La%20Paz,"https://www.google.com/maps/search/?api=1&query=19.36720942,-98.98670354"
Boutique Ileana,La Paz,+52 55 5856 1414,ND,https://wa.me/525558561414,https://www.facebook.com/search/pages/?q=Boutique%20Ileana%20La%20Paz,"https://www.google.com/maps/search/?api=1&query=19.35618977,-98.97713158"
Boutique Jazmin,La Paz,+52 55 7883 6687,ND,https://wa.me/525578836687,https://www.facebook.com/search/pages/?q=Boutique%20Jazmin%20La%20Paz,"https://www.google.com/maps/search/?api=1&query=19.382608,-98.93744498"
Boutique Mede,La Paz,+52 55 7469 9703,ND,https://wa.me/525574699703,https://www.facebook.com/search/pages/?q=Boutique%20Mede%20La%20Paz,"https://www.google.com/maps/search/?api=1&query=19.36646806,-98.98737054"
Boutique Meledit,La Paz,+52 55 6910 1337,ND,https://wa.me/525569101337,https://www.facebook.com/search/pages/?q=Boutique%20Meledit%20La%20Paz,"https://www.google.com/maps/search/?api=1&query=19.36538277,-98.98592661"
Boutique More Kp,La Paz,+52 55 2669 0208,ND,https://wa.me/525526690208,https://www.facebook.com/search/pages/?q=Boutique%20More%20Kp%20La%20Paz,"https://www.google.com/maps/search/?api=1&query=19.3832034,-98.94744675"
Boutique Mujeres Facturando,La Paz,+52 55 4458 1032,ND,https://wa.me/525544581032,https://www.facebook.com/search/pages/?q=Boutique%20Mujeres%20Facturando%20La%20Paz,"https://www.google.com/maps/search/?api=1&query=19.36049285,-98.97181088"
Boutique Nassel,La Paz,+52 55 2642 3333,ND,https://wa.me/525526423333,https://www.facebook.com/search/pages/?q=Boutique%20Nassel%20La%20Paz,"https://www.google.com/maps/search/?api=1&query=19.35504916,-98.97843511"
Boutique Roxie,La Paz,+52 56 2983 4154,ND,https://wa.me/525629834154,https://www.facebook.com/search/pages/?q=Boutique%20Roxie%20La%20Paz,"https://www.google.com/maps/search/?api=1&query=19.3747495,-98.93848934"
Boutique Santa Fe,La Paz,+52 55 4720 4794,ND,https://wa.me/525547204794,https://www.facebook.com/search/pages/?q=Boutique%20Santa%20Fe%20La%20Paz,"https://www.google.com/maps/search/?api=1&query=19.3419344,-98.94078124"
Boutique Ximena,La Paz,+52 55 3723 7609,ND,https://wa.me/525537237609,https://www.facebook.com/search/pages/?q=Boutique%20Ximena%20La%20Paz,"https://www.google.com/maps/search/?api=1&query=19.35997976,-98.97672796"
Carolina Fashion,La Paz,+52 55 6685 1124,ND,https://wa.me/525566851124,https://www.facebook.com/search/pages/?q=Carolina%20Fashion%20La%20Paz,"https://www.google.com/maps/search/?api=1&query=19.35996091,-98.97668883"
Diseños Estilo Leonardi,La Paz,+52 55 1249 1396,ND,https://wa.me/525512491396,https://www.facebook.com/search/pages/?q=Diseños%20Estilo%20Leonardi%20La%20Paz,"https://www.google.com/maps/search/?api=1&query=19.37114182,-98.97355546"
Fifty Outle Store,Lerma,+52 80 0123 1849,info.mexico@spf.com,https://wa.me/528001231849,https://WWW.TIENDAM.ES/,"https://www.google.com/maps/search/?api=1&query=19.2841478,-99.49997182"
Bety Jeans,Lerma,+52 72 2510 2025,ND,https://wa.me/527225102025,https://www.facebook.com/search/pages/?q=Bety%20Jeans%20Lerma,"https://www.google.com/maps/search/?api=1&query=19.32534665,-99.47035125"
Bety Jeans,Lerma,+52 72 9402 8207,ND,https://wa.me/527294028207,https://www.facebook.com/search/pages/?q=Bety%20Jeans%20Lerma,"https://www.google.com/maps/search/?api=1&query=19.326188,-99.47304103"
Boutique Barush,Lerma,+52 72 9321 1477,ND,https://wa.me/527293211477,https://www.facebook.com/search/pages/?q=Boutique%20Barush%20Lerma,"https://www.google.com/maps/search/?api=1&query=19.3343401,-99.47045881"
Boutique Boutique Shein,Lerma,+52 72 2352 1296,ND,https://wa.me/527223521296,https://www.facebook.com/search/pages/?q=Boutique%20Boutique%20Shein%20Lerma,"https://www.google.com/maps/search/?api=1&query=19.32415073,-99.45876889"
Boutique De Aureola,Lerma,+52 72 9365 9198,ND,https://wa.me/527293659198,https://www.facebook.com/search/pages/?q=Boutique%20De%20Aureola%20Lerma,"https://www.google.com/maps/search/?api=1&query=19.28490201,-99.50998412"
Boutique Dolce Azul,Lerma,+52 72 8282 3954,ND,https://wa.me/527282823954,https://www.facebook.com/search/pages/?q=Boutique%20Dolce%20Azul%20Lerma,"https://www.google.com/maps/search/?api=1&query=19.28496951,-99.51048912"
Boutique Lady Coleccion,Lerma,+52 72 8453 6985,ND,https://wa.me/527284536985,https://www.facebook.com/search/pages/?q=Boutique%20Lady%20Coleccion%20Lerma,"https://www.google.com/maps/search/?api=1&query=19.28664102,-99.51096957"
Boutique Moda Femenina,Lerma,+52 72 2114 6200,ND,https://wa.me/527221146200,https://www.facebook.com/search/pages/?q=Boutique%20Moda%20Femenina%20Lerma,"https://www.google.com/maps/search/?api=1&query=19.26641613,-99.50936938"
Diyiss Shop,Lerma,+52 72 2407 7522,ND,https://wa.me/527224077522,https://www.facebook.com/search/pages/?q=Diyiss%20Shop%20Lerma,"https://www.google.com/maps/search/?api=1&query=19.28813533,-99.51216852"
Eb Boutique,Lerma,+52 72 9706 0583,ND,https://wa.me/527297060583,https://www.facebook.com/search/pages/?q=Eb%20Boutique%20Lerma,"https://www.google.com/maps/search/?api=1&query=19.28646967,-99.51137812"
Fashion Boutique,Lerma,+52 72 2838 7420,ND,https://wa.me/527228387420,https://www.facebook.com/search/pages/?q=Fashion%20Boutique%20Lerma,"https://www.google.com/maps/search/?api=1&query=19.33161033,-99.44965921"
Khools Boutique,Lerma,+52 72 2800 2611,ND,https://wa.me/527228002611,https://www.facebook.com/search/pages/?q=Khools%20Boutique%20Lerma,"https://www.google.com/maps/search/?api=1&query=19.28645455,-99.51064344"
Marhil Boutique,Lerma,+52 72 2295 6958,ND,https://wa.me/527222956958,https://www.facebook.com/search/pages/?q=Marhil%20Boutique%20Lerma,"https://www.google.com/maps/search/?api=1&query=19.28747413,-99.51094028"
Tienda De Ropa Bety Jeans,Lerma,+52 72 2253 0712,ND,https://wa.me/527222530712,https://www.facebook.com/search/pages/?q=Tienda%20De%20Ropa%20Bety%20Jeans%20Lerma,"https://www.google.com/maps/search/?api=1&query=19.30691988,-99.45888036"
Tienda De Ropa Fashion Liz,Lerma,+52 72 2301 9982,ND,https://wa.me/527223019982,https://www.facebook.com/search/pages/?q=Tienda%20De%20Ropa%20Fashion%20Liz%20Lerma,"https://www.google.com/maps/search/?api=1&query=19.3309843,-99.45166649"
Venta De Ropa En Linea Rises Shop,Lerma,+52 44 3440 7628,ND,https://wa.me/524434407628,https://www.facebook.com/search/pages/?q=Venta%20De%20Ropa%20En%20Linea%20Rises%20Shop%20Lerma,"https://www.google.com/maps/search/?api=1&query=19.28800848,-99.51092653"
Boutique Alondras,Luvianos,+52 72 2415 9069,ND,https://wa.me/527224159069,https://www.facebook.com/search/pages/?q=Boutique%20Alondras%20Luvianos,"https://www.google.com/maps/search/?api=1&query=18.9196177,-100.29659896"
Boutique Luci,Luvianos,+52 72 2511 8662,ND,https://wa.me/527225118662,https://www.facebook.com/search/pages/?q=Boutique%20Luci%20Luvianos,"https://www.google.com/maps/search/?api=1&query=18.9154914,-100.29569577"
Boutique Reyna,Luvianos,+52 72 2160 2886,ND,https://wa.me/527221602886,https://www.facebook.com/search/pages/?q=Boutique%20Reyna%20Luvianos,"https://www.google.com/maps/search/?api=1&query=18.91992122,-100.29989834"
Boutique Rubi,Luvianos,+52 72 2646 2596,ND,https://wa.me/527226462596,https://www.facebook.com/search/pages/?q=Boutique%20Rubi%20Luvianos,"https://www.google.com/maps/search/?api=1&query=18.92059831,-100.29984231"
Modas La China,Luvianos,+52 72 2609 1716,ND,https://wa.me/527226091716,https://www.facebook.com/search/pages/?q=Modas%20La%20China%20Luvianos,"https://www.google.com/maps/search/?api=1&query=18.92014088,-100.29910095"
Modas Leon,Luvianos,+52 72 2558 3962,ND,https://wa.me/527225583962,https://www.facebook.com/search/pages/?q=Modas%20Leon%20Luvianos,"https://www.google.com/maps/search/?api=1&query=18.9201177,-100.29970496"
Youshop Boutique,Luvianos,+52 72 2642 7333,ND,https://wa.me/527226427333,https://www.facebook.com/search/pages/?q=Youshop%20Boutique%20Luvianos,"https://www.google.com/maps/search/?api=1&query=18.91906596,-100.29860105"
Yudi Moda Tienda De Ropa,Luvianos,+52 72 2157 1525,ND,https://wa.me/527221571525,https://www.facebook.com/search/pages/?q=Yudi%20Moda%20Tienda%20De%20Ropa%20Luvianos,"https://www.google.com/maps/search/?api=1&query=18.91891918,-100.30264054"
Lucy Boutique,Malinalco,+52 72 2634 4659,ND,https://wa.me/527226344659,https://www.facebook.com/search/pages/?q=Lucy%20Boutique%20Malinalco,"https://www.google.com/maps/search/?api=1&query=18.94173688,-99.49713441"
Boutique Chicle De Menta,Melchor Ocampo,+52 55 6774 8125,ND,https://wa.me/525567748125,https://www.facebook.com/search/pages/?q=Boutique%20Chicle%20De%20Menta%20Melchor%20Ocampo,"https://www.google.com/maps/search/?api=1&query=19.71883608,-99.1439297"
Boutique De Ropa Catrinas,Melchor Ocampo,+52 55 3823 7040,ND,https://wa.me/525538237040,https://www.facebook.com/search/pages/?q=Boutique%20De%20Ropa%20Catrinas%20Melchor%20Ocampo,"https://www.google.com/maps/search/?api=1&query=19.69950094,-99.14678415"
Boutique De Ropa Llacas,Melchor Ocampo,+52 55 8687 4268,ND,https://wa.me/525586874268,https://www.facebook.com/search/pages/?q=Boutique%20De%20Ropa%20Llacas%20Melchor%20Ocampo,"https://www.google.com/maps/search/?api=1&query=19.7006809,-99.14587182"
Boutique Mujer Bonita,Melchor Ocampo,+52 55 7603 3274,ND,https://wa.me/525576033274,https://www.facebook.com/search/pages/?q=Boutique%20Mujer%20Bonita%20Melchor%20Ocampo,"https://www.google.com/maps/search/?api=1&query=19.70691885,-99.10825722"
Boutique Vivaz,Melchor Ocampo,+52 55 1837 8419,ND,https://wa.me/525518378419,https://www.facebook.com/search/pages/?q=Boutique%20Vivaz%20Melchor%20Ocampo,"https://www.google.com/maps/search/?api=1&query=19.69474683,-99.14762949"
Melissa Boutique,Melchor Ocampo,+52 55 2800 4765,ND,https://wa.me/525528004765,https://www.facebook.com/search/pages/?q=Melissa%20Boutique%20Melchor%20Ocampo,"https://www.google.com/maps/search/?api=1&query=19.71365602,-99.13161409"
Albanesse Boutique,Metepec,+52 72 2493 1647,albanesseesshowroom@gmail.com,https://wa.me/527224931647,https://www.facebook.com/search/pages/?q=Albanesse%20Boutique%20Metepec,"https://www.google.com/maps/search/?api=1&query=19.26237149,-99.63154204"
Mens Fashion Metepec Town Center,Metepec,+52 55 1825 4233,ND,https://wa.me/525518254233,https://WWW.MENSFASHION.COM.MX/,"https://www.google.com/maps/search/?api=1&query=19.26695093,-99.60718919"
Real Boutique,Metepec,+52 72 2649 2277,chevistore@gmail.com,https://wa.me/527226492277,https://www.facebook.com/search/pages/?q=Real%20Boutique%20Metepec,"https://www.google.com/maps/search/?api=1&query=19.2647733,-99.62775338"
Tienda De Ropa La Boutique De Ale,Metepec,+52 72 2611 8960,laboutiquedeale2024@gmail.com,https://wa.me/527226118960,https://www.facebook.com/search/pages/?q=Tienda%20De%20Ropa%20La%20Boutique%20De%20Ale%20Metepec,"https://www.google.com/maps/search/?api=1&query=19.25700703,-99.56028044"
Bloom Boutique,Metepec,+52 72 2387 1660,ND,https://wa.me/527223871660,https://www.facebook.com/search/pages/?q=Bloom%20Boutique%20Metepec,"https://www.google.com/maps/search/?api=1&query=19.25298236,-99.60584771"
Boutique Alexa Paris,Metepec,+52 72 2647 3816,ND,https://wa.me/527226473816,https://www.facebook.com/search/pages/?q=Boutique%20Alexa%20Paris%20Metepec,"https://www.google.com/maps/search/?api=1&query=19.26108314,-99.63129572"
Boutique Bellisima,Metepec,+52 72 9828 3585,ND,https://wa.me/527298283585,https://www.facebook.com/search/pages/?q=Boutique%20Bellisima%20Metepec,"https://www.google.com/maps/search/?api=1&query=19.27037998,-99.59613217"
Boutique Fashion,Metepec,+52 72 2216 9300,ND,https://wa.me/527222169300,https://www.facebook.com/search/pages/?q=Boutique%20Fashion%20Metepec,"https://www.google.com/maps/search/?api=1&query=19.25957117,-99.59703552"
Boutique J Eclat,Metepec,+52 72 2239 3560,ND,https://wa.me/527222393560,https://www.facebook.com/search/pages/?q=Boutique%20J%20Eclat%20Metepec,"https://www.google.com/maps/search/?api=1&query=19.26353746,-99.59818489"
Boutique La Quitos,Metepec,+52 72 2510 6239,ND,https://wa.me/527225106239,https://www.facebook.com/search/pages/?q=Boutique%20La%20Quitos%20Metepec,"https://www.google.com/maps/search/?api=1&query=19.26000767,-99.59433023"
Boutique Monet,Metepec,+52 72 2377 6228,ND,https://wa.me/527223776228,https://www.facebook.com/search/pages/?q=Boutique%20Monet%20Metepec,"https://www.google.com/maps/search/?api=1&query=19.25260017,-99.60780622"
Boutique Vanari,Metepec,+52 72 2303 1836,ND,https://wa.me/527223031836,https://www.facebook.com/search/pages/?q=Boutique%20Vanari%20Metepec,"https://www.google.com/maps/search/?api=1&query=19.26573573,-99.59644494"
Delirio Boutique,Metepec,+52 72 2684 7719,ND,https://wa.me/527226847719,https://www.facebook.com/search/pages/?q=Delirio%20Boutique%20Metepec,"https://www.google.com/maps/search/?api=1&query=19.26110456,-99.62668817"
Effy Gy Boutique,Metepec,+52 72 9125 7258,ND,https://wa.me/527291257258,https://www.facebook.com/search/pages/?q=Effy%20Gy%20Boutique%20Metepec,"https://www.google.com/maps/search/?api=1&query=19.25726509,-99.56442527"
Fashion Boutique,Metepec,+52 72 2709 7926,ND,https://wa.me/527227097926,https://www.facebook.com/search/pages/?q=Fashion%20Boutique%20Metepec,"https://www.google.com/maps/search/?api=1&query=19.25159446,-99.59857542"
Gileska Boutique,Metepec,+52 72 2556 5490,ND,https://wa.me/527225565490,https://www.facebook.com/search/pages/?q=Gileska%20Boutique%20Metepec,"https://www.google.com/maps/search/?api=1&query=19.26144339,-99.61842079"
La Fleur Rouge Boutique,Metepec,+52 72 2659 9815,ND,https://wa.me/527226599815,https://www.facebook.com/search/pages/?q=La%20Fleur%20Rouge%20Boutique%20Metepec,"https://www.google.com/maps/search/?api=1&query=19.24767014,-99.62081942"
Lc Boutique,Metepec,+52 72 2769 2057,ND,https://wa.me/527227692057,https://www.facebook.com/search/pages/?q=Lc%20Boutique%20Metepec,"https://www.google.com/maps/search/?api=1&query=19.27596248,-99.58993712"
Loba Boutique,Metepec,+52 72 2120 1263,ND,https://wa.me/527221201263,https://www.facebook.com/search/pages/?q=Loba%20Boutique%20Metepec,"https://www.google.com/maps/search/?api=1&query=19.25239172,-99.60429655"
Malu Boutique,Metepec,+52 72 1112 3769,ND,https://wa.me/527211123769,https://www.facebook.com/search/pages/?q=Malu%20Boutique%20Metepec,"https://www.google.com/maps/search/?api=1&query=19.27954151,-99.59448462"
Mampa Boutique,Metepec,+52 72 2351 4256,ND,https://wa.me/527223514256,https://www.facebook.com/search/pages/?q=Mampa%20Boutique%20Metepec,"https://www.google.com/maps/search/?api=1&query=19.25414218,-99.60843145"
Moda Casual,Metepec,+52 55 4193 2199,ND,https://wa.me/525541932199,https://www.facebook.com/search/pages/?q=Moda%20Casual%20Metepec,"https://www.google.com/maps/search/?api=1&query=19.27972271,-99.59447765"
Moda Cecy,Metepec,+52 72 9352 1300,ND,https://wa.me/527293521300,https://www.facebook.com/search/pages/?q=Moda%20Cecy%20Metepec,"https://www.google.com/maps/search/?api=1&query=19.25407913,-99.60688523"
Tiena De Ropa Vale Alva Boutique,Metepec,+52 72 2111 3038,ND,https://wa.me/527221113038,https://www.facebook.com/search/pages/?q=Tiena%20De%20Ropa%20Vale%20Alva%20Boutique%20Metepec,"https://www.google.com/maps/search/?api=1&query=19.27135763,-99.59551996"
Venta De Ropa Boutique Miluco,Metepec,+52 72 2304 8591,ND,https://wa.me/527223048591,https://www.facebook.com/search/pages/?q=Venta%20De%20Ropa%20Boutique%20Miluco%20Metepec,"https://www.google.com/maps/search/?api=1&query=19.28306708,-99.56821888"
Venta De Ropa Modas L Y B,Metepec,+52 72 9747 5936,ND,https://wa.me/527297475936,https://www.facebook.com/search/pages/?q=Venta%20De%20Ropa%20Modas%20L%20Y%20B%20Metepec,"https://www.google.com/maps/search/?api=1&query=19.27216127,-99.57724866"
Boutique Mexicaltzingo,Mexicaltzingo,+52 72 2619 4919,ND,https://wa.me/527226194919,https://www.facebook.com/search/pages/?q=Boutique%20Mexicaltzingo%20Mexicaltzingo,"https://www.google.com/maps/search/?api=1&query=19.21292822,-99.58701278"
Boutique Vestido De Besos,Mexicaltzingo,+52 55 4278 6320,ND,https://wa.me/525542786320,https://www.facebook.com/search/pages/?q=Boutique%20Vestido%20De%20Besos%20Mexicaltzingo,"https://www.google.com/maps/search/?api=1&query=19.2113454,-99.58672323"
D Lu Boutique,Mexicaltzingo,+52 72 2980 6125,ND,https://wa.me/527229806125,https://www.facebook.com/search/pages/?q=D%20Lu%20Boutique%20Mexicaltzingo,"https://www.google.com/maps/search/?api=1&query=19.20930347,-99.58313216"
Venta De Ropa Fashion,Mexicaltzingo,+52 72 9243 5413,ND,https://wa.me/527292435413,https://www.facebook.com/search/pages/?q=Venta%20De%20Ropa%20Fashion%20Mexicaltzingo,"https://www.google.com/maps/search/?api=1&query=19.21745968,-99.58615665"
Anna Shope,Morelos,+52 71 2258 2361,ND,https://wa.me/527122582361,https://www.facebook.com/search/pages/?q=Anna%20Shope%20Morelos,"https://www.google.com/maps/search/?api=1&query=19.78475102,-99.66800633"
Boutique Ximenas,Morelos,+52 72 2847 2708,ND,https://wa.me/527228472708,https://www.facebook.com/search/pages/?q=Boutique%20Ximenas%20Morelos,"https://www.google.com/maps/search/?api=1&query=19.78586687,-99.66580315"
Outfit Shope Morelos,Morelos,+52 55 1488 8112,ND,https://wa.me/525514888112,https://www.facebook.com/search/pages/?q=Outfit%20Shope%20Morelos%20Morelos,"https://www.google.com/maps/search/?api=1&query=19.78664248,-99.66785832"
Tu Moda Yangel,Morelos,+52 71 2163 9005,ND,https://wa.me/527121639005,https://www.facebook.com/search/pages/?q=Tu%20Moda%20Yangel%20Morelos,"https://www.google.com/maps/search/?api=1&query=19.76852782,-99.67728403"
Boutique Minuit Trends,Naucalpan de Juárez,+52 55 6272 0066,minuit.trends@gmail.com,https://wa.me/525562720066,https://www.facebook.com/search/pages/?q=Boutique%20Minuit%20Trends%20Naucalpan%20de%20Juárez,"https://www.google.com/maps/search/?api=1&query=19.51461141,-99.24651858"
Boutique Nancy,Naucalpan de Juárez,+52 55 6742 3667,nancyadrianahernandezalvarado@gmail.com,https://wa.me/525567423667,https://www.facebook.com/search/pages/?q=Boutique%20Nancy%20Naucalpan%20de%20Juárez,"https://www.google.com/maps/search/?api=1&query=19.44069473,-99.25857907"
Citadino Store,Naucalpan de Juárez,+52 55 8575 0971,ND,https://wa.me/525585750971,https://WWW.CITADINOSTORE.COM/,"https://www.google.com/maps/search/?api=1&query=19.48782399,-99.23942713"
Hugo Store Satelite,Naucalpan de Juárez,+52 55 7844 4737,rocio-landy_lara@hugoboss.com,https://wa.me/525578444737,https://WWW.HUGOBOSS.COM/,"https://www.google.com/maps/search/?api=1&query=19.50956728,-99.23622064"
Aurora Boutique,Naucalpan de Juárez,+52 55 2498 7609,ND,https://wa.me/525524987609,https://www.facebook.com/search/pages/?q=Aurora%20Boutique%20Naucalpan%20de%20Juárez,"https://www.google.com/maps/search/?api=1&query=19.48782399,-99.23942713"
Bananas Jeans,Naucalpan de Juárez,+52 55 5358 9395,ND,https://wa.me/525553589395,https://www.facebook.com/search/pages/?q=Bananas%20Jeans%20Naucalpan%20de%20Juárez,"https://www.google.com/maps/search/?api=1&query=19.4730599,-99.23506428"
Bgk Boutique Garage Karlita,Naucalpan de Juárez,+52 55 4826 8933,ND,https://wa.me/525548268933,https://www.facebook.com/search/pages/?q=Bgk%20Boutique%20Garage%20Karlita%20Naucalpan%20de%20Juárez,"https://www.google.com/maps/search/?api=1&query=19.45135994,-99.28071781"
Boutique 108,Naucalpan de Juárez,+52 56 1112 4723,ND,https://wa.me/525611124723,https://www.facebook.com/search/pages/?q=Boutique%20108%20Naucalpan%20de%20Juárez,"https://www.google.com/maps/search/?api=1&query=19.50730276,-99.2599213"
Boutique Alexis,Naucalpan de Juárez,+52 55 5360 0184,ND,https://wa.me/525553600184,https://www.facebook.com/search/pages/?q=Boutique%20Alexis%20Naucalpan%20de%20Juárez,"https://www.google.com/maps/search/?api=1&query=19.48782399,-99.23942713"
Boutique Ave,Naucalpan de Juárez,+52 55 8841 5658,ND,https://wa.me/525588415658,https://www.facebook.com/search/pages/?q=Boutique%20Ave%20Naucalpan%20de%20Juárez,"https://www.google.com/maps/search/?api=1&query=19.4497638,-99.2828196"
Boutique B.C,Naucalpan de Juárez,+52 55 5393 5782,ND,https://wa.me/525553935782,https://www.facebook.com/search/pages/?q=Boutique%20B.C%20Naucalpan%20de%20Juárez,"https://www.google.com/maps/search/?api=1&query=19.49482471,-99.24305346"
Boutique Bonita Y Bella,Naucalpan de Juárez,+52 55 1224 3966,ND,https://wa.me/525512243966,https://www.facebook.com/search/pages/?q=Boutique%20Bonita%20Y%20Bella%20Naucalpan%20de%20Juárez,"https://www.google.com/maps/search/?api=1&query=19.4399562,-99.28995002"
Boutique D Irene,Naucalpan de Juárez,+52 55 1512 7006,ND,https://wa.me/525515127006,https://www.facebook.com/search/pages/?q=Boutique%20D%20Irene%20Naucalpan%20de%20Juárez,"https://www.google.com/maps/search/?api=1&query=19.43967567,-99.34432624"
Boutique Erika,Naucalpan de Juárez,+52 55 2069 8671,ND,https://wa.me/525520698671,https://www.facebook.com/search/pages/?q=Boutique%20Erika%20Naucalpan%20de%20Juárez,"https://www.google.com/maps/search/?api=1&query=19.45717582,-99.28041512"
Boutique Gloria,Naucalpan de Juárez,+52 55 5300 2506,ND,https://wa.me/525553002506,https://www.facebook.com/search/pages/?q=Boutique%20Gloria%20Naucalpan%20de%20Juárez,"https://www.google.com/maps/search/?api=1&query=19.46108212,-99.25744898"
Boutique Linda,Naucalpan de Juárez,+52 55 7092 3805,ND,https://wa.me/525570923805,https://www.facebook.com/search/pages/?q=Boutique%20Linda%20Naucalpan%20de%20Juárez,"https://www.google.com/maps/search/?api=1&query=19.47246321,-99.23453888"
Boutique Mg,Naucalpan de Juárez,+52 55 2034 0154,ND,https://wa.me/525520340154,https://www.facebook.com/search/pages/?q=Boutique%20Mg%20Naucalpan%20de%20Juárez,"https://www.google.com/maps/search/?api=1&query=19.48782399,-99.23942713"
Boutique Mi Dulce Jeannete,Naucalpan de Juárez,+52 55 6125 0115,ND,https://wa.me/525561250115,https://www.facebook.com/search/pages/?q=Boutique%20Mi%20Dulce%20Jeannete%20Naucalpan%20de%20Juárez,"https://www.google.com/maps/search/?api=1&query=19.45851971,-99.27882042"
Boutique Mm Lore,Naucalpan de Juárez,+52 55 1241 5464,ND,https://wa.me/525512415464,https://www.facebook.com/search/pages/?q=Boutique%20Mm%20Lore%20Naucalpan%20de%20Juárez,"https://www.google.com/maps/search/?api=1&query=19.44114132,-99.28466506"
Boutique N8T,Naucalpan de Juárez,+52 55 5436 4868,ND,https://wa.me/525554364868,https://www.facebook.com/search/pages/?q=Boutique%20N8T%20Naucalpan%20de%20Juárez,"https://www.google.com/maps/search/?api=1&query=19.44915489,-99.28420026"
Boutique Savon,Naucalpan de Juárez,+52 55 5358 5575,ND,https://wa.me/525553585575,https://www.facebook.com/search/pages/?q=Boutique%20Savon%20Naucalpan%20de%20Juárez,"https://www.google.com/maps/search/?api=1&query=19.47079381,-99.23778378"
Boutique Shein,Naucalpan de Juárez,+52 56 1018 1148,ND,https://wa.me/525610181148,https://www.facebook.com/search/pages/?q=Boutique%20Shein%20Naucalpan%20de%20Juárez,"https://www.google.com/maps/search/?api=1&query=19.45922706,-99.23043448"
Carlitos Modas,Naucalpan de Juárez,+52 55 2023 7291,ND,https://wa.me/525520237291,https://www.facebook.com/search/pages/?q=Carlitos%20Modas%20Naucalpan%20de%20Juárez,"https://www.google.com/maps/search/?api=1&query=19.46921747,-99.21101578"
Dolls Boutique,Naucalpan de Juárez,+52 56 1427 0303,ND,https://wa.me/525614270303,https://www.facebook.com/search/pages/?q=Dolls%20Boutique%20Naucalpan%20de%20Juárez,"https://www.google.com/maps/search/?api=1&query=19.45945227,-99.28760476"
Drs Shop,Naucalpan de Juárez,+52 55 6804 5827,ND,https://wa.me/525568045827,https://www.facebook.com/search/pages/?q=Drs%20Shop%20Naucalpan%20de%20Juárez,"https://www.google.com/maps/search/?api=1&query=19.48782399,-99.23942713"
Isrvstore,Naucalpan de Juárez,+52 56 2174 7073,ND,https://wa.me/525621747073,https://www.facebook.com/search/pages/?q=Isrvstore%20Naucalpan%20de%20Juárez,"https://www.google.com/maps/search/?api=1&query=19.48782399,-99.23942713"
La Boutique De Luz,Naucalpan de Juárez,+52 55 1982 8599,ND,https://wa.me/525519828599,https://www.facebook.com/search/pages/?q=La%20Boutique%20De%20Luz%20Naucalpan%20de%20Juárez,"https://www.google.com/maps/search/?api=1&query=19.46934785,-99.21161043"
La Chabela Boutique,Naucalpan de Juárez,+52 56 2614 2116,ND,https://wa.me/525626142116,https://www.facebook.com/search/pages/?q=La%20Chabela%20Boutique%20Naucalpan%20de%20Juárez,"https://www.google.com/maps/search/?api=1&query=19.47987598,-99.23470112"
Minnie Boutique Moda Unica,Naucalpan de Juárez,+52 55 4053 6012,ND,https://wa.me/525540536012,https://www.facebook.com/search/pages/?q=Minnie%20Boutique%20Moda%20Unica%20Naucalpan%20de%20Juárez,"https://www.google.com/maps/search/?api=1&query=19.43866819,-99.28275679"
Modas Casual,Naucalpan de Juárez,+52 55 5348 8172,ND,https://wa.me/525553488172,https://www.facebook.com/search/pages/?q=Modas%20Casual%20Naucalpan%20de%20Juárez,"https://www.google.com/maps/search/?api=1&query=19.49426736,-99.27559872"
Modas De Dama Cintya,Naucalpan de Juárez,+52 55 5358 7560,ND,https://wa.me/525553587560,https://www.facebook.com/search/pages/?q=Modas%20De%20Dama%20Cintya%20Naucalpan%20de%20Juárez,"https://www.google.com/maps/search/?api=1&query=19.47079381,-99.23778378"
Mont Boutique,Naucalpan de Juárez,+52 55 8494 7030,ND,https://wa.me/525584947030,https://www.facebook.com/search/pages/?q=Mont%20Boutique%20Naucalpan%20de%20Juárez,"https://www.google.com/maps/search/?api=1&query=19.47723369,-99.23335449"
Pantalones De Mezclilla El Elefante Elegante,Naucalpan de Juárez,+52 55 5357 2249,ND,https://wa.me/525553572249,https://www.facebook.com/search/pages/?q=Pantalones%20De%20Mezclilla%20El%20Elefante%20Elegante%20Naucalpan%20de%20Juárez,"https://www.google.com/maps/search/?api=1&query=19.47342317,-99.23444721"
Tania I Love Shopping,Naucalpan de Juárez,+52 55 3568 4475,ND,https://wa.me/525535684475,https://www.facebook.com/search/pages/?q=Tania%20I%20Love%20Shopping%20Naucalpan%20de%20Juárez,"https://www.google.com/maps/search/?api=1&query=19.46981065,-99.21284864"
Tienda De Ropa Trep Shop,Naucalpan de Juárez,+52 55 7610 7065,ND,https://wa.me/525576107065,https://www.facebook.com/search/pages/?q=Tienda%20De%20Ropa%20Trep%20Shop%20Naucalpan%20de%20Juárez,"https://www.google.com/maps/search/?api=1&query=19.47403353,-99.23520741"
Boutique Coco,Nextlalpan,+52 56 2630 0629,ND,https://wa.me/525626300629,https://www.facebook.com/search/pages/?q=Boutique%20Coco%20Nextlalpan,"https://www.google.com/maps/search/?api=1&query=19.7396327,-99.08066937"
Boutique Paloma,Nextlalpan,+52 55 4158 9977,ND,https://wa.me/525541589977,https://www.facebook.com/search/pages/?q=Boutique%20Paloma%20Nextlalpan,"https://www.google.com/maps/search/?api=1&query=19.7400158,-99.0820003"
Modas Kabala,Nextlalpan,+52 55 7066 5677,ND,https://wa.me/525570665677,https://www.facebook.com/search/pages/?q=Modas%20Kabala%20Nextlalpan,"https://www.google.com/maps/search/?api=1&query=19.73977153,-99.08115382"
Modas Mas,Nextlalpan,+52 55 4918 7511,ND,https://wa.me/525549187511,https://www.facebook.com/search/pages/?q=Modas%20Mas%20Nextlalpan,"https://www.google.com/maps/search/?api=1&query=19.74284989,-99.09354884"
Boutique Yakarta Posh,Nezahualcóyotl,+52 55 9170 7496,yakarta.inf@outlook.com,https://wa.me/525591707496,https://www.facebook.com/search/pages/?q=Boutique%20Yakarta%20Posh%20Nezahualcóyotl,"https://www.google.com/maps/search/?api=1&query=19.39324659,-99.04120093"
Mangy Shop,Nezahualcóyotl,+52 55 5903 2580,mar_meca@hotmail.com,https://wa.me/525559032580,https://www.facebook.com/search/pages/?q=Mangy%20Shop%20Nezahualcóyotl,"https://www.google.com/maps/search/?api=1&query=19.3744428,-98.99327237"
Blessed Moda,Nezahualcóyotl,+52 55 1820 5404,ND,https://wa.me/525518205404,https://www.facebook.com/search/pages/?q=Blessed%20Moda%20Nezahualcóyotl,"https://www.google.com/maps/search/?api=1&query=19.41276503,-99.03928629"
Botique Crazy Shopping,Nezahualcóyotl,+52 56 1486 5240,ND,https://wa.me/525614865240,https://www.facebook.com/search/pages/?q=Botique%20Crazy%20Shopping%20Nezahualcóyotl,"https://www.google.com/maps/search/?api=1&query=19.39464765,-98.98569057"
Boutique Abril,Nezahualcóyotl,+52 55 7977 9010,ND,https://wa.me/525579779010,https://www.facebook.com/search/pages/?q=Boutique%20Abril%20Nezahualcóyotl,"https://www.google.com/maps/search/?api=1&query=19.41138668,-99.04048857"
Boutique Amaia,Nezahualcóyotl,+52 55 1233 6450,ND,https://wa.me/525512336450,https://www.facebook.com/search/pages/?q=Boutique%20Amaia%20Nezahualcóyotl,"https://www.google.com/maps/search/?api=1&query=19.46644024,-99.04043262"
Boutique Bet Lara,Nezahualcóyotl,+52 56 1881 6941,ND,https://wa.me/525618816941,https://www.facebook.com/search/pages/?q=Boutique%20Bet%20Lara%20Nezahualcóyotl,"https://www.google.com/maps/search/?api=1&query=19.39016288,-98.9849625"
Boutique Blanquita,Nezahualcóyotl,+52 55 3205 1140,ND,https://wa.me/525532051140,https://www.facebook.com/search/pages/?q=Boutique%20Blanquita%20Nezahualcóyotl,"https://www.google.com/maps/search/?api=1&query=19.39819575,-99.04189828"
Boutique Brunique Nahomi,Nezahualcóyotl,+52 55 4158 7560,ND,https://wa.me/525541587560,https://www.facebook.com/search/pages/?q=Boutique%20Brunique%20Nahomi%20Nezahualcóyotl,"https://www.google.com/maps/search/?api=1&query=19.38939661,-99.02679703"
Boutique Chic,Nezahualcóyotl,+52 55 2336 6441,ND,https://wa.me/525523366441,https://www.facebook.com/search/pages/?q=Boutique%20Chic%20Nezahualcóyotl,"https://www.google.com/maps/search/?api=1&query=19.46511566,-99.0509529"
Boutique Cris,Nezahualcóyotl,+52 55 8443 9023,ND,https://wa.me/525584439023,https://www.facebook.com/search/pages/?q=Boutique%20Cris%20Nezahualcóyotl,"https://www.google.com/maps/search/?api=1&query=19.4163425,-99.01650442"
Boutique De Irene,Nezahualcóyotl,+52 55 5796 7496,ND,https://wa.me/525557967496,https://www.facebook.com/search/pages/?q=Boutique%20De%20Irene%20Nezahualcóyotl,"https://www.google.com/maps/search/?api=1&query=19.48794606,-99.04554618"
Boutique De Ropa Lupita,Nezahualcóyotl,+52 12 3654 7890,ND,https://wa.me/521236547890,https://www.facebook.com/search/pages/?q=Boutique%20De%20Ropa%20Lupita%20Nezahualcóyotl,"https://www.google.com/maps/search/?api=1&query=19.48416916,-99.06383973"
Boutique De Ropa Nuevo Imperio,Nezahualcóyotl,+52 55 2770 9241,ND,https://wa.me/525527709241,https://www.facebook.com/search/pages/?q=Boutique%20De%20Ropa%20Nuevo%20Imperio%20Nezahualcóyotl,"https://www.google.com/maps/search/?api=1&query=19.40094594,-99.05747028"
Boutique Diana,Nezahualcóyotl,+52 55 8656 3258,ND,https://wa.me/525586563258,https://www.facebook.com/search/pages/?q=Boutique%20Diana%20Nezahualcóyotl,"https://www.google.com/maps/search/?api=1&query=19.42064492,-99.03201195"
Boutique Fashion,Nezahualcóyotl,+52 55 5057 7790,ND,https://wa.me/525550577790,https://www.facebook.com/search/pages/?q=Boutique%20Fashion%20Nezahualcóyotl,"https://www.google.com/maps/search/?api=1&query=19.42283952,-98.98554971"
Boutique Katy,Nezahualcóyotl,+52 55 4275 7512,ND,https://wa.me/525542757512,https://www.facebook.com/search/pages/?q=Boutique%20Katy%20Nezahualcóyotl,"https://www.google.com/maps/search/?api=1&query=19.41158193,-99.00685883"
Boutique Lancora,Nezahualcóyotl,+52 55 7327 1705,ND,https://wa.me/525573271705,https://www.facebook.com/search/pages/?q=Boutique%20Lancora%20Nezahualcóyotl,"https://www.google.com/maps/search/?api=1&query=19.40330414,-99.04299739"
Boutique Leo,Nezahualcóyotl,+52 55 3932 2097,ND,https://wa.me/525539322097,https://www.facebook.com/search/pages/?q=Boutique%20Leo%20Nezahualcóyotl,"https://www.google.com/maps/search/?api=1&query=19.42148369,-99.03188569"
Boutique Liz,Nezahualcóyotl,+52 55 1406 8535,ND,https://wa.me/525514068535,https://www.facebook.com/search/pages/?q=Boutique%20Liz%20Nezahualcóyotl,"https://www.google.com/maps/search/?api=1&query=19.3825186,-99.00003402"
Boutique Melssi,Nezahualcóyotl,+52 55 1448 7647,ND,https://wa.me/525514487647,https://www.facebook.com/search/pages/?q=Boutique%20Melssi%20Nezahualcóyotl,"https://www.google.com/maps/search/?api=1&query=19.37637498,-98.9700216"
Boutique Miris,Nezahualcóyotl,+52 55 5946 9002,ND,https://wa.me/525559469002,https://www.facebook.com/search/pages/?q=Boutique%20Miris%20Nezahualcóyotl,"https://www.google.com/maps/search/?api=1&query=19.37629004,-98.98357118"
Boutique Mujer Bonita,Nezahualcóyotl,+52 55 4844 3946,ND,https://wa.me/525548443946,https://www.facebook.com/search/pages/?q=Boutique%20Mujer%20Bonita%20Nezahualcóyotl,"https://www.google.com/maps/search/?api=1&query=19.37647221,-98.97339057"
Boutique Nancy,Nezahualcóyotl,+52 55 7988 0696,ND,https://wa.me/525579880696,https://www.facebook.com/search/pages/?q=Boutique%20Nancy%20Nezahualcóyotl,"https://www.google.com/maps/search/?api=1&query=19.39812962,-99.04095816"
Boutique Prynce,Nezahualcóyotl,+52 55 2427 2287,ND,https://wa.me/525524272287,https://www.facebook.com/search/pages/?q=Boutique%20Prynce%20Nezahualcóyotl,"https://www.google.com/maps/search/?api=1&query=19.37445553,-98.97278711"
Boutique Rosh,Nezahualcóyotl,+52 55 4231 4379,ND,https://wa.me/525542314379,https://www.facebook.com/search/pages/?q=Boutique%20Rosh%20Nezahualcóyotl,"https://www.google.com/maps/search/?api=1&query=19.39028018,-99.01540795"
Boutique Simoda,Nezahualcóyotl,+52 55 3015 9863,ND,https://wa.me/525530159863,https://www.facebook.com/search/pages/?q=Boutique%20Simoda%20Nezahualcóyotl,"https://www.google.com/maps/search/?api=1&query=19.40466282,-99.03486723"
Boutique Sofia,Nezahualcóyotl,+52 55 4579 9796,ND,https://wa.me/525545799796,https://www.facebook.com/search/pages/?q=Boutique%20Sofia%20Nezahualcóyotl,"https://www.google.com/maps/search/?api=1&query=19.40260531,-99.01911178"
Boutique Sygc,Nezahualcóyotl,+52 55 3823 2020,ND,https://wa.me/525538232020,https://www.facebook.com/search/pages/?q=Boutique%20Sygc%20Nezahualcóyotl,"https://www.google.com/maps/search/?api=1&query=19.41252334,-99.03049408"
Boutique Tentaciones,Nezahualcóyotl,+52 55 1137 9892,ND,https://wa.me/525511379892,https://www.facebook.com/search/pages/?q=Boutique%20Tentaciones%20Nezahualcóyotl,"https://www.google.com/maps/search/?api=1&query=19.39914561,-99.04142546"
Casa Rosy Boutique,Nezahualcóyotl,+52 55 1186 1723,ND,https://wa.me/525511861723,https://www.facebook.com/search/pages/?q=Casa%20Rosy%20Boutique%20Nezahualcóyotl,"https://www.google.com/maps/search/?api=1&query=19.38783752,-98.98534229"
Dani Boutique,Nezahualcóyotl,+52 55 7855 5797,ND,https://wa.me/525578555797,https://www.facebook.com/search/pages/?q=Dani%20Boutique%20Nezahualcóyotl,"https://www.google.com/maps/search/?api=1&query=19.37443198,-98.97273758"
Deshoppindr,Nezahualcóyotl,+52 55 4708 5099,ND,https://wa.me/525547085099,https://www.facebook.com/search/pages/?q=Deshoppindr%20Nezahualcóyotl,"https://www.google.com/maps/search/?api=1&query=19.37505971,-98.98456258"
Dilu Boutique,Nezahualcóyotl,+52 56 3222 3826,ND,https://wa.me/525632223826,https://www.facebook.com/search/pages/?q=Dilu%20Boutique%20Nezahualcóyotl,"https://www.google.com/maps/search/?api=1&query=19.39343659,-99.0239106"
Fanns Boutique,Nezahualcóyotl,+52 55 8036 8214,ND,https://wa.me/525580368214,https://www.facebook.com/search/pages/?q=Fanns%20Boutique%20Nezahualcóyotl,"https://www.google.com/maps/search/?api=1&query=19.40757235,-99.03801581"
Fashions Models,Nezahualcóyotl,+52 55 3210 6857,ND,https://wa.me/525532106857,https://www.facebook.com/search/pages/?q=Fashions%20Models%20Nezahualcóyotl,"https://www.google.com/maps/search/?api=1&query=19.37425932,-98.97493712"
Frederick Boutique,Nezahualcóyotl,+52 55 3165 1250,ND,https://wa.me/525531651250,https://www.facebook.com/search/pages/?q=Frederick%20Boutique%20Nezahualcóyotl,"https://www.google.com/maps/search/?api=1&query=19.41602711,-99.03555693"
Layra Magdhi Boutique,Nezahualcóyotl,+52 55 5940 1023,ND,https://wa.me/525559401023,https://www.facebook.com/search/pages/?q=Layra%20Magdhi%20Boutique%20Nezahualcóyotl,"https://www.google.com/maps/search/?api=1&query=19.40689188,-99.05125645"
Leo Boutique,Nezahualcóyotl,+52 55 6412 8149,ND,https://wa.me/525564128149,https://www.facebook.com/search/pages/?q=Leo%20Boutique%20Nezahualcóyotl,"https://www.google.com/maps/search/?api=1&query=19.49075828,-99.0602742"
Moda Bettys,Nezahualcóyotl,+52 55 6675 0301,ND,https://wa.me/525566750301,https://www.facebook.com/search/pages/?q=Moda%20Bettys%20Nezahualcóyotl,"https://www.google.com/maps/search/?api=1&query=19.38013094,-98.98073042"
Moda Hearts,Nezahualcóyotl,+52 55 6461 9169,ND,https://wa.me/525564619169,https://www.facebook.com/search/pages/?q=Moda%20Hearts%20Nezahualcóyotl,"https://www.google.com/maps/search/?api=1&query=19.41239984,-99.03961894"
Modas Rgv,Nezahualcóyotl,+52 55 7801 3750,ND,https://wa.me/525578013750,https://www.facebook.com/search/pages/?q=Modas%20Rgv%20Nezahualcóyotl,"https://www.google.com/maps/search/?api=1&query=19.40371227,-99.00059387"
Modas Rosy,Nezahualcóyotl,+52 55 3270 3149,ND,https://wa.me/525532703149,https://www.facebook.com/search/pages/?q=Modas%20Rosy%20Nezahualcóyotl,"https://www.google.com/maps/search/?api=1&query=19.49158977,-99.05649166"
Mundo Vaquero,Nezahualcóyotl,+52 55 5731 6930,ND,https://wa.me/525557316930,https://www.facebook.com/search/pages/?q=Mundo%20Vaquero%20Nezahualcóyotl,"https://www.google.com/maps/search/?api=1&query=19.40255684,-99.00619753"
Mystic Shop Neza,Nezahualcóyotl,+52 55 3665 4684,ND,https://wa.me/525536654684,https://www.facebook.com/search/pages/?q=Mystic%20Shop%20Neza%20Nezahualcóyotl,"https://www.google.com/maps/search/?api=1&query=19.38368127,-98.99178338"
Nao Boutique,Nezahualcóyotl,+52 55 7140 7676,ND,https://wa.me/525571407676,https://www.facebook.com/search/pages/?q=Nao%20Boutique%20Nezahualcóyotl,"https://www.google.com/maps/search/?api=1&query=19.48321416,-99.03797336"
Outfit Shop,Nezahualcóyotl,+52 55 3890 2696,ND,https://wa.me/525538902696,https://www.facebook.com/search/pages/?q=Outfit%20Shop%20Nezahualcóyotl,"https://www.google.com/maps/search/?api=1&query=19.40394148,-99.03919299"
Ropa De Dama Y Accesorios Sans Boutique,Nezahualcóyotl,+52 55 5287 9543,ND,https://wa.me/525552879543,https://www.facebook.com/search/pages/?q=Ropa%20De%20Dama%20Y%20Accesorios%20Sans%20Boutique%20Nezahualcóyotl,"https://www.google.com/maps/search/?api=1&query=19.39109063,-98.96720227"
Ropa De Moda,Nezahualcóyotl,+52 55 4063 8491,ND,https://wa.me/525540638491,https://www.facebook.com/search/pages/?q=Ropa%20De%20Moda%20Nezahualcóyotl,"https://www.google.com/maps/search/?api=1&query=19.40745776,-99.02913284"
Ropa Para Caballero Boutique Rosi,Nezahualcóyotl,+52 55 2742 2594,ND,https://wa.me/525527422594,https://www.facebook.com/search/pages/?q=Ropa%20Para%20Caballero%20Boutique%20Rosi%20Nezahualcóyotl,"https://www.google.com/maps/search/?api=1&query=19.41158193,-99.00685883"
Rousy Boutique,Nezahualcóyotl,+52 55 1362 3874,ND,https://wa.me/525513623874,https://www.facebook.com/search/pages/?q=Rousy%20Boutique%20Nezahualcóyotl,"https://www.google.com/maps/search/?api=1&query=19.41307071,-99.03478854"
Saras Boutique,Nezahualcóyotl,+52 55 3047 0936,ND,https://wa.me/525530470936,https://www.facebook.com/search/pages/?q=Saras%20Boutique%20Nezahualcóyotl,"https://www.google.com/maps/search/?api=1&query=19.40813131,-99.0478674"
Sweet Fashion,Nezahualcóyotl,+52 56 3554 9395,ND,https://wa.me/525635549395,https://www.facebook.com/search/pages/?q=Sweet%20Fashion%20Nezahualcóyotl,"https://www.google.com/maps/search/?api=1&query=19.38805429,-99.01648823"
The Boutique,Nezahualcóyotl,+52 56 3299 5905,ND,https://wa.me/525632995905,https://www.facebook.com/search/pages/?q=The%20Boutique%20Nezahualcóyotl,"https://www.google.com/maps/search/?api=1&query=19.42646242,-98.98540984"
Tienda De Ropa Katis Jeans,Nezahualcóyotl,+52 55 2279 7822,ND,https://wa.me/525522797822,https://www.facebook.com/search/pages/?q=Tienda%20De%20Ropa%20Katis%20Jeans%20Nezahualcóyotl,"https://www.google.com/maps/search/?api=1&query=19.40087697,-98.98971201"
Tienda De Ropa Moda Fer,Nezahualcóyotl,+52 55 4472 8342,ND,https://wa.me/525544728342,https://www.facebook.com/search/pages/?q=Tienda%20De%20Ropa%20Moda%20Fer%20Nezahualcóyotl,"https://www.google.com/maps/search/?api=1&query=19.38492825,-99.01012826"
Tienda De Ropa Queen Style,Nezahualcóyotl,+52 55 4489 4259,ND,https://wa.me/525544894259,https://www.facebook.com/search/pages/?q=Tienda%20De%20Ropa%20Queen%20Style%20Nezahualcóyotl,"https://www.google.com/maps/search/?api=1&query=19.4166715,-99.01742225"
Tito Jeans,Nezahualcóyotl,+52 56 2106 1395,ND,https://wa.me/525621061395,https://www.facebook.com/search/pages/?q=Tito%20Jeans%20Nezahualcóyotl,"https://www.google.com/maps/search/?api=1&query=19.40260948,-99.03970687"
Venta De Pantalones Para Dama,Nezahualcóyotl,+52 55 1532 3434,ND,https://wa.me/525515323434,https://www.facebook.com/search/pages/?q=Venta%20De%20Pantalones%20Para%20Dama%20Nezahualcóyotl,"https://www.google.com/maps/search/?api=1&query=19.40189256,-99.040178"
Wonyck Boutique,Nezahualcóyotl,+52 55 7330 6755,ND,https://wa.me/525573306755,https://www.facebook.com/search/pages/?q=Wonyck%20Boutique%20Nezahualcóyotl,"https://www.google.com/maps/search/?api=1&query=19.3996363,-99.03411738"
Boutique Azul Marino,Nicolás Romero,+52 55 1918 7371,marinboutique@hotmail.com,https://wa.me/525519187371,https://www.facebook.com/search/pages/?q=Boutique%20Azul%20Marino%20Nicolás%20Romero,"https://www.google.com/maps/search/?api=1&query=19.62542479,-99.31849367"
Boutique Marifer,Nicolás Romero,+52 55 6868 4816,ND,https://wa.me/525568684816,https://WWW.BOUTIQUEMARIFER/,"https://www.google.com/maps/search/?api=1&query=19.59128903,-99.29516458"
Princess Boutique De Ropa,Nicolás Romero,+52 56 2805 6361,lizzysauz24@gmail.com,https://wa.me/525628056361,https://www.facebook.com/search/pages/?q=Princess%20Boutique%20De%20Ropa%20Nicolás%20Romero,"https://www.google.com/maps/search/?api=1&query=19.60120947,-99.31003032"
Sary Shein Boutique,Nicolás Romero,+52 55 8353 6338,pedidosshein34@gmail.com,https://wa.me/525583536338,https://www.facebook.com/search/pages/?q=Sary%20Shein%20Boutique%20Nicolás%20Romero,"https://www.google.com/maps/search/?api=1&query=19.68965685,-99.35658606"
Star Fashion Boutique,Nicolás Romero,+52 56 2014 5226,migangcg06@gmail.com,https://wa.me/525620145226,https://www.facebook.com/search/pages/?q=Star%20Fashion%20Boutique%20Nicolás%20Romero,"https://www.google.com/maps/search/?api=1&query=19.60228908,-99.29836834"
Boutique Alelyn,Nicolás Romero,+52 55 2550 9200,ND,https://wa.me/525525509200,https://www.facebook.com/search/pages/?q=Boutique%20Alelyn%20Nicolás%20Romero,"https://www.google.com/maps/search/?api=1&query=19.62050022,-99.31997859"
Boutique Antena,Nicolás Romero,+52 55 2703 1033,ND,https://wa.me/525527031033,https://www.facebook.com/search/pages/?q=Boutique%20Antena%20Nicolás%20Romero,"https://www.google.com/maps/search/?api=1&query=19.60157764,-99.27865645"
Boutique Boys A Giers,Nicolás Romero,+52 55 1953 7030,ND,https://wa.me/525519537030,https://www.facebook.com/search/pages/?q=Boutique%20Boys%20A%20Giers%20Nicolás%20Romero,"https://www.google.com/maps/search/?api=1&query=19.6126443,-99.32258087"
Boutique Ciao Ciao,Nicolás Romero,+52 56 1009 6333,ND,https://wa.me/525610096333,https://www.facebook.com/search/pages/?q=Boutique%20Ciao%20Ciao%20Nicolás%20Romero,"https://www.google.com/maps/search/?api=1&query=19.60335426,-99.29632052"
Boutique Crazy Jeans Y Dresdes,Nicolás Romero,+52 55 6622 1640,ND,https://wa.me/525566221640,https://www.facebook.com/search/pages/?q=Boutique%20Crazy%20Jeans%20Y%20Dresdes%20Nicolás%20Romero,"https://www.google.com/maps/search/?api=1&query=19.60660715,-99.29229345"
Boutique De Ropa Casual Para Dama Y Caballero,Nicolás Romero,+52 56 1356 6919,ND,https://wa.me/525613566919,https://www.facebook.com/search/pages/?q=Boutique%20De%20Ropa%20Casual%20Para%20Dama%20Y%20Caballero%20Nicolás%20Romero,"https://www.google.com/maps/search/?api=1&query=19.62327885,-99.316973"
Boutique De Ropa Ichel Drumm,Nicolás Romero,+52 56 4459 1939,ND,https://wa.me/525644591939,https://www.facebook.com/search/pages/?q=Boutique%20De%20Ropa%20Ichel%20Drumm%20Nicolás%20Romero,"https://www.google.com/maps/search/?api=1&query=19.59703925,-99.31052247"
Boutique De Yaz,Nicolás Romero,+52 55 5172 8000,ND,https://wa.me/525551728000,https://www.facebook.com/search/pages/?q=Boutique%20De%20Yaz%20Nicolás%20Romero,"https://www.google.com/maps/search/?api=1&query=19.60411924,-99.2827071"
Boutique Elisa,Nicolás Romero,+52 55 3648 2575,ND,https://wa.me/525536482575,https://www.facebook.com/search/pages/?q=Boutique%20Elisa%20Nicolás%20Romero,"https://www.google.com/maps/search/?api=1&query=19.61092878,-99.29907925"
Boutique Ely,Nicolás Romero,+52 55 8349 7946,ND,https://wa.me/525583497946,https://www.facebook.com/search/pages/?q=Boutique%20Ely%20Nicolás%20Romero,"https://www.google.com/maps/search/?api=1&query=19.63730988,-99.2911911"
Boutique Ely,Nicolás Romero,+52 55 3504 2482,ND,https://wa.me/525535042482,https://www.facebook.com/search/pages/?q=Boutique%20Ely%20Nicolás%20Romero,"https://www.google.com/maps/search/?api=1&query=19.59787973,-99.31075295"
Boutique Euforia,Nicolás Romero,+52 55 3573 0068,ND,https://wa.me/525535730068,https://www.facebook.com/search/pages/?q=Boutique%20Euforia%20Nicolás%20Romero,"https://www.google.com/maps/search/?api=1&query=19.62629998,-99.31411518"
Boutique Eve,Nicolás Romero,+52 55 2133 5716,ND,https://wa.me/525521335716,https://www.facebook.com/search/pages/?q=Boutique%20Eve%20Nicolás%20Romero,"https://www.google.com/maps/search/?api=1&query=19.60960397,-99.29783116"
Boutique Faby,Nicolás Romero,+52 55 3332 0445,ND,https://wa.me/525533320445,https://www.facebook.com/search/pages/?q=Boutique%20Faby%20Nicolás%20Romero,"https://www.google.com/maps/search/?api=1&query=19.63366351,-99.30505386"
Boutique Godable Y Home,Nicolás Romero,+52 56 2008 7852,ND,https://wa.me/525620087852,https://www.facebook.com/search/pages/?q=Boutique%20Godable%20Y%20Home%20Nicolás%20Romero,"https://www.google.com/maps/search/?api=1&query=19.61886533,-99.3081763"
Boutique Ichel,Nicolás Romero,+52 55 8098 7619,ND,https://wa.me/525580987619,https://www.facebook.com/search/pages/?q=Boutique%20Ichel%20Nicolás%20Romero,"https://www.google.com/maps/search/?api=1&query=19.60352906,-99.31002539"
Boutique Jenny,Nicolás Romero,+52 55 1356 5620,ND,https://wa.me/525513565620,https://www.facebook.com/search/pages/?q=Boutique%20Jenny%20Nicolás%20Romero,"https://www.google.com/maps/search/?api=1&query=19.59777169,-99.3113233"
Boutique Jhoan,Nicolás Romero,+52 55 8224 3318,ND,https://wa.me/525582243318,https://www.facebook.com/search/pages/?q=Boutique%20Jhoan%20Nicolás%20Romero,"https://www.google.com/maps/search/?api=1&query=19.61241903,-99.28893292"
Boutique Karime,Nicolás Romero,+52 55 8685 1491,ND,https://wa.me/525586851491,https://www.facebook.com/search/pages/?q=Boutique%20Karime%20Nicolás%20Romero,"https://www.google.com/maps/search/?api=1&query=19.60497984,-99.293183"
Boutique Keis,Nicolás Romero,+52 55 6463 2328,ND,https://wa.me/525564632328,https://www.facebook.com/search/pages/?q=Boutique%20Keis%20Nicolás%20Romero,"https://www.google.com/maps/search/?api=1&query=19.63845622,-99.29436688"
Boutique Kikos,Nicolás Romero,+52 56 1869 5230,ND,https://wa.me/525618695230,https://www.facebook.com/search/pages/?q=Boutique%20Kikos%20Nicolás%20Romero,"https://www.google.com/maps/search/?api=1&query=19.60566826,-99.29317798"
Boutique La Esperanza,Nicolás Romero,+52 55 5189 7256,ND,https://wa.me/525551897256,https://www.facebook.com/search/pages/?q=Boutique%20La%20Esperanza%20Nicolás%20Romero,"https://www.google.com/maps/search/?api=1&query=19.60074095,-99.3102572"
Boutique Leonora,Nicolás Romero,+52 55 1588 3221,ND,https://wa.me/525515883221,https://www.facebook.com/search/pages/?q=Boutique%20Leonora%20Nicolás%20Romero,"https://www.google.com/maps/search/?api=1&query=19.6017345,-99.30993399"
Boutique Lili,Nicolás Romero,+52 55 1504 1154,ND,https://wa.me/525515041154,https://www.facebook.com/search/pages/?q=Boutique%20Lili%20Nicolás%20Romero,"https://www.google.com/maps/search/?api=1&query=19.59424532,-99.30503799"
Boutique Luna,Nicolás Romero,+52 56 1081 1811,ND,https://wa.me/525610811811,https://www.facebook.com/search/pages/?q=Boutique%20Luna%20Nicolás%20Romero,"https://www.google.com/maps/search/?api=1&query=19.60921535,-99.28873405"
Boutique Malu,Nicolás Romero,+52 55 7629 0276,ND,https://wa.me/525576290276,https://www.facebook.com/search/pages/?q=Boutique%20Malu%20Nicolás%20Romero,"https://www.google.com/maps/search/?api=1&query=19.60018189,-99.30014135"
Boutique Marluc,Nicolás Romero,+52 56 1943 7049,ND,https://wa.me/525619437049,https://www.facebook.com/search/pages/?q=Boutique%20Marluc%20Nicolás%20Romero,"https://www.google.com/maps/search/?api=1&query=19.62058139,-99.32006447"
Boutique Maru,Nicolás Romero,+52 56 3702 0393,ND,https://wa.me/525637020393,https://www.facebook.com/search/pages/?q=Boutique%20Maru%20Nicolás%20Romero,"https://www.google.com/maps/search/?api=1&query=19.59806298,-99.30219317"
Boutique Mens,Nicolás Romero,+52 55 5288 3189,ND,https://wa.me/525552883189,https://www.facebook.com/search/pages/?q=Boutique%20Mens%20Nicolás%20Romero,"https://www.google.com/maps/search/?api=1&query=19.59569088,-99.30510605"
Boutique Mi Closet Ruby,Nicolás Romero,+52 55 1047 4306,ND,https://wa.me/525510474306,https://www.facebook.com/search/pages/?q=Boutique%20Mi%20Closet%20Ruby%20Nicolás%20Romero,"https://www.google.com/maps/search/?api=1&query=19.61286846,-99.3206247"
Boutique Mi Estilo,Nicolás Romero,+52 55 1986 4296,ND,https://wa.me/525519864296,https://www.facebook.com/search/pages/?q=Boutique%20Mi%20Estilo%20Nicolás%20Romero,"https://www.google.com/maps/search/?api=1&query=19.61147281,-99.29944698"
Boutique Mia,Nicolás Romero,+52 55 4734 8443,ND,https://wa.me/525547348443,https://www.facebook.com/search/pages/?q=Boutique%20Mia%20Nicolás%20Romero,"https://www.google.com/maps/search/?api=1&query=19.64060423,-99.30341766"
Boutique Modas Beca,Nicolás Romero,+52 55 7803 6150,ND,https://wa.me/525578036150,https://www.facebook.com/search/pages/?q=Boutique%20Modas%20Beca%20Nicolás%20Romero,"https://www.google.com/maps/search/?api=1&query=19.59558961,-99.27953782"
Boutique Modas Francis,Nicolás Romero,+52 22 2903 0272,ND,https://wa.me/522229030272,https://www.facebook.com/search/pages/?q=Boutique%20Modas%20Francis%20Nicolás%20Romero,"https://www.google.com/maps/search/?api=1&query=19.60960335,-99.33112406"
Boutique Moimadis,Nicolás Romero,+52 55 5947 5596,ND,https://wa.me/525559475596,https://www.facebook.com/search/pages/?q=Boutique%20Moimadis%20Nicolás%20Romero,"https://www.google.com/maps/search/?api=1&query=19.62538178,-99.3186189"
Boutique Moni,Nicolás Romero,+52 55 7168 9854,ND,https://wa.me/525571689854,https://www.facebook.com/search/pages/?q=Boutique%20Moni%20Nicolás%20Romero,"https://www.google.com/maps/search/?api=1&query=19.60044986,-99.28572368"
Boutique Montana Jeans,Nicolás Romero,+52 55 3017 0460,ND,https://wa.me/525530170460,https://www.facebook.com/search/pages/?q=Boutique%20Montana%20Jeans%20Nicolás%20Romero,"https://www.google.com/maps/search/?api=1&query=19.60133478,-99.28195822"
Boutique Olga,Nicolás Romero,+52 55 4763 7891,ND,https://wa.me/525547637891,https://www.facebook.com/search/pages/?q=Boutique%20Olga%20Nicolás%20Romero,"https://www.google.com/maps/search/?api=1&query=19.60623475,-99.27995787"
Boutique Pera,Nicolás Romero,+52 55 1015 7969,ND,https://wa.me/525510157969,https://www.facebook.com/search/pages/?q=Boutique%20Pera%20Nicolás%20Romero,"https://www.google.com/maps/search/?api=1&query=19.59614193,-99.30781753"
Boutique Princess,Nicolás Romero,+52 55 2110 7692,ND,https://wa.me/525521107692,https://www.facebook.com/search/pages/?q=Boutique%20Princess%20Nicolás%20Romero,"https://www.google.com/maps/search/?api=1&query=19.6896563,-99.35654779"
Boutique Rain Bow Point,Nicolás Romero,+52 56 1430 8829,ND,https://wa.me/525614308829,https://www.facebook.com/search/pages/?q=Boutique%20Rain%20Bow%20Point%20Nicolás%20Romero,"https://www.google.com/maps/search/?api=1&query=19.61282247,-99.30396514"
Boutique Rl,Nicolás Romero,+52 55 9329 4743,ND,https://wa.me/525593294743,https://www.facebook.com/search/pages/?q=Boutique%20Rl%20Nicolás%20Romero,"https://www.google.com/maps/search/?api=1&query=19.6168255,-99.33039004"
Boutique Ross,Nicolás Romero,+52 72 9870 8442,ND,https://wa.me/527298708442,https://www.facebook.com/search/pages/?q=Boutique%20Ross%20Nicolás%20Romero,"https://www.google.com/maps/search/?api=1&query=19.68692168,-99.34612174"
Boutique Santy,Nicolás Romero,+52 55 6788 4483,ND,https://wa.me/525567884483,https://www.facebook.com/search/pages/?q=Boutique%20Santy%20Nicolás%20Romero,"https://www.google.com/maps/search/?api=1&query=19.64221293,-99.41422335"
Boutique Sara,Nicolás Romero,+52 55 7193 2727,ND,https://wa.me/525571932727,https://www.facebook.com/search/pages/?q=Boutique%20Sara%20Nicolás%20Romero,"https://www.google.com/maps/search/?api=1&query=19.60531021,-99.28230824"
Boutique Sisters,Nicolás Romero,+52 56 1771 7314,ND,https://wa.me/525617717314,https://www.facebook.com/search/pages/?q=Boutique%20Sisters%20Nicolás%20Romero,"https://www.google.com/maps/search/?api=1&query=19.59985312,-99.28156839"
Boutique Sol,Nicolás Romero,+52 56 3552 0284,ND,https://wa.me/525635520284,https://www.facebook.com/search/pages/?q=Boutique%20Sol%20Nicolás%20Romero,"https://www.google.com/maps/search/?api=1&query=19.60575247,-99.27948321"
Boutique Terramoda,Nicolás Romero,+52 55 7076 0652,ND,https://wa.me/525570760652,https://www.facebook.com/search/pages/?q=Boutique%20Terramoda%20Nicolás%20Romero,"https://www.google.com/maps/search/?api=1&query=19.6013162,-99.2819768"
Boutique Yessi,Nicolás Romero,+52 55 7810 7879,ND,https://wa.me/525578107879,https://www.facebook.com/search/pages/?q=Boutique%20Yessi%20Nicolás%20Romero,"https://www.google.com/maps/search/?api=1&query=19.60013618,-99.27275742"
Boutique Zoom Style,Nicolás Romero,+52 55 5968 2200,ND,https://wa.me/525559682200,https://www.facebook.com/search/pages/?q=Boutique%20Zoom%20Style%20Nicolás%20Romero,"https://www.google.com/maps/search/?api=1&query=19.6321797,-99.3021261"
Cosas Bonitas Boutique,Nicolás Romero,+52 55 8013 3940,ND,https://wa.me/525580133940,https://www.facebook.com/search/pages/?q=Cosas%20Bonitas%20Boutique%20Nicolás%20Romero,"https://www.google.com/maps/search/?api=1&query=19.62499231,-99.32274918"
Mancera Saldos De Jeans,Nicolás Romero,+52 55 6455 6637,ND,https://wa.me/525564556637,https://www.facebook.com/search/pages/?q=Mancera%20Saldos%20De%20Jeans%20Nicolás%20Romero,"https://www.google.com/maps/search/?api=1&query=19.62315136,-99.32204232"
Mandala Fashionista,Nicolás Romero,+52 55 4518 9510,ND,https://wa.me/525545189510,https://www.facebook.com/search/pages/?q=Mandala%20Fashionista%20Nicolás%20Romero,"https://www.google.com/maps/search/?api=1&query=19.59349723,-99.30419115"
Ramher Boutique,Nicolás Romero,+52 81 2763 6092,ND,https://wa.me/528127636092,https://www.facebook.com/search/pages/?q=Ramher%20Boutique%20Nicolás%20Romero,"https://www.google.com/maps/search/?api=1&query=19.60231293,-99.29834525"
Sd Boutique,Nicolás Romero,+52 55 7487 7742,ND,https://wa.me/525574877742,https://www.facebook.com/search/pages/?q=Sd%20Boutique%20Nicolás%20Romero,"https://www.google.com/maps/search/?api=1&query=19.60401197,-99.28581767"
Tienda De Ropa Boutique H & Y,Nicolás Romero,+52 56 1013 5143,ND,https://wa.me/525610135143,https://www.facebook.com/search/pages/?q=Tienda%20De%20Ropa%20Boutique%20H%20%26%20Y%20Nicolás%20Romero,"https://www.google.com/maps/search/?api=1&query=19.61370073,-99.35180683"
Tienda De Ropa Boutique Tania,Nicolás Romero,+52 55 6214 0157,ND,https://wa.me/525562140157,https://www.facebook.com/search/pages/?q=Tienda%20De%20Ropa%20Boutique%20Tania%20Nicolás%20Romero,"https://www.google.com/maps/search/?api=1&query=19.62151364,-99.3155124"
Tienda De Ropa Shop Azul,Nicolás Romero,+52 55 3485 8096,ND,https://wa.me/525534858096,https://www.facebook.com/search/pages/?q=Tienda%20De%20Ropa%20Shop%20Azul%20Nicolás%20Romero,"https://www.google.com/maps/search/?api=1&query=19.62675597,-99.31312992"
Venta De Ropa Jeans Rangers,Nicolás Romero,+52 55 3575 3060,ND,https://wa.me/525535753060,https://www.facebook.com/search/pages/?q=Venta%20De%20Ropa%20Jeans%20Rangers%20Nicolás%20Romero,"https://www.google.com/maps/search/?api=1&query=19.60522113,-99.27942043"
Venta De Ropa Las. Muñecas Jeans,Nicolás Romero,+52 55 7516 0570,ND,https://wa.me/525575160570,https://www.facebook.com/search/pages/?q=Venta%20De%20Ropa%20Las.%20Muñecas%20Jeans%20Nicolás%20Romero,"https://www.google.com/maps/search/?api=1&query=19.62429247,-99.3133063"
Venta De Ropa Up Jeans,Nicolás Romero,+52 55 4280 6624,ND,https://wa.me/525542806624,https://www.facebook.com/search/pages/?q=Venta%20De%20Ropa%20Up%20Jeans%20Nicolás%20Romero,"https://www.google.com/maps/search/?api=1&query=19.62579412,-99.31570528"
Boutique Eben Ezer,Nopaltepec,+52 59 2924 5541,ND,https://wa.me/525929245541,https://www.facebook.com/search/pages/?q=Boutique%20Eben%20Ezer%20Nopaltepec,"https://www.google.com/maps/search/?api=1&query=19.80543696,-98.70426514"
Boutique Lmr,Nopaltepec,+52 56 3536 5174,ND,https://wa.me/525635365174,https://www.facebook.com/search/pages/?q=Boutique%20Lmr%20Nopaltepec,"https://www.google.com/maps/search/?api=1&query=19.77603363,-98.71114097"
Modas Kenia,Nopaltepec,+52 55 3879 9178,ND,https://wa.me/525538799178,https://www.facebook.com/search/pages/?q=Modas%20Kenia%20Nopaltepec,"https://www.google.com/maps/search/?api=1&query=19.80329693,-98.69640614"
Bella Boutique,Ocoyoacac,+52 72 2612 2619,ND,https://wa.me/527226122619,https://www.facebook.com/search/pages/?q=Bella%20Boutique%20Ocoyoacac,"https://www.google.com/maps/search/?api=1&query=19.27497584,-99.4555761"
Bonni Boutique,Ocoyoacac,+52 55 8644 0413,ND,https://wa.me/525586440413,https://www.facebook.com/search/pages/?q=Bonni%20Boutique%20Ocoyoacac,"https://www.google.com/maps/search/?api=1&query=19.27442979,-99.4701731"
Boutique Liberty,Ocoyoacac,+52 72 2366 4599,ND,https://wa.me/527223664599,https://www.facebook.com/search/pages/?q=Boutique%20Liberty%20Ocoyoacac,"https://www.google.com/maps/search/?api=1&query=19.26574057,-99.41798797"
Boutique Mua,Ocoyoacac,+52 72 2424 4782,ND,https://wa.me/527224244782,https://www.facebook.com/search/pages/?q=Boutique%20Mua%20Ocoyoacac,"https://www.google.com/maps/search/?api=1&query=19.27295918,-99.46476199"
Danaeti Boutique,Ocoyoacac,+52 72 2122 7373,ND,https://wa.me/527221227373,https://www.facebook.com/search/pages/?q=Danaeti%20Boutique%20Ocoyoacac,"https://www.google.com/maps/search/?api=1&query=19.25131685,-99.47280955"
Odette Metal Store,Ocoyoacac,+52 55 6437 4283,ND,https://wa.me/525564374283,https://www.facebook.com/search/pages/?q=Odette%20Metal%20Store%20Ocoyoacac,"https://www.google.com/maps/search/?api=1&query=19.26958144,-99.45166934"
Tienda De Ropa M.Store,Ocoyoacac,+52 72 2432 6731,ND,https://wa.me/527224326731,https://www.facebook.com/search/pages/?q=Tienda%20De%20Ropa%20M.Store%20Ocoyoacac,"https://www.google.com/maps/search/?api=1&query=19.27398098,-99.46353019"
Tienda Vaquera Acazulco,Ocoyoacac,+52 72 9699 7855,ND,https://wa.me/527296997855,https://www.facebook.com/search/pages/?q=Tienda%20Vaquera%20Acazulco%20Ocoyoacac,"https://www.google.com/maps/search/?api=1&query=19.26588653,-99.41455893"
Tienda De Ropa Bab-Moda,Ocuilan,+52 55 7690 0467,ND,https://wa.me/525576900467,https://www.facebook.com/search/pages/?q=Tienda%20De%20Ropa%20Bab-Moda%20Ocuilan,"https://www.google.com/maps/search/?api=1&query=18.99080854,-99.42281701"
Tienda El Vaquero Del Bajio,Ocuilan,+52 72 2267 3366,ND,https://wa.me/527222673366,https://www.facebook.com/search/pages/?q=Tienda%20El%20Vaquero%20Del%20Bajio%20Ocuilan,"https://www.google.com/maps/search/?api=1&query=18.99053826,-99.42130615"
Ropa De Caballero Don Beto,Otumba,+52 55 2695 6861,ND,https://wa.me/525526956861,https://www.facebook.com/search/pages/?q=Ropa%20De%20Caballero%20Don%20Beto%20Otumba,"https://www.google.com/maps/search/?api=1&query=19.69946456,-98.75668742"
Ropa Para Dama Y Caballero Yoyis,Otumba,+52 55 2672 6540,ND,https://wa.me/525526726540,https://www.facebook.com/search/pages/?q=Ropa%20Para%20Dama%20Y%20Caballero%20Yoyis%20Otumba,"https://www.google.com/maps/search/?api=1&query=19.69936153,-98.75664306"
Maeva Jeans,Otzoloapan,+52 72 2836 6200,angelrenegonzalez123@gmail.com,https://wa.me/527228366200,https://www.facebook.com/search/pages/?q=Maeva%20Jeans%20Otzoloapan,"https://www.google.com/maps/search/?api=1&query=19.11803712,-100.29604349"
Moda Keny,Otzoloapan,+52 72 2683 1034,ND,https://wa.me/527226831034,https://www.facebook.com/search/pages/?q=Moda%20Keny%20Otzoloapan,"https://www.google.com/maps/search/?api=1&query=19.11848397,-100.29625626"
Fashion Princess,Otzolotepec,+52 72 9263 1413,ND,https://wa.me/527292631413,https://www.facebook.com/search/pages/?q=Fashion%20Princess%20Otzolotepec,"https://www.google.com/maps/search/?api=1&query=19.38871082,-99.57581325"
Fashion Queen,Otzolotepec,+52 72 2652 0537,ND,https://wa.me/527226520537,https://www.facebook.com/search/pages/?q=Fashion%20Queen%20Otzolotepec,"https://www.google.com/maps/search/?api=1&query=19.41554288,-99.55727469"
Tienda De Ropa Homero Fashion,Otzolotepec,+52 72 2503 9992,ND,https://wa.me/527225039992,https://www.facebook.com/search/pages/?q=Tienda%20De%20Ropa%20Homero%20Fashion%20Otzolotepec,"https://www.google.com/maps/search/?api=1&query=19.41559715,-99.55728467"
Zoda Shop,Otzolotepec,+52 72 2146 2413,ND,https://wa.me/527221462413,https://www.facebook.com/search/pages/?q=Zoda%20Shop%20Otzolotepec,"https://www.google.com/maps/search/?api=1&query=19.38669642,-99.57744862"
Boutique Coleccion 2207,Ozumba,+52 55 7620 4853,ND,https://wa.me/525576204853,https://www.facebook.com/search/pages/?q=Boutique%20Coleccion%202207%20Ozumba,"https://www.google.com/maps/search/?api=1&query=19.04111655,-98.79358844"
Boutique Fenix,Ozumba,+52 55 6535 8475,ND,https://wa.me/525565358475,https://www.facebook.com/search/pages/?q=Boutique%20Fenix%20Ozumba,"https://www.google.com/maps/search/?api=1&query=19.03889678,-98.79513155"
Tienda De Ropa 501,Papalotla,+52 59 5106 1410,ND,https://wa.me/525951061410,https://www.facebook.com/search/pages/?q=Tienda%20De%20Ropa%20501%20Papalotla,"https://www.google.com/maps/search/?api=1&query=19.56207324,-98.85768222"
Anna Mary Boutique,Papalotla,ND,ND,ND,https://www.facebook.com/search/pages/?q=Anna%20Mary%20Boutique%20Papalotla,"https://www.google.com/maps/search/?api=1&query=19.56158773,-98.85780444"
Eleganza Boutique,Polotitlán,+52 427 266 0898,ND,https://wa.me/524272660898,https://www.facebook.com/search/pages/?q=Eleganza%20Boutique%20Polotitlán,"https://www.google.com/maps/search/?api=1&query=20.2247437,-99.8119065"
Moda Latina,Polotitlán,+52 55 4501 7968,ND,https://wa.me/525545017968,https://www.facebook.com/search/pages/?q=Moda%20Latina%20Polotitlán,"https://www.google.com/maps/search/?api=1&query=20.2253319,-99.811921"
Venta De Ropa Mex Moda,Rayón,+52 72 2677 5901,ND,https://wa.me/527226775901,https://www.facebook.com/search/pages/?q=Venta%20De%20Ropa%20Mex%20Moda%20Rayón,"https://www.google.com/maps/search/?api=1&query=19.145961,-99.58289724"
Pasarella Boutique Y Blancos,San Antonio la Isla,+52 72 2146 0514,ND,https://wa.me/527221460514,https://www.facebook.com/search/pages/?q=Pasarella%20Boutique%20Y%20Blancos%20San%20Antonio%20la%20Isla,"https://www.google.com/maps/search/?api=1&query=19.16429134,-99.5702093"
Boutique De Ropa Perita,San Felipe del Progreso,+52 71 2225 0873,esperanzamendoza86@icloud.com,https://wa.me/527122250873,https://www.facebook.com/search/pages/?q=Boutique%20De%20Ropa%20Perita%20San%20Felipe%20del%20Progreso,"https://www.google.com/maps/search/?api=1&query=19.6129128,-99.90875811"
Boutique D Pily,San Felipe del Progreso,+52 55 3074 8743,ND,https://wa.me/525530748743,https://www.facebook.com/search/pages/?q=Boutique%20D%20Pily%20San%20Felipe%20del%20Progreso,"https://www.google.com/maps/search/?api=1&query=19.71509676,-99.95228531"
Boutique Siempre Bella,San Felipe del Progreso,+52 55 3834 8774,ND,https://wa.me/525538348774,https://www.facebook.com/search/pages/?q=Boutique%20Siempre%20Bella%20San%20Felipe%20del%20Progreso,"https://www.google.com/maps/search/?api=1&query=19.6114056,-100.03132103"
Boutique Toque De Un Angel,San Felipe del Progreso,+52 71 2257 4129,ND,https://wa.me/527122574129,https://www.facebook.com/search/pages/?q=Boutique%20Toque%20De%20Un%20Angel%20San%20Felipe%20del%20Progreso,"https://www.google.com/maps/search/?api=1&query=19.71563856,-99.94939637"
Fashion Blass,San Felipe del Progreso,+52 71 2163 0241,ND,https://wa.me/527121630241,https://www.facebook.com/search/pages/?q=Fashion%20Blass%20San%20Felipe%20del%20Progreso,"https://www.google.com/maps/search/?api=1&query=19.71444057,-99.95131866"
Moda Y Accesorios Since 2021,San Felipe del Progreso,+52 77 3111 6699,ND,https://wa.me/527731116699,https://www.facebook.com/search/pages/?q=Moda%20Y%20Accesorios%20Since%202021%20San%20Felipe%20del%20Progreso,"https://www.google.com/maps/search/?api=1&query=19.71458944,-99.95334709"
Modas Gerizim,San Felipe del Progreso,+52 71 2149 3878,ND,https://wa.me/527121493878,https://www.facebook.com/search/pages/?q=Modas%20Gerizim%20San%20Felipe%20del%20Progreso,"https://www.google.com/maps/search/?api=1&query=19.63351611,-99.9261862"
Modas Leslie,San Felipe del Progreso,+52 72 2260 9632,ND,https://wa.me/527222609632,https://www.facebook.com/search/pages/?q=Modas%20Leslie%20San%20Felipe%20del%20Progreso,"https://www.google.com/maps/search/?api=1&query=19.71407357,-99.95152403"
Ohana Boutique,San Felipe del Progreso,+52 71 2200 1840,ND,https://wa.me/527122001840,https://www.facebook.com/search/pages/?q=Ohana%20Boutique%20San%20Felipe%20del%20Progreso,"https://www.google.com/maps/search/?api=1&query=19.71623047,-99.95094871"
Pop Moda,San Felipe del Progreso,+52 71 2160 3716,ND,https://wa.me/527121603716,https://www.facebook.com/search/pages/?q=Pop%20Moda%20San%20Felipe%20del%20Progreso,"https://www.google.com/maps/search/?api=1&query=19.71459284,-99.95154297"
Tienda De Ropa Fashion Blas,San Felipe del Progreso,+52 71 2183 6802,ND,https://wa.me/527121836802,https://www.facebook.com/search/pages/?q=Tienda%20De%20Ropa%20Fashion%20Blas%20San%20Felipe%20del%20Progreso,"https://www.google.com/maps/search/?api=1&query=19.71494431,-99.95070163"
Tienda De Ropa Moda Escenciales,San Felipe del Progreso,+52 71 2101 8961,ND,https://wa.me/527121018961,https://www.facebook.com/search/pages/?q=Tienda%20De%20Ropa%20Moda%20Escenciales%20San%20Felipe%20del%20Progreso,"https://www.google.com/maps/search/?api=1&query=19.60762794,-100.0011887"
Tienda De Ropa Modas Mairyn,San Felipe del Progreso,+52 71 2150 1314,ND,https://wa.me/527121501314,https://www.facebook.com/search/pages/?q=Tienda%20De%20Ropa%20Modas%20Mairyn%20San%20Felipe%20del%20Progreso,"https://www.google.com/maps/search/?api=1&query=19.7154213,-99.95021938"
Vivoras Tattoo Shop,San Felipe del Progreso,+52 71 2222 9705,ND,https://wa.me/527122229705,https://www.facebook.com/search/pages/?q=Vivoras%20Tattoo%20Shop%20San%20Felipe%20del%20Progreso,"https://www.google.com/maps/search/?api=1&query=19.71385523,-99.95269398"
Boutique Babel,San José del Rincón,+52 71 2107 4940,ND,https://wa.me/527121074940,https://www.facebook.com/search/pages/?q=Boutique%20Babel%20San%20José%20del%20Rincón,"https://www.google.com/maps/search/?api=1&query=19.66052391,-100.14740067"
Boutique Lucero,San José del Rincón,+52 71 2149 8830,ND,https://wa.me/527121498830,https://www.facebook.com/search/pages/?q=Boutique%20Lucero%20San%20José%20del%20Rincón,"https://www.google.com/maps/search/?api=1&query=19.66243136,-100.15126776"
Boutiquecom,San José del Rincón,+52 71 2160 3946,ND,https://wa.me/527121603946,https://www.facebook.com/search/pages/?q=Boutiquecom%20San%20José%20del%20Rincón,"https://www.google.com/maps/search/?api=1&query=19.66247158,-100.15487161"
Boutique Cristina,San Martín de las Pirámides,+52 55 6203 4862,ND,https://wa.me/525562034862,https://www.facebook.com/search/pages/?q=Boutique%20Cristina%20San%20Martín%20de%20las%20Pirámides,"https://www.google.com/maps/search/?api=1&query=19.70347672,-98.83550954"
Boutique Mimi,San Martín de las Pirámides,+52 55 4775 8615,ND,https://wa.me/525547758615,https://www.facebook.com/search/pages/?q=Boutique%20Mimi%20San%20Martín%20de%20las%20Pirámides,"https://www.google.com/maps/search/?api=1&query=19.71040141,-98.83695704"
Boutique San Martin,San Martín de las Pirámides,+52 55 9564 8078,ND,https://wa.me/525595648078,https://www.facebook.com/search/pages/?q=Boutique%20San%20Martin%20San%20Martín%20de%20las%20Pirámides,"https://www.google.com/maps/search/?api=1&query=19.70396759,-98.83520656"
Boutique Viky,San Martín de las Pirámides,+52 55 3452 7567,ND,https://wa.me/525534527567,https://www.facebook.com/search/pages/?q=Boutique%20Viky%20San%20Martín%20de%20las%20Pirámides,"https://www.google.com/maps/search/?api=1&query=19.70246058,-98.83588831"
Mis Boutique,San Martín de las Pirámides,+52 55 8478 3772,ND,https://wa.me/525584783772,https://www.facebook.com/search/pages/?q=Mis%20Boutique%20San%20Martín%20de%20las%20Pirámides,"https://www.google.com/maps/search/?api=1&query=19.70111187,-98.83711482"
Modas Vicky,San Martín de las Pirámides,+52 55 3712 8695,ND,https://wa.me/525537128695,https://www.facebook.com/search/pages/?q=Modas%20Vicky%20San%20Martín%20de%20las%20Pirámides,"https://www.google.com/maps/search/?api=1&query=19.70582674,-98.83430652"
Ropa De Moda Lucy,San Martín de las Pirámides,+52 55 2883 5845,ND,https://wa.me/525528835845,https://www.facebook.com/search/pages/?q=Ropa%20De%20Moda%20Lucy%20San%20Martín%20de%20las%20Pirámides,"https://www.google.com/maps/search/?api=1&query=19.70592559,-98.83427474"
Venta De Ropa Boutique America Fashion,San Martín de las Pirámides,+52 56 1876 4982,ND,https://wa.me/525618764982,https://www.facebook.com/search/pages/?q=Venta%20De%20Ropa%20Boutique%20America%20Fashion%20San%20Martín%20de%20las%20Pirámides,"https://www.google.com/maps/search/?api=1&query=19.70376922,-98.83407589"
Boutique Un Cariñito Para Ti,San Mateo Atenco,+52 72 2160 3199,ethelgarciagtz3@yahoo.com.mx,https://wa.me/527221603199,https://www.facebook.com/search/pages/?q=Boutique%20Un%20Cariñito%20Para%20Ti%20San%20Mateo%20Atenco,"https://www.google.com/maps/search/?api=1&query=19.27904639,-99.5290264"
Venta De Ropa Boutique Davila,San Mateo Atenco,+52 56 1209 9912,davila335@gmail.com,https://wa.me/525612099912,https://www.facebook.com/search/pages/?q=Venta%20De%20Ropa%20Boutique%20Davila%20San%20Mateo%20Atenco,"https://www.google.com/maps/search/?api=1&query=19.26759082,-99.53126106"
Aby Boutique,San Mateo Atenco,+52 72 2621 4584,ND,https://wa.me/527226214584,https://www.facebook.com/search/pages/?q=Aby%20Boutique%20San%20Mateo%20Atenco,"https://www.google.com/maps/search/?api=1&query=19.26362737,-99.53239648"
Boutique Dafour Liz,San Mateo Atenco,+52 72 9652 1551,ND,https://wa.me/527296521551,https://www.facebook.com/search/pages/?q=Boutique%20Dafour%20Liz%20San%20Mateo%20Atenco,"https://www.google.com/maps/search/?api=1&query=19.26451578,-99.53242882"
Boutique Estilo 36,San Mateo Atenco,+52 72 2622 5030,ND,https://wa.me/527226225030,https://www.facebook.com/search/pages/?q=Boutique%20Estilo%2036%20San%20Mateo%20Atenco,"https://www.google.com/maps/search/?api=1&query=19.27205402,-99.55342023"
Boutique Lizety,San Mateo Atenco,+52 56 4479 2074,ND,https://wa.me/525644792074,https://www.facebook.com/search/pages/?q=Boutique%20Lizety%20San%20Mateo%20Atenco,"https://www.google.com/maps/search/?api=1&query=19.25992453,-99.52811684"
Boutique Velkos,San Mateo Atenco,+52 72 2647 6920,ND,https://wa.me/527226476920,https://www.facebook.com/search/pages/?q=Boutique%20Velkos%20San%20Mateo%20Atenco,"https://www.google.com/maps/search/?api=1&query=19.27662465,-99.53828214"
Habana Skate Shop,San Mateo Atenco,+52 72 2388 0875,ND,https://wa.me/527223880875,https://www.facebook.com/search/pages/?q=Habana%20Skate%20Shop%20San%20Mateo%20Atenco,"https://www.google.com/maps/search/?api=1&query=19.26454017,-99.52947473"
Heres & Fashion,San Mateo Atenco,+52 72 2360 2727,ND,https://wa.me/527223602727,https://www.facebook.com/search/pages/?q=Heres%20%26%20Fashion%20San%20Mateo%20Atenco,"https://www.google.com/maps/search/?api=1&query=19.26150691,-99.53174334"
Isabella Boutique,San Mateo Atenco,+52 72 2351 7332,ND,https://wa.me/527223517332,https://www.facebook.com/search/pages/?q=Isabella%20Boutique%20San%20Mateo%20Atenco,"https://www.google.com/maps/search/?api=1&query=19.26150438,-99.53166693"
Mareley Boutique,San Mateo Atenco,+52 72 2266 7080,ND,https://wa.me/527222667080,https://www.facebook.com/search/pages/?q=Mareley%20Boutique%20San%20Mateo%20Atenco,"https://www.google.com/maps/search/?api=1&query=19.26340902,-99.52916173"
Moda Y Elegancia Fashion Jaqui,San Mateo Atenco,+52 72 2885 1222,ND,https://wa.me/527228851222,https://www.facebook.com/search/pages/?q=Moda%20Y%20Elegancia%20Fashion%20Jaqui%20San%20Mateo%20Atenco,"https://www.google.com/maps/search/?api=1&query=19.269031,-99.53071032"
Modas Sandy,San Mateo Atenco,+52 72 9339 6154,ND,https://wa.me/527293396154,https://www.facebook.com/search/pages/?q=Modas%20Sandy%20San%20Mateo%20Atenco,"https://www.google.com/maps/search/?api=1&query=19.24643071,-99.53118123"
Pantalones De Mezclilla,San Mateo Atenco,+52 72 2884 1354,ND,https://wa.me/527228841354,https://www.facebook.com/search/pages/?q=Pantalones%20De%20Mezclilla%20San%20Mateo%20Atenco,"https://www.google.com/maps/search/?api=1&query=19.26147323,-99.53023672"
Pantalones De Mezclilla Para Dama,San Mateo Atenco,+52 72 2106 4517,ND,https://wa.me/527221064517,https://www.facebook.com/search/pages/?q=Pantalones%20De%20Mezclilla%20Para%20Dama%20San%20Mateo%20Atenco,"https://www.google.com/maps/search/?api=1&query=19.26451578,-99.53242882"
Ropa Para Dama Tu Moda,San Mateo Atenco,+52 72 2139 2404,ND,https://wa.me/527221392404,https://www.facebook.com/search/pages/?q=Ropa%20Para%20Dama%20Tu%20Moda%20San%20Mateo%20Atenco,"https://www.google.com/maps/search/?api=1&query=19.26414464,-99.53244601"
Tf Touch Fashion,San Mateo Atenco,+52 72 2378 8345,ND,https://wa.me/527223788345,https://www.facebook.com/search/pages/?q=Tf%20Touch%20Fashion%20San%20Mateo%20Atenco,"https://www.google.com/maps/search/?api=1&query=19.26547448,-99.53233137"
Tienda De Ropa Flamingo Shop,San Mateo Atenco,+52 72 2393 2971,ND,https://wa.me/527223932971,https://www.facebook.com/search/pages/?q=Tienda%20De%20Ropa%20Flamingo%20Shop%20San%20Mateo%20Atenco,"https://www.google.com/maps/search/?api=1&query=19.27851812,-99.53828561"
Tienda De Ropa Moda Chic,San Mateo Atenco,+52 72 9462 2703,ND,https://wa.me/527294622703,https://www.facebook.com/search/pages/?q=Tienda%20De%20Ropa%20Moda%20Chic%20San%20Mateo%20Atenco,"https://www.google.com/maps/search/?api=1&query=19.27183215,-99.53218258"
Venta De Ropa Modas Dany,San Mateo Atenco,+52 72 9481 5077,ND,https://wa.me/527294815077,https://www.facebook.com/search/pages/?q=Venta%20De%20Ropa%20Modas%20Dany%20San%20Mateo%20Atenco,"https://www.google.com/maps/search/?api=1&query=19.26888846,-99.53223191"
Oro y Miel Boutique,San Simón de Guerrero,+52 722 344 5760,ND,https://wa.me/527223445760,https://www.facebook.com/search/pages/?q=Oro%20y%20Miel%20Boutique%20San%20Simón%20de%20Guerrero,"https://www.google.com/maps/search/?api=1&query=19.0248438,-100.0096659"
Tienda De Ropa,San Simón de Guerrero,ND,ND,ND,https://www.facebook.com/search/pages/?q=Tienda%20De%20Ropa%20San%20Simón%20de%20Guerrero,"https://www.google.com/maps/search/?api=1&query=19.02268816,-100.00777014"
Mariana Store,Santo Tomás,+52 72 2101 1502,marimaya75@gmail.com,https://wa.me/527221011502,https://www.facebook.com/search/pages/?q=Mariana%20Store%20Santo%20Tomás,"https://www.google.com/maps/search/?api=1&query=19.18311,-100.26202551"
Tienda De Ropa Boutique Miriam Rodriguez,Soyaniquilpan de Juárez,+52 55 6232 3820,ND,https://wa.me/525562323820,https://www.facebook.com/search/pages/?q=Tienda%20De%20Ropa%20Boutique%20Miriam%20Rodriguez%20Soyaniquilpan%20de%20Juárez,"https://www.google.com/maps/search/?api=1&query=20.0117336,-99.52618035"
Tienda De Ropa Mas Moda,Soyaniquilpan de Juárez,+52 55 3440 2625,ND,https://wa.me/525534402625,https://www.facebook.com/search/pages/?q=Tienda%20De%20Ropa%20Mas%20Moda%20Soyaniquilpan%20de%20Juárez,"https://www.google.com/maps/search/?api=1&query=20.0149638,-99.53088961"
Boutique,Sultepec,+52 72 2794 4179,ND,https://wa.me/527227944179,https://www.facebook.com/search/pages/?q=Boutique%20Sultepec,"https://www.google.com/maps/search/?api=1&query=18.86006142,-99.96346413"
Tienda De Ropa,Sultepec,+52 72 2334 8000,ND,https://wa.me/527223348000,https://www.facebook.com/search/pages/?q=Tienda%20De%20Ropa%20Sultepec,"https://www.google.com/maps/search/?api=1&query=18.86194255,-99.96469615"
Boutique Grace,Tecámac,+52 55 3643 8039,arenita_gracekitty@hotmail.com,https://wa.me/525536438039,https://www.facebook.com/search/pages/?q=Boutique%20Grace%20Tecámac,"https://www.google.com/maps/search/?api=1&query=19.62551388,-99.03151447"
Boutike Dos Hearts,Tecámac,+52 55 7566 5824,ND,https://wa.me/525575665824,https://www.facebook.com/search/pages/?q=Boutike%20Dos%20Hearts%20Tecámac,"https://www.google.com/maps/search/?api=1&query=19.66421056,-99.01942363"
Boutique Annilandia,Tecámac,+52 55 6817 6118,ND,https://wa.me/525568176118,https://www.facebook.com/search/pages/?q=Boutique%20Annilandia%20Tecámac,"https://www.google.com/maps/search/?api=1&query=19.71047887,-98.97152553"
Boutique Beautiful,Tecámac,+52 55 1305 6865,ND,https://wa.me/525513056865,https://www.facebook.com/search/pages/?q=Boutique%20Beautiful%20Tecámac,"https://www.google.com/maps/search/?api=1&query=19.764642,-98.95392286"
Boutique Bel Collection,Tecámac,+52 55 4905 8469,ND,https://wa.me/525549058469,https://www.facebook.com/search/pages/?q=Boutique%20Bel%20Collection%20Tecámac,"https://www.google.com/maps/search/?api=1&query=19.67363515,-99.01965083"
Boutique Cami Pink,Tecámac,+52 55 3011 5717,ND,https://wa.me/525530115717,https://www.facebook.com/search/pages/?q=Boutique%20Cami%20Pink%20Tecámac,"https://www.google.com/maps/search/?api=1&query=19.70884894,-98.97387745"
Boutique Ciani,Tecámac,+52 55 2243 5949,ND,https://wa.me/525522435949,https://www.facebook.com/search/pages/?q=Boutique%20Ciani%20Tecámac,"https://www.google.com/maps/search/?api=1&query=19.68034439,-98.96932902"
Boutique De Ropa Y Pestañeria,Tecámac,+52 55 1311 7496,ND,https://wa.me/525513117496,https://www.facebook.com/search/pages/?q=Boutique%20De%20Ropa%20Y%20Pestañeria%20Tecámac,"https://www.google.com/maps/search/?api=1&query=19.77646027,-99.00139176"
Boutique De Viky,Tecámac,+52 55 1922 1306,ND,https://wa.me/525519221306,https://www.facebook.com/search/pages/?q=Boutique%20De%20Viky%20Tecámac,"https://www.google.com/maps/search/?api=1&query=19.65887196,-99.00999635"
Boutique Di Fashion,Tecámac,+52 55 4714 2732,ND,https://wa.me/525547142732,https://www.facebook.com/search/pages/?q=Boutique%20Di%20Fashion%20Tecámac,"https://www.google.com/maps/search/?api=1&query=19.67938092,-99.03126347"
Boutique Dulce,Tecámac,+52 55 7214 1336,ND,https://wa.me/525572141336,https://www.facebook.com/search/pages/?q=Boutique%20Dulce%20Tecámac,"https://www.google.com/maps/search/?api=1&query=19.66151183,-98.99296992"
Boutique Gova,Tecámac,+52 56 3601 3476,ND,https://wa.me/525636013476,https://www.facebook.com/search/pages/?q=Boutique%20Gova%20Tecámac,"https://www.google.com/maps/search/?api=1&query=19.7593791,-98.96769828"
Boutique Hs,Tecámac,+52 55 7464 7749,ND,https://wa.me/525574647749,https://www.facebook.com/search/pages/?q=Boutique%20Hs%20Tecámac,"https://www.google.com/maps/search/?api=1&query=19.67939431,-99.03148326"
Boutique J&M,Tecámac,+52 55 6760 4183,ND,https://wa.me/525567604183,https://www.facebook.com/search/pages/?q=Boutique%20J%26M%20Tecámac,"https://www.google.com/maps/search/?api=1&query=19.6709782,-99.00804037"
Boutique Lady Fashion,Tecámac,+52 55 7959 6985,ND,https://wa.me/525579596985,https://www.facebook.com/search/pages/?q=Boutique%20Lady%20Fashion%20Tecámac,"https://www.google.com/maps/search/?api=1&query=19.62092006,-99.0348124"
Boutique Maria Isabel,Tecámac,+52 55 2068 6510,ND,https://wa.me/525520686510,https://www.facebook.com/search/pages/?q=Boutique%20Maria%20Isabel%20Tecámac,"https://www.google.com/maps/search/?api=1&query=19.62214822,-99.03135245"
Boutique Michelle,Tecámac,+52 55 5932 3154,ND,https://wa.me/525559323154,https://www.facebook.com/search/pages/?q=Boutique%20Michelle%20Tecámac,"https://www.google.com/maps/search/?api=1&query=19.67549714,-99.03035981"
Boutique Mis Angelitos,Tecámac,+52 55 3103 2163,ND,https://wa.me/525531032163,https://www.facebook.com/search/pages/?q=Boutique%20Mis%20Angelitos%20Tecámac,"https://www.google.com/maps/search/?api=1&query=19.71200093,-98.97307385"
Boutique Niza,Tecámac,+52 55 4969 8884,ND,https://wa.me/525549698884,https://www.facebook.com/search/pages/?q=Boutique%20Niza%20Tecámac,"https://www.google.com/maps/search/?api=1&query=19.66803476,-99.01847874"
Boutique Patilu,Tecámac,+52 55 4638 1330,ND,https://wa.me/525546381330,https://www.facebook.com/search/pages/?q=Boutique%20Patilu%20Tecámac,"https://www.google.com/maps/search/?api=1&query=19.69324546,-99.00862126"
Boutique Petit Cadeau,Tecámac,+52 56 1444 9782,ND,https://wa.me/525614449782,https://www.facebook.com/search/pages/?q=Boutique%20Petit%20Cadeau%20Tecámac,"https://www.google.com/maps/search/?api=1&query=19.65227522,-99.02881665"
Boutique Renew,Tecámac,+52 62 4229 3307,ND,https://wa.me/526242293307,https://www.facebook.com/search/pages/?q=Boutique%20Renew%20Tecámac,"https://www.google.com/maps/search/?api=1&query=19.70957992,-98.97201777"
Boutique Sarita,Tecámac,+52 56 3530 9345,ND,https://wa.me/525635309345,https://www.facebook.com/search/pages/?q=Boutique%20Sarita%20Tecámac,"https://www.google.com/maps/search/?api=1&query=19.62854275,-99.03569387"
Boutique Segura Carmelo,Tecámac,+52 55 3032 8152,ND,https://wa.me/525530328152,https://www.facebook.com/search/pages/?q=Boutique%20Segura%20Carmelo%20Tecámac,"https://www.google.com/maps/search/?api=1&query=19.66062088,-99.03429789"
Boutique Star,Tecámac,+52 55 2666 9453,ND,https://wa.me/525526669453,https://www.facebook.com/search/pages/?q=Boutique%20Star%20Tecámac,"https://www.google.com/maps/search/?api=1&query=19.68077053,-99.03355651"
Boutique Yadira,Tecámac,+52 55 8699 4765,ND,https://wa.me/525586994765,https://www.facebook.com/search/pages/?q=Boutique%20Yadira%20Tecámac,"https://www.google.com/maps/search/?api=1&query=19.65940468,-99.00991714"
Boutique Yaretzi,Tecámac,+52 56 1834 4039,ND,https://wa.me/525618344039,https://www.facebook.com/search/pages/?q=Boutique%20Yaretzi%20Tecámac,"https://www.google.com/maps/search/?api=1&query=19.68743312,-98.97351074"
Dany C Boutique,Tecámac,+52 55 4131 0610,ND,https://wa.me/525541310610,https://www.facebook.com/search/pages/?q=Dany%20C%20Boutique%20Tecámac,"https://www.google.com/maps/search/?api=1&query=19.75566161,-98.95989692"
El Palacio De La Moda,Tecámac,+52 55 1071 3643,ND,https://wa.me/525510713643,https://www.facebook.com/search/pages/?q=El%20Palacio%20De%20La%20Moda%20Tecámac,"https://www.google.com/maps/search/?api=1&query=19.77389462,-98.9826652"
Grupo Ostore,Tecámac,+52 55 5938 8270,ND,https://wa.me/525559388270,https://www.facebook.com/search/pages/?q=Grupo%20Ostore%20Tecámac,"https://www.google.com/maps/search/?api=1&query=19.68773469,-98.9906067"
Kailyn Boutique,Tecámac,+52 56 2357 9076,ND,https://wa.me/525623579076,https://www.facebook.com/search/pages/?q=Kailyn%20Boutique%20Tecámac,"https://www.google.com/maps/search/?api=1&query=19.77393467,-98.980799"
Mi Propio Estilo Boutique,Tecámac,+52 56 1141 4525,ND,https://wa.me/525611414525,https://www.facebook.com/search/pages/?q=Mi%20Propio%20Estilo%20Boutique%20Tecámac,"https://www.google.com/maps/search/?api=1&query=19.68268985,-98.96693291"
Modas Britani,Tecámac,+52 55 1782 3238,ND,https://wa.me/525517823238,https://www.facebook.com/search/pages/?q=Modas%20Britani%20Tecámac,"https://www.google.com/maps/search/?api=1&query=19.68711417,-98.97440686"
Modas Naomi,Tecámac,+52 55 7795 8576,ND,https://wa.me/525577958576,https://www.facebook.com/search/pages/?q=Modas%20Naomi%20Tecámac,"https://www.google.com/maps/search/?api=1&query=19.67816389,-98.98389331"
Shannys Boutique,Tecámac,+52 55 6217 3023,ND,https://wa.me/525562173023,https://www.facebook.com/search/pages/?q=Shannys%20Boutique%20Tecámac,"https://www.google.com/maps/search/?api=1&query=19.67495228,-99.02946364"
The King Of Shop,Tecámac,+52 55 2997 1035,ND,https://wa.me/525529971035,https://www.facebook.com/search/pages/?q=The%20King%20Of%20Shop%20Tecámac,"https://www.google.com/maps/search/?api=1&query=19.62176471,-99.03407096"
Tienda De Pantalones De Mezclilla Rvainz S,Tecámac,+52 56 1647 3547,ND,https://wa.me/525616473547,https://www.facebook.com/search/pages/?q=Tienda%20De%20Pantalones%20De%20Mezclilla%20Rvainz%20S%20Tecámac,"https://www.google.com/maps/search/?api=1&query=19.71309447,-98.97403903"
Tienda De Ropa Fashion Shop Matilda,Tecámac,+52 55 7987 6826,ND,https://wa.me/525579876826,https://www.facebook.com/search/pages/?q=Tienda%20De%20Ropa%20Fashion%20Shop%20Matilda%20Tecámac,"https://www.google.com/maps/search/?api=1&query=19.67397685,-99.01740339"
Tienda De Ropa Shopping Salgados Team,Tecámac,+52 55 4723 9735,ND,https://wa.me/525547239735,https://www.facebook.com/search/pages/?q=Tienda%20De%20Ropa%20Shopping%20Salgados%20Team%20Tecámac,"https://www.google.com/maps/search/?api=1&query=19.67643605,-99.03251198"
Venta De Ropa Fashion And Boutique,Tecámac,+52 55 3625 3029,ND,https://wa.me/525536253029,https://www.facebook.com/search/pages/?q=Venta%20De%20Ropa%20Fashion%20And%20Boutique%20Tecámac,"https://www.google.com/maps/search/?api=1&query=19.6529808,-98.99405787"
X Boutique,Tecámac,+52 55 3007 3392,ND,https://wa.me/525530073392,https://www.facebook.com/search/pages/?q=X%20Boutique%20Tecámac,"https://www.google.com/maps/search/?api=1&query=19.66194416,-98.99740048"
Zombie Cat Shop,Tecámac,+52 55 2385 2790,ND,https://wa.me/525523852790,https://www.facebook.com/search/pages/?q=Zombie%20Cat%20Shop%20Tecámac,"https://www.google.com/maps/search/?api=1&query=19.71197912,-98.96843717"
Boutique Its Cute,Tejupilco,+52 72 2349 5161,rouus1906sanchez@gmail.com,https://wa.me/527223495161,https://www.facebook.com/search/pages/?q=Boutique%20Its%20Cute%20Tejupilco,"https://www.google.com/maps/search/?api=1&query=18.90434565,-100.15147116"
Boutique Pasion Por La Moda,Tejupilco,+52 72 2512 8873,ND,https://wa.me/527225128873,https://WWW.FAMODABOUTIQUE.COM/,"https://www.google.com/maps/search/?api=1&query=18.89239817,-100.14207006"
Boutique Anabel,Tejupilco,+52 72 2125 0194,ND,https://wa.me/527221250194,https://www.facebook.com/search/pages/?q=Boutique%20Anabel%20Tejupilco,"https://www.google.com/maps/search/?api=1&query=18.90625206,-100.1592241"
Boutique Car,Tejupilco,+52 72 2781 2627,ND,https://wa.me/527227812627,https://www.facebook.com/search/pages/?q=Boutique%20Car%20Tejupilco,"https://www.google.com/maps/search/?api=1&query=18.91611121,-100.14549117"
Boutique D Tere,Tejupilco,+52 72 4267 4148,ND,https://wa.me/527242674148,https://www.facebook.com/search/pages/?q=Boutique%20D%20Tere%20Tejupilco,"https://www.google.com/maps/search/?api=1&query=18.90631442,-100.15383475"
Boutique Mm Moda De Mujer,Tejupilco,+52 72 2294 7332,ND,https://wa.me/527222947332,https://www.facebook.com/search/pages/?q=Boutique%20Mm%20Moda%20De%20Mujer%20Tejupilco,"https://www.google.com/maps/search/?api=1&query=18.89867066,-100.14856583"
Boutique Moon,Tejupilco,+52 72 2206 9676,ND,https://wa.me/527222069676,https://www.facebook.com/search/pages/?q=Boutique%20Moon%20Tejupilco,"https://www.google.com/maps/search/?api=1&query=18.90760183,-100.15416999"
Boutique New Fashion,Tejupilco,+52 72 2671 2291,ND,https://wa.me/527226712291,https://www.facebook.com/search/pages/?q=Boutique%20New%20Fashion%20Tejupilco,"https://www.google.com/maps/search/?api=1&query=18.89965552,-100.14911382"
Boutique R Y V Las Hermanas,Tejupilco,+52 72 2650 0083,ND,https://wa.me/527226500083,https://www.facebook.com/search/pages/?q=Boutique%20R%20Y%20V%20Las%20Hermanas%20Tejupilco,"https://www.google.com/maps/search/?api=1&query=18.89801218,-100.15037909"
Boutique Saris,Tejupilco,+52 72 2154 3007,ND,https://wa.me/527221543007,https://www.facebook.com/search/pages/?q=Boutique%20Saris%20Tejupilco,"https://www.google.com/maps/search/?api=1&query=18.90095627,-100.14969756"
Fashion Closet,Tejupilco,+52 72 2783 5017,ND,https://wa.me/527227835017,https://www.facebook.com/search/pages/?q=Fashion%20Closet%20Tejupilco,"https://www.google.com/maps/search/?api=1&query=18.92010503,-100.14556796"
Ladies Fashion La Roap,Tejupilco,+52 72 2847 4802,ND,https://wa.me/527228474802,https://www.facebook.com/search/pages/?q=Ladies%20Fashion%20La%20Roap%20Tejupilco,"https://www.google.com/maps/search/?api=1&query=18.92006486,-100.14313466"
Moda Coqueta,Tejupilco,+52 72 2670 2236,ND,https://wa.me/527226702236,https://www.facebook.com/search/pages/?q=Moda%20Coqueta%20Tejupilco,"https://www.google.com/maps/search/?api=1&query=18.90732148,-100.15423809"
Modas Leon,Tejupilco,+52 55 6103 3961,ND,https://wa.me/525561033961,https://www.facebook.com/search/pages/?q=Modas%20Leon%20Tejupilco,"https://www.google.com/maps/search/?api=1&query=18.90634133,-100.15468117"
Modas Yeraldin,Tejupilco,+52 72 2148 0853,ND,https://wa.me/527221480853,https://www.facebook.com/search/pages/?q=Modas%20Yeraldin%20Tejupilco,"https://www.google.com/maps/search/?api=1&query=18.90148008,-100.15107381"
Tienda De Ropa Para Dama Moda Jazmin,Tejupilco,+52 72 2846 1020,ND,https://wa.me/527228461020,https://www.facebook.com/search/pages/?q=Tienda%20De%20Ropa%20Para%20Dama%20Moda%20Jazmin%20Tejupilco,"https://www.google.com/maps/search/?api=1&query=18.90803204,-100.1539254"
Tienda Deropa Fashion Even Ezer,Tejupilco,+52 72 2356 5754,ND,https://wa.me/527223565754,https://www.facebook.com/search/pages/?q=Tienda%20Deropa%20Fashion%20Even%20Ezer%20Tejupilco,"https://www.google.com/maps/search/?api=1&query=18.90421926,-100.1517246"
Boutique Tema,Temamatla,+52 55 2478 6380,ND,https://wa.me/525524786380,https://www.facebook.com/search/pages/?q=Boutique%20Tema%20Temamatla,"https://www.google.com/maps/search/?api=1&query=19.19988696,-98.87038739"
Boutique De Vero,Temascalapa,+52 55 4303 4609,ND,https://wa.me/525543034609,https://www.facebook.com/search/pages/?q=Boutique%20De%20Vero%20Temascalapa,"https://www.google.com/maps/search/?api=1&query=19.82870379,-98.90478597"
Boutique De Yaz,Temascalapa,+52 55 6491 8400,ND,https://wa.me/525564918400,https://www.facebook.com/search/pages/?q=Boutique%20De%20Yaz%20Temascalapa,"https://www.google.com/maps/search/?api=1&query=19.883476,-98.86199671"
Boutique Kanieth,Temascalapa,+52 55 8779 6114,ND,https://wa.me/525587796114,https://www.facebook.com/search/pages/?q=Boutique%20Kanieth%20Temascalapa,"https://www.google.com/maps/search/?api=1&query=19.80667087,-98.85072836"
Boutique Marina,Temascalapa,+52 55 1369 1437,ND,https://wa.me/525513691437,https://www.facebook.com/search/pages/?q=Boutique%20Marina%20Temascalapa,"https://www.google.com/maps/search/?api=1&query=19.883849,-98.85869189"
Boutique Richel,Temascalapa,+52 55 3594 6953,ND,https://wa.me/525535946953,https://www.facebook.com/search/pages/?q=Boutique%20Richel%20Temascalapa,"https://www.google.com/maps/search/?api=1&query=19.88608705,-98.86930892"
Boutique Yece,Temascalapa,+52 55 8456 4601,ND,https://wa.me/525584564601,https://www.facebook.com/search/pages/?q=Boutique%20Yece%20Temascalapa,"https://www.google.com/maps/search/?api=1&query=19.8839358,-98.86324227"
Moda Casual Tere,Temascalapa,+52 55 1032 1356,ND,https://wa.me/525510321356,https://www.facebook.com/search/pages/?q=Moda%20Casual%20Tere%20Temascalapa,"https://www.google.com/maps/search/?api=1&query=19.88391118,-98.86125586"
Boutique Shein,Temascalcingo,+52 71 2215 5154,ND,https://wa.me/527122155154,https://www.facebook.com/search/pages/?q=Boutique%20Shein%20Temascalcingo,"https://www.google.com/maps/search/?api=1&query=19.91814396,-100.00559046"
Coco Boutique,Temascalcingo,+52 71 2170 5152,ND,https://wa.me/527121705152,https://www.facebook.com/search/pages/?q=Coco%20Boutique%20Temascalcingo,"https://www.google.com/maps/search/?api=1&query=19.91701991,-100.00292119"
Moda Casual Farfan,Temascalcingo,+52 71 2108 9680,ND,https://wa.me/527121089680,https://www.facebook.com/search/pages/?q=Moda%20Casual%20Farfan%20Temascalcingo,"https://www.google.com/maps/search/?api=1&query=19.91555796,-100.00395312"
Boutique Santana,Temascaltepec,+52 72 2663 9298,ND,https://wa.me/527226639298,https://www.facebook.com/search/pages/?q=Boutique%20Santana%20Temascaltepec,"https://www.google.com/maps/search/?api=1&query=19.04476435,-100.04942633"
Boutique De Shein,Temoaya,+52 55 6124 5301,ND,https://wa.me/525561245301,https://www.facebook.com/search/pages/?q=Boutique%20De%20Shein%20Temoaya,"https://www.google.com/maps/search/?api=1&query=19.4075467,-99.57688674"
Modas Ender,Temoaya,+52 71 2112 1052,ND,https://wa.me/527121121052,https://www.facebook.com/search/pages/?q=Modas%20Ender%20Temoaya,"https://www.google.com/maps/search/?api=1&query=19.46780223,-99.59420981"
Alaias Store,Tenancingo,+52 72 2459 4147,ND,https://wa.me/527224594147,https://www.facebook.com/search/pages/?q=Alaias%20Store%20Tenancingo,"https://www.google.com/maps/search/?api=1&query=18.96278264,-99.59261214"
Amapola Boutique,Tenancingo,+52 55 4877 5711,ND,https://wa.me/525548775711,https://www.facebook.com/search/pages/?q=Amapola%20Boutique%20Tenancingo,"https://www.google.com/maps/search/?api=1&query=18.96296808,-99.58968681"
Boutique Luigys,Tenancingo,+52 72 2538 4720,ND,https://wa.me/527225384720,https://www.facebook.com/search/pages/?q=Boutique%20Luigys%20Tenancingo,"https://www.google.com/maps/search/?api=1&query=18.96275202,-99.59198425"
Linda Fashion Boutique,Tenancingo,+52 72 2412 3987,ND,https://wa.me/527224123987,https://www.facebook.com/search/pages/?q=Linda%20Fashion%20Boutique%20Tenancingo,"https://www.google.com/maps/search/?api=1&query=18.96270965,-99.59358607"
Mariah Boutique,Tenancingo,+52 72 9570 2250,ND,https://wa.me/527295702250,https://www.facebook.com/search/pages/?q=Mariah%20Boutique%20Tenancingo,"https://www.google.com/maps/search/?api=1&query=18.96192895,-99.59040902"
Marys Boutique,Tenancingo,+52 72 2264 8719,ND,https://wa.me/527222648719,https://www.facebook.com/search/pages/?q=Marys%20Boutique%20Tenancingo,"https://www.google.com/maps/search/?api=1&query=18.96276739,-99.59182214"
Moda Yaz,Tenancingo,+52 72 2303 6866,ND,https://wa.me/527223036866,https://www.facebook.com/search/pages/?q=Moda%20Yaz%20Tenancingo,"https://www.google.com/maps/search/?api=1&query=18.96150914,-99.59141369"
Queens Moda Y Accesorios,Tenancingo,+52 72 2904 5529,ND,https://wa.me/527229045529,https://www.facebook.com/search/pages/?q=Queens%20Moda%20Y%20Accesorios%20Tenancingo,"https://www.google.com/maps/search/?api=1&query=18.96154245,-99.59567001"
Boutique Maxari,Tenango del Aire,+52 55 4592 7704,ND,https://wa.me/525545927704,https://www.facebook.com/search/pages/?q=Boutique%20Maxari%20Tenango%20del%20Aire,"https://www.google.com/maps/search/?api=1&query=19.15671385,-98.8611015"
Modas Lus Jaemi Venta De Ropa,Tenango del Valle,+52 71 3103 7335,ND,https://wa.me/527131037335,https://www.facebook.com/search/pages/?q=Modas%20Lus%20Jaemi%20Venta%20De%20Ropa%20Tenango%20del%20Valle,"https://www.google.com/maps/search/?api=1&query=19.10309709,-99.59102895"
Ropa De Moda Jireh,Tenango del Valle,+52 72 9349 6363,ND,https://wa.me/527293496363,https://www.facebook.com/search/pages/?q=Ropa%20De%20Moda%20Jireh%20Tenango%20del%20Valle,"https://www.google.com/maps/search/?api=1&query=19.05993887,-99.54918945"
If Jeans,Teoloyucan,+52 55 4367 0778,nancyclcfpi@gmail.com,https://wa.me/525543670778,https://www.facebook.com/search/pages/?q=If%20Jeans%20Teoloyucan,"https://www.google.com/maps/search/?api=1&query=19.74558686,-99.18060977"
Modas Colibri,Teoloyucan,+52 55 4949 1107,colibri261282@gmail.com,https://wa.me/525549491107,https://www.facebook.com/search/pages/?q=Modas%20Colibri%20Teoloyucan,"https://www.google.com/maps/search/?api=1&query=19.74686304,-99.18228733"
America Fashion,Teoloyucan,+52 56 2468 7703,ND,https://wa.me/525624687703,https://www.facebook.com/search/pages/?q=America%20Fashion%20Teoloyucan,"https://www.google.com/maps/search/?api=1&query=19.74487293,-99.17898463"
Boutique De Ropa De Dama,Teoloyucan,+52 55 8221 0982,ND,https://wa.me/525582210982,https://www.facebook.com/search/pages/?q=Boutique%20De%20Ropa%20De%20Dama%20Teoloyucan,"https://www.google.com/maps/search/?api=1&query=19.74523888,-99.17952318"
Boutique Diana,Teoloyucan,+52 55 1098 0918,ND,https://wa.me/525510980918,https://www.facebook.com/search/pages/?q=Boutique%20Diana%20Teoloyucan,"https://www.google.com/maps/search/?api=1&query=19.75437186,-99.1609649"
Boutique El Puente,Teoloyucan,+52 55 6520 7865,ND,https://wa.me/525565207865,https://www.facebook.com/search/pages/?q=Boutique%20El%20Puente%20Teoloyucan,"https://www.google.com/maps/search/?api=1&query=19.7552831,-99.19272244"
Boutique Estudio E,Teoloyucan,+52 46 2261 5712,ND,https://wa.me/524622615712,https://www.facebook.com/search/pages/?q=Boutique%20Estudio%20E%20Teoloyucan,"https://www.google.com/maps/search/?api=1&query=19.75386105,-99.16121894"
Boutique Evelin,Teoloyucan,+52 55 1879 7771,ND,https://wa.me/525518797771,https://www.facebook.com/search/pages/?q=Boutique%20Evelin%20Teoloyucan,"https://www.google.com/maps/search/?api=1&query=19.76326185,-99.19583437"
Boutique La Maneras Cool Fe Vestir,Teoloyucan,+52 56 3286 9514,ND,https://wa.me/525632869514,https://www.facebook.com/search/pages/?q=Boutique%20La%20Maneras%20Cool%20Fe%20Vestir%20Teoloyucan,"https://www.google.com/maps/search/?api=1&query=19.75079358,-99.16250079"
Boutique Mi Bella Ella,Teoloyucan,+52 55 2051 8792,ND,https://wa.me/525520518792,https://www.facebook.com/search/pages/?q=Boutique%20Mi%20Bella%20Ella%20Teoloyucan,"https://www.google.com/maps/search/?api=1&query=19.744616,-99.17917563"
Boutique Princess,Teoloyucan,+52 55 7172 7075,ND,https://wa.me/525571727075,https://www.facebook.com/search/pages/?q=Boutique%20Princess%20Teoloyucan,"https://www.google.com/maps/search/?api=1&query=19.75033779,-99.16260768"
Boutique Rosy,Teoloyucan,+52 56 2412 6599,ND,https://wa.me/525624126599,https://www.facebook.com/search/pages/?q=Boutique%20Rosy%20Teoloyucan,"https://www.google.com/maps/search/?api=1&query=19.75367178,-99.159733"
Boutique Rubi,Teoloyucan,+52 55 2566 9373,ND,https://wa.me/525525669373,https://www.facebook.com/search/pages/?q=Boutique%20Rubi%20Teoloyucan,"https://www.google.com/maps/search/?api=1&query=19.75644719,-99.1603897"
Boutique Rubi,Teoloyucan,+52 55 7804 0684,ND,https://wa.me/525578040684,https://www.facebook.com/search/pages/?q=Boutique%20Rubi%20Teoloyucan,"https://www.google.com/maps/search/?api=1&query=19.7539326,-99.16119625"
Imabe Boutique,Teoloyucan,+52 55 6628 7722,ND,https://wa.me/525566287722,https://www.facebook.com/search/pages/?q=Imabe%20Boutique%20Teoloyucan,"https://www.google.com/maps/search/?api=1&query=19.75032408,-99.15393365"
Iris Boutique,Teoloyucan,+52 56 1810 2785,ND,https://wa.me/525618102785,https://www.facebook.com/search/pages/?q=Iris%20Boutique%20Teoloyucan,"https://www.google.com/maps/search/?api=1&query=19.74803529,-99.18260726"
Modas Erika,Teoloyucan,+52 55 4841 3876,ND,https://wa.me/525548413876,https://www.facebook.com/search/pages/?q=Modas%20Erika%20Teoloyucan,"https://www.google.com/maps/search/?api=1&query=19.74612236,-99.18252298"
Modas Lupita,Teoloyucan,+52 55 3644 2303,ND,https://wa.me/525536442303,https://www.facebook.com/search/pages/?q=Modas%20Lupita%20Teoloyucan,"https://www.google.com/maps/search/?api=1&query=19.74684435,-99.18216325"
Ropa American Fashion,Teoloyucan,+52 56 2468 7783,ND,https://wa.me/525624687783,https://www.facebook.com/search/pages/?q=Ropa%20American%20Fashion%20Teoloyucan,"https://www.google.com/maps/search/?api=1&query=19.74668017,-99.18156325"
Vd Jeans,Teoloyucan,+52 55 8539 0464,ND,https://wa.me/525585390464,https://www.facebook.com/search/pages/?q=Vd%20Jeans%20Teoloyucan,"https://www.google.com/maps/search/?api=1&query=19.74603855,-99.182131"
Bella Boutique Tienda De Ropa,Teotihuacán,+52 55 1363 4970,ND,https://wa.me/525513634970,https://www.facebook.com/search/pages/?q=Bella%20Boutique%20Tienda%20De%20Ropa%20Teotihuacán,"https://www.google.com/maps/search/?api=1&query=19.68883562,-98.83574994"
Boutique Aldiar,Teotihuacán,+52 55 7450 2590,ND,https://wa.me/525574502590,https://www.facebook.com/search/pages/?q=Boutique%20Aldiar%20Teotihuacán,"https://www.google.com/maps/search/?api=1&query=19.68586037,-98.87005795"
Boutique Alem S,Teotihuacán,+52 59 4956 8165,ND,https://wa.me/525949568165,https://www.facebook.com/search/pages/?q=Boutique%20Alem%20S%20Teotihuacán,"https://www.google.com/maps/search/?api=1&query=19.6858384,-98.86711921"
Boutique Denisse,Teotihuacán,+52 55 4098 7094,ND,https://wa.me/525540987094,https://www.facebook.com/search/pages/?q=Boutique%20Denisse%20Teotihuacán,"https://www.google.com/maps/search/?api=1&query=19.68331125,-98.86333046"
Boutique Mayumi Chic,Teotihuacán,+52 56 2133 5804,ND,https://wa.me/525621335804,https://www.facebook.com/search/pages/?q=Boutique%20Mayumi%20Chic%20Teotihuacán,"https://www.google.com/maps/search/?api=1&query=19.69034329,-98.86173172"
Boutique Moda Y Estilo By Maris,Teotihuacán,+52 55 4091 7574,ND,https://wa.me/525540917574,https://www.facebook.com/search/pages/?q=Boutique%20Moda%20Y%20Estilo%20By%20Maris%20Teotihuacán,"https://www.google.com/maps/search/?api=1&query=19.68576504,-98.87021298"
Boutique Nava,Teotihuacán,+52 55 1791 9756,ND,https://wa.me/525517919756,https://www.facebook.com/search/pages/?q=Boutique%20Nava%20Teotihuacán,"https://www.google.com/maps/search/?api=1&query=19.68661567,-98.89299926"
Madane Boutique,Teotihuacán,+52 56 2665 5999,ND,https://wa.me/525626655999,https://www.facebook.com/search/pages/?q=Madane%20Boutique%20Teotihuacán,"https://www.google.com/maps/search/?api=1&query=19.68584199,-98.86687072"
Tienda De Ropa Boutique M Y D,Teotihuacán,+52 55 1645 0115,ND,https://wa.me/525516450115,https://www.facebook.com/search/pages/?q=Tienda%20De%20Ropa%20Boutique%20M%20Y%20D%20Teotihuacán,"https://www.google.com/maps/search/?api=1&query=19.68636091,-98.86943296"
Torres Boutique,Teotihuacán,+52 55 6464 3959,ND,https://wa.me/525564643959,https://www.facebook.com/search/pages/?q=Torres%20Boutique%20Teotihuacán,"https://www.google.com/maps/search/?api=1&query=19.68638739,-98.86795924"
Accesorios Y Yelisa Boutique,Tepetlaoxtoc,+52 55 7431 4530,ND,https://wa.me/525574314530,https://www.facebook.com/search/pages/?q=Accesorios%20Y%20Yelisa%20Boutique%20Tepetlaoxtoc,"https://www.google.com/maps/search/?api=1&query=19.57140923,-98.82055907"
Boutique Cecilia Salazar,Tepetlaoxtoc,+52 59 5109 9279,ND,https://wa.me/525951099279,https://www.facebook.com/search/pages/?q=Boutique%20Cecilia%20Salazar%20Tepetlaoxtoc,"https://www.google.com/maps/search/?api=1&query=19.54123444,-98.74741199"
Boutique Dana Ale,Tepetlaoxtoc,+52 55 6774 8273,ND,https://wa.me/525567748273,https://www.facebook.com/search/pages/?q=Boutique%20Dana%20Ale%20Tepetlaoxtoc,"https://www.google.com/maps/search/?api=1&query=19.58255448,-98.84798067"
Boutique La Nena,Tepetlaoxtoc,+52 55 4079 3083,ND,https://wa.me/525540793083,https://www.facebook.com/search/pages/?q=Boutique%20La%20Nena%20Tepetlaoxtoc,"https://www.google.com/maps/search/?api=1&query=19.57556566,-98.81483958"
La Boutique,Tepetlaoxtoc,+52 55 1748 4477,ND,https://wa.me/525517484477,https://www.facebook.com/search/pages/?q=La%20Boutique%20Tepetlaoxtoc,"https://www.google.com/maps/search/?api=1&query=19.57328629,-98.81952892"
Aimes Boutique,Tepetlixpa,+52 55 2329 6050,ND,https://wa.me/525523296050,https://www.facebook.com/search/pages/?q=Aimes%20Boutique%20Tepetlixpa,"https://www.google.com/maps/search/?api=1&query=19.02656813,-98.81906718"
Boutique Furby,Tepetlixpa,+52 55 7371 1590,ND,https://wa.me/525573711590,https://www.facebook.com/search/pages/?q=Boutique%20Furby%20Tepetlixpa,"https://www.google.com/maps/search/?api=1&query=19.02911515,-98.81811932"
Boutique Varelas Shop,Tepetlixpa,+52 55 4458 4352,ND,https://wa.me/525544584352,https://www.facebook.com/search/pages/?q=Boutique%20Varelas%20Shop%20Tepetlixpa,"https://www.google.com/maps/search/?api=1&query=19.02590292,-98.81798989"
Boutique After,Tepotzotlán,+52 55 4215 0511,ND,https://wa.me/525542150511,https://www.facebook.com/search/pages/?q=Boutique%20After%20Tepotzotlán,"https://www.google.com/maps/search/?api=1&query=19.72132304,-99.2262119"
Boutique Dme,Tepotzotlán,+52 56 3002 2484,ND,https://wa.me/525630022484,https://www.facebook.com/search/pages/?q=Boutique%20Dme%20Tepotzotlán,"https://www.google.com/maps/search/?api=1&query=19.71145545,-99.22408246"
Boutique Mujer Bonita,Tepotzotlán,+52 55 3272 8868,ND,https://wa.me/525532728868,https://www.facebook.com/search/pages/?q=Boutique%20Mujer%20Bonita%20Tepotzotlán,"https://www.google.com/maps/search/?api=1&query=19.71346571,-99.22426016"
Boutique Sary Shein,Tepotzotlán,+52 55 8353 6338,ND,https://wa.me/525583536338,https://www.facebook.com/search/pages/?q=Boutique%20Sary%20Shein%20Tepotzotlán,"https://www.google.com/maps/search/?api=1&query=19.69886322,-99.33467619"
Boutique Sn Mateo,Tepotzotlán,+52 55 3935 0671,ND,https://wa.me/525539350671,https://www.facebook.com/search/pages/?q=Boutique%20Sn%20Mateo%20Tepotzotlán,"https://www.google.com/maps/search/?api=1&query=19.70447498,-99.24335109"
Boutique Vick,Tepotzotlán,+52 55 3046 5033,ND,https://wa.me/525530465033,https://www.facebook.com/search/pages/?q=Boutique%20Vick%20Tepotzotlán,"https://www.google.com/maps/search/?api=1&query=19.72540909,-99.22706418"
Iza Boutique,Tepotzotlán,+52 51 9106 4194,ND,https://wa.me/525191064194,https://www.facebook.com/search/pages/?q=Iza%20Boutique%20Tepotzotlán,"https://www.google.com/maps/search/?api=1&query=19.71246378,-99.21471269"
Mak Boutique,Tepotzotlán,+52 55 2738 3815,ND,https://wa.me/525527383815,https://www.facebook.com/search/pages/?q=Mak%20Boutique%20Tepotzotlán,"https://www.google.com/maps/search/?api=1&query=19.71250063,-99.21859709"
Moda Alexa,Tepotzotlán,+52 55 8123 4352,ND,https://wa.me/525581234352,https://www.facebook.com/search/pages/?q=Moda%20Alexa%20Tepotzotlán,"https://www.google.com/maps/search/?api=1&query=19.72483493,-99.22839182"
Moda Y Accesorios Nr,Tepotzotlán,+52 55 1871 3877,ND,https://wa.me/525518713877,https://www.facebook.com/search/pages/?q=Moda%20Y%20Accesorios%20Nr%20Tepotzotlán,"https://www.google.com/maps/search/?api=1&query=19.77639563,-99.22128177"
Outlet Boutique,Tepotzotlán,+52 55 6021 2212,ND,https://wa.me/525560212212,https://www.facebook.com/search/pages/?q=Outlet%20Boutique%20Tepotzotlán,"https://www.google.com/maps/search/?api=1&query=19.72695864,-99.22289527"
Poly Moda Bety,Tepotzotlán,+52 55 2353 9222,ND,https://wa.me/525523539222,https://www.facebook.com/search/pages/?q=Poly%20Moda%20Bety%20Tepotzotlán,"https://www.google.com/maps/search/?api=1&query=19.72490133,-99.22713893"
Tepo Moda,Tepotzotlán,+52 55 6898 7995,ND,https://wa.me/525568987995,https://www.facebook.com/search/pages/?q=Tepo%20Moda%20Tepotzotlán,"https://www.google.com/maps/search/?api=1&query=19.72398016,-99.22722651"
Tienda Vaquera Vakero Store,Tepotzotlán,+52 55 4028 6815,ND,https://wa.me/525540286815,https://www.facebook.com/search/pages/?q=Tienda%20Vaquera%20Vakero%20Store%20Tepotzotlán,"https://www.google.com/maps/search/?api=1&query=19.76948215,-99.22387436"
Boutique Adeline,Tequixquiac,+52 59 1912 1497,esthguardado@gmail.com,https://wa.me/525919121497,https://www.facebook.com/search/pages/?q=Boutique%20Adeline%20Tequixquiac,"https://www.google.com/maps/search/?api=1&query=19.90943994,-99.14667359"
Boutique De Joss,Tequixquiac,+52 55 4076 7516,ND,https://wa.me/525540767516,https://www.facebook.com/search/pages/?q=Boutique%20De%20Joss%20Tequixquiac,"https://www.google.com/maps/search/?api=1&query=19.90995388,-99.1491643"
Boutique G & G,Tequixquiac,+52 55 4901 7791,ND,https://wa.me/525549017791,https://www.facebook.com/search/pages/?q=Boutique%20G%20%26%20G%20Tequixquiac,"https://www.google.com/maps/search/?api=1&query=19.89612563,-99.14021877"
Boutique Marquitas,Tequixquiac,+52 56 3218 0001,ND,https://wa.me/525632180001,https://www.facebook.com/search/pages/?q=Boutique%20Marquitas%20Tequixquiac,"https://www.google.com/maps/search/?api=1&query=19.89526755,-99.13895906"
Boutique Vazquez,Tequixquiac,+52 55 6530 1695,ND,https://wa.me/525565301695,https://www.facebook.com/search/pages/?q=Boutique%20Vazquez%20Tequixquiac,"https://www.google.com/maps/search/?api=1&query=19.89597022,-99.14018712"
Boutique Victoria,Tequixquiac,+52 55 3454 4624,ND,https://wa.me/525534544624,https://www.facebook.com/search/pages/?q=Boutique%20Victoria%20Tequixquiac,"https://www.google.com/maps/search/?api=1&query=19.89527861,-99.14092433"
Dial Boutique,Tequixquiac,+52 55 6113 2706,ND,https://wa.me/525561132706,https://www.facebook.com/search/pages/?q=Dial%20Boutique%20Tequixquiac,"https://www.google.com/maps/search/?api=1&query=19.90846731,-99.1474335"
Tienda De Ropa El Closet,Tequixquiac,+52 55 3517 2438,ND,https://wa.me/525535172438,https://www.facebook.com/search/pages/?q=Tienda%20De%20Ropa%20El%20Closet%20Tequixquiac,"https://www.google.com/maps/search/?api=1&query=19.90809645,-99.14866709"
Boutique Marion,Texcaltitlán,+52 72 2145 0234,ND,https://wa.me/527221450234,https://www.facebook.com/search/pages/?q=Boutique%20Marion%20Texcaltitlán,"https://www.google.com/maps/search/?api=1&query=18.93119208,-99.93904325"
El Mundo del Chaleco,Texcalyacac,+52 722 666 6861,ND,https://wa.me/527226666861,https://www.facebook.com/search/pages/?q=El%20Mundo%20del%20Chaleco%20Texcalyacac,"https://www.google.com/maps/search/?api=1&query=19.1332363,-99.4957347"
Tienda De Ropa Martha,Texcalyacac,ND,ND,ND,https://www.facebook.com/search/pages/?q=Tienda%20De%20Ropa%20Martha%20Texcalyacac,"https://www.google.com/maps/search/?api=1&query=19.13139945,-99.5031068"
Boutique Alma,Texcoco,+52 59 5931 4598,alma_perdigon@hotmail.com,https://wa.me/525959314598,https://www.facebook.com/search/pages/?q=Boutique%20Alma%20Texcoco,"https://www.google.com/maps/search/?api=1&query=19.50908161,-98.87609366"
Boutique Betty,Texcoco,+52 55 2513 6748,juventud_010190@gmail.com,https://wa.me/525525136748,https://www.facebook.com/search/pages/?q=Boutique%20Betty%20Texcoco,"https://www.google.com/maps/search/?api=1&query=19.51807325,-98.76099576"
Boutique Luz Y Lune,Texcoco,+52 55 2843 0121,boutiqueluyluna@gmail.com,https://wa.me/525528430121,https://www.facebook.com/search/pages/?q=Boutique%20Luz%20Y%20Lune%20Texcoco,"https://www.google.com/maps/search/?api=1&query=19.51085898,-98.88272945"
Boutique Mi Closet,Texcoco,+52 55 6559 2769,lucia_25-69@hotmail.com,https://wa.me/525565592769,https://www.facebook.com/search/pages/?q=Boutique%20Mi%20Closet%20Texcoco,"https://www.google.com/maps/search/?api=1&query=19.50935681,-98.88284252"
Leslie Boutique,Texcoco,+52 56 1352 5285,lesligtz0916@gmail.com,https://wa.me/525613525285,https://www.facebook.com/search/pages/?q=Leslie%20Boutique%20Texcoco,"https://www.google.com/maps/search/?api=1&query=19.50725537,-98.88143655"
Be Boutique,Texcoco,+52 55 4044 9527,ND,https://wa.me/525540449527,https://www.facebook.com/search/pages/?q=Be%20Boutique%20Texcoco,"https://www.google.com/maps/search/?api=1&query=19.51052568,-98.87973291"
Black Store,Texcoco,+52 56 3893 8375,ND,https://wa.me/525638938375,https://www.facebook.com/search/pages/?q=Black%20Store%20Texcoco,"https://www.google.com/maps/search/?api=1&query=19.51863968,-98.88030095"
Boutique Buhoss,Texcoco,+52 72 9874 7012,ND,https://wa.me/527298747012,https://www.facebook.com/search/pages/?q=Boutique%20Buhoss%20Texcoco,"https://www.google.com/maps/search/?api=1&query=19.5175625,-98.88213678"
Boutique Cianis,Texcoco,+52 59 5107 2580,ND,https://wa.me/525951072580,https://www.facebook.com/search/pages/?q=Boutique%20Cianis%20Texcoco,"https://www.google.com/maps/search/?api=1&query=19.43247009,-98.90433431"
Boutique De Lov,Texcoco,+52 55 4639 7280,ND,https://wa.me/525546397280,https://www.facebook.com/search/pages/?q=Boutique%20De%20Lov%20Texcoco,"https://www.google.com/maps/search/?api=1&query=19.48651,-98.87130092"
Boutique De Ropa,Texcoco,+52 59 5113 8395,ND,https://wa.me/525951138395,https://www.facebook.com/search/pages/?q=Boutique%20De%20Ropa%20Texcoco,"https://www.google.com/maps/search/?api=1&query=19.50477222,-98.8884478"
Boutique De Ropa,Texcoco,+52 55 2357 6144,ND,https://wa.me/525523576144,https://www.facebook.com/search/pages/?q=Boutique%20De%20Ropa%20Texcoco,"https://www.google.com/maps/search/?api=1&query=19.51556623,-98.88315393"
Boutique De Ropa Laura,Texcoco,+52 55 1138 4435,ND,https://wa.me/525511384435,https://www.facebook.com/search/pages/?q=Boutique%20De%20Ropa%20Laura%20Texcoco,"https://www.google.com/maps/search/?api=1&query=19.5048343,-98.88686892"
Boutique Dilo,Texcoco,+52 55 6659 9333,ND,https://wa.me/525566599333,https://www.facebook.com/search/pages/?q=Boutique%20Dilo%20Texcoco,"https://www.google.com/maps/search/?api=1&query=19.53015162,-98.87253103"
Boutique Genesis,Texcoco,+52 55 5159 4857,ND,https://wa.me/525551594857,https://www.facebook.com/search/pages/?q=Boutique%20Genesis%20Texcoco,"https://www.google.com/maps/search/?api=1&query=19.4413075,-98.9001484"
Boutique Ik,Texcoco,+52 55 5968 4959,ND,https://wa.me/525559684959,https://www.facebook.com/search/pages/?q=Boutique%20Ik%20Texcoco,"https://www.google.com/maps/search/?api=1&query=19.5093967,-98.89913215"
Boutique Kike,Texcoco,+52 55 2480 7965,ND,https://wa.me/525524807965,https://www.facebook.com/search/pages/?q=Boutique%20Kike%20Texcoco,"https://www.google.com/maps/search/?api=1&query=19.511599,-98.886089"
Boutique Lupita,Texcoco,+52 56 1128 7640,ND,https://wa.me/525611287640,https://www.facebook.com/search/pages/?q=Boutique%20Lupita%20Texcoco,"https://www.google.com/maps/search/?api=1&query=19.51159897,-98.88432931"
Boutique M&T,Texcoco,+52 56 3240 0712,ND,https://wa.me/525632400712,https://www.facebook.com/search/pages/?q=Boutique%20M%26T%20Texcoco,"https://www.google.com/maps/search/?api=1&query=19.51212883,-98.87925468"
Boutique Mala Mia,Texcoco,+52 55 3143 9758,ND,https://wa.me/525531439758,https://www.facebook.com/search/pages/?q=Boutique%20Mala%20Mia%20Texcoco,"https://www.google.com/maps/search/?api=1&query=19.48609762,-98.86981027"
Boutique Maury,Texcoco,+52 55 8566 8086,ND,https://wa.me/525585668086,https://www.facebook.com/search/pages/?q=Boutique%20Maury%20Texcoco,"https://www.google.com/maps/search/?api=1&query=19.50828479,-98.8123047"
Boutique Mey,Texcoco,+52 59 5952 9455,ND,https://wa.me/525959529455,https://www.facebook.com/search/pages/?q=Boutique%20Mey%20Texcoco,"https://www.google.com/maps/search/?api=1&query=19.51034128,-98.87664048"
Boutique Nuñes,Texcoco,+52 59 5115 7133,ND,https://wa.me/525951157133,https://www.facebook.com/search/pages/?q=Boutique%20Nuñes%20Texcoco,"https://www.google.com/maps/search/?api=1&query=19.49737051,-98.86638557"
Boutique Rivera,Texcoco,+52 55 3572 9915,ND,https://wa.me/525535729915,https://www.facebook.com/search/pages/?q=Boutique%20Rivera%20Texcoco,"https://www.google.com/maps/search/?api=1&query=19.44258972,-98.91201345"
Boutique Shein,Texcoco,+52 56 1944 5982,ND,https://wa.me/525619445982,https://www.facebook.com/search/pages/?q=Boutique%20Shein%20Texcoco,"https://www.google.com/maps/search/?api=1&query=19.49534183,-98.88490701"
Boutique Solecito,Texcoco,+52 56 2843 4664,ND,https://wa.me/525628434664,https://www.facebook.com/search/pages/?q=Boutique%20Solecito%20Texcoco,"https://www.google.com/maps/search/?api=1&query=19.5138901,-98.8848077"
Boutique Tamy,Texcoco,+52 59 5921 0793,ND,https://wa.me/525959210793,https://www.facebook.com/search/pages/?q=Boutique%20Tamy%20Texcoco,"https://www.google.com/maps/search/?api=1&query=19.4417835,-98.90923925"
Boutique Valeria,Texcoco,+52 56 1696 1637,ND,https://wa.me/525616961637,https://www.facebook.com/search/pages/?q=Boutique%20Valeria%20Texcoco,"https://www.google.com/maps/search/?api=1&query=19.48723705,-98.88320779"
Caressa Boutique,Texcoco,+52 55 6581 3800,ND,https://wa.me/525565813800,https://www.facebook.com/search/pages/?q=Caressa%20Boutique%20Texcoco,"https://www.google.com/maps/search/?api=1&query=19.50662296,-98.89289745"
Claudia Shoping,Texcoco,+52 55 4283 2323,ND,https://wa.me/525542832323,https://www.facebook.com/search/pages/?q=Claudia%20Shoping%20Texcoco,"https://www.google.com/maps/search/?api=1&query=19.5138901,-98.8848077"
Elegant Lady Boutique,Texcoco,+52 56 1422 8399,ND,https://wa.me/525614228399,https://www.facebook.com/search/pages/?q=Elegant%20Lady%20Boutique%20Texcoco,"https://www.google.com/maps/search/?api=1&query=19.51447986,-98.88075672"
Jeans And Jacket,Texcoco,+52 59 5955 6483,ND,https://wa.me/525959556483,https://www.facebook.com/search/pages/?q=Jeans%20And%20Jacket%20Texcoco,"https://www.google.com/maps/search/?api=1&query=19.51366257,-98.88223233"
Kame House Boutique,Texcoco,+52 55 2288 6590,ND,https://wa.me/525522886590,https://www.facebook.com/search/pages/?q=Kame%20House%20Boutique%20Texcoco,"https://www.google.com/maps/search/?api=1&query=19.51421505,-98.8824397"
Kate Boutique,Texcoco,+52 55 6003 5428,ND,https://wa.me/525560035428,https://www.facebook.com/search/pages/?q=Kate%20Boutique%20Texcoco,"https://www.google.com/maps/search/?api=1&query=19.51133051,-98.87297635"
Keyli Moda Boutique,Texcoco,+52 55 6371 8714,ND,https://wa.me/525563718714,https://www.facebook.com/search/pages/?q=Keyli%20Moda%20Boutique%20Texcoco,"https://www.google.com/maps/search/?api=1&query=19.50345875,-98.88688723"
Laika Boutique Y Accesorios,Texcoco,+52 59 5954 6770,ND,https://wa.me/525959546770,https://www.facebook.com/search/pages/?q=Laika%20Boutique%20Y%20Accesorios%20Texcoco,"https://www.google.com/maps/search/?api=1&query=19.50752927,-98.88100895"
Mkc Boutique,Texcoco,+52 59 5954 9966,ND,https://wa.me/525959549966,https://www.facebook.com/search/pages/?q=Mkc%20Boutique%20Texcoco,"https://www.google.com/maps/search/?api=1&query=19.50877246,-98.8757588"
Moda En Tendencia,Texcoco,+52 55 4135 4737,ND,https://wa.me/525541354737,https://www.facebook.com/search/pages/?q=Moda%20En%20Tendencia%20Texcoco,"https://www.google.com/maps/search/?api=1&query=19.5138901,-98.8848077"
Shop Los Angeles,Texcoco,+52 55 8612 8044,ND,https://wa.me/525586128044,https://www.facebook.com/search/pages/?q=Shop%20Los%20Angeles%20Texcoco,"https://www.google.com/maps/search/?api=1&query=19.517935,-98.88217133"
The Closet,Texcoco,+52 55 1504 9306,ND,https://wa.me/525515049306,https://www.facebook.com/search/pages/?q=The%20Closet%20Texcoco,"https://www.google.com/maps/search/?api=1&query=19.50606705,-98.88433712"
Tienda De Ropa La Puerta De La Moda,Texcoco,+52 55 2489 6071,ND,https://wa.me/525524896071,https://www.facebook.com/search/pages/?q=Tienda%20De%20Ropa%20La%20Puerta%20De%20La%20Moda%20Texcoco,"https://www.google.com/maps/search/?api=1&query=19.51246966,-98.88261448"
Tienda De Ropa Modalex,Texcoco,+52 56 2136 9857,ND,https://wa.me/525621369857,https://www.facebook.com/search/pages/?q=Tienda%20De%20Ropa%20Modalex%20Texcoco,"https://www.google.com/maps/search/?api=1&query=19.51241554,-98.88261893"
Tristan Online Boutique,Texcoco,+52 55 6742 3412,ND,https://wa.me/525567423412,https://www.facebook.com/search/pages/?q=Tristan%20Online%20Boutique%20Texcoco,"https://www.google.com/maps/search/?api=1&query=19.51181456,-98.87962716"
Venta De Accesorios Boutique Joss,Texcoco,+52 55 5320 8115,ND,https://wa.me/525553208115,https://www.facebook.com/search/pages/?q=Venta%20De%20Accesorios%20Boutique%20Joss%20Texcoco,"https://www.google.com/maps/search/?api=1&query=19.47235692,-98.88079048"
Zoeshop,Texcoco,+52 55 6563 9910,ND,https://wa.me/525565639910,https://www.facebook.com/search/pages/?q=Zoeshop%20Texcoco,"https://www.google.com/maps/search/?api=1&query=19.5138901,-98.8848077"
Boutique Darinka,Tezoyuca,+52 55 4902 5131,darinkita_chio@hotmail.com,https://wa.me/525549025131,https://www.facebook.com/search/pages/?q=Boutique%20Darinka%20Tezoyuca,"https://www.google.com/maps/search/?api=1&query=19.5913463,-98.91609252"
Boutique Y Accesorios,Tezoyuca,+52 55 6620 4425,bbiy14@hotmail.com,https://wa.me/525566204425,https://www.facebook.com/search/pages/?q=Boutique%20Y%20Accesorios%20Tezoyuca,"https://www.google.com/maps/search/?api=1&query=19.59048275,-98.90843344"
Boutique Ar,Tezoyuca,+52 56 2433 2402,ND,https://wa.me/525624332402,https://www.facebook.com/search/pages/?q=Boutique%20Ar%20Tezoyuca,"https://www.google.com/maps/search/?api=1&query=19.60222044,-98.95885706"
Boutique Kvn,Tezoyuca,+52 55 6229 6770,ND,https://wa.me/525562296770,https://www.facebook.com/search/pages/?q=Boutique%20Kvn%20Tezoyuca,"https://www.google.com/maps/search/?api=1&query=19.59575526,-98.94127174"
Boutique Sandy,Tezoyuca,+52 55 2049 2201,ND,https://wa.me/525520492201,https://www.facebook.com/search/pages/?q=Boutique%20Sandy%20Tezoyuca,"https://www.google.com/maps/search/?api=1&query=19.60759572,-98.90782273"
Boutique Marianita,Tianguistenco,+52 55 1815 4474,marianocstr@yahoo.com,https://wa.me/525518154474,https://www.facebook.com/search/pages/?q=Boutique%20Marianita%20Tianguistenco,"https://www.google.com/maps/search/?api=1&query=19.18102313,-99.47175392"
Boutique Blue Velvet Paule Stayler,Tianguistenco,+52 66 4118 8962,ND,https://wa.me/526641188962,https://www.facebook.com/search/pages/?q=Boutique%20Blue%20Velvet%20Paule%20Stayler%20Tianguistenco,"https://www.google.com/maps/search/?api=1&query=19.18130078,-99.47326521"
Fashionista Boutique,Tianguistenco,+52 72 9162 5424,ND,https://wa.me/527291625424,https://www.facebook.com/search/pages/?q=Fashionista%20Boutique%20Tianguistenco,"https://www.google.com/maps/search/?api=1&query=19.19341837,-99.4293219"
Tienda De Ropa De Mujer Guto Boutique,Tianguistenco,+52 55 4254 9208,ND,https://wa.me/525542549208,https://www.facebook.com/search/pages/?q=Tienda%20De%20Ropa%20De%20Mujer%20Guto%20Boutique%20Tianguistenco,"https://www.google.com/maps/search/?api=1&query=19.1803039,-99.46974064"
Winshop,Tianguistenco,+52 72 2129 1761,ND,https://wa.me/527221291761,https://www.facebook.com/search/pages/?q=Winshop%20Tianguistenco,"https://www.google.com/maps/search/?api=1&query=19.1826196,-99.47001877"
Boutique Besame Mucho,Timilpan,+52 71 2201 7701,ND,https://wa.me/527122017701,https://www.facebook.com/search/pages/?q=Boutique%20Besame%20Mucho%20Timilpan,"https://www.google.com/maps/search/?api=1&query=19.87634924,-99.73326026"
Boutique Ropa Y Moda M Y M,Tlalmanalco,+52 55 2715 4699,ND,https://wa.me/525527154699,https://www.facebook.com/search/pages/?q=Boutique%20Ropa%20Y%20Moda%20M%20Y%20M%20Tlalmanalco,"https://www.google.com/maps/search/?api=1&query=19.20559281,-98.80029242"
Boutique Frida Cadena,Tlalnepantla de Baz,+52 55 5903 2335,fc.localboutique@gmail.com,https://wa.me/525559032335,https://www.facebook.com/search/pages/?q=Boutique%20Frida%20Cadena%20Tlalnepantla%20de%20Baz,"https://www.google.com/maps/search/?api=1&query=19.53557905,-99.09088139"
Boutique Martha,Tlalnepantla de Baz,+52 55 8522 1112,enriqiebriker1@gmail.com,https://wa.me/525585221112,https://www.facebook.com/search/pages/?q=Boutique%20Martha%20Tlalnepantla%20de%20Baz,"https://www.google.com/maps/search/?api=1&query=19.5336297,-99.12079051"
Cm Boutique Ropa De Dama,Tlalnepantla de Baz,+52 55 7205 4152,c-mm-23@hotmail.com,https://wa.me/525572054152,https://www.facebook.com/search/pages/?q=Cm%20Boutique%20Ropa%20De%20Dama%20Tlalnepantla%20de%20Baz,"https://www.google.com/maps/search/?api=1&query=19.54110168,-99.19080915"
Figura Latina Boutique,Tlalnepantla de Baz,+52 55 7376 5336,figuralatina06@gmail.com,https://wa.me/525573765336,https://www.facebook.com/search/pages/?q=Figura%20Latina%20Boutique%20Tlalnepantla%20de%20Baz,"https://www.google.com/maps/search/?api=1&query=19.54721891,-99.22023675"
Boutique 8 De Diciembre,Tlalnepantla de Baz,+52 55 3991 1144,ND,https://wa.me/525539911144,https://www.facebook.com/search/pages/?q=Boutique%208%20De%20Diciembre%20Tlalnepantla%20de%20Baz,"https://www.google.com/maps/search/?api=1&query=19.55124384,-99.09477256"
Boutique Aj,Tlalnepantla de Baz,+52 55 5718 9840,ND,https://wa.me/525557189840,https://www.facebook.com/search/pages/?q=Boutique%20Aj%20Tlalnepantla%20de%20Baz,"https://www.google.com/maps/search/?api=1&query=19.53646035,-99.11944373"
Boutique Blancas,Tlalnepantla de Baz,+52 55 9491 0270,ND,https://wa.me/525594910270,https://www.facebook.com/search/pages/?q=Boutique%20Blancas%20Tlalnepantla%20de%20Baz,"https://www.google.com/maps/search/?api=1&query=19.54856733,-99.11583606"
Boutique Cielo By Cielo,Tlalnepantla de Baz,+52 55 3541 7334,ND,https://wa.me/525535417334,https://www.facebook.com/search/pages/?q=Boutique%20Cielo%20By%20Cielo%20Tlalnepantla%20de%20Baz,"https://www.google.com/maps/search/?api=1&query=19.54201573,-99.19023784"
Boutique De Pao,Tlalnepantla de Baz,+52 55 2996 6523,ND,https://wa.me/525529966523,https://www.facebook.com/search/pages/?q=Boutique%20De%20Pao%20Tlalnepantla%20de%20Baz,"https://www.google.com/maps/search/?api=1&query=19.53207839,-99.15864805"
Boutique De Ropa Shein,Tlalnepantla de Baz,+52 55 6293 3683,ND,https://wa.me/525562933683,https://www.facebook.com/search/pages/?q=Boutique%20De%20Ropa%20Shein%20Tlalnepantla%20de%20Baz,"https://www.google.com/maps/search/?api=1&query=19.54379759,-99.18917293"
Boutique Fancy,Tlalnepantla de Baz,+52 55 8155 3157,ND,https://wa.me/525581553157,https://www.facebook.com/search/pages/?q=Boutique%20Fancy%20Tlalnepantla%20de%20Baz,"https://www.google.com/maps/search/?api=1&query=19.53431999,-99.09136837"
Boutique Gh,Tlalnepantla de Baz,+52 55 1834 8468,ND,https://wa.me/525518348468,https://www.facebook.com/search/pages/?q=Boutique%20Gh%20Tlalnepantla%20de%20Baz,"https://www.google.com/maps/search/?api=1&query=19.54330815,-99.15288188"
Boutique Glamour,Tlalnepantla de Baz,+52 55 5060 1839,ND,https://wa.me/525550601839,https://www.facebook.com/search/pages/?q=Boutique%20Glamour%20Tlalnepantla%20de%20Baz,"https://www.google.com/maps/search/?api=1&query=19.53539148,-99.08976579"
Boutique Glamour,Tlalnepantla de Baz,+52 55 5951 1689,ND,https://wa.me/525559511689,https://www.facebook.com/search/pages/?q=Boutique%20Glamour%20Tlalnepantla%20de%20Baz,"https://www.google.com/maps/search/?api=1&query=19.51725543,-99.21982396"
Boutique Iluminati,Tlalnepantla de Baz,+52 56 1443 1110,ND,https://wa.me/525614431110,https://www.facebook.com/search/pages/?q=Boutique%20Iluminati%20Tlalnepantla%20de%20Baz,"https://www.google.com/maps/search/?api=1&query=19.54224534,-99.19135436"
Boutique La Sensacion,Tlalnepantla de Baz,+52 55 4964 0367,ND,https://wa.me/525549640367,https://www.facebook.com/search/pages/?q=Boutique%20La%20Sensacion%20Tlalnepantla%20de%20Baz,"https://www.google.com/maps/search/?api=1&query=19.52799694,-99.22770562"
Boutique Liver Pulga,Tlalnepantla de Baz,+52 55 4487 3770,ND,https://wa.me/525544873770,https://www.facebook.com/search/pages/?q=Boutique%20Liver%20Pulga%20Tlalnepantla%20de%20Baz,"https://www.google.com/maps/search/?api=1&query=19.53905223,-99.09049868"
Boutique Los Tres Gallos,Tlalnepantla de Baz,+52 55 2255 1785,ND,https://wa.me/525522551785,https://www.facebook.com/search/pages/?q=Boutique%20Los%20Tres%20Gallos%20Tlalnepantla%20de%20Baz,"https://www.google.com/maps/search/?api=1&query=19.53267397,-99.15958953"
Boutique Paris,Tlalnepantla de Baz,+52 55 1298 6048,ND,https://wa.me/525512986048,https://www.facebook.com/search/pages/?q=Boutique%20Paris%20Tlalnepantla%20de%20Baz,"https://www.google.com/maps/search/?api=1&query=19.55178679,-99.21923553"
Boutique Penny,Tlalnepantla de Baz,+52 55 1846 8313,ND,https://wa.me/525518468313,https://www.facebook.com/search/pages/?q=Boutique%20Penny%20Tlalnepantla%20de%20Baz,"https://www.google.com/maps/search/?api=1&query=19.55991344,-99.20366542"
Boutique Rousse,Tlalnepantla de Baz,+52 56 3015 4044,ND,https://wa.me/525630154044,https://www.facebook.com/search/pages/?q=Boutique%20Rousse%20Tlalnepantla%20de%20Baz,"https://www.google.com/maps/search/?api=1&query=19.55004943,-99.09918695"
Boutique Vale,Tlalnepantla de Baz,+52 56 1185 9602,ND,https://wa.me/525611859602,https://www.facebook.com/search/pages/?q=Boutique%20Vale%20Tlalnepantla%20de%20Baz,"https://www.google.com/maps/search/?api=1&query=19.53870733,-99.19151535"
Eclipse Boutique,Tlalnepantla de Baz,+52 55 4914 0081,ND,https://wa.me/525549140081,https://www.facebook.com/search/pages/?q=Eclipse%20Boutique%20Tlalnepantla%20de%20Baz,"https://www.google.com/maps/search/?api=1&query=19.52263604,-99.23181864"
Fashion D Ross,Tlalnepantla de Baz,+52 56 2453 6841,ND,https://wa.me/525624536841,https://www.facebook.com/search/pages/?q=Fashion%20D%20Ross%20Tlalnepantla%20de%20Baz,"https://www.google.com/maps/search/?api=1&query=19.54105676,-99.18981225"
Gv Boutique,Tlalnepantla de Baz,+52 55 9372 3226,ND,https://wa.me/525593723226,https://www.facebook.com/search/pages/?q=Gv%20Boutique%20Tlalnepantla%20de%20Baz,"https://www.google.com/maps/search/?api=1&query=19.5412556,-99.21698942"
Moda D Vach,Tlalnepantla de Baz,+52 55 3898 7965,ND,https://wa.me/525538987965,https://www.facebook.com/search/pages/?q=Moda%20D%20Vach%20Tlalnepantla%20de%20Baz,"https://www.google.com/maps/search/?api=1&query=19.54206436,-99.1913711"
Moon Jeans,Tlalnepantla de Baz,+52 55 5565 2262,ND,https://wa.me/525555652262,https://www.facebook.com/search/pages/?q=Moon%20Jeans%20Tlalnepantla%20de%20Baz,"https://www.google.com/maps/search/?api=1&query=19.54140919,-99.20737457"
Mujer Tan Bella Boutique,Tlalnepantla de Baz,+52 43 4108 6105,ND,https://wa.me/524341086105,https://www.facebook.com/search/pages/?q=Mujer%20Tan%20Bella%20Boutique%20Tlalnepantla%20de%20Baz,"https://www.google.com/maps/search/?api=1&query=19.54182907,-99.19138209"
Ropa Mi Pequeña Boutique,Tlalnepantla de Baz,+52 55 5309 3653,ND,https://wa.me/525553093653,https://www.facebook.com/search/pages/?q=Ropa%20Mi%20Pequeña%20Boutique%20Tlalnepantla%20de%20Baz,"https://www.google.com/maps/search/?api=1&query=19.54530096,-99.16095805"
Ropa Para Dama Yiyi Listore,Tlalnepantla de Baz,+52 56 1293 2301,ND,https://wa.me/525612932301,https://www.facebook.com/search/pages/?q=Ropa%20Para%20Dama%20Yiyi%20Listore%20Tlalnepantla%20de%20Baz,"https://www.google.com/maps/search/?api=1&query=19.53999035,-99.19096642"
Susan Store Boutique,Tlalnepantla de Baz,+52 55 4594 6967,ND,https://wa.me/525545946967,https://www.facebook.com/search/pages/?q=Susan%20Store%20Boutique%20Tlalnepantla%20de%20Baz,"https://www.google.com/maps/search/?api=1&query=19.54765569,-99.22077529"
The Vandal Store,Tlalnepantla de Baz,+52 55 7871 6811,ND,https://wa.me/525578716811,https://www.facebook.com/search/pages/?q=The%20Vandal%20Store%20Tlalnepantla%20de%20Baz,"https://www.google.com/maps/search/?api=1&query=19.5435876,-99.1921764"
Vaquero Jeans,Tlalnepantla de Baz,+52 55 5390 5972,ND,https://wa.me/525553905972,https://www.facebook.com/search/pages/?q=Vaquero%20Jeans%20Tlalnepantla%20de%20Baz,"https://www.google.com/maps/search/?api=1&query=19.54203888,-99.1914549"
Venta De Ropa Suprise Shop,Tlalnepantla de Baz,+52 55 7552 1978,ND,https://wa.me/525575521978,https://www.facebook.com/search/pages/?q=Venta%20De%20Ropa%20Suprise%20Shop%20Tlalnepantla%20de%20Baz,"https://www.google.com/maps/search/?api=1&query=19.53657715,-99.0904141"
Boutique Katherine,Tlatlaya,+52 72 2175 5915,ND,https://wa.me/527221755915,https://www.facebook.com/search/pages/?q=Boutique%20Katherine%20Tlatlaya,"https://www.google.com/maps/search/?api=1&query=18.58194618,-100.30541822"
Alas Boutique,Toluca,+52 72 9327 1474,daisysandovalacosta@gmail.com,https://wa.me/527293271474,https://www.facebook.com/search/pages/?q=Alas%20Boutique%20Toluca,"https://www.google.com/maps/search/?api=1&query=19.30347682,-99.63398822"
Armand Boutique,Toluca,+52 72 2146 3045,ND,https://wa.me/527221463045,https://WWW.ARMANDBOUTIQUE.COM.MX/,"https://www.google.com/maps/search/?api=1&query=19.30644851,-99.63456538"
Bendita Shop,Toluca,+52 72 2422 2755,casco169@gmail.com,https://wa.me/527224222755,https://www.facebook.com/search/pages/?q=Bendita%20Shop%20Toluca,"https://www.google.com/maps/search/?api=1&query=19.28533281,-99.65462197"
Boutique El Angel,Toluca,+52 72 2380 6538,vicmbe@gmail.com,https://wa.me/527223806538,https://www.facebook.com/search/pages/?q=Boutique%20El%20Angel%20Toluca,"https://www.google.com/maps/search/?api=1&query=19.28030187,-99.66958218"
Boutique Jimmy Meraki,Toluca,+52 72 2864 5508,ND,https://wa.me/527228645508,https://WWW.JIMMYMERAKI.COM/,"https://www.google.com/maps/search/?api=1&query=19.29018314,-99.65647374"
Boutique Punto Azul,Toluca,+52 72 9126 6126,tiendaspa2019@gmail.com,https://wa.me/527291266126,https://www.facebook.com/search/pages/?q=Boutique%20Punto%20Azul%20Toluca,"https://www.google.com/maps/search/?api=1&query=19.29018098,-99.68810781"
Boutique. D&E,Toluca,+52 72 2480 0500,fuda130@icloud.com,https://wa.me/527224800500,https://www.facebook.com/search/pages/?q=Boutique.%20D%26E%20Toluca,"https://www.google.com/maps/search/?api=1&query=19.28615078,-99.63825751"
Cuatro Estaciones Clotihng Store,Toluca,+52 72 9764 2791,cuatroestacionescl..gstore@gmail.com,https://wa.me/527297642791,https://www.facebook.com/search/pages/?q=Cuatro%20Estaciones%20Clotihng%20Store%20Toluca,"https://www.google.com/maps/search/?api=1&query=19.29362075,-99.68789263"
Fashion House,Toluca,+52 72 9919 9721,fashionshouses27@gmail.com,https://wa.me/527299199721,https://www.facebook.com/search/pages/?q=Fashion%20House%20Toluca,"https://www.google.com/maps/search/?api=1&query=19.28680714,-99.65142117"
Kawai Shop,Toluca,+52 72 2374 6875,eduardo.ramirez95@outlook.com,https://wa.me/527223746875,https://www.facebook.com/search/pages/?q=Kawai%20Shop%20Toluca,"https://www.google.com/maps/search/?api=1&query=19.29081749,-99.65311537"
La Casa De Los Jeans,Toluca,+52 72 2411 3503,xolt.denimhouse@gmail.com,https://wa.me/527224113503,https://www.facebook.com/search/pages/?q=La%20Casa%20De%20Los%20Jeans%20Toluca,"https://www.google.com/maps/search/?api=1&query=19.27872091,-99.64811874"
Marian Boutique,Toluca,+52 72 2631 8866,jaivmija@gmail.com,https://wa.me/527226318866,https://www.facebook.com/search/pages/?q=Marian%20Boutique%20Toluca,"https://www.google.com/maps/search/?api=1&query=19.28704449,-99.65503251"
New York Style,Toluca,+52 72 2467 2095,marcosortiz0425@gmail.com,https://wa.me/527224672095,https://www.facebook.com/search/pages/?q=New%20York%20Style%20Toluca,"https://www.google.com/maps/search/?api=1&query=19.28819435,-99.65469661"
Tienda De Ropa Estilo Stylemx,Toluca,+52 72 2711 3064,ND,https://wa.me/527227113064,https://WWW.ESTILOSTYLO/,"https://www.google.com/maps/search/?api=1&query=19.28448933,-99.69086633"
82 Store,Toluca,+52 55 6488 3428,ND,https://wa.me/525564883428,https://www.facebook.com/search/pages/?q=82%20Store%20Toluca,"https://www.google.com/maps/search/?api=1&query=19.29675189,-99.69467268"
Ana S Fashion Boutique,Toluca,+52 72 2331 5551,ND,https://wa.me/527223315551,https://www.facebook.com/search/pages/?q=Ana%20S%20Fashion%20Boutique%20Toluca,"https://www.google.com/maps/search/?api=1&query=19.26336294,-99.66323158"
Bagabag Boutique,Toluca,+52 72 2137 3130,ND,https://wa.me/527221373130,https://www.facebook.com/search/pages/?q=Bagabag%20Boutique%20Toluca,"https://www.google.com/maps/search/?api=1&query=19.28193176,-99.65673186"
Bela Boutique,Toluca,+52 72 9107 3758,ND,https://wa.me/527291073758,https://www.facebook.com/search/pages/?q=Bela%20Boutique%20Toluca,"https://www.google.com/maps/search/?api=1&query=19.28421844,-99.65128113"
Bella Boutique,Toluca,+52 72 2870 1603,ND,https://wa.me/527228701603,https://www.facebook.com/search/pages/?q=Bella%20Boutique%20Toluca,"https://www.google.com/maps/search/?api=1&query=19.29789226,-99.69231466"
Boutique 212,Toluca,+52 72 2123 4091,ND,https://wa.me/527221234091,https://www.facebook.com/search/pages/?q=Boutique%20212%20Toluca,"https://www.google.com/maps/search/?api=1&query=19.28360344,-99.68332931"
Boutique Ataraxia Fashion,Toluca,+52 72 9310 0480,ND,https://wa.me/527293100480,https://www.facebook.com/search/pages/?q=Boutique%20Ataraxia%20Fashion%20Toluca,"https://www.google.com/maps/search/?api=1&query=19.28967746,-99.67238789"
Boutique Beautiful Floor,Toluca,+52 72 2170 0939,ND,https://wa.me/527221700939,https://www.facebook.com/search/pages/?q=Boutique%20Beautiful%20Floor%20Toluca,"https://www.google.com/maps/search/?api=1&query=19.29024972,-99.65364971"
Boutique Bi Fashion,Toluca,+52 72 2519 2042,ND,https://wa.me/527225192042,https://www.facebook.com/search/pages/?q=Boutique%20Bi%20Fashion%20Toluca,"https://www.google.com/maps/search/?api=1&query=19.30462091,-99.63010662"
Boutique Brelian Zahe,Toluca,+52 72 2264 1971,ND,https://wa.me/527222641971,https://www.facebook.com/search/pages/?q=Boutique%20Brelian%20Zahe%20Toluca,"https://www.google.com/maps/search/?api=1&query=19.3150835,-99.65750668"
Boutique Caramel Boutique,Toluca,+52 72 2618 1698,ND,https://wa.me/527226181698,https://www.facebook.com/search/pages/?q=Boutique%20Caramel%20Boutique%20Toluca,"https://www.google.com/maps/search/?api=1&query=19.35460584,-99.59416084"
Boutique Cereza,Toluca,+52 72 2243 5457,ND,https://wa.me/527222435457,https://www.facebook.com/search/pages/?q=Boutique%20Cereza%20Toluca,"https://www.google.com/maps/search/?api=1&query=19.28858731,-99.6563693"
Boutique Cielo,Toluca,+52 72 2664 0782,ND,https://wa.me/527226640782,https://www.facebook.com/search/pages/?q=Boutique%20Cielo%20Toluca,"https://www.google.com/maps/search/?api=1&query=19.27810651,-99.63809225"
Boutique Dayan,Toluca,+52 72 9140 7317,ND,https://wa.me/527291407317,https://www.facebook.com/search/pages/?q=Boutique%20Dayan%20Toluca,"https://www.google.com/maps/search/?api=1&query=19.2841859,-99.65263569"
Boutique De Ropa Alcantara,Toluca,+52 72 2351 6278,ND,https://wa.me/527223516278,https://www.facebook.com/search/pages/?q=Boutique%20De%20Ropa%20Alcantara%20Toluca,"https://www.google.com/maps/search/?api=1&query=19.21904905,-99.67215604"
Boutique De Ropa Capi,Toluca,+52 72 2443 7818,ND,https://wa.me/527224437818,https://www.facebook.com/search/pages/?q=Boutique%20De%20Ropa%20Capi%20Toluca,"https://www.google.com/maps/search/?api=1&query=19.29219489,-99.68492753"
Boutique De Ropa Store A&M,Toluca,+52 72 9177 4818,ND,https://wa.me/527291774818,https://www.facebook.com/search/pages/?q=Boutique%20De%20Ropa%20Store%20A%26M%20Toluca,"https://www.google.com/maps/search/?api=1&query=19.22322954,-99.667831"
Boutique Del Sueter,Toluca,+52 72 2784 3551,ND,https://wa.me/527227843551,https://www.facebook.com/search/pages/?q=Boutique%20Del%20Sueter%20Toluca,"https://www.google.com/maps/search/?api=1&query=19.27850535,-99.65107903"
Boutique Detalles,Toluca,+52 72 2924 9522,ND,https://wa.me/527229249522,https://www.facebook.com/search/pages/?q=Boutique%20Detalles%20Toluca,"https://www.google.com/maps/search/?api=1&query=19.28847561,-99.65500656"
Boutique Dos Lunas,Toluca,+52 72 2105 5750,ND,https://wa.me/527221055750,https://www.facebook.com/search/pages/?q=Boutique%20Dos%20Lunas%20Toluca,"https://www.google.com/maps/search/?api=1&query=19.28680714,-99.65142117"
Boutique Las Torres,Toluca,+52 72 2930 2717,ND,https://wa.me/527229302717,https://www.facebook.com/search/pages/?q=Boutique%20Las%20Torres%20Toluca,"https://www.google.com/maps/search/?api=1&query=19.28198116,-99.69733528"
Boutique Mujer Bonita,Toluca,+52 72 2291 0067,ND,https://wa.me/527222910067,https://www.facebook.com/search/pages/?q=Boutique%20Mujer%20Bonita%20Toluca,"https://www.google.com/maps/search/?api=1&query=19.31041565,-99.60004526"
Boutique Multimarcas,Toluca,+52 72 9363 9021,ND,https://wa.me/527293639021,https://www.facebook.com/search/pages/?q=Boutique%20Multimarcas%20Toluca,"https://www.google.com/maps/search/?api=1&query=19.30040998,-99.69225296"
Boutique Mysh,Toluca,+52 72 2160 0242,ND,https://wa.me/527221600242,https://www.facebook.com/search/pages/?q=Boutique%20Mysh%20Toluca,"https://www.google.com/maps/search/?api=1&query=19.27795575,-99.65084924"
Boutique Ndh,Toluca,+52 72 2274 7634,ND,https://wa.me/527222747634,https://www.facebook.com/search/pages/?q=Boutique%20Ndh%20Toluca,"https://www.google.com/maps/search/?api=1&query=19.26478951,-99.69053253"
Boutique Retaila,Toluca,+52 72 2405 9867,ND,https://wa.me/527224059867,https://www.facebook.com/search/pages/?q=Boutique%20Retaila%20Toluca,"https://www.google.com/maps/search/?api=1&query=19.31171582,-99.62136992"
Boutique Royalty,Toluca,+52 72 2517 3380,ND,https://wa.me/527225173380,https://www.facebook.com/search/pages/?q=Boutique%20Royalty%20Toluca,"https://www.google.com/maps/search/?api=1&query=19.25201819,-99.66370086"
Boutique Toledos,Toluca,+52 72 2215 5422,ND,https://wa.me/527222155422,https://www.facebook.com/search/pages/?q=Boutique%20Toledos%20Toluca,"https://www.google.com/maps/search/?api=1&query=19.28542031,-99.65936952"
Boutique Y Accesorios Karito,Toluca,+52 72 2975 3420,ND,https://wa.me/527229753420,https://www.facebook.com/search/pages/?q=Boutique%20Y%20Accesorios%20Karito%20Toluca,"https://www.google.com/maps/search/?api=1&query=19.3173735,-99.65690292"
Boutique Zoe Shop,Toluca,+52 72 2456 1544,ND,https://wa.me/527224561544,https://www.facebook.com/search/pages/?q=Boutique%20Zoe%20Shop%20Toluca,"https://www.google.com/maps/search/?api=1&query=19.28845141,-99.66921738"
Cora Boutique,Toluca,+52 72 2677 2829,ND,https://wa.me/527226772829,https://www.facebook.com/search/pages/?q=Cora%20Boutique%20Toluca,"https://www.google.com/maps/search/?api=1&query=19.27643238,-99.65183485"
Desing Dreams Boutique,Toluca,+52 72 2380 5154,ND,https://wa.me/527223805154,https://www.facebook.com/search/pages/?q=Desing%20Dreams%20Boutique%20Toluca,"https://www.google.com/maps/search/?api=1&query=19.28278544,-99.65098312"
Elka Fashion,Toluca,+52 72 2111 1159,ND,https://wa.me/527221111159,https://www.facebook.com/search/pages/?q=Elka%20Fashion%20Toluca,"https://www.google.com/maps/search/?api=1&query=19.28022423,-99.65866943"
Estilo Mf Estilo,Toluca,+52 72 2494 7390,ND,https://wa.me/527224947390,https://www.facebook.com/search/pages/?q=Estilo%20Mf%20Estilo%20Toluca,"https://www.google.com/maps/search/?api=1&query=19.2989912,-99.63392163"
Fashion Boutique,Toluca,+52 72 2139 5569,ND,https://wa.me/527221395569,https://www.facebook.com/search/pages/?q=Fashion%20Boutique%20Toluca,"https://www.google.com/maps/search/?api=1&query=19.2778952,-99.62711074"
Fashion Store,Toluca,+52 72 2103 1516,ND,https://wa.me/527221031516,https://www.facebook.com/search/pages/?q=Fashion%20Store%20Toluca,"https://www.google.com/maps/search/?api=1&query=19.27707117,-99.67714857"
Fashion Trend,Toluca,+52 44 2545 0730,ND,https://wa.me/524425450730,https://www.facebook.com/search/pages/?q=Fashion%20Trend%20Toluca,"https://www.google.com/maps/search/?api=1&query=19.27770261,-99.63431729"
Fashionista,Toluca,+52 72 2980 2677,ND,https://wa.me/527229802677,https://www.facebook.com/search/pages/?q=Fashionista%20Toluca,"https://www.google.com/maps/search/?api=1&query=19.28293847,-99.66252766"
Gaia Boutique,Toluca,+52 72 2583 9366,ND,https://wa.me/527225839366,https://www.facebook.com/search/pages/?q=Gaia%20Boutique%20Toluca,"https://www.google.com/maps/search/?api=1&query=19.2841838,-99.6521704"
Glam Gallery Boutique,Toluca,+52 72 2554 5471,ND,https://wa.me/527225545471,https://www.facebook.com/search/pages/?q=Glam%20Gallery%20Boutique%20Toluca,"https://www.google.com/maps/search/?api=1&query=19.28485862,-99.65137654"
Infinity Boutique,Toluca,+52 72 9498 2152,ND,https://wa.me/527294982152,https://www.facebook.com/search/pages/?q=Infinity%20Boutique%20Toluca,"https://www.google.com/maps/search/?api=1&query=19.28381088,-99.6527504"
Jaj Modas,Toluca,+52 72 2915 9592,ND,https://wa.me/527229159592,https://www.facebook.com/search/pages/?q=Jaj%20Modas%20Toluca,"https://www.google.com/maps/search/?api=1&query=19.27968922,-99.64243758"
Jaz Boutique,Toluca,+52 72 2501 6854,ND,https://wa.me/527225016854,https://www.facebook.com/search/pages/?q=Jaz%20Boutique%20Toluca,"https://www.google.com/maps/search/?api=1&query=19.26595795,-99.67370513"
Jjmoda,Toluca,+52 72 9109 3434,ND,https://wa.me/527291093434,https://www.facebook.com/search/pages/?q=Jjmoda%20Toluca,"https://www.google.com/maps/search/?api=1&query=19.31249466,-99.57327638"
Kraken Store Boutique,Toluca,+52 71 2173 0883,ND,https://wa.me/527121730883,https://www.facebook.com/search/pages/?q=Kraken%20Store%20Boutique%20Toluca,"https://www.google.com/maps/search/?api=1&query=19.28737581,-99.65772361"
Loyalty Boutique,Toluca,+52 72 0101 2996,ND,https://wa.me/527201012996,https://www.facebook.com/search/pages/?q=Loyalty%20Boutique%20Toluca,"https://www.google.com/maps/search/?api=1&query=19.28056527,-99.6678261"
Margaritas Boutique,Toluca,+52 72 2215 9882,ND,https://wa.me/527222159882,https://www.facebook.com/search/pages/?q=Margaritas%20Boutique%20Toluca,"https://www.google.com/maps/search/?api=1&query=19.28802677,-99.65704193"
Melange Boutique,Toluca,+52 72 2796 8109,ND,https://wa.me/527227968109,https://www.facebook.com/search/pages/?q=Melange%20Boutique%20Toluca,"https://www.google.com/maps/search/?api=1&query=19.34779427,-99.65990889"
Mexican Style,Toluca,+52 72 2314 1360,ND,https://wa.me/527223141360,https://www.facebook.com/search/pages/?q=Mexican%20Style%20Toluca,"https://www.google.com/maps/search/?api=1&query=19.27063421,-99.67069133"
Mia Boutique,Toluca,+52 72 2357 4967,ND,https://wa.me/527223574967,https://www.facebook.com/search/pages/?q=Mia%20Boutique%20Toluca,"https://www.google.com/maps/search/?api=1&query=19.28298362,-99.65841869"
Moda Casualwoody,Toluca,+52 72 2173 4551,ND,https://wa.me/527221734551,https://www.facebook.com/search/pages/?q=Moda%20Casualwoody%20Toluca,"https://www.google.com/maps/search/?api=1&query=19.27845848,-99.64086814"
Moda Coquette,Toluca,+52 72 2781 4494,ND,https://wa.me/527227814494,https://www.facebook.com/search/pages/?q=Moda%20Coquette%20Toluca,"https://www.google.com/maps/search/?api=1&query=19.23965049,-99.6420513"
Moda Eclipse,Toluca,+52 72 2397 6758,ND,https://wa.me/527223976758,https://www.facebook.com/search/pages/?q=Moda%20Eclipse%20Toluca,"https://www.google.com/maps/search/?api=1&query=19.28421448,-99.65032864"
Moda Gilmac,Toluca,+52 72 5824 1272,ND,https://wa.me/527258241272,https://www.facebook.com/search/pages/?q=Moda%20Gilmac%20Toluca,"https://www.google.com/maps/search/?api=1&query=19.27414456,-99.64173827"
Multimoda,Toluca,+52 72 2253 0392,ND,https://wa.me/527222530392,https://www.facebook.com/search/pages/?q=Multimoda%20Toluca,"https://www.google.com/maps/search/?api=1&query=19.2984482,-99.59268958"
N & C Boutique,Toluca,+52 72 2229 3095,ND,https://wa.me/527222293095,https://www.facebook.com/search/pages/?q=N%20%26%20C%20Boutique%20Toluca,"https://www.google.com/maps/search/?api=1&query=19.27967946,-99.66301923"
Pantalones De Mezclilla,Toluca,+52 72 2964 8604,ND,https://wa.me/527229648604,https://www.facebook.com/search/pages/?q=Pantalones%20De%20Mezclilla%20Toluca,"https://www.google.com/maps/search/?api=1&query=19.29333544,-99.65212738"
Perla Soy Boutique,Toluca,+52 72 2784 7436,ND,https://wa.me/527227847436,https://www.facebook.com/search/pages/?q=Perla%20Soy%20Boutique%20Toluca,"https://www.google.com/maps/search/?api=1&query=19.28518823,-99.65628239"
Reginos Boutique,Toluca,+52 72 2826 9302,ND,https://wa.me/527228269302,https://www.facebook.com/search/pages/?q=Reginos%20Boutique%20Toluca,"https://www.google.com/maps/search/?api=1&query=19.28388351,-99.60932694"
Ren Boutique,Toluca,+52 72 2873 6470,ND,https://wa.me/527228736470,https://www.facebook.com/search/pages/?q=Ren%20Boutique%20Toluca,"https://www.google.com/maps/search/?api=1&query=19.28680714,-99.65142117"
Rimini Jeans,Toluca,+52 72 2212 3747,ND,https://wa.me/527222123747,https://www.facebook.com/search/pages/?q=Rimini%20Jeans%20Toluca,"https://www.google.com/maps/search/?api=1&query=19.28003309,-99.64173246"
Sharon Boutique,Toluca,+52 72 2683 6580,ND,https://wa.me/527226836580,https://www.facebook.com/search/pages/?q=Sharon%20Boutique%20Toluca,"https://www.google.com/maps/search/?api=1&query=19.27464925,-99.67078081"
Shop And Sell,Toluca,+52 72 9803 8538,ND,https://wa.me/527298038538,https://www.facebook.com/search/pages/?q=Shop%20And%20Sell%20Toluca,"https://www.google.com/maps/search/?api=1&query=19.29091181,-99.64254161"
Shop Santitos,Toluca,+52 72 9613 5732,ND,https://wa.me/527296135732,https://www.facebook.com/search/pages/?q=Shop%20Santitos%20Toluca,"https://www.google.com/maps/search/?api=1&query=19.33673579,-99.63584922"
Spy Boutique,Toluca,+52 72 2306 5132,ND,https://wa.me/527223065132,https://www.facebook.com/search/pages/?q=Spy%20Boutique%20Toluca,"https://www.google.com/maps/search/?api=1&query=19.32582958,-99.6033887"
Star Fashion,Toluca,+52 72 9461 6781,ND,https://wa.me/527294616781,https://www.facebook.com/search/pages/?q=Star%20Fashion%20Toluca,"https://www.google.com/maps/search/?api=1&query=19.28343151,-99.65632505"
Sweet Shophie,Toluca,+52 72 2608 9830,ND,https://wa.me/527226089830,https://www.facebook.com/search/pages/?q=Sweet%20Shophie%20Toluca,"https://www.google.com/maps/search/?api=1&query=19.29165302,-99.68659196"
The Store,Toluca,+52 72 2306 0079,ND,https://wa.me/527223060079,https://www.facebook.com/search/pages/?q=The%20Store%20Toluca,"https://www.google.com/maps/search/?api=1&query=19.27322797,-99.65385464"
Tienda De Ropa Ary Jeans,Toluca,+52 72 2166 3900,ND,https://wa.me/527221663900,https://www.facebook.com/search/pages/?q=Tienda%20De%20Ropa%20Ary%20Jeans%20Toluca,"https://www.google.com/maps/search/?api=1&query=19.26628508,-99.64883482"
Tienda De Ropa Boutique Way,Toluca,+52 72 2476 9716,ND,https://wa.me/527224769716,https://www.facebook.com/search/pages/?q=Tienda%20De%20Ropa%20Boutique%20Way%20Toluca,"https://www.google.com/maps/search/?api=1&query=19.22345186,-99.6676786"
Tienda De Ropa Thrift Store,Toluca,+52 71 2145 3280,ND,https://wa.me/527121453280,https://www.facebook.com/search/pages/?q=Tienda%20De%20Ropa%20Thrift%20Store%20Toluca,"https://www.google.com/maps/search/?api=1&query=19.27180885,-99.6698523"
Urban Shop,Toluca,+52 72 2772 5440,ND,https://wa.me/527227725440,https://www.facebook.com/search/pages/?q=Urban%20Shop%20Toluca,"https://www.google.com/maps/search/?api=1&query=19.2610032,-99.70909023"
Valquiria Boutique,Toluca,+52 72 2807 2555,ND,https://wa.me/527228072555,https://www.facebook.com/search/pages/?q=Valquiria%20Boutique%20Toluca,"https://www.google.com/maps/search/?api=1&query=19.28141064,-99.65629486"
Vannita Boutique,Toluca,+52 72 2698 9536,ND,https://wa.me/527226989536,https://www.facebook.com/search/pages/?q=Vannita%20Boutique%20Toluca,"https://www.google.com/maps/search/?api=1&query=19.29235892,-99.64435825"
Very Boutique,Toluca,+52 72 2413 6221,ND,https://wa.me/527224136221,https://www.facebook.com/search/pages/?q=Very%20Boutique%20Toluca,"https://www.google.com/maps/search/?api=1&query=19.28587993,-99.65706065"
Victoria Boutique,Toluca,+52 72 2398 5068,ND,https://wa.me/527223985068,https://www.facebook.com/search/pages/?q=Victoria%20Boutique%20Toluca,"https://www.google.com/maps/search/?api=1&query=19.29769759,-99.63404786"
Ximenshop,Toluca,+52 72 2348 9014,ND,https://wa.me/527223489014,https://www.facebook.com/search/pages/?q=Ximenshop%20Toluca,"https://www.google.com/maps/search/?api=1&query=19.28449496,-99.62680492"
Buttiq Fashion,Tonanitla,+52 55 8540 3602,ND,https://wa.me/525585403602,https://www.facebook.com/search/pages/?q=Buttiq%20Fashion%20Tonanitla,"https://www.google.com/maps/search/?api=1&query=19.688942,-99.05412499"
Boutique Charlot,Tonatico,+52 72 1141 0403,ND,https://wa.me/527211410403,https://www.facebook.com/search/pages/?q=Boutique%20Charlot%20Tonatico,"https://www.google.com/maps/search/?api=1&query=18.8035032,-99.67035731"
Boutique Ross,Tultepec,+52 55 8180 0452,dulce.samano.090617@gmail.com,https://wa.me/525581800452,https://www.facebook.com/search/pages/?q=Boutique%20Ross%20Tultepec,"https://www.google.com/maps/search/?api=1&query=19.68057872,-99.13024143"
Accesorios Y Boutique,Tultepec,+52 56 4019 9194,ND,https://wa.me/525640199194,https://www.facebook.com/search/pages/?q=Accesorios%20Y%20Boutique%20Tultepec,"https://www.google.com/maps/search/?api=1&query=19.69082783,-99.11583732"
Almiux Boutique,Tultepec,+52 55 3558 0290,ND,https://wa.me/525535580290,https://www.facebook.com/search/pages/?q=Almiux%20Boutique%20Tultepec,"https://www.google.com/maps/search/?api=1&query=19.68017189,-99.12931617"
Boutique Accesorios Ryb,Tultepec,+52 55 7367 5322,ND,https://wa.me/525573675322,https://www.facebook.com/search/pages/?q=Boutique%20Accesorios%20Ryb%20Tultepec,"https://www.google.com/maps/search/?api=1&query=19.68160112,-99.13837699"
Boutique Becky,Tultepec,+52 55 1533 7298,ND,https://wa.me/525515337298,https://www.facebook.com/search/pages/?q=Boutique%20Becky%20Tultepec,"https://www.google.com/maps/search/?api=1&query=19.66346681,-99.13265524"
Boutique Chamacos,Tultepec,+52 55 5465 4927,ND,https://wa.me/525554654927,https://www.facebook.com/search/pages/?q=Boutique%20Chamacos%20Tultepec,"https://www.google.com/maps/search/?api=1&query=19.68401064,-99.1286368"
Boutique De Ropa Sandra,Tultepec,+52 55 6232 3500,ND,https://wa.me/525562323500,https://www.facebook.com/search/pages/?q=Boutique%20De%20Ropa%20Sandra%20Tultepec,"https://www.google.com/maps/search/?api=1&query=19.6843924,-99.12822783"
Boutique Dul,Tultepec,+52 56 2792 5798,ND,https://wa.me/525627925798,https://www.facebook.com/search/pages/?q=Boutique%20Dul%20Tultepec,"https://www.google.com/maps/search/?api=1&query=19.65651771,-99.12226628"
Boutique Elizabeth,Tultepec,+52 55 4905 4531,ND,https://wa.me/525549054531,https://www.facebook.com/search/pages/?q=Boutique%20Elizabeth%20Tultepec,"https://www.google.com/maps/search/?api=1&query=19.68461431,-99.12647787"
Boutique Gaby,Tultepec,+52 55 7464 7439,ND,https://wa.me/525574647439,https://www.facebook.com/search/pages/?q=Boutique%20Gaby%20Tultepec,"https://www.google.com/maps/search/?api=1&query=19.68298949,-99.13619468"
Boutique Kazu,Tultepec,+52 55 7179 5551,ND,https://wa.me/525571795551,https://www.facebook.com/search/pages/?q=Boutique%20Kazu%20Tultepec,"https://www.google.com/maps/search/?api=1&query=19.68379946,-99.14047354"
Boutique La Fortaleza,Tultepec,+52 55 8584 9895,ND,https://wa.me/525585849895,https://www.facebook.com/search/pages/?q=Boutique%20La%20Fortaleza%20Tultepec,"https://www.google.com/maps/search/?api=1&query=19.66330058,-99.13392971"
Boutique Lezti,Tultepec,+52 55 1291 3193,ND,https://wa.me/525512913193,https://www.facebook.com/search/pages/?q=Boutique%20Lezti%20Tultepec,"https://www.google.com/maps/search/?api=1&query=19.69889008,-99.1163483"
Boutique Lorayne,Tultepec,+52 55 1569 9464,ND,https://wa.me/525515699464,https://www.facebook.com/search/pages/?q=Boutique%20Lorayne%20Tultepec,"https://www.google.com/maps/search/?api=1&query=19.6842053,-99.12675682"
Boutique Meli Hernandez,Tultepec,+52 56 3549 1206,ND,https://wa.me/525635491206,https://www.facebook.com/search/pages/?q=Boutique%20Meli%20Hernandez%20Tultepec,"https://www.google.com/maps/search/?api=1&query=19.65965755,-99.11681369"
Boutique Roma,Tultepec,+52 55 8811 7190,ND,https://wa.me/525588117190,https://www.facebook.com/search/pages/?q=Boutique%20Roma%20Tultepec,"https://www.google.com/maps/search/?api=1&query=19.68233656,-99.13261927"
Boutique Susy,Tultepec,+52 56 2213 5286,ND,https://wa.me/525622135286,https://www.facebook.com/search/pages/?q=Boutique%20Susy%20Tultepec,"https://www.google.com/maps/search/?api=1&query=19.69346265,-99.12001682"
Boutique Vintage,Tultepec,+52 55 8583 1305,ND,https://wa.me/525585831305,https://www.facebook.com/search/pages/?q=Boutique%20Vintage%20Tultepec,"https://www.google.com/maps/search/?api=1&query=19.68436892,-99.12810683"
Bratz Boutique,Tultepec,+52 55 4948 3617,ND,https://wa.me/525549483617,https://www.facebook.com/search/pages/?q=Bratz%20Boutique%20Tultepec,"https://www.google.com/maps/search/?api=1&query=19.65607689,-99.11922141"
Carols Shop Boutique,Tultepec,+52 55 7812 5529,ND,https://wa.me/525578125529,https://www.facebook.com/search/pages/?q=Carols%20Shop%20Boutique%20Tultepec,"https://www.google.com/maps/search/?api=1&query=19.68188799,-99.13016983"
Itzia Boutique,Tultepec,+52 55 8274 0906,ND,https://wa.me/525582740906,https://www.facebook.com/search/pages/?q=Itzia%20Boutique%20Tultepec,"https://www.google.com/maps/search/?api=1&query=19.68189843,-99.13022697"
Mini Moda,Tultepec,+52 55 3828 7744,ND,https://wa.me/525538287744,https://www.facebook.com/search/pages/?q=Mini%20Moda%20Tultepec,"https://www.google.com/maps/search/?api=1&query=19.68592125,-99.14149539"
Modas Bere,Tultepec,+52 55 2089 4899,ND,https://wa.me/525520894899,https://www.facebook.com/search/pages/?q=Modas%20Bere%20Tultepec,"https://www.google.com/maps/search/?api=1&query=19.68343147,-99.12867892"
Tienda De Ropa A Toda Moda,Tultepec,+52 55 3680 4278,ND,https://wa.me/525536804278,https://www.facebook.com/search/pages/?q=Tienda%20De%20Ropa%20A%20Toda%20Moda%20Tultepec,"https://www.google.com/maps/search/?api=1&query=19.68297332,-99.13415719"
Tienda De Ropa Shoping Boutique,Tultepec,+52 55 9104 6286,ND,https://wa.me/525591046286,https://www.facebook.com/search/pages/?q=Tienda%20De%20Ropa%20Shoping%20Boutique%20Tultepec,"https://www.google.com/maps/search/?api=1&query=19.68456916,-99.12917017"
Tienda De Ropa. Boutique Julieth,Tultepec,+52 56 3279 7384,ND,https://wa.me/525632797384,https://www.facebook.com/search/pages/?q=Tienda%20De%20Ropa.%20Boutique%20Julieth%20Tultepec,"https://www.google.com/maps/search/?api=1&query=19.65700021,-99.11728391"
Toxica Boutique,Tultepec,+52 55 4318 9389,ND,https://wa.me/525543189389,https://www.facebook.com/search/pages/?q=Toxica%20Boutique%20Tultepec,"https://www.google.com/maps/search/?api=1&query=19.68167293,-99.13814715"
Urban Shop,Tultepec,+52 55 3397 5127,ND,https://wa.me/525533975127,https://www.facebook.com/search/pages/?q=Urban%20Shop%20Tultepec,"https://www.google.com/maps/search/?api=1&query=19.66021394,-99.12834227"
Boutique Cecilis,Tultitlán,+52 55 5888 2075,ceci.ruiz@live.com.mx,https://wa.me/525558882075,https://www.facebook.com/search/pages/?q=Boutique%20Cecilis%20Tultitlán,"https://www.google.com/maps/search/?api=1&query=19.64724431,-99.16684754"
Boutique De Ropa Yan Sal,Tultitlán,+52 55 3697 9161,ND,https://wa.me/525536979161,https://WWW.YANSAL/,"https://www.google.com/maps/search/?api=1&query=19.63935274,-99.12872708"
Boutique Modas Ae,Tultitlán,+52 55 6760 1470,ND,https://wa.me/525567601470,https://WWW.MODASAE/,"https://www.google.com/maps/search/?api=1&query=19.66030575,-99.08305648"
Ella Adi Boutique,Tultitlán,+52 56 2052 4441,diazadilene972@gmail.com,https://wa.me/525620524441,https://www.facebook.com/search/pages/?q=Ella%20Adi%20Boutique%20Tultitlán,"https://www.google.com/maps/search/?api=1&query=19.6473931,-99.16769311"
Angie S Boutique Ropa De Dama,Tultitlán,+52 55 2306 3843,ND,https://wa.me/525523063843,https://www.facebook.com/search/pages/?q=Angie%20S%20Boutique%20Ropa%20De%20Dama%20Tultitlán,"https://www.google.com/maps/search/?api=1&query=19.65042548,-99.16233965"
Boutique Alisson,Tultitlán,+52 55 6868 8966,ND,https://wa.me/525568688966,https://www.facebook.com/search/pages/?q=Boutique%20Alisson%20Tultitlán,"https://www.google.com/maps/search/?api=1&query=19.67796662,-99.09610901"
Boutique Anonimo Shop & Studio,Tultitlán,+52 55 6469 7161,ND,https://wa.me/525564697161,https://www.facebook.com/search/pages/?q=Boutique%20Anonimo%20Shop%20%26%20Studio%20Tultitlán,"https://www.google.com/maps/search/?api=1&query=19.61619444,-99.14773514"
Boutique Cuidado Con La Frida,Tultitlán,+52 55 1883 3562,ND,https://wa.me/525518833562,https://www.facebook.com/search/pages/?q=Boutique%20Cuidado%20Con%20La%20Frida%20Tultitlán,"https://www.google.com/maps/search/?api=1&query=19.59665329,-99.16434121"
Boutique D Garcia,Tultitlán,+52 55 5890 3580,ND,https://wa.me/525558903580,https://www.facebook.com/search/pages/?q=Boutique%20D%20Garcia%20Tultitlán,"https://www.google.com/maps/search/?api=1&query=19.62982551,-99.1399866"
Boutique De Ropa Mia,Tultitlán,+52 55 5879 5642,ND,https://wa.me/525558795642,https://www.facebook.com/search/pages/?q=Boutique%20De%20Ropa%20Mia%20Tultitlán,"https://www.google.com/maps/search/?api=1&query=19.66171275,-99.08033718"
Boutique Devy,Tultitlán,+52 55 4067 9910,ND,https://wa.me/525540679910,https://www.facebook.com/search/pages/?q=Boutique%20Devy%20Tultitlán,"https://www.google.com/maps/search/?api=1&query=19.68134063,-99.09945305"
Boutique El Closet,Tultitlán,+52 55 1744 6644,ND,https://wa.me/525517446644,https://www.facebook.com/search/pages/?q=Boutique%20El%20Closet%20Tultitlán,"https://www.google.com/maps/search/?api=1&query=19.68178687,-99.08200579"
Boutique Elizabeth,Tultitlán,+52 55 8745 1308,ND,https://wa.me/525587451308,https://www.facebook.com/search/pages/?q=Boutique%20Elizabeth%20Tultitlán,"https://www.google.com/maps/search/?api=1&query=19.67622638,-99.08714141"
Boutique Emily,Tultitlán,+52 55 3307 3655,ND,https://wa.me/525533073655,https://www.facebook.com/search/pages/?q=Boutique%20Emily%20Tultitlán,"https://www.google.com/maps/search/?api=1&query=19.60951677,-99.15088584"
Boutique Fashion,Tultitlán,+52 55 4025 0164,ND,https://wa.me/525540250164,https://www.facebook.com/search/pages/?q=Boutique%20Fashion%20Tultitlán,"https://www.google.com/maps/search/?api=1&query=19.60956002,-99.1510949"
Boutique Fashion Love,Tultitlán,+52 55 1646 9560,ND,https://wa.me/525516469560,https://www.facebook.com/search/pages/?q=Boutique%20Fashion%20Love%20Tultitlán,"https://www.google.com/maps/search/?api=1&query=19.59880936,-99.18707291"
Boutique Jazz,Tultitlán,+52 55 8499 5298,ND,https://wa.me/525584995298,https://www.facebook.com/search/pages/?q=Boutique%20Jazz%20Tultitlán,"https://www.google.com/maps/search/?api=1&query=19.64424703,-99.17557846"
Boutique La Exclusiva,Tultitlán,+52 55 2715 6950,ND,https://wa.me/525527156950,https://www.facebook.com/search/pages/?q=Boutique%20La%20Exclusiva%20Tultitlán,"https://www.google.com/maps/search/?api=1&query=19.64813966,-99.16974401"
Boutique Mar Y Sol,Tultitlán,+52 55 5888 4094,ND,https://wa.me/525558884094,https://www.facebook.com/search/pages/?q=Boutique%20Mar%20Y%20Sol%20Tultitlán,"https://www.google.com/maps/search/?api=1&query=19.64544675,-99.17087174"
Boutique Mia,Tultitlán,+52 55 5839 1924,ND,https://wa.me/525558391924,https://www.facebook.com/search/pages/?q=Boutique%20Mia%20Tultitlán,"https://www.google.com/maps/search/?api=1&query=19.68615238,-99.09193853"
Boutique Mimi,Tultitlán,+52 55 2847 7232,ND,https://wa.me/525528477232,https://www.facebook.com/search/pages/?q=Boutique%20Mimi%20Tultitlán,"https://www.google.com/maps/search/?api=1&query=19.60413665,-99.15826566"
Boutique Moda Y Calidad,Tultitlán,+52 55 8579 2707,ND,https://wa.me/525585792707,https://www.facebook.com/search/pages/?q=Boutique%20Moda%20Y%20Calidad%20Tultitlán,"https://www.google.com/maps/search/?api=1&query=19.59662298,-99.16458841"
Boutique Modas Esmeralda,Tultitlán,+52 55 6544 4279,ND,https://wa.me/525565444279,https://www.facebook.com/search/pages/?q=Boutique%20Modas%20Esmeralda%20Tultitlán,"https://www.google.com/maps/search/?api=1&query=19.60949133,-99.15140283"
Boutique Multiurbano,Tultitlán,+52 56 1106 2060,ND,https://wa.me/525611062060,https://www.facebook.com/search/pages/?q=Boutique%20Multiurbano%20Tultitlán,"https://www.google.com/maps/search/?api=1&query=19.60321464,-99.16607304"
Boutique Puguita,Tultitlán,+52 55 6358 0752,ND,https://wa.me/525563580752,https://www.facebook.com/search/pages/?q=Boutique%20Puguita%20Tultitlán,"https://www.google.com/maps/search/?api=1&query=19.60858536,-99.15598286"
Boutique R&M,Tultitlán,+52 55 7697 4346,ND,https://wa.me/525576974346,https://www.facebook.com/search/pages/?q=Boutique%20R%26M%20Tultitlán,"https://www.google.com/maps/search/?api=1&query=19.68399667,-99.09911315"
Boutique Rosita,Tultitlán,+52 55 4893 2202,ND,https://wa.me/525548932202,https://www.facebook.com/search/pages/?q=Boutique%20Rosita%20Tultitlán,"https://www.google.com/maps/search/?api=1&query=19.59371688,-99.17527064"
Boutique Shein,Tultitlán,+52 55 1564 9646,ND,https://wa.me/525515649646,https://www.facebook.com/search/pages/?q=Boutique%20Shein%20Tultitlán,"https://www.google.com/maps/search/?api=1&query=19.6002225,-99.16171316"
Boutique Sol,Tultitlán,+52 55 3144 0114,ND,https://wa.me/525531440114,https://www.facebook.com/search/pages/?q=Boutique%20Sol%20Tultitlán,"https://www.google.com/maps/search/?api=1&query=19.66540218,-99.08235962"
Boutique Vanessa,Tultitlán,+52 55 6874 1858,ND,https://wa.me/525568741858,https://www.facebook.com/search/pages/?q=Boutique%20Vanessa%20Tultitlán,"https://www.google.com/maps/search/?api=1&query=19.64583034,-99.17217705"
Boutique Yair,Tultitlán,+52 56 2631 1347,ND,https://wa.me/525626311347,https://www.facebook.com/search/pages/?q=Boutique%20Yair%20Tultitlán,"https://www.google.com/maps/search/?api=1&query=19.66540218,-99.08235962"
Boutique Zavala Studios 24,Tultitlán,+52 55 7940 3029,ND,https://wa.me/525579403029,https://www.facebook.com/search/pages/?q=Boutique%20Zavala%20Studios%2024%20Tultitlán,"https://www.google.com/maps/search/?api=1&query=19.61420418,-99.14579089"
Kiajevy Boutique,Tultitlán,+52 55 3074 6520,ND,https://wa.me/525530746520,https://www.facebook.com/search/pages/?q=Kiajevy%20Boutique%20Tultitlán,"https://www.google.com/maps/search/?api=1&query=19.67549891,-99.08731824"
Olimpia Boutique,Tultitlán,+52 55 3889 0757,ND,https://wa.me/525538890757,https://www.facebook.com/search/pages/?q=Olimpia%20Boutique%20Tultitlán,"https://www.google.com/maps/search/?api=1&query=19.65745761,-99.07369914"
Taylen Shop,Tultitlán,+52 72 9948 9024,ND,https://wa.me/527299489024,https://www.facebook.com/search/pages/?q=Taylen%20Shop%20Tultitlán,"https://www.google.com/maps/search/?api=1&query=19.66108073,-99.08047415"
Tienda De Ropa Lessa Boutique,Tultitlán,+52 55 3194 8822,ND,https://wa.me/525531948822,https://www.facebook.com/search/pages/?q=Tienda%20De%20Ropa%20Lessa%20Boutique%20Tultitlán,"https://www.google.com/maps/search/?api=1&query=19.59880936,-99.18707291"
Vintage Boutique,Tultitlán,+52 55 1903 2987,ND,https://wa.me/525519032987,https://www.facebook.com/search/pages/?q=Vintage%20Boutique%20Tultitlán,"https://www.google.com/maps/search/?api=1&query=19.64781856,-99.17074776"
Boutique Baul De Emi,Valle de Bravo,+52 72 2445 2112,marlenfabila522@gmail.com,https://wa.me/527224452112,https://www.facebook.com/search/pages/?q=Boutique%20Baul%20De%20Emi%20Valle%20de%20Bravo,"https://www.google.com/maps/search/?api=1&query=19.19551581,-100.13423883"
Boutique 1982,Valle de Bravo,+52 72 2458 9007,ND,https://wa.me/527224589007,https://www.facebook.com/search/pages/?q=Boutique%201982%20Valle%20de%20Bravo,"https://www.google.com/maps/search/?api=1&query=19.19618395,-100.13339087"
Boutique Bellegno,Valle de Bravo,+52 72 2431 2328,ND,https://wa.me/527224312328,https://www.facebook.com/search/pages/?q=Boutique%20Bellegno%20Valle%20de%20Bravo,"https://www.google.com/maps/search/?api=1&query=19.18918342,-100.12818261"
Boutique Bety,Valle de Bravo,+52 72 2802 0382,ND,https://wa.me/527228020382,https://www.facebook.com/search/pages/?q=Boutique%20Bety%20Valle%20de%20Bravo,"https://www.google.com/maps/search/?api=1&query=19.19435333,-100.1324718"
Boutique Daniels,Valle de Bravo,+52 72 2603 8708,ND,https://wa.me/527226038708,https://www.facebook.com/search/pages/?q=Boutique%20Daniels%20Valle%20de%20Bravo,"https://www.google.com/maps/search/?api=1&query=19.19722478,-100.13184766"
Boutique Gonzalez,Valle de Bravo,+52 72 2534 9181,ND,https://wa.me/527225349181,https://www.facebook.com/search/pages/?q=Boutique%20Gonzalez%20Valle%20de%20Bravo,"https://www.google.com/maps/search/?api=1&query=19.19608031,-100.13238759"
Boutique La Playera Loca,Valle de Bravo,+52 72 2288 7173,ND,https://wa.me/527222887173,https://www.facebook.com/search/pages/?q=Boutique%20La%20Playera%20Loca%20Valle%20de%20Bravo,"https://www.google.com/maps/search/?api=1&query=19.19672982,-100.13208549"
Boutique Spa,Valle de Bravo,+52 72 2395 4480,ND,https://wa.me/527223954480,https://www.facebook.com/search/pages/?q=Boutique%20Spa%20Valle%20de%20Bravo,"https://www.google.com/maps/search/?api=1&query=19.19265005,-100.13221054"
D Moda Krital Boutike,Valle de Bravo,+52 72 2396 2019,ND,https://wa.me/527223962019,https://www.facebook.com/search/pages/?q=D%20Moda%20Krital%20Boutike%20Valle%20de%20Bravo,"https://www.google.com/maps/search/?api=1&query=19.17734904,-100.216875"
Macrina Shopping,Valle de Bravo,+52 72 6221 2461,ND,https://wa.me/527262212461,https://www.facebook.com/search/pages/?q=Macrina%20Shopping%20Valle%20de%20Bravo,"https://www.google.com/maps/search/?api=1&query=19.19193212,-100.12987863"
Moda Y Accesorios Valeri,Valle de Bravo,+52 72 2532 9932,ND,https://wa.me/527225329932,https://www.facebook.com/search/pages/?q=Moda%20Y%20Accesorios%20Valeri%20Valle%20de%20Bravo,"https://www.google.com/maps/search/?api=1&query=19.1939252,-100.13253535"
Nueva Mujer Moda Y Estilo,Valle de Bravo,+52 72 2417 0724,ND,https://wa.me/527224170724,https://www.facebook.com/search/pages/?q=Nueva%20Mujer%20Moda%20Y%20Estilo%20Valle%20de%20Bravo,"https://www.google.com/maps/search/?api=1&query=19.19530594,-100.13357449"
Shopping S Y M,Valle de Bravo,+52 72 9766 3585,ND,https://wa.me/527297663585,https://www.facebook.com/search/pages/?q=Shopping%20S%20Y%20M%20Valle%20de%20Bravo,"https://www.google.com/maps/search/?api=1&query=19.19236555,-100.13069813"
Boutique Adonai,Valle de Chalco Solidaridad,+52 55 3263 4366,ND,https://wa.me/525532634366,https://www.facebook.com/search/pages/?q=Boutique%20Adonai%20Valle%20de%20Chalco%20Solidaridad,"https://www.google.com/maps/search/?api=1&query=19.28932896,-98.92147829"
Boutique Aliss,Valle de Chalco Solidaridad,+52 55 5971 6624,ND,https://wa.me/525559716624,https://www.facebook.com/search/pages/?q=Boutique%20Aliss%20Valle%20de%20Chalco%20Solidaridad,"https://www.google.com/maps/search/?api=1&query=19.31106824,-98.94704837"
Boutique Angie,Valle de Chalco Solidaridad,+52 55 6708 4938,ND,https://wa.me/525567084938,https://www.facebook.com/search/pages/?q=Boutique%20Angie%20Valle%20de%20Chalco%20Solidaridad,"https://www.google.com/maps/search/?api=1&query=19.30797908,-98.94751244"
Boutique De Ropa La Vida En Rosa,Valle de Chalco Solidaridad,+52 55 8696 7510,ND,https://wa.me/525586967510,https://www.facebook.com/search/pages/?q=Boutique%20De%20Ropa%20La%20Vida%20En%20Rosa%20Valle%20de%20Chalco%20Solidaridad,"https://www.google.com/maps/search/?api=1&query=19.30758148,-98.94754442"
Boutique El Glamour De La Princesa,Valle de Chalco Solidaridad,+52 55 6511 7904,ND,https://wa.me/525565117904,https://www.facebook.com/search/pages/?q=Boutique%20El%20Glamour%20De%20La%20Princesa%20Valle%20de%20Chalco%20Solidaridad,"https://www.google.com/maps/search/?api=1&query=19.28566231,-98.95211813"
Boutique Enigma 18,Valle de Chalco Solidaridad,+52 56 1911 5290,ND,https://wa.me/525619115290,https://www.facebook.com/search/pages/?q=Boutique%20Enigma%2018%20Valle%20de%20Chalco%20Solidaridad,"https://www.google.com/maps/search/?api=1&query=19.30488699,-98.93888824"
Boutique Fashion Sweet Side,Valle de Chalco Solidaridad,+52 55 2173 7837,ND,https://wa.me/525521737837,https://www.facebook.com/search/pages/?q=Boutique%20Fashion%20Sweet%20Side%20Valle%20de%20Chalco%20Solidaridad,"https://www.google.com/maps/search/?api=1&query=19.28540832,-98.95068277"
Boutique Jared,Valle de Chalco Solidaridad,+52 56 3104 1341,ND,https://wa.me/525631041341,https://www.facebook.com/search/pages/?q=Boutique%20Jared%20Valle%20de%20Chalco%20Solidaridad,"https://www.google.com/maps/search/?api=1&query=19.32408566,-98.95462891"
Boutique Jesed,Valle de Chalco Solidaridad,+52 55 3103 0430,ND,https://wa.me/525531030430,https://www.facebook.com/search/pages/?q=Boutique%20Jesed%20Valle%20de%20Chalco%20Solidaridad,"https://www.google.com/maps/search/?api=1&query=19.30507507,-98.93877118"
Boutique Mia Lu,Valle de Chalco Solidaridad,+52 55 6524 0690,ND,https://wa.me/525565240690,https://www.facebook.com/search/pages/?q=Boutique%20Mia%20Lu%20Valle%20de%20Chalco%20Solidaridad,"https://www.google.com/maps/search/?api=1&query=19.28415126,-98.95750747"
Boutique Mis Angelitos,Valle de Chalco Solidaridad,+52 55 3153 7413,ND,https://wa.me/525531537413,https://www.facebook.com/search/pages/?q=Boutique%20Mis%20Angelitos%20Valle%20de%20Chalco%20Solidaridad,"https://www.google.com/maps/search/?api=1&query=19.30320452,-98.9386053"
Boutique Moda Y Estilo,Valle de Chalco Solidaridad,+52 55 3651 0626,ND,https://wa.me/525536510626,https://www.facebook.com/search/pages/?q=Boutique%20Moda%20Y%20Estilo%20Valle%20de%20Chalco%20Solidaridad,"https://www.google.com/maps/search/?api=1&query=19.281098,-98.91514038"
Boutique Monica,Valle de Chalco Solidaridad,+52 55 2088 7574,ND,https://wa.me/525520887574,https://www.facebook.com/search/pages/?q=Boutique%20Monica%20Valle%20de%20Chalco%20Solidaridad,"https://www.google.com/maps/search/?api=1&query=19.28401563,-98.95885941"
Boutique Styles,Valle de Chalco Solidaridad,+52 55 2717 6650,ND,https://wa.me/525527176650,https://www.facebook.com/search/pages/?q=Boutique%20Styles%20Valle%20de%20Chalco%20Solidaridad,"https://www.google.com/maps/search/?api=1&query=19.27515973,-98.95877445"
Boutique The Rock,Valle de Chalco Solidaridad,+52 56 2578 6286,ND,https://wa.me/525625786286,https://www.facebook.com/search/pages/?q=Boutique%20The%20Rock%20Valle%20de%20Chalco%20Solidaridad,"https://www.google.com/maps/search/?api=1&query=19.30903975,-98.94752088"
Boutique Xtasis,Valle de Chalco Solidaridad,+52 56 2050 3600,ND,https://wa.me/525620503600,https://www.facebook.com/search/pages/?q=Boutique%20Xtasis%20Valle%20de%20Chalco%20Solidaridad,"https://www.google.com/maps/search/?api=1&query=19.27810492,-98.94824221"
Boutique Yolanda,Valle de Chalco Solidaridad,+52 55 2145 7631,ND,https://wa.me/525521457631,https://www.facebook.com/search/pages/?q=Boutique%20Yolanda%20Valle%20de%20Chalco%20Solidaridad,"https://www.google.com/maps/search/?api=1&query=19.29785653,-98.94089005"
Danna Boutique,Valle de Chalco Solidaridad,+52 56 4203 7836,ND,https://wa.me/525642037836,https://www.facebook.com/search/pages/?q=Danna%20Boutique%20Valle%20de%20Chalco%20Solidaridad,"https://www.google.com/maps/search/?api=1&query=19.28346955,-98.9416626"
Moda Optique,Valle de Chalco Solidaridad,+52 55 2138 4685,ND,https://wa.me/525521384685,https://www.facebook.com/search/pages/?q=Moda%20Optique%20Valle%20de%20Chalco%20Solidaridad,"https://www.google.com/maps/search/?api=1&query=19.30450578,-98.93885018"
Venta De Ropa Boutique Paulina,Valle de Chalco Solidaridad,+52 56 3123 1414,ND,https://wa.me/525631231414,https://www.facebook.com/search/pages/?q=Venta%20De%20Ropa%20Boutique%20Paulina%20Valle%20de%20Chalco%20Solidaridad,"https://www.google.com/maps/search/?api=1&query=19.28742931,-98.91807095"
Jugueteria Y Modas Luna,Villa de Allende,+52 72 2365 4468,ND,https://wa.me/527223654468,https://www.facebook.com/search/pages/?q=Jugueteria%20Y%20Modas%20Luna%20Villa%20de%20Allende,"https://www.google.com/maps/search/?api=1&query=19.3738991,-100.1493191"
Moda Cristhian,Villa de Allende,+52 72 2101 8474,ND,https://wa.me/527221018474,https://www.facebook.com/search/pages/?q=Moda%20Cristhian%20Villa%20de%20Allende,"https://www.google.com/maps/search/?api=1&query=19.37414369,-100.1493177"
Tienda De Ropa Estilo Y Moda Villa,Villa del Carbón,+52 56 1502 9571,gelide2469@gmail.com,https://wa.me/525615029571,https://www.facebook.com/search/pages/?q=Tienda%20De%20Ropa%20Estilo%20Y%20Moda%20Villa%20Villa%20del%20Carbón,"https://www.google.com/maps/search/?api=1&query=19.7285601,-99.46560687"
Tienda Vaquera War Horse,Villa del Carbón,+52 55 1082 7080,al2003co@gmail.com,https://wa.me/525510827080,https://www.facebook.com/search/pages/?q=Tienda%20Vaquera%20War%20Horse%20Villa%20del%20Carbón,"https://www.google.com/maps/search/?api=1&query=19.72695124,-99.46479558"
Boutique De Ropa Jitz,Villa del Carbón,+52 72 2266 6325,ND,https://wa.me/527222666325,https://www.facebook.com/search/pages/?q=Boutique%20De%20Ropa%20Jitz%20Villa%20del%20Carbón,"https://www.google.com/maps/search/?api=1&query=19.7193523,-99.48326748"
Boutique Lesli,Villa del Carbón,+52 55 6625 8889,ND,https://wa.me/525566258889,https://www.facebook.com/search/pages/?q=Boutique%20Lesli%20Villa%20del%20Carbón,"https://www.google.com/maps/search/?api=1&query=19.69124781,-99.44873125"
Boutique Lo Fino Del Barrio,Villa del Carbón,+52 55 2827 2591,ND,https://wa.me/525528272591,https://www.facebook.com/search/pages/?q=Boutique%20Lo%20Fino%20Del%20Barrio%20Villa%20del%20Carbón,"https://www.google.com/maps/search/?api=1&query=19.7266692,-99.46688701"
Boutique Naye,Villa del Carbón,+52 55 6520 8635,ND,https://wa.me/525565208635,https://www.facebook.com/search/pages/?q=Boutique%20Naye%20Villa%20del%20Carbón,"https://www.google.com/maps/search/?api=1&query=19.72920397,-99.46345453"
Boutique Surisadai,Villa del Carbón,+52 55 5059 3247,ND,https://wa.me/525550593247,https://www.facebook.com/search/pages/?q=Boutique%20Surisadai%20Villa%20del%20Carbón,"https://www.google.com/maps/search/?api=1&query=19.7291838,-99.46296173"
Boutique Zohan,Villa del Carbón,+52 56 2996 8823,ND,https://wa.me/525629968823,https://www.facebook.com/search/pages/?q=Boutique%20Zohan%20Villa%20del%20Carbón,"https://www.google.com/maps/search/?api=1&query=19.69462111,-99.44823859"
Dayra Boutique,Villa del Carbón,+52 56 3422 2499,ND,https://wa.me/525634222499,https://www.facebook.com/search/pages/?q=Dayra%20Boutique%20Villa%20del%20Carbón,"https://www.google.com/maps/search/?api=1&query=19.7295782,-99.46196314"
Fridita Fashion,Villa del Carbón,+52 55 1826 7820,ND,https://wa.me/525518267820,https://www.facebook.com/search/pages/?q=Fridita%20Fashion%20Villa%20del%20Carbón,"https://www.google.com/maps/search/?api=1&query=19.72705223,-99.46494529"
Tienda De Ropa Moda Jhoana,Villa del Carbón,+52 55 7324 0278,ND,https://wa.me/525573240278,https://www.facebook.com/search/pages/?q=Tienda%20De%20Ropa%20Moda%20Jhoana%20Villa%20del%20Carbón,"https://www.google.com/maps/search/?api=1&query=19.68630697,-99.45088845"
Boutique Vive,Villa Guerrero,+52 72 9103 6730,ND,https://wa.me/527291036730,https://www.facebook.com/search/pages/?q=Boutique%20Vive%20Villa%20Guerrero,"https://www.google.com/maps/search/?api=1&query=18.95838517,-99.64065262"
Coqueta Boutique,Villa Guerrero,+52 72 2358 1216,ND,https://wa.me/527223581216,https://www.facebook.com/search/pages/?q=Coqueta%20Boutique%20Villa%20Guerrero,"https://www.google.com/maps/search/?api=1&query=18.96396187,-99.64174738"
Dannshoping,Villa Victoria,+52 72 2709 2583,mary_iitza13@hotmail.com,https://wa.me/527227092583,https://www.facebook.com/search/pages/?q=Dannshoping%20Villa%20Victoria,"https://www.google.com/maps/search/?api=1&query=19.44223324,-99.99662694"
Moda Jazmin,Villa Victoria,+52 83 2826 1130,ND,https://wa.me/528328261130,https://www.facebook.com/search/pages/?q=Moda%20Jazmin%20Villa%20Victoria,"https://www.google.com/maps/search/?api=1&query=19.43508116,-99.9962016"
Moda Para Toda La Familia Los Chinos,Villa Victoria,+52 72 2514 3419,ND,https://wa.me/527225143419,https://www.facebook.com/search/pages/?q=Moda%20Para%20Toda%20La%20Familia%20Los%20Chinos%20Villa%20Victoria,"https://www.google.com/maps/search/?api=1&query=19.43932029,-99.99677423"
Modas Rubi,Villa Victoria,+52 72 9496 5846,ND,https://wa.me/527294965846,https://www.facebook.com/search/pages/?q=Modas%20Rubi%20Villa%20Victoria,"https://www.google.com/maps/search/?api=1&query=19.43707401,-99.99614243"
Modas Yeshua,Villa Victoria,+52 72 2355 8062,ND,https://wa.me/527223558062,https://www.facebook.com/search/pages/?q=Modas%20Yeshua%20Villa%20Victoria,"https://www.google.com/maps/search/?api=1&query=19.43891211,-99.99674211"
Modas Yeshua,Villa Victoria,+52 72 9454 5422,ND,https://wa.me/527294545422,https://www.facebook.com/search/pages/?q=Modas%20Yeshua%20Villa%20Victoria,"https://www.google.com/maps/search/?api=1&query=19.43939229,-99.9967799"
Venta De Ropa Jeans,Villa Victoria,+52 72 9456 7309,ND,https://wa.me/527294567309,https://www.facebook.com/search/pages/?q=Venta%20De%20Ropa%20Jeans%20Villa%20Victoria,"https://www.google.com/maps/search/?api=1&query=19.4390667,-99.99675428"
Modas Normis,Xalatlaco,+52 72 9227 4376,ND,https://wa.me/527292274376,https://www.facebook.com/search/pages/?q=Modas%20Normis%20Xalatlaco,"https://www.google.com/maps/search/?api=1&query=19.18246879,-99.41409234"
Tienda De Moda,Xalatlaco,+52 71 3138 3638,ND,https://wa.me/527131383638,https://www.facebook.com/search/pages/?q=Tienda%20De%20Moda%20Xalatlaco,"https://www.google.com/maps/search/?api=1&query=19.17799932,-99.41759122"
Boutique Better Shop,Xonacatlán,+52 72 2560 0033,ND,https://wa.me/527225600033,https://www.facebook.com/search/pages/?q=Boutique%20Better%20Shop%20Xonacatlán,"https://www.google.com/maps/search/?api=1&query=19.40346316,-99.52302442"
Boutique De Colores,Xonacatlán,+52 72 2663 7508,ND,https://wa.me/527226637508,https://www.facebook.com/search/pages/?q=Boutique%20De%20Colores%20Xonacatlán,"https://www.google.com/maps/search/?api=1&query=19.40259811,-99.52731358"
Manhwa Shop,Xonacatlán,+52 72 2652 0590,ND,https://wa.me/527226520590,https://www.facebook.com/search/pages/?q=Manhwa%20Shop%20Xonacatlán,"https://www.google.com/maps/search/?api=1&query=19.40531447,-99.52876451"
Marion Modas,Xonacatlán,+52 71 9286 1356,ND,https://wa.me/527192861356,https://www.facebook.com/search/pages/?q=Marion%20Modas%20Xonacatlán,"https://www.google.com/maps/search/?api=1&query=19.40499195,-99.52819363"
Boutique La Morenita,Zacazonapan,+52 72 9525 2508,ND,https://wa.me/527295252508,https://www.facebook.com/search/pages/?q=Boutique%20La%20Morenita%20Zacazonapan,"https://www.google.com/maps/search/?api=1&query=19.07197981,-100.25542423"
Germandiaz,Zacualpan,+52 72 2445 1583,ND,https://wa.me/527224451583,https://www.facebook.com/search/pages/?q=Germandiaz%20Zacualpan,"https://www.google.com/maps/search/?api=1&query=18.72036471,-99.775934"
Shey Carina,Zacualpan,+52 77 7159 2138,ND,https://wa.me/527771592138,https://www.facebook.com/search/pages/?q=Shey%20Carina%20Zacualpan,"https://www.google.com/maps/search/?api=1&query=18.71987781,-99.77606785"
Natalya Boutique,Zinacantepec,+52 72 2400 1889,pbernal.bt@gmail.com,https://wa.me/527224001889,https://www.facebook.com/search/pages/?q=Natalya%20Boutique%20Zinacantepec,"https://www.google.com/maps/search/?api=1&query=19.28530075,-99.73291565"
Boutique Agora,Zinacantepec,+52 72 9551 4525,ND,https://wa.me/527295514525,https://www.facebook.com/search/pages/?q=Boutique%20Agora%20Zinacantepec,"https://www.google.com/maps/search/?api=1&query=19.2669404,-99.73946077"
Boutique Gandy,Zinacantepec,+52 72 9497 9222,ND,https://wa.me/527294979222,https://www.facebook.com/search/pages/?q=Boutique%20Gandy%20Zinacantepec,"https://www.google.com/maps/search/?api=1&query=19.28994208,-99.7196809"
Boutique Genesis,Zinacantepec,+52 72 9337 1452,ND,https://wa.me/527293371452,https://www.facebook.com/search/pages/?q=Boutique%20Genesis%20Zinacantepec,"https://www.google.com/maps/search/?api=1&query=19.29428098,-99.81932994"
Boutique San Juan,Zinacantepec,+52 72 9264 4942,ND,https://wa.me/527292644942,https://www.facebook.com/search/pages/?q=Boutique%20San%20Juan%20Zinacantepec,"https://www.google.com/maps/search/?api=1&query=19.24562241,-99.75995981"
Boutique Yuri-Vic,Zinacantepec,+52 72 2170 6563,ND,https://wa.me/527221706563,https://www.facebook.com/search/pages/?q=Boutique%20Yuri-Vic%20Zinacantepec,"https://www.google.com/maps/search/?api=1&query=19.28457559,-99.73630454"
Fer Shop,Zinacantepec,+52 72 9498 2312,ND,https://wa.me/527294982312,https://www.facebook.com/search/pages/?q=Fer%20Shop%20Zinacantepec,"https://www.google.com/maps/search/?api=1&query=19.24700078,-99.76189855"
Glam Boutique,Zinacantepec,+52 72 2394 0260,ND,https://wa.me/527223940260,https://www.facebook.com/search/pages/?q=Glam%20Boutique%20Zinacantepec,"https://www.google.com/maps/search/?api=1&query=19.28578634,-99.71226031"
Karen Castillo Boutique,Zinacantepec,+52 72 2284 3046,ND,https://wa.me/527222843046,https://www.facebook.com/search/pages/?q=Karen%20Castillo%20Boutique%20Zinacantepec,"https://www.google.com/maps/search/?api=1&query=19.28616114,-99.70357278"
Mia Boutique,Zinacantepec,+52 72 2151 8525,ND,https://wa.me/527221518525,https://www.facebook.com/search/pages/?q=Mia%20Boutique%20Zinacantepec,"https://www.google.com/maps/search/?api=1&query=19.28424392,-99.72364115"
Moda Y Accesorios Mary,Zinacantepec,+52 72 2803 4132,ND,https://wa.me/527228034132,https://www.facebook.com/search/pages/?q=Moda%20Y%20Accesorios%20Mary%20Zinacantepec,"https://www.google.com/maps/search/?api=1&query=19.27747896,-99.83049694"
Shein Boutique Sof & Nic Y Mas,Zinacantepec,+52 72 2559 5294,ND,https://wa.me/527225595294,https://www.facebook.com/search/pages/?q=Shein%20Boutique%20Sof%20%26%20Nic%20Y%20Mas%20Zinacantepec,"https://www.google.com/maps/search/?api=1&query=19.27269351,-99.73477462"
Siempre Pronta Boutique,Zinacantepec,+52 72 2650 0490,ND,https://wa.me/527226500490,https://www.facebook.com/search/pages/?q=Siempre%20Pronta%20Boutique%20Zinacantepec,"https://www.google.com/maps/search/?api=1&query=19.2970195,-99.71058275"
Tienda De Ropa,Zumpahuacán,+52 72 2782 0982,ND,https://wa.me/527227820982,https://www.facebook.com/search/pages/?q=Tienda%20De%20Ropa%20Zumpahuacán,"https://www.google.com/maps/search/?api=1&query=18.84032863,-99.58387932"
Boutique Mack,Zumpahuacán,ND,ND,ND,https://www.facebook.com/search/pages/?q=Boutique%20Mack%20Zumpahuacán,"https://www.google.com/maps/search/?api=1&query=18.84003977,-99.58546164"
Bkl Jeans,Zumpango,+52 55 8825 6278,ND,https://wa.me/525588256278,https://www.facebook.com/search/pages/?q=Bkl%20Jeans%20Zumpango,"https://www.google.com/maps/search/?api=1&query=19.78832037,-99.05490297"
Boutique Ainara,Zumpango,+52 55 4064 0023,ND,https://wa.me/525540640023,https://www.facebook.com/search/pages/?q=Boutique%20Ainara%20Zumpango,"https://www.google.com/maps/search/?api=1&query=19.83215433,-99.09514547"
Boutique Dalidd,Zumpango,+52 55 3241 0845,ND,https://wa.me/525532410845,https://www.facebook.com/search/pages/?q=Boutique%20Dalidd%20Zumpango,"https://www.google.com/maps/search/?api=1&query=19.79758253,-99.09721735"
Boutique Estefani,Zumpango,+52 55 6415 7590,ND,https://wa.me/525564157590,https://www.facebook.com/search/pages/?q=Boutique%20Estefani%20Zumpango,"https://www.google.com/maps/search/?api=1&query=19.79851703,-99.09951296"
Boutique Fashion,Zumpango,+52 55 8568 5111,ND,https://wa.me/525585685111,https://www.facebook.com/search/pages/?q=Boutique%20Fashion%20Zumpango,"https://www.google.com/maps/search/?api=1&query=19.80827874,-99.14617592"
Boutique Fashion Woman & Mens,Zumpango,+52 56 1431 9256,ND,https://wa.me/525614319256,https://www.facebook.com/search/pages/?q=Boutique%20Fashion%20Woman%20%26%20Mens%20Zumpango,"https://www.google.com/maps/search/?api=1&query=19.79875783,-99.09751872"
Boutique Ferdis,Zumpango,+52 56 4708 6814,ND,https://wa.me/525647086814,https://www.facebook.com/search/pages/?q=Boutique%20Ferdis%20Zumpango,"https://www.google.com/maps/search/?api=1&query=19.80574121,-99.10645648"
Boutique G&D,Zumpango,+52 55 4512 1647,ND,https://wa.me/525545121647,https://www.facebook.com/search/pages/?q=Boutique%20G%26D%20Zumpango,"https://www.google.com/maps/search/?api=1&query=19.79900838,-99.09898913"
Boutique Katerin,Zumpango,+52 55 4318 7449,ND,https://wa.me/525543187449,https://www.facebook.com/search/pages/?q=Boutique%20Katerin%20Zumpango,"https://www.google.com/maps/search/?api=1&query=19.79791686,-99.09963493"
Boutique Mary Narman,Zumpango,+52 55 8025 1614,ND,https://wa.me/525580251614,https://www.facebook.com/search/pages/?q=Boutique%20Mary%20Narman%20Zumpango,"https://www.google.com/maps/search/?api=1&query=19.79445281,-99.100705"
Boutique Moon Light,Zumpango,+52 55 3935 9248,ND,https://wa.me/525539359248,https://www.facebook.com/search/pages/?q=Boutique%20Moon%20Light%20Zumpango,"https://www.google.com/maps/search/?api=1&query=19.79835876,-99.09500756"
Boutique New Colection,Zumpango,+52 55 4831 0160,ND,https://wa.me/525548310160,https://www.facebook.com/search/pages/?q=Boutique%20New%20Colection%20Zumpango,"https://www.google.com/maps/search/?api=1&query=19.79674774,-99.09846208"
Boutique Stephanie,Zumpango,+52 55 8485 8324,ND,https://wa.me/525584858324,https://www.facebook.com/search/pages/?q=Boutique%20Stephanie%20Zumpango,"https://www.google.com/maps/search/?api=1&query=19.79568632,-99.09964593"
Boutique Ximena,Zumpango,+52 56 3975 9344,ND,https://wa.me/525639759344,https://www.facebook.com/search/pages/?q=Boutique%20Ximena%20Zumpango,"https://www.google.com/maps/search/?api=1&query=19.79818576,-99.10142784"
Cm Boutique,Zumpango,+52 55 3414 4641,ND,https://wa.me/525534144641,https://www.facebook.com/search/pages/?q=Cm%20Boutique%20Zumpango,"https://www.google.com/maps/search/?api=1&query=19.79731341,-99.09644712"
Dashi Boutique,Zumpango,+52 55 1281 6202,ND,https://wa.me/525512816202,https://www.facebook.com/search/pages/?q=Dashi%20Boutique%20Zumpango,"https://www.google.com/maps/search/?api=1&query=19.7991854,-99.09609552"
Del Mars Shop,Zumpango,+52 55 5472 1593,ND,https://wa.me/525554721593,https://www.facebook.com/search/pages/?q=Del%20Mars%20Shop%20Zumpango,"https://www.google.com/maps/search/?api=1&query=19.79613622,-99.10153215"
Jeva Boutique,Zumpango,+52 56 2033 5305,ND,https://wa.me/525620335305,https://www.facebook.com/search/pages/?q=Jeva%20Boutique%20Zumpango,"https://www.google.com/maps/search/?api=1&query=19.80248912,-99.09785519"
Man Shop,Zumpango,+52 55 2794 7677,ND,https://wa.me/525527947677,https://www.facebook.com/search/pages/?q=Man%20Shop%20Zumpango,"https://www.google.com/maps/search/?api=1&query=19.7978292,-99.09843948"
Meaw Moda,Zumpango,+52 55 2744 4721,ND,https://wa.me/525527444721,https://www.facebook.com/search/pages/?q=Meaw%20Moda%20Zumpango,"https://www.google.com/maps/search/?api=1&query=19.81038956,-99.14570256"
Moda Alish,Zumpango,+52 55 3797 4184,ND,https://wa.me/525537974184,https://www.facebook.com/search/pages/?q=Moda%20Alish%20Zumpango,"https://www.google.com/maps/search/?api=1&query=19.81035778,-99.14584737"
Modas Mary,Zumpango,+52 56 8693 2147,ND,https://wa.me/525686932147,https://www.facebook.com/search/pages/?q=Modas%20Mary%20Zumpango,"https://www.google.com/maps/search/?api=1&query=19.78758598,-99.09684691"
Perforaciones Medusa Shop,Zumpango,+52 55 8120 5956,ND,https://wa.me/525581205956,https://www.facebook.com/search/pages/?q=Perforaciones%20Medusa%20Shop%20Zumpango,"https://www.google.com/maps/search/?api=1&query=19.79947889,-99.09763649"
Ra Moda Y Estilo,Zumpango,+52 56 1400 5973,ND,https://wa.me/525614005973,https://www.facebook.com/search/pages/?q=Ra%20Moda%20Y%20Estilo%20Zumpango,"https://www.google.com/maps/search/?api=1&query=19.80074772,-99.10088186"
Ropa Y Moda,Zumpango,+52 55 7751 3000,ND,https://wa.me/525577513000,https://www.facebook.com/search/pages/?q=Ropa%20Y%20Moda%20Zumpango,"https://www.google.com/maps/search/?api=1&query=19.79642988,-99.1011026"
Tienda De Ropa Tu Estilo,Zumpango,+52 55 6512 6163,ND,https://wa.me/525565126163,https://www.facebook.com/search/pages/?q=Tienda%20De%20Ropa%20Tu%20Estilo%20Zumpango,"https://www.google.com/maps/search/?api=1&query=19.81231931,-99.00883298"
Twenty Store,Zumpango,+52 55 1119 5106,ND,https://wa.me/525511195106,https://www.facebook.com/search/pages/?q=Twenty%20Store%20Zumpango,"https://www.google.com/maps/search/?api=1&query=19.86487369,-99.09861837"
