nombre,municipio,teléfono,correo,WhatsApp,sitio_red,url_fuente
Boutique 58,Autlán,+52 317 381 4153,ND,ND,ND,https://www.google.com/maps/search/tiendas+de+ropa+Autl%C3%A1n+Jalisco
Fashion Jeans Autlán (distribuidora de mayoreo),Autlán,+52 317 112 6814,ND,+523171126814,ND,https://www.google.com/maps/search/tiendas+de+ropa+Autl%C3%A1n+Jalisco
Livor,Autlán,+52 317 382 0369,ND,ND,ND,https://www.google.com/maps/search/tiendas+de+ropa+Autl%C3%A1n+Jalisco
Stop Autlán,Autlán,+52 317 108 6814,ND,ND,ND,https://www.google.com/maps/search/tiendas+de+ropa+Autl%C3%A1n+Jalisco
OUTFIT - Tienda de Ropa,Ameca,+52 375 755 9027,ND,+523757559027,ND,https://www.google.com/maps/search/tiendas+de+ropa+Ameca+Jalisco
El Vestir Elegante,Ameca,+52 375 758 2770,ND,ND,ND,https://www.google.com/maps/search/tiendas+de+ropa+Ameca+Jalisco
Love Fashion,Ameca,ND,ND,ND,ND,https://www.google.com/maps/search/tiendas+de+ropa+Ameca+Jalisco
Moda Sigala,Ameca,+52 375 758 2916,ND,ND,ND,https://www.google.com/maps/search/tiendas+de+ropa+Ameca+Jalisco
Boutique D'Faby,La Barca,+52 393 107 4432,ND,ND,ND,https://www.google.com/maps/search/tiendas+de+ropa+La+Barca+Jalisco
Ilusión,La Barca,+52 55 5445 4545,ND,ND,ND,https://www.google.com/maps/search/tiendas+de+ropa+La+Barca+Jalisco
Lopsaa BOUTIQUE,La Barca,ND,ND,ND,ND,https://www.google.com/maps/search/tiendas+de+ropa+La+Barca+Jalisco
Bh boutique,La Barca,+52 393 100 2115,ND,ND,ND,https://www.google.com/maps/search/tiendas+de+ropa+La+Barca+Jalisco
Zapotlanejo Ropa,Zapotlanejo,ND,ND,ND,ND,https://www.google.com/maps/search/tiendas+de+ropa+Zapotlanejo+Jalisco
Happy Joe's,Zapotlanejo,+52 33 1572 0461,ND,ND,ND,https://www.google.com/maps/search/tiendas+de+ropa+Zapotlanejo+Jalisco
Ropa Zapotlanejo,Zapotlanejo,+52 33 2647 4234,ND,+523326474234,ND,https://www.google.com/maps/search/tiendas+de+ropa+Zapotlanejo+Jalisco
Centro Pantalonero Zapotlanejo,Zapotlanejo,+52 33 1460 3131,ND,+523314603131,ND,https://www.google.com/maps/search/tiendas+de+ropa+Zapotlanejo+Jalisco
tienda de Ropa Chendo,Tala,+52 384 109 7207,ND,+523841097207,ND,https://www.google.com/maps/search/tiendas+de+ropa+Tala+Jalisco
Almacén de Ropa GORA,Tala,+52 384 738 1871,ND,+523847381871,ND,https://www.google.com/maps/search/tiendas+de+ropa+Tala+Jalisco
María jose Boutique Fashion,Tala,+52 384 113 0930,ND,ND,ND,https://www.google.com/maps/search/tiendas+de+ropa+Tala+Jalisco
Playeras Ali,Tala,+52 33 1887 2844,ND,ND,ND,https://www.google.com/maps/search/tiendas+de+ropa+Tala+Jalisco
VINTAGE BOUTIQUE EL SALTO,El Salto,+52 33 1194 8353,ND,ND,ND,https://www.google.com/maps/search/tiendas+de+ropa+%22El+Salto%22+Jalisco
ropa y novedades de el salto,El Salto,ND,ND,ND,ND,https://www.google.com/maps/search/tiendas+de+ropa+%22El+Salto%22+Jalisco
MECHE ropa de moda / uniformes escolares,El Salto,+52 33 3732 1337,ND,+523337321337,ND,https://www.google.com/maps/search/tiendas+de+ropa+%22El+Salto%22+Jalisco
CEIA PREMIUM BOUTIQUE,El Salto,+52 33 1310 6713,ND,ND,ND,https://www.google.com/maps/search/tiendas+de+ropa+%22El+Salto%22+Jalisco
G&L SHOP,Ixtlahuacán de los Membrillos,+52 33 1489 5859,ND,ND,ND,https://www.google.com/maps/search/tiendas+de+ropa+%22Ixtlahuac%C3%A1n+de+los+Membrillos%22
LOVE'S BOUTIQUE,Ixtlahuacán de los Membrillos,+52 341 109 5828,ND,ND,ND,https://www.google.com/maps/search/tiendas+de+ropa+%22Ixtlahuac%C3%A1n+de+los+Membrillos%22
Ropa y accesorios la bonita,Ixtlahuacán de los Membrillos,ND,ND,ND,ND,https://www.google.com/maps/search/tiendas+de+ropa+%22Ixtlahuac%C3%A1n+de+los+Membrillos%22
Uniformes Escolares Ri Me,Ixtlahuacán de los Membrillos,ND,ND,ND,ND,https://www.google.com/maps/search/tiendas+de+ropa+%22Ixtlahuac%C3%A1n+de+los+Membrillos%22
Aloha Boutique,Ixtlahuacán de los Membrillos,ND,ND,ND,ND,https://www.google.com/maps/search/tiendas+de+ropa+%22Ixtlahuac%C3%A1n+de+los+Membrillos%22
Boutique Viviana,Ixtlahuacán de los Membrillos,ND,ND,ND,ND,https://www.google.com/maps/search/tiendas+de+ropa+%22Ixtlahuac%C3%A1n+de+los+Membrillos%22
Mueve Low Tienda de Ropa,Ixtlahuacán de los Membrillos,ND,ND,ND,ND,https://www.google.com/maps/search/tiendas+de+ropa+%22Ixtlahuac%C3%A1n+de+los+Membrillos%22
Mayoreo Touche,Guadalajara,+52 33 1345 7094,ND,ND,ND,https://www.google.com/maps/search/tiendas+de+ropa+Guadalajara+Jalisco
VERTICHE Guadalajara,Guadalajara,+52 55 8107 5085,ND,ND,ND,https://www.google.com/maps/search/tiendas+de+ropa+Guadalajara+Jalisco
Cuidado Con el Perro Guadalajara Catedral,Guadalajara,+52 55 5130 5730,ND,ND,ND,https://www.google.com/maps/search/tiendas+de+ropa+Guadalajara+Jalisco
Medrano Zona del Vestir,Guadalajara,ND,ND,ND,ND,https://www.google.com/maps/search/tiendas+de+ropa+Guadalajara+Jalisco
Promoda Macroplaza Puerto Vallarta,Puerto Vallarta,+52 800 007 7066,ND,ND,ND,https://www.google.com/maps/search/tiendas+de+ropa+Puerto+Vallarta+Jalisco
VERTICHE Vallarta,Puerto Vallarta,+52 55 8107 5085,ND,ND,ND,https://www.google.com/maps/search/tiendas+de+ropa+Puerto+Vallarta+Jalisco
Pull&Bear,Puerto Vallarta,+52 322 688 1633,ND,ND,ND,https://www.google.com/maps/search/tiendas+de+ropa+Puerto+Vallarta+Jalisco
Angel's Store PV Boutique for Men,Puerto Vallarta,+52 322 365 1666,ND,ND,ND,https://www.google.com/maps/search/tiendas+de+ropa+Puerto+Vallarta+Jalisco
Jomers,Zapopan,+52 33 3311 2300,ND,ND,ND,https://www.google.com/maps/search/tiendas+de+ropa+Zapopan+Jalisco
Doris Loo Boutique,Zapopan,+52 33 2756 2314,ND,ND,ND,https://www.google.com/maps/search/tiendas+de+ropa+Zapopan+Jalisco
FASHION LIMON,Zapopan,+52 33 3832 9352,ND,ND,ND,https://www.google.com/maps/search/tiendas+de+ropa+Zapopan+Jalisco
+MODA OUTLET,Zapopan,+52 33 1715 7500,ND,ND,ND,https://www.google.com/maps/search/tiendas+de+ropa+Zapopan+Jalisco
La Fabriquita,Tlaquepaque,+52 33 1578 0598,ND,ND,ND,https://www.google.com/maps/search/tiendas+de+ropa+Tlaquepaque+Jalisco
ApoArte Tradición Artesanal,Tlaquepaque,+52 33 3838 5713,ND,ND,ND,https://www.google.com/maps/search/tiendas+de+ropa+Tlaquepaque+Jalisco
TAKASAMI,Tlaquepaque,+52 33 3122 4512,ND,ND,ND,https://www.google.com/maps/search/tiendas+de+ropa+Tlaquepaque+Jalisco
ARCTIKA STUDIO,Tlaquepaque,+52 33 3657 0063,ND,ND,ND,https://www.google.com/maps/search/tiendas+de+ropa+Tlaquepaque+Jalisco
SECOND FLOOR boutique & glamour,Lagos de Moreno,+52 474 738 3250,ND,ND,ND,https://www.google.com/maps/search/tiendas+de+ropa+Lagos+de+Moreno+Jalisco
Moda el y ella,Lagos de Moreno,+52 474 742 0356,ND,ND,ND,https://www.google.com/maps/search/tiendas+de+ropa+Lagos+de+Moreno+Jalisco
Osho boutique,Lagos de Moreno,ND,ND,ND,ND,https://www.google.com/maps/search/tiendas+de+ropa+Lagos+de+Moreno+Jalisco
Petite Boutique Lagos,Lagos de Moreno,ND,ND,ND,ND,https://www.google.com/maps/search/tiendas+de+ropa+Lagos+de+Moreno+Jalisco
Optima-Ocotlán,Ocotlán,+52 392 923 4123,ND,ND,ND,https://www.google.com/maps/search/tiendas+de+ropa+Ocotlan+Jalisco
Street Size,Ocotlán,ND,ND,ND,ND,https://www.google.com/maps/search/tiendas+de+ropa+Ocotlan+Jalisco
Cortefino,Ocotlán,+52 392 922 1149,ND,ND,ND,https://www.google.com/maps/search/tiendas+de+ropa+Ocotlan+Jalisco
Beraka,Ocotlán,+52 392 940 7842,ND,ND,ND,https://www.google.com/maps/search/tiendas+de+ropa+Ocotlan+Jalisco
Grupo Administrativo Eh Sucursal Vertiche,Ciudad Guzmán,+52 55 8107 5085,ND,ND,ND,https://www.google.com/maps/search/tiendas+de+ropa+Ciudad+Guzman+Jalisco
Optima-Cd. Guzmán,Ciudad Guzmán,+52 341 412 7309,ND,ND,ND,https://www.google.com/maps/search/tiendas+de+ropa+Ciudad+Guzman+Jalisco
MAJA Ciudad Guzmán,Ciudad Guzmán,+52 667 252 0963,ND,ND,ND,https://www.google.com/maps/search/tiendas+de+ropa+Ciudad+Guzman+Jalisco
Yo Rento Shop. Renta/Venta de vestidos DAMAS,Ciudad Guzmán,+52 341 413 3313,ND,ND,ND,https://www.google.com/maps/search/tiendas+de+ropa+Ciudad+Guzman+Jalisco
Almacenes Tepa,Tepatitlán,+52 378 782 2892,ND,ND,ND,https://www.google.com/maps/search/tiendas%20de%20ropa%20Tepatitl%C3%A1n%20Jalisco
Tienda Milano Tepatitlan,Tepatitlán,+52 55 1105 1100,ND,ND,ND,https://www.google.com/maps/search/tiendas%20de%20ropa%20Tepatitl%C3%A1n%20Jalisco
Original Outlet,Tepatitlán,+52 733 118 9191,ND,ND,ND,https://www.google.com/maps/search/tiendas%20de%20ropa%20Tepatitl%C3%A1n%20Jalisco
De Paul,Tepatitlán,+52 378 782 2091,ND,ND,ND,https://www.google.com/maps/search/tiendas%20de%20ropa%20Tepatitl%C3%A1n%20Jalisco
Kennedy Boutique,Arandas,+52 348 244 2671,ND,ND,ND,https://www.google.com/maps/search/tiendas%20de%20ropa%20Arandas%20Jalisco
Emma Velazquez,Arandas,+52 348 254 8523,ND,ND,ND,https://www.google.com/maps/search/tiendas%20de%20ropa%20Arandas%20Jalisco
RYM Shopping Club,Arandas,+52 348 102 9125,ND,ND,ND,https://www.google.com/maps/search/tiendas%20de%20ropa%20Arandas%20Jalisco
Fiusha Boutique,Arandas,+52 348 102 8880,ND,ND,ND,https://www.google.com/maps/search/tiendas%20de%20ropa%20Arandas%20Jalisco
Garringo de los Altos,San Juan de los Lagos,+52 395 785 1882,ND,ND,ND,https://www.google.com/maps/search/tiendas%20de%20ropa%20San%20Juan%20de%20los%20Lagos%20Jalisco
BOHO BOUTIQUE,San Juan de los Lagos,+52 395 117 3078,ND,ND,ND,https://www.google.com/maps/search/tiendas%20de%20ropa%20San%20Juan%20de%20los%20Lagos%20Jalisco
Elements Moda para Hombres,San Juan de los Lagos,+52 395 725 5288,ND,ND,ND,https://www.google.com/maps/search/tiendas%20de%20ropa%20San%20Juan%20de%20los%20Lagos%20Jalisco
Closhet Boutique,San Juan de los Lagos,+52 33 2744 1974,ND,ND,ND,https://www.google.com/maps/search/tiendas%20de%20ropa%20San%20Juan%20de%20los%20Lagos%20Jalisco
Ropa Casual El “kks”,Tamazula de Gordiano,+52 341 158 3764,ND,+523411583764,ND,https://www.google.com/maps/search/tiendas%20de%20ropa%20Tamazula%20de%20Gordiano%20Jalisco
Laura’s Boutique,Tamazula de Gordiano,+52 33 1747 9002,ND,ND,ND,https://www.google.com/maps/search/tiendas%20de%20ropa%20Tamazula%20de%20Gordiano%20Jalisco
GH Boutique,Tamazula de Gordiano,ND,ND,ND,ND,https://www.google.com/maps/search/tiendas%20de%20ropa%20Tamazula%20de%20Gordiano%20Jalisco
ELIAS MODA PARA TODA LA FAMILIA,Tamazula de Gordiano,+52 358 416 1899,ND,ND,ND,https://www.google.com/maps/search/tiendas%20de%20ropa%20Tamazula%20de%20Gordiano%20Jalisco
La Palma,Cocula,+52 377 773 2222,ND,ND,ND,https://www.google.com/maps/search/tiendas%20de%20ropa%20Cocula%20Jalisco
Yari's Boutique,Cocula,+52 375 131 8321,ND,ND,ND,https://www.google.com/maps/search/tiendas%20de%20ropa%20Cocula%20Jalisco
MERKEL BOUTIQUE,Cocula,ND,ND,ND,ND,https://www.google.com/maps/search/tiendas%20de%20ropa%20Cocula%20Jalisco
Griego jeans,Cocula,+52 377 773 5050,ND,+523777735050,ND,https://www.google.com/maps/search/tiendas%20de%20ropa%20Cocula%20Jalisco
Yo Rento Shop Sayula,Sayula,+52 342 688 0464,ND,ND,ND,https://www.google.com/maps/search/tiendas%20de%20ropa%20Sayula%20Jalisco
Cachett Boutique,Sayula,+52 341 123 0741,ND,ND,ND,https://www.google.com/maps/search/tiendas%20de%20ropa%20Sayula%20Jalisco
EL AZABACHE,Sayula,+52 342 101 6079,ND,ND,ND,https://www.google.com/maps/search/tiendas%20de%20ropa%20Sayula%20Jalisco
La Paloma de Medrano | Suc Sayula,Sayula,ND,ND,ND,ND,https://www.google.com/maps/search/tiendas%20de%20ropa%20Sayula%20Jalisco
STITCH,Jalostotitlán,+52 431 100 0255,ND,ND,ND,https://www.google.com/maps/search/tiendas%20de%20ropa%20Jalostotitl%C3%A1n%20Jalisco
Milano Jalostotitlán,Jalostotitlán,+52 55 1105 1100,ND,ND,ND,https://www.google.com/maps/search/tiendas%20de%20ropa%20Jalostotitl%C3%A1n%20Jalisco
Bazar Moda Circular Jalos,Jalostotitlán,+52 431 102 9380,ND,ND,ND,https://www.google.com/maps/search/tiendas%20de%20ropa%20Jalostotitl%C3%A1n%20Jalisco
LUXURY STORE,Jalostotitlán,ND,ND,ND,ND,https://www.google.com/maps/search/tiendas%20de%20ropa%20Jalostotitl%C3%A1n%20Jalisco
Import Vestir,Teocaltiche,+52 346 787 2432,ND,ND,ND,https://www.google.com/maps/search/tiendas%20de%20ropa%20Teocaltiche%20Jalisco
Flais Boutique,Teocaltiche,+52 346 107 0236,ND,ND,ND,https://www.google.com/maps/search/tiendas%20de%20ropa%20Teocaltiche%20Jalisco
La Bola Ocho,Teocaltiche,ND,ND,ND,ND,https://www.google.com/maps/search/tiendas%20de%20ropa%20Teocaltiche%20Jalisco
"PURO € JUICE Juanpa tattos ,perfumes y ropa",Teocaltiche,ND,ND,ND,ND,https://www.google.com/maps/search/tiendas%20de%20ropa%20Teocaltiche%20Jalisco
Luxury Brand,Tuxpan,+52 341 878 9545,ND,ND,ND,https://www.google.com/maps/search/tiendas%20de%20ropa%20Tuxpan%20Jalisco
Elegant Dress,Tuxpan,+52 341 114 7319,ND,ND,ND,https://www.google.com/maps/search/tiendas%20de%20ropa%20Tuxpan%20Jalisco
Rec Boutique,Tuxpan,ND,ND,ND,ND,https://www.google.com/maps/search/tiendas%20de%20ropa%20Tuxpan%20Jalisco
La Blanquita Tienda De Ropa.,Tuxpan,+52 371 417 3591,ND,+523714173591,ND,https://www.google.com/maps/search/tiendas%20de%20ropa%20Tuxpan%20Jalisco
Chocolate Boutique,Yahualica de González Gallo,+52 344 784 2751,ND,ND,ND,https://www.google.com/maps/search/tiendas%20de%20ropa%20Yahualica%20de%20Gonz%C3%A1lez%20Gallo%20Jalisco
Cecy cadenas Boutique,Yahualica de González Gallo,+52 344 784 1290,ND,ND,ND,https://www.google.com/maps/search/tiendas%20de%20ropa%20Yahualica%20de%20Gonz%C3%A1lez%20Gallo%20Jalisco
Judith’s Store,Yahualica de González Gallo,+52 33 1133 6602,ND,ND,ND,https://www.google.com/maps/search/tiendas%20de%20ropa%20Yahualica%20de%20Gonz%C3%A1lez%20Gallo%20Jalisco
AURANA Boutique,Yahualica de González Gallo,ND,ND,ND,ND,https://www.google.com/maps/search/tiendas%20de%20ropa%20Yahualica%20de%20Gonz%C3%A1lez%20Gallo%20Jalisco
BABYKIDS Y PRENDA AMERICANA EL CENTRO,Cihuatlán,ND,ND,ND,ND,https://www.google.com/maps/search/tiendas+de+ropa+Cihuatlán+Jalisco
PRENDA AMERICANA # EL MERCADITO!!!,Cihuatlán,+52 315 109 7962,ND,ND,ND,https://www.google.com/maps/search/tiendas+de+ropa+Cihuatlán+Jalisco
Banana's BOUTIQUE,Cihuatlán,+52 315 109 4662,ND,ND,ND,https://www.google.com/maps/search/tiendas+de+ropa+Cihuatlán+Jalisco
Denilu Boutique,Cihuatlán,+52 315 238 1810,ND,ND,ND,https://www.google.com/maps/search/tiendas+de+ropa+Cihuatlán+Jalisco
San Vicente Nayarit,Mascota,ND,ND,ND,ND,https://www.google.com/maps/search/tiendas+de+ropa+Mascota+Jalisco
Antillanos urban wear,Chapala,ND,ND,ND,ND,https://www.google.com/maps/search/tiendas+de+ropa+Chapala+Jalisco
MAJA Chapala Jalisco,Chapala,+52 376 688 2187,ND,ND,ND,https://www.google.com/maps/search/tiendas+de+ropa+Chapala+Jalisco
ALOHA boutique,Chapala,+52 33 2655 4831,ND,ND,ND,https://www.google.com/maps/search/tiendas+de+ropa+Chapala+Jalisco
Mireya's Boutique,Chapala,+52 33 1363 8563,ND,ND,ND,https://www.google.com/maps/search/tiendas+de+ropa+Chapala+Jalisco
Tienda de Ropa Pinedo,Colotlán,+52 499 992 1164,ND,+524999921164,ND,https://www.google.com/maps/search/tiendas+de+ropa+Colotlán+Jalisco
HIGH STYLE,Colotlán,+52 33 2973 5747,ND,ND,ND,https://www.google.com/maps/search/tiendas+de+ropa+Colotlán+Jalisco
Ropa Alta Moda,Colotlán,+52 33 1887 1534,ND,+523318871534,ND,https://www.google.com/maps/search/tiendas+de+ropa+Colotlán+Jalisco
P & C Boutique,Colotlán,+52 33 3014 2789,ND,ND,ND,https://www.google.com/maps/search/tiendas+de+ropa+Colotlán+Jalisco
Mexanis ropa Artesanal,Jocotepec,ND,ND,ND,ND,https://www.google.com/maps/search/tiendas+de+ropa+Jocotepec+Jalisco
Casa Luisa,Jocotepec,+52 33 4156 5974,ND,ND,ND,https://www.google.com/maps/search/tiendas+de+ropa+Jocotepec+Jalisco
Ropa y ceremonias Maria,Jocotepec,+52 33 2797 4983,ND,+523327974983,ND,https://www.google.com/maps/search/tiendas+de+ropa+Jocotepec+Jalisco
Lencemoda,Jocotepec,ND,ND,ND,ND,https://www.google.com/maps/search/tiendas+de+ropa+Jocotepec+Jalisco
Aldo's Boutique,Magdalena,+52 386 744 1666,ND,ND,ND,https://www.google.com/maps/search/tiendas+de+ropa+Magdalena+Jalisco
"Lorenz,o boutique",Magdalena,ND,ND,ND,ND,https://www.google.com/maps/search/tiendas+de+ropa+Magdalena+Jalisco
Boutique miranda's,Magdalena,+52 386 120 2894,ND,ND,ND,https://www.google.com/maps/search/tiendas+de+ropa+Magdalena+Jalisco
Ohlala boutique,Magdalena,+52 386 113 8034,ND,ND,ND,https://www.google.com/maps/search/tiendas+de+ropa+Magdalena+Jalisco
El Potro,San Martín Hidalgo,+52 375 120 0362,ND,ND,ND,https://www.google.com/maps/search/tiendas+de+ropa+San+Martín+Hidalgo+Jalisco
Tienda La Nena,San Martín Hidalgo,+52 385 755 0272,ND,ND,ND,https://www.google.com/maps/search/tiendas+de+ropa+San+Martín+Hidalgo+Jalisco
Boutique Curvy,San Martín Hidalgo,+52 375 101 3460,ND,ND,ND,https://www.google.com/maps/search/tiendas+de+ropa+San+Martín+Hidalgo+Jalisco
Botines el Zihualteco,San Martín Hidalgo,ND,ND,ND,ND,https://www.google.com/maps/search/tiendas+de+ropa+San+Martín+Hidalgo+Jalisco
Glamour Jeans & Macho Alfa,Zacoalco de Torres,ND,ND,ND,ND,https://www.google.com/maps/search/tiendas+de+ropa+Zacoalco+de+Torres+Jalisco
Boutique Paris,Zacoalco de Torres,+52 33 1304 4323,ND,ND,ND,https://www.google.com/maps/search/tiendas+de+ropa+Zacoalco+de+Torres+Jalisco
LizaStyle,Zacoalco de Torres,+52 33 2631 3152,ND,ND,ND,https://www.google.com/maps/search/tiendas+de+ropa+Zacoalco+de+Torres+Jalisco
Margarita Moda Y Elegancia,Zacoalco de Torres,ND,ND,ND,ND,https://www.google.com/maps/search/tiendas+de+ropa+Zacoalco+de+Torres+Jalisco
El Vaquero,Tequila,+52 374 742 0613,ND,ND,ND,https://www.google.com/maps/search/tiendas+de+ropa+Tequila+Jalisco
boutique mauu,Tequila,+52 374 742 1228,ND,ND,ND,https://www.google.com/maps/search/tiendas+de+ropa+Tequila+Jalisco
Tienda de Ropa Kora,Tequila,ND,ND,ND,ND,https://www.google.com/maps/search/tiendas+de+ropa+Tequila+Jalisco
nrstore,Tequila,ND,ND,ND,ND,https://www.google.com/maps/search/tiendas+de+ropa+Tequila+Jalisco
Boutique Tabasco's,Yahualica de González Gallo,ND,ND,ND,ND,https://www.google.com/maps/search/tiendas+de+ropa+Yahualica+de+González+Gallo+Jalisco
Lilian’s boutique,Mascota,ND,ND,ND,ND,https://www.google.com/maps/search/boutique+ropa+Mascota+Jalisco
Blusas Artesanales Yeyektsi,Mascota,+52 238 101 3903,ND,ND,ND,https://www.google.com/maps/search/boutique+ropa+Mascota+Jalisco
boutique scorpions,Mascota,+52 452 108 5463,ND,ND,ND,https://www.google.com/maps/search/boutique+ropa+Mascota+Jalisco
ELLAS boutique GDL - Guadalajara,Guadalajara,+52 33 1584 1191,ND,ND,ND,https://www.google.com/maps/search/tiendas+de+ropa+Guadalajara+Jalisco
Félix boutique,Guadalajara,+52 33 3008 5259,ND,ND,ND,https://www.google.com/maps/search/tiendas+de+ropa+Guadalajara+Jalisco
Be Apple Boutique (Clothing Store),Guadalajara,+52 33 5036 6778,ND,ND,ND,https://www.google.com/maps/search/tiendas+de+ropa+Guadalajara+Jalisco
Bèl Boutique,Guadalajara,+52 33 1714 5966,ND,ND,ND,https://www.google.com/maps/search/tiendas+de+ropa+Guadalajara+Jalisco
Uniformes Lobitos,Guadalajara,+52 33 3126 1185,ND,ND,ND,https://www.google.com/maps/search/tiendas+de+ropa+Guadalajara+Jalisco
El Mayoreo,Guadalajara,+52 33 3448 3314,ND,ND,ND,https://www.google.com/maps/search/tiendas+de+ropa+Guadalajara+Jalisco
UNIFORMS AND FABRICS CEJUDO,Guadalajara,+52 33 3825 2573,ND,ND,ND,https://www.google.com/maps/search/tiendas+de+ropa+Guadalajara+Jalisco
Uniformes Escolares Uniklass,Guadalajara,+52 33 2615 2517,ND,ND,ND,https://www.google.com/maps/search/tiendas+de+ropa+Guadalajara+Jalisco
GALA SPORT,Guadalajara,+52 33 1421 2717,ND,ND,ND,https://www.google.com/maps/search/tiendas+de+ropa+Guadalajara+Jalisco
Fábrica de Uniformes Deportivos en Guadalajara Centro,Guadalajara,+52 33 3826 9058,ND,ND,ND,https://www.google.com/maps/search/tiendas+de+ropa+Guadalajara+Jalisco
DEPORTES OBREGÓN,Guadalajara,+52 33 3345 6969,ND,ND,ND,https://www.google.com/maps/search/tiendas+de+ropa+Guadalajara+Jalisco
Deportes boti,Guadalajara,+52 33 3820 0641,ND,ND,ND,https://www.google.com/maps/search/tiendas+de+ropa+Guadalajara+Jalisco
SELFA MODA,Guadalajara,+52 33 3613 3978,ND,ND,ND,https://www.google.com/maps/search/tiendas+de+ropa+Guadalajara+Jalisco
Miss Cherry,Guadalajara,+52 33 4593 8569,ND,ND,ND,https://www.google.com/maps/search/tiendas+de+ropa+Guadalajara+Jalisco
El 5to Poder - 8 de Julio,Guadalajara,+52 33 1001 8739,ND,ND,ND,https://www.google.com/maps/search/tiendas+de+ropa+Guadalajara+Jalisco
Galeria del Calzado,Guadalajara,+52 33 3647 6422,ND,ND,ND,https://www.google.com/maps/search/tiendas+de+ropa+Guadalajara+Jalisco
Luné - Calzado de Dama,Guadalajara,+52 33 2637 5023,ND,ND,ND,https://www.google.com/maps/search/tiendas+de+ropa+Guadalajara+Jalisco
Bodega de Calzado Flexi,Guadalajara,+52 33 3826 4092,ND,ND,ND,https://www.google.com/maps/search/tiendas+de+ropa+Guadalajara+Jalisco
Calzado Gali,Guadalajara,+52 33 3644 1622,ND,ND,ND,https://www.google.com/maps/search/tiendas+de+ropa+Guadalajara+Jalisco
Barceló - Ropa de importación,Guadalajara,+52 33 1298 9806,ND,+523312989806,ND,https://www.google.com/maps/search/tiendas+de+ropa+Guadalajara+Jalisco
Super Mayoreo de Ropa y Boneteria,Guadalajara,+52 33 3650 0384,ND,+523336500384,ND,https://www.google.com/maps/search/tiendas+de+ropa+Guadalajara+Jalisco
JK Collection Mayoreo,Guadalajara,+52 33 2591 5527,ND,ND,ND,https://www.google.com/maps/search/tiendas+de+ropa+Guadalajara+Jalisco
DODO kids (matriz),Guadalajara,+52 33 2687 2460,ND,ND,ND,https://www.google.com/maps/search/tiendas+de+ropa+Guadalajara+Jalisco
Baby House Gdl,Guadalajara,+52 33 1197 7016,ND,ND,ND,https://www.google.com/maps/search/tiendas+de+ropa+Guadalajara+Jalisco
Luma Kids,Guadalajara,+52 33 2789 9857,ND,ND,ND,https://www.google.com/maps/search/tiendas+de+ropa+Guadalajara+Jalisco
Baby & Jeans,Guadalajara,+52 33 3618 6994,ND,+523336186994,ND,https://www.google.com/maps/search/tiendas+de+ropa+Guadalajara+Jalisco
Hombre Moderno Menswear,Guadalajara,+52 33 1881 8878,ND,ND,ND,https://www.google.com/maps/search/tiendas+de+ropa+Guadalajara+Jalisco
Men's Fashion,Guadalajara,+52 33 3613 9012,ND,ND,ND,https://www.google.com/maps/search/tiendas+de+ropa+Guadalajara+Jalisco
Scappino Outlet,Guadalajara,+52 33 3630 3384,ND,ND,ND,https://www.google.com/maps/search/tiendas+de+ropa+Guadalajara+Jalisco
El Traje Perfecto,Guadalajara,+52 33 1926 2773,ND,ND,ND,https://www.google.com/maps/search/tiendas+de+ropa+Guadalajara+Jalisco
Ropa Americana,Guadalajara,+52 33 3843 5444,ND,+523338435444,ND,https://www.google.com/maps/search/tiendas+de+ropa+Guadalajara+Jalisco
OUTLET DE 99 MATRIZ,Guadalajara,+52 33 3155 0793,ND,ND,ND,https://www.google.com/maps/search/tiendas+de+ropa+Guadalajara+Jalisco
"Tianguis Medrano ""Elsy ropa americana""",Guadalajara,+52 33 1118 7674,ND,+523311187674,ND,https://www.google.com/maps/search/tiendas+de+ropa+Guadalajara+Jalisco
INEZ Boutique /Tienda De Ropa,Zapopan,+52 33 3165 5188,ND,+523331655188,ND,https://www.google.com/maps/search/tiendas+de+ropa+Zapopan+Jalisco
R&R Boutique,Zapopan,+52 33 1199 5039,ND,ND,ND,https://www.google.com/maps/search/tiendas+de+ropa+Zapopan+Jalisco
Uniformes Empresariales Guadalajara SA de CV,Zapopan,+52 33 3365 3280,ND,ND,ND,https://www.google.com/maps/search/tiendas+de+ropa+Zapopan+Jalisco
Ropa y Uniformes Gómez,Zapopan,+52 33 3633 2430,ND,+523336332430,ND,https://www.google.com/maps/search/tiendas+de+ropa+Zapopan+Jalisco
La Uniformería - Uniformes Médicos,Zapopan,+52 33 3647 8653,ND,ND,ND,https://www.google.com/maps/search/tiendas+de+ropa+Zapopan+Jalisco
Uniformes Guadalajara UNITAM,Zapopan,+52 33 3852 3074,ND,ND,ND,https://www.google.com/maps/search/tiendas+de+ropa+Zapopan+Jalisco
Nora Chavez Clothing Design,Tonalá,+52 33 2255 1470,ND,ND,ND,https://www.google.com/maps/search/tienda+ropa+Tonal%C3%A1+Jalisco
Egoz Moda En Manta,Tonalá,+52 33 1544 7154,ND,ND,ND,https://www.google.com/maps/search/tienda+ropa+Tonal%C3%A1+Jalisco
Milano Tonalá,Tonalá,+52 55 1105 1100,ND,ND,ND,https://www.google.com/maps/search/tienda+ropa+Tonal%C3%A1+Jalisco
Estrenón Tonalá,Tonalá,+52 33 1188 2933,ND,ND,ND,https://www.google.com/maps/search/tienda+ropa+Tonal%C3%A1+Jalisco
Anyshap Boutique Matriz,Tlaquepaque,+52 33 1347 2006,ND,ND,ND,https://www.google.com/maps/search/boutique+ropa+Tlaquepaque+Jalisco
CASA PIEL - SUC. INDEPENDENCIA,Tlaquepaque,+52 33 2740 2046,ND,ND,ND,https://www.google.com/maps/search/boutique+ropa+Tlaquepaque+Jalisco
YooKo Moda para DAMA y CABALLERO,Tlaquepaque,+52 33 1313 0721,ND,ND,ND,https://www.google.com/maps/search/boutique+ropa+Tlaquepaque+Jalisco
Shasa,Tlaquepaque,+52 800 707 4272,ND,ND,ND,https://www.google.com/maps/search/boutique+ropa+Tlaquepaque+Jalisco
Deportes super gool tienda,Tlaquepaque,+52 374 113 7154,ND,ND,ND,https://www.google.com/maps/search/boutique+ropa+Tlaquepaque+Jalisco
Innovasport,Tlaquepaque,+52 33 1605 9740,ND,ND,ND,https://www.google.com/maps/search/boutique+ropa+Tlaquepaque+Jalisco
Martí Fórum Tlaquepaque,Tlaquepaque,+52 33 3838 8196,ND,ND,ND,https://www.google.com/maps/search/boutique+ropa+Tlaquepaque+Jalisco
Dportenis,Tlaquepaque,+52 33 3657 0783,ND,ND,ND,https://www.google.com/maps/search/boutique+ropa+Tlaquepaque+Jalisco
Bordados Harumy,El Salto,+52 33 3732 3076,ND,ND,ND,https://www.google.com/maps/search/uniformes+ropa+El+Salto+Jalisco
"Zoe&Lu, ropa para dama, mayoreo y menudeo",Zapotlanejo,ND,ND,ND,ND,https://www.google.com/maps/search/mayoreo+ropa+Zapotlanejo+Jalisco
Macroplaza Zapotlanejo,Zapotlanejo,+52 800 356 7100,ND,ND,ND,https://www.google.com/maps/search/mayoreo+ropa+Zapotlanejo+Jalisco
Boutique Paris Puerto Vallarta,Puerto Vallarta,+52 322 294 1385,ND,ND,ND,https://www.google.com/maps/search/tiendas+de+ropa+Puerto+Vallarta+Jalisco
Jazmín Boutique,Puerto Vallarta,+52 322 224 5162,ND,ND,ND,https://www.google.com/maps/search/tiendas+de+ropa+Puerto+Vallarta+Jalisco
Maria de Guadalajara,Puerto Vallarta,+52 322 222 2387,ND,ND,ND,https://www.google.com/maps/search/tiendas+de+ropa+Puerto+Vallarta+Jalisco
NNB Malecón (No Name Boutique),Puerto Vallarta,+52 322 222 1911,ND,ND,ND,https://www.google.com/maps/search/tiendas+de+ropa+Puerto+Vallarta+Jalisco
Lasser Sport,Puerto Vallarta,+52 322 779 4354,ND,ND,ND,https://www.google.com/maps/search/tiendas+de+ropa+Puerto+Vallarta+Jalisco
Marti,Puerto Vallarta,+52 322 209 0503,ND,ND,ND,https://www.google.com/maps/search/tiendas+de+ropa+Puerto+Vallarta+Jalisco
Deportes Estadio,Puerto Vallarta,+52 322 222 4363,ND,ND,ND,https://www.google.com/maps/search/tiendas+de+ropa+Puerto+Vallarta+Jalisco
Innovasport,Puerto Vallarta,+52 322 182 5396,ND,ND,ND,https://www.google.com/maps/search/tiendas+de+ropa+Puerto+Vallarta+Jalisco
Mia's Boutique,Chapala,+52 376 766 5706,ND,ND,ND,https://www.google.com/maps/search/tiendas+de+ropa+Ajijic+Jalisco
Fiaga,Chapala,+52 376 766 1816,ND,ND,ND,https://www.google.com/maps/search/tiendas+de+ropa+Ajijic+Jalisco
OHRO,Chapala,+52 33 1980 5080,ND,ND,ND,https://www.google.com/maps/search/tiendas+de+ropa+Ajijic+Jalisco
JR Tenis Cihuatlan,Cihuatlán,+52 315 117 5434,ND,ND,ND,https://www.google.com/maps/search/tiendas+de+ropa+Cihuatlan+Jalisco
Ola Melaque Souvenirs,Cihuatlán,+52 315 108 2614,ND,ND,ND,https://www.google.com/maps/search/tiendas+de+ropa+Cihuatlan+Jalisco
Chikas Lovely,Cihuatlán,+52 315 115 8105,ND,ND,ND,https://www.google.com/maps/search/tiendas+de+ropa+Cihuatlan+Jalisco
Reyna Boutique,Cihuatlán,+52 315 125 8928,ND,ND,ND,https://www.google.com/maps/search/tiendas+de+ropa+Cihuatlan+Jalisco
Jazmin Boutique,Cihuatlán,+52 315 100 4690,ND,ND,ND,https://www.google.com/maps/search/tiendas+de+ropa+Cihuatlan+Jalisco
BRAGA,Cihuatlán,ND,ND,ND,ND,https://www.google.com/maps/search/tiendas+de+ropa+Cihuatlan+Jalisco
Chikas Lovely,La Huerta,+52 315 115 8105,ND,ND,ND,https://www.google.com/maps/search/tiendas+de+ropa+La+Huerta+Jalisco
Reyna Boutique,La Huerta,+52 315 125 8928,ND,ND,ND,https://www.google.com/maps/search/tiendas+de+ropa+La+Huerta+Jalisco
Jazmin Boutique,La Huerta,+52 315 100 4690,ND,ND,ND,https://www.google.com/maps/search/tiendas+de+ropa+La+Huerta+Jalisco
BRAGA,La Huerta,ND,ND,ND,ND,https://www.google.com/maps/search/tiendas+de+ropa+La+Huerta+Jalisco
Boutique Berenice,Tomatlán,+52 322 132 4128,ND,ND,ND,https://www.google.com/maps/search/tiendas+de+ropa+Tomatlan+Jalisco
La Extra Tomatlan,Tomatlán,+52 322 298 6198,ND,ND,ND,https://www.google.com/maps/search/tiendas+de+ropa+Tomatlan+Jalisco
Modas Torres,Tomatlán,+52 322 138 1812,ND,ND,ND,https://www.google.com/maps/search/tiendas+de+ropa+Tomatlan+Jalisco
Jazba Store,Tomatlán,+52 322 243 0734,ND,ND,ND,https://www.google.com/maps/search/tiendas+de+ropa+Tomatlan+Jalisco
Mens shop,Poncitlán,ND,ND,ND,ND,https://www.google.com/maps/search/tiendas+de+ropa+Poncitlan+Jalisco
ALQUIMIA BOUTIQUE,Poncitlán,+52 33 2597 7544,ND,ND,ND,https://www.google.com/maps/search/tiendas+de+ropa+Poncitlan+Jalisco
anyivanna store,Poncitlán,+52 33 3220 4557,ND,ND,ND,https://www.google.com/maps/search/tiendas+de+ropa+Poncitlan+Jalisco
Lilith Coquette's Shop,Poncitlán,+52 33 2836 3721,ND,ND,ND,https://www.google.com/maps/search/tiendas+de+ropa+Poncitlan+Jalisco
Boutique La Rivera de Chapala -Tizapan,Tizapán el Alto,+52 33 1089 9302,ND,ND,ND,https://www.google.com/maps/search/tiendas+de+ropa+Tizapan+el+Alto+Jalisco
Susan's,Tizapán el Alto,+52 33 1483 5565,ND,ND,ND,https://www.google.com/maps/search/tiendas+de+ropa+Tizapan+el+Alto+Jalisco
Alma Ruiz Boutique,Tizapán el Alto,+52 353 103 6665,ND,ND,ND,https://www.google.com/maps/search/tiendas+de+ropa+Tizapan+el+Alto+Jalisco
REMIX STORE,Tizapán el Alto,+52 33 1843 3787,ND,ND,ND,https://www.google.com/maps/search/tiendas+de+ropa+Tizapan+el+Alto+Jalisco
GAM Boutique,Tuxcueca,ND,ND,ND,ND,https://www.google.com/maps/search/tiendas+de+ropa+Tuxcueca+Jalisco
Diez90 Boutique,Tuxcueca,ND,ND,ND,ND,https://www.google.com/maps/search/tiendas+de+ropa+Tuxcueca+Jalisco
Boutique LB- Ropa para Dama y caballero,Tuxcueca,+52 348 119 9267,ND,+523481199267,ND,https://www.google.com/maps/search/tiendas+de+ropa+Tuxcueca+Jalisco
"Ropa y accesorios, Mini Económica, El Varon",Talpa de Allende,ND,ND,ND,ND,https://www.google.com/maps/search/tiendas+de+ropa+Talpa+de+Allende+Jalisco
Fernanda Guzmán Boutique,Talpa de Allende,+52 388 106 2507,ND,ND,ND,https://www.google.com/maps/search/tiendas+de+ropa+Talpa+de+Allende+Jalisco
Ropa para toda la familia Chiki Economica,Talpa de Allende,+52 388 102 2253,ND,+523881022253,ND,https://www.google.com/maps/search/tiendas+de+ropa+Talpa+de+Allende+Jalisco
Visteme,Talpa de Allende,ND,ND,ND,ND,https://www.google.com/maps/search/tiendas+de+ropa+Talpa+de+Allende+Jalisco
Ropa Y Novedades Toya,Villa Purificación,ND,ND,ND,ND,https://www.google.com/maps/search/tiendas+de+ropa+Villa+Purificacion+Jalisco
FR Boutique,Villa Purificación,ND,ND,ND,ND,https://www.google.com/maps/search/tiendas+de+ropa+Villa+Purificacion+Jalisco
ZAVALZA BOUTIQUE,Villa Purificación,ND,ND,ND,ND,https://www.google.com/maps/search/tiendas+de+ropa+Villa+Purificacion+Jalisco
Mini Perfumería SIGO MODA y HOGAR.,Villa Purificación,+52 317 108 1017,ND,ND,ND,https://www.google.com/maps/search/tiendas+de+ropa+Villa+Purificacion+Jalisco
La Paloma de Medrano | Suc Tapalpa,Tapalpa,+52 341 116 6385,ND,ND,ND,https://www.google.com/maps/search/tiendas+de+ropa+Tapalpa+Jalisco
"Volcán, diseño mexicano en Tapalpa",Tapalpa,ND,ND,ND,ND,https://www.google.com/maps/search/tiendas+de+ropa+Tapalpa+Jalisco
Ojo de Agua,Tapalpa,+52 33 1760 2182,ND,ND,ND,https://www.google.com/maps/search/tiendas+de+ropa+Tapalpa+Jalisco
Mavi Ceremonias,Tapalpa,+52 33 1724 7155,ND,ND,ND,https://www.google.com/maps/search/tiendas+de+ropa+Tapalpa+Jalisco
Baby Tapalpa,Tapalpa,+52 33 1724 6867,ND,ND,ND,https://www.google.com/maps/search/tiendas+de+ropa+Tapalpa+Jalisco
Sanvi Boutique,Tapalpa,+52 341 239 6513,ND,ND,ND,https://www.google.com/maps/search/tiendas+de+ropa+Tapalpa+Jalisco
AMARANTHUS,Tapalpa,+52 33 1875 7737,ND,ND,ND,https://www.google.com/maps/search/tiendas+de+ropa+Tapalpa+Jalisco
Coppel Canada,Tapalpa,+52 343 432 0521,ND,ND,ND,https://www.google.com/maps/search/tiendas+de+ropa+Tapalpa+Jalisco
Moda y Estilo URIEL,Zapotitlán de Vadillo,+52 341 176 8034,ND,ND,ND,https://www.google.com/maps/search/tiendas+de+ropa+Zapotitlan+de+Vadillo+Jalisco
Tienda de Ropa El Corral,Zapotitlán de Vadillo,+52 341 110 5525,ND,+523411105525,ND,https://www.google.com/maps/search/tiendas+de+ropa+Zapotitlan+de+Vadillo+Jalisco
Botines jaripeo El Guerito,Zapotitlán de Vadillo,+52 341 886 4321,ND,ND,ND,https://www.google.com/maps/search/tiendas+de+ropa+Zapotitlan+de+Vadillo+Jalisco
Surtidora De Ropa Maifrens,Zapotitlán de Vadillo,ND,ND,ND,ND,https://www.google.com/maps/search/tiendas+de+ropa+Zapotitlan+de+Vadillo+Jalisco
LaTorre Boutique - Sasha Boutique,Lagos de Moreno,ND,ND,ND,ND,https://www.google.com/maps/place/LaTorre+Boutique+-+Sasha+Boutique/data=!4m7!3m6!1s0x842bd3cdcbb4cf1f:0x90692b533cf686c5!8m2!3d21.3478924!4d-101.9392625!16s%2Fg%2F11ddwxgr08
Elisa boutique,Ocotlán,+52 392 925 1059,ND,ND,ND,https://www.google.com/maps/place/Elisa+boutique/data=!4m7!3m6!1s0x842ed9a37fbed4af:0x5dfbecebef94425c!8m2!3d20.349531!4d-102.7739793!16s%2Fg%2F11h6xv7xk7
Laurent Select,Ciudad Guzmán,+52 341 419 7403,ND,ND,ND,https://www.google.com/maps/place/Laurent+Select/data=!4m7!3m6!1s0x842f878d0728a56d:0x3547f42ad8c900c8!8m2!3d19.7039819!4d-103.459672!16s%2Fg%2F11nmf9__06
Tienda de ropa Scarlett boutique,Tuxpan,+52 341 167 8257,ND,+523411678257,ND,https://www.google.com/maps/place/Tienda+de+ropa+Scarlett+boutique/data=!4m7!3m6!1s0x842f8fdedc22927b:0x3bacc305c330c6fe!8m2!3d19.5566117!4d-103.3748223!16s%2Fg%2F11v5b56fxj
ELLAS boutique GDL,Guadalajara,+52 33 1584 1191,ND,ND,ND,https://www.google.com/maps/search/ELLAS+boutique+GDL+Guadalajara+Jalisco
MG MENDOZA - BOUTIQUE DE ROPA EN GUADALAJARA,Guadalajara,+52 33 3121 6244,ND,+523331216244,ND,https://www.google.com/maps/search/MG+MENDOZA+-+BOUTIQUE+DE+ROPA+EN+GUADALAJARA+Guadalajara+Jalisco
Nora Boutique Ropa Para Dama,Guadalajara,ND,ND,ND,ND,https://www.google.com/maps/search/Nora+Boutique+Ropa+Para+Dama+Guadalajara+Jalisco
Boutique Secret by Andrea Arana,Guadalajara,+52 55 7829 5898,ND,ND,ND,https://www.google.com/maps/search/Boutique+Secret+by+Andrea+Arana+Guadalajara+Jalisco
Nora Chavez Clothing Design,Guadalajara,+52 33 2255 1470,ND,ND,ND,https://www.google.com/maps/search/Nora+Chavez+Clothing+Design+Guadalajara+Jalisco
Egoz Moda En Manta,Guadalajara,+52 33 1544 7154,ND,ND,ND,https://www.google.com/maps/search/Egoz+Moda+En+Manta+Guadalajara+Jalisco
Fashion Limon Boutique,Zapopan,+52 33 3832 9352,ND,ND,ND,https://www.google.com/maps/search/Fashion+Limon+Boutique+Zapopan+Jalisco
Nora Boutique Ropa Para Dama,Tonalá,ND,ND,ND,ND,https://www.google.com/maps/search/Nora+Boutique+Ropa+Para+Dama+Tonalá+Jalisco
Boutique Secret by Andrea Arana,Tonalá,+52 55 7829 5898,ND,ND,ND,https://www.google.com/maps/search/Boutique+Secret+by+Andrea+Arana+Tonalá+Jalisco
Moda Tonalá,Tonalá,ND,ND,ND,ND,https://www.google.com/maps/search/Moda+Tonalá+Tonalá+Jalisco
Uniformes Lupita y alta costura,El Salto,ND,ND,ND,ND,https://www.google.com/maps/search/Uniformes+Lupita+y+alta+costura+El+Salto+Jalisco
Estrenón Tlajomulco,Tlajomulco,+52 33 1188 2933,ND,ND,ND,https://www.google.com/maps/search/Estrenón+Tlajomulco+Tlajomulco+Jalisco
OUTLET TLAJOMULCO,Tlajomulco,ND,ND,ND,ND,https://www.google.com/maps/search/OUTLET+TLAJOMULCO+Tlajomulco+Jalisco
MAXIMA (18),Tlajomulco,+52 33 3617 9435,ND,ND,ND,https://www.google.com/maps/search/MAXIMA+(18)+Tlajomulco+Jalisco
Braga,Tlajomulco,ND,ND,ND,ND,https://www.google.com/maps/search/Braga+Tlajomulco+Jalisco
Edith Zambrano,Zapotlanejo,+52 33 1195 3796,ND,ND,ND,https://www.google.com/maps/search/Edith+Zambrano+Zapotlanejo+Jalisco
Kalexa fashion,Zapotlanejo,+52 33 3924 2571,ND,ND,ND,https://www.google.com/maps/search/Kalexa+fashion+Zapotlanejo+Jalisco
KARLOTA CLOTHING STORE,Zapotlanejo,+52 33 2819 6683,ND,ND,ND,https://www.google.com/maps/search/KARLOTA+CLOTHING+STORE+Zapotlanejo+Jalisco
El Camisero Boy,Zapotlanejo,ND,ND,ND,ND,https://www.google.com/maps/search/El+Camisero+Boy+Zapotlanejo+Jalisco
Di mauri (Matriz),Tlajomulco,+52 33 3798 5756,ND,ND,ND,https://www.google.com/maps/search/Di+mauri+(Matriz)+Tlajomulco+Jalisco
El capu,Tlajomulco,+52 33 1066 7261,ND,ND,ND,https://www.google.com/maps/search/El+capu+Tlajomulco+Jalisco
Elegance boutique Tlajomulco,Tlajomulco,+52 33 2497 6032,ND,ND,ND,https://www.google.com/maps/search/Elegance+boutique+Tlajomulco+Tlajomulco+Jalisco
Candace ropa 3,Tlajomulco,+52 33 3405 1167,ND,+523334051167,ND,https://www.google.com/maps/search/Candace+ropa+3+Tlajomulco+Jalisco
Tienda de Ropa Toyi,Tlajomulco,+52 33 3798 0681,ND,+523337980681,ND,https://www.google.com/maps/search/Tienda+de+Ropa+Toyi+Tlajomulco+Jalisco
Promoda Plaza Ciudadela Urban Village,Zapopan,+52 800 007 7066,ND,ND,ND,https://www.google.com/maps/search/Promoda+Plaza+Ciudadela+Urban+Village+Zapopan+Jalisco
Zaragoza Tienda de marcas,Zapopan,+52 33 3647 6025,ND,ND,ND,https://www.google.com/maps/search/Zaragoza+Tienda+de+marcas+Zapopan+Jalisco
Lefties La Gran Plaza,Zapopan,+52 33 3621 0619,ND,ND,ND,https://www.google.com/maps/search/Lefties+La+Gran+Plaza+Zapopan+Jalisco
La Gran Plaza Fashion Mall,Guadalajara,+52 33 3563 2900,ND,ND,ND,https://www.google.com/maps/search/La+Gran+Plaza+Fashion+Mall+Guadalajara+Jalisco
Dpstreet Plaza Forum Tlaquepaque,Tlaquepaque,+52 33 1578 0842,ND,ND,ND,https://www.google.com/maps/search/Dpstreet+Plaza+Forum+Tlaquepaque+Tlaquepaque+Jalisco
Cuidado Con el Perro Forum Tlaquepaque,Tlaquepaque,+52 55 5130 5730,ND,ND,ND,https://www.google.com/maps/search/Cuidado+Con+el+Perro+Forum+Tlaquepaque+Tlaquepaque+Jalisco
Zapopan mayoreo,Zapopan,+52 33 1972 5199,ND,ND,ND,https://www.google.com/maps/search/Zapopan+mayoreo+Zapopan+Jalisco
JK Collection Mayoreo,Zapopan,+52 33 2591 5527,ND,ND,ND,https://www.google.com/maps/search/JK+Collection+Mayoreo+Zapopan+Jalisco
Dimeo Colli,Zapopan,+52 33 3628 8825,ND,ND,ND,https://www.google.com/maps/search/Dimeo+Colli+Zapopan+Jalisco
Elsy Ropa Américana,Zapopan,+52 33 1118 7674,ND,+523311187674,ND,https://www.google.com/maps/search/Elsy+Ropa+Américana+Zapopan+Jalisco
Pretty Boutique Mayoreo,Zapopan,+52 33 2818 1542,ND,ND,ND,https://www.google.com/maps/search/Pretty+Boutique+Mayoreo+Zapopan+Jalisco
Xareny,Lagos de Moreno,+52 474 749 1611,ND,ND,ND,https://www.google.com/maps/search/boutique+Lagos+de+Moreno+Jalisco
La Bella Vida,Chapala,+52 376 766 5131,ND,ND,ND,https://www.google.com/maps/search/boutique+Chapala+Jalisco
Dara Store Ajijic,Chapala,+52 33 3814 5901,ND,ND,ND,https://www.google.com/maps/search/boutique+Chapala+Jalisco
KDL Carrillo Puerto,Ameca,+52 375 120 8202,ND,ND,ND,https://www.google.com/maps/search/boutique+Ameca+Jalisco
Pink by Briandas,Ameca,+52 33 3167 0773,ND,ND,ND,https://www.google.com/maps/search/boutique+Ameca+Jalisco
Boutique Bella,Ameca,+52 375 100 6630,ND,ND,ND,https://www.google.com/maps/search/boutique+Ameca+Jalisco
Alexis boutique,Tala,ND,ND,ND,ND,https://www.google.com/maps/search/boutique+Tala+Jalisco
Paloma & Co.,Tala,+52 33 3061 7881,ND,ND,ND,https://www.google.com/maps/search/boutique+Tala+Jalisco
Limón Boutique / Polianthes,Cocula,+52 222 883 4101,ND,ND,ND,https://www.google.com/maps/search/boutique+Cocula+Jalisco
TISARI'S BOUTIQUE,Cocula,+52 33 3170 8644,ND,ND,ND,https://www.google.com/maps/search/boutique+Cocula+Jalisco
Alisa boutique,Cocula,+52 33 2228 4511,ND,ND,ND,https://www.google.com/maps/search/boutique+Cocula+Jalisco
La Novia Elegante,Cocula,+52 377 773 4501,ND,ND,ND,https://www.google.com/maps/search/boutique+Cocula+Jalisco
Juls Boutique,Zacoalco de Torres,+52 33 2964 0190,ND,ND,ND,https://www.google.com/maps/search/boutique+Zacoalco+de+Torres+Jalisco
Boutique Irlanda,Zacoalco de Torres,+52 33 1272 7038,ND,ND,ND,https://www.google.com/maps/search/boutique+Zacoalco+de+Torres+Jalisco
Itzalit Fashion,Magdalena,+52 33 2080 0851,ND,ND,ND,https://www.google.com/maps/search/boutique+Magdalena+Jalisco
Fanny Shop,Tomatlán,+52 322 292 6467,ND,ND,ND,https://www.google.com/maps/search/boutique+Tomatlán+Jalisco
Dukesa boutique,Puerto Vallarta,+52 322 153 4411,ND,ND,ND,https://www.google.com/maps/search/boutique+Puerto+Vallarta+Jalisco
El Vaquero Moda,Tequila,ND,ND,ND,ND,https://www.google.com/maps/search/boutique+Tequila+Jalisco
Moda Casual Tequila,Tequila,ND,ND,ND,ND,https://www.google.com/maps/search/boutique+Tequila+Jalisco
La Bella Vida Ajijic,Chapala,+52 376 766 5131,ND,ND,ND,https://www.google.com/maps/search/boutique+Chapala+Jalisco
Casa de Moda Ajijic,Chapala,ND,ND,ND,ND,https://www.google.com/maps/search/boutique+Chapala+Jalisco
AS Boutique,La Barca,+52 393 109 4817,ND,ND,ND,https://www.google.com/maps/search/boutique+La+Barca+Jalisco
Sastrería El Güero,Cihuatlán,ND,ND,ND,ND,https://www.google.com/maps/search/boutique+Cihuatlán+Jalisco
Uniformes Vallarta,Puerto Vallarta,ND,ND,ND,ND,https://www.google.com/maps/search/boutique+Puerto+Vallarta+Jalisco
Moda Marina PV,Puerto Vallarta,ND,ND,ND,ND,https://www.google.com/maps/search/boutique+Puerto+Vallarta+Jalisco
Calzado Bahía,Puerto Vallarta,ND,ND,ND,ND,https://www.google.com/maps/search/boutique+Puerto+Vallarta+Jalisco
Myskova Beach Boutique,Puerto Vallarta,+52 322 222 6091,ND,ND,ND,https://www.google.com/maps/search/boutique+Puerto+Vallarta+Jalisco
FLOR 4:44 Boutique,Puerto Vallarta,+52 322 139 9593,ND,ND,ND,https://www.google.com/maps/search/boutique+Puerto+Vallarta+Jalisco
Pirates of the Bay Boutiques MARINA,Puerto Vallarta,+52 322 221 2564,ND,ND,ND,https://www.google.com/maps/search/boutique+Puerto+Vallarta+Jalisco
Boutique del Malecón,Puerto Vallarta,ND,ND,ND,ND,https://www.google.com/maps/search/boutique+Puerto+Vallarta+Jalisco
Ropa y Moda Tequila,Tequila,ND,ND,ND,ND,https://www.google.com/maps/search/boutique+Tequila+Jalisco
Calzado Agave,Tequila,ND,ND,ND,ND,https://www.google.com/maps/search/boutique+Tequila+Jalisco
Boutique Costera,Cihuatlán,ND,ND,ND,ND,https://www.google.com/maps/search/boutique+Cihuatlán+Jalisco
Moda Melaque,Cihuatlán,ND,ND,ND,ND,https://www.google.com/maps/search/boutique+Cihuatlán+Jalisco
Calzado del Valle,Sayula,ND,ND,ND,ND,https://www.google.com/maps/search/boutique+Sayula+Jalisco
Boutique Sayula Centro,Sayula,ND,ND,ND,ND,https://www.google.com/maps/search/boutique+Sayula+Jalisco
Moda Artesanal Sayula,Sayula,ND,ND,ND,ND,https://www.google.com/maps/search/boutique+Sayula+Jalisco
Samantha Shop Colotlan,Colotlán,+52 492 130 3330,ND,ND,ND,https://www.google.com/maps/search/ropa+Colotlán+Jalisco
EL Rincóncito(Boutique)de las Hermanas Delia Y Gaby,Yahualica de González Gallo,+52 344 102 6136,ND,ND,ND,https://www.google.com/maps/search/ropa+Yahualica+de+González+Gallo+Jalisco
Ropa buena para todos,Ameca,+52 735 561 5533,ND,+527355615533,ND,https://www.google.com/maps/search/ropa+Ameca+Jalisco
EL REPARO,Arandas,+52 348 783 2716,ND,ND,ND,https://www.google.com/maps/search/ropa+Arandas+Jalisco
Tienda El Reparo,Arandas,+52 348 783 1686,ND,ND,ND,https://www.google.com/maps/search/ropa+Arandas+Jalisco
CHIC Moda Y Accesorios,Ciudad Guzmán,+52 341 412 7097,ND,ND,ND,https://www.google.com/maps/search/ropa+Ciudad+Guzmán+Jalisco
Zapateria y ropa casual Luis,Tamazula de Gordiano,+52 341 108 5545,ND,+523411085545,ND,https://www.google.com/maps/search/ropa+Tamazula+de+Gordiano+Jalisco
Greelaa boutique,Tuxpan,+52 341 239 9380,ND,ND,ND,https://www.google.com/maps/search/tiendas+de+ropa+Tuxpan+Jalisco
Rana`s Boutique,Tizapán el Alto,+52 33 1361 3454,ND,ND,ND,https://www.google.com/maps/search/tiendas+de+ropa+Tizapán+el+Alto+Jalisco
EL POTRO MI ESTILO VAQUERO,Tizapán el Alto,+52 33 1709 1167,ND,ND,ND,https://www.google.com/maps/search/tiendas+de+ropa+Tizapán+el+Alto+Jalisco
K fashion dress,Tizapán el Alto,ND,ND,ND,ND,https://www.google.com/maps/search/tiendas+de+ropa+Tizapán+el+Alto+Jalisco
BABY BOOM,Tizapán el Alto,ND,ND,ND,ND,https://www.google.com/maps/search/tiendas+de+ropa+Tizapán+el+Alto+Jalisco
Del Oeste,Tizapán el Alto,ND,ND,ND,ND,https://www.google.com/maps/search/tiendas+de+ropa+Tizapán+el+Alto+Jalisco
poncytown,Poncitlán,+52 33 2551 1825,ND,ND,ND,https://www.google.com/maps/search/tiendas+de+ropa+Poncitlán+Jalisco
MOL La Huerta,La Huerta,+52 315 125 8173,ND,ND,ND,https://www.google.com/maps/search/tiendas+de+ropa+La+Huerta+Jalisco
Blanco Y Negro Boutique,El Grullo,+52 321 387 3077,ND,ND,ND,https://www.google.com/maps/search/tiendas+de+ropa+El+Grullo+Jalisco
Deya's Boutique,El Grullo,+52 321 103 0024,ND,ND,ND,https://www.google.com/maps/search/tiendas+de+ropa+El+Grullo+Jalisco
Velvet Lady by Nico’l,El Grullo,+52 321 387 2917,ND,ND,ND,https://www.google.com/maps/search/tiendas+de+ropa+El+Grullo+Jalisco
Chic Boutique,El Grullo,+52 321 387 2474,ND,ND,ND,https://www.google.com/maps/search/tiendas+de+ropa+El+Grullo+Jalisco
Tienda Vaquera El Estribo Suc. El Grullo,El Grullo,+52 321 100 8995,ND,ND,ND,https://www.google.com/maps/search/tiendas+de+ropa+El+Grullo+Jalisco
TRES GARCIAS,El Grullo,ND,ND,ND,ND,https://www.google.com/maps/search/tiendas+de+ropa+El+Grullo+Jalisco
Miriam Moda,Acatic,+52 378 790 6732,ND,ND,ND,https://www.google.com/maps/search/tiendas+de+ropa+Acatic+Jalisco
Golden Fashion,Acatic,+52 378 143 0632,ND,ND,ND,https://www.google.com/maps/search/tiendas+de+ropa+Acatic+Jalisco
Pytuu’s Boutique,Acatic,+52 378 118 5126,ND,ND,ND,https://www.google.com/maps/search/tiendas+de+ropa+Acatic+Jalisco
Eiffel Boutique,Acatic,+52 378 148 7081,ND,ND,ND,https://www.google.com/maps/search/tiendas+de+ropa+Acatic+Jalisco
Linda Fashion Wear,Jilotlán de los Dolores,+52 33 2160 4114,ND,ND,ND,https://www.google.com/maps/search/tiendas+de+ropa+Jilotlán+de+los+Dolores+Jalisco
Ropa y Novedades,Jilotlán de los Dolores,+52 341 132 1167,ND,+523411321167,ND,https://www.google.com/maps/search/tiendas+de+ropa+Jilotlán+de+los+Dolores+Jalisco
DLBOUTIQUE_TEPA,Jilotlán de los Dolores,+52 378 110 7322,ND,ND,ND,https://www.google.com/maps/search/tiendas+de+ropa+Jilotlán+de+los+Dolores+Jalisco
Zapatería El Portal,Mascota,ND,ND,ND,ND,https://www.google.com/maps/search/ropa+uniformes+calzado+Mascota+Jalisco
Zapatería Pina,Mascota,+52 388 386 0095,ND,ND,ND,https://www.google.com/maps/search/ropa+uniformes+calzado+Mascota+Jalisco
Uniformes Escolares y Deportivos El PROFE,Sayula,+52 342 421 0729,ND,ND,ND,https://www.google.com/maps/search/ropa+uniformes+calzado+Sayula+Jalisco
"Greñitas, Uniformes escolares y moda infantil",Sayula,+52 33 3492 2873,ND,ND,ND,https://www.google.com/maps/search/ropa+uniformes+calzado+Sayula+Jalisco
Casa Salgado,Sayula,+52 342 422 0402,ND,ND,ND,https://www.google.com/maps/search/ropa+uniformes+calzado+Sayula+Jalisco
Zapateria Flexi Sayula,Sayula,ND,ND,ND,ND,https://www.google.com/maps/search/ropa+uniformes+calzado+Sayula+Jalisco
ANIMA SPORT,Sayula,+52 342 101 5072,ND,ND,ND,https://www.google.com/maps/search/ropa+uniformes+calzado+Sayula+Jalisco
Zapateria y Huaracheria “Guille”,Sayula,+52 342 688 0266,ND,ND,ND,https://www.google.com/maps/search/ropa+uniformes+calzado+Sayula+Jalisco
Tienda de calzado Andrea,Sayula,+52 342 100 5207,ND,ND,ND,https://www.google.com/maps/search/ropa+uniformes+calzado+Sayula+Jalisco
velasco tello creaciones,Sayula,+52 342 421 0016,ND,ND,ND,https://www.google.com/maps/search/ropa+uniformes+calzado+Sayula+Jalisco
Textiles Mago,Tamazula de Gordiano,+52 358 416 1890,ND,ND,ND,https://www.google.com/maps/search/ropa+uniformes+calzado+Tamazula+de+Gordiano+Jalisco
Jalisco Sport,Tamazula de Gordiano,+52 341 147 7768,ND,ND,ND,https://www.google.com/maps/search/ropa+uniformes+calzado+Tamazula+de+Gordiano+Jalisco
LaLolita Uniformes,Cocula,+52 375 760 5021,ND,ND,ND,https://www.google.com/maps/search/ropa+uniformes+calzado+Cocula+Jalisco
Mercería Y Novedades Popurrí,Cocula,+52 375 107 2721,ND,ND,ND,https://www.google.com/maps/search/ropa+uniformes+calzado+Cocula+Jalisco
Guantes Industriales la Asunción S.A de C.V,Jalostotitlán,+52 431 746 2302,ND,ND,ND,https://www.google.com/maps/search/ropa+uniformes+calzado+Jalostotitl%C3%A1n+Jalisco
DISEÑOS MARCELA,Jalostotitlán,+52 431 102 6653,ND,ND,ND,https://www.google.com/maps/search/ropa+uniformes+calzado+Jalostotitl%C3%A1n+Jalisco
Fabrica De Ropa,Jalostotitlán,ND,ND,ND,ND,https://www.google.com/maps/search/ropa+uniformes+calzado+Jalostotitl%C3%A1n+Jalisco
Zapateria Regis,Jalostotitlán,+52 431 746 2618,ND,ND,ND,https://www.google.com/maps/search/ropa+uniformes+calzado+Jalostotitl%C3%A1n+Jalisco
Naranjo sports,Jalostotitlán,+52 431 172 0335,ND,ND,ND,https://www.google.com/maps/search/ropa+uniformes+calzado+Jalostotitl%C3%A1n+Jalisco
Protección Seguridad Industrial,Jalostotitlán,+52 431 746 1378,ND,ND,ND,https://www.google.com/maps/search/ropa+uniformes+calzado+Jalostotitl%C3%A1n+Jalisco
Stop,Teocaltiche,+52 495 103 8837,ND,ND,ND,https://www.google.com/maps/search/ropa+uniformes+calzado+Teocaltiche+Jalisco
Zapatería Chirias,Teocaltiche,+52 346 102 3905,ND,ND,ND,https://www.google.com/maps/search/ropa+uniformes+calzado+Teocaltiche+Jalisco
Infantiles Chapi,Teocaltiche,ND,ND,ND,ND,https://www.google.com/maps/search/ropa+uniformes+calzado+Teocaltiche+Jalisco
Uniformes y Bordados Rayvic,Tuxpan,+52 341 153 0057,ND,ND,ND,https://www.google.com/maps/search/ropa+uniformes+calzado+Tuxpan+Jalisco
Tienda De Uniformes,Ocotlán,+52 392 127 7116,ND,ND,ND,https://www.google.com/maps/search/ropa+uniformes+calzado+Ocotl%C3%A1n+Jalisco
Uniformes Ocotlan,Ocotlán,+52 392 115 2610,ND,ND,ND,https://www.google.com/maps/search/ropa+uniformes+calzado+Ocotl%C3%A1n+Jalisco
Sabucan Uniformes,Ocotlán,+52 392 159 2409,ND,ND,ND,https://www.google.com/maps/search/ropa+uniformes+calzado+Ocotl%C3%A1n+Jalisco
El Estudiante,Ocotlán,+52 392 923 4893,ND,ND,ND,https://www.google.com/maps/search/ropa+uniformes+calzado+Ocotl%C3%A1n+Jalisco
Oh Shirt!,Chapala,+52 33 3352 5483,ND,ND,ND,https://www.google.com/maps/search/ropa+uniformes+calzado+Chapala+Jalisco
Uniformes Escolares,Sayula,ND,ND,ND,ND,https://www.google.com/maps/search/ropa+uniformes+calzado+Sayula+Jalisco
Aranza Boutique,Jilotlán de los Dolores,+52 345 918 3252,ND,ND,ND,https://www.google.com/maps/search/tiendas+de+ropa+Jilotl%C3%A1n+de+los+Dolores+Jalisco
D'Azael fahion,Jilotlán de los Dolores,+52 348 113 8008,ND,ND,ND,https://www.google.com/maps/search/tiendas+de+ropa+Jilotl%C3%A1n+de+los+Dolores+Jalisco
Caudillo Sport,Jilotlán de los Dolores,+52 348 102 3642,ND,ND,ND,https://www.google.com/maps/search/tiendas+de+ropa+Jilotl%C3%A1n+de+los+Dolores+Jalisco
Salvatore Boutique,Mazamitla,ND,ND,ND,ND,https://www.google.com/maps/search/tiendas+de+ropa+Mazamitla+Jalisco
J & M store Clothes shoes.,Mazamitla,+52 312 120 0903,ND,ND,ND,https://www.google.com/maps/search/tiendas+de+ropa+Mazamitla+Jalisco
Sáenz Boutique,Mazamitla,+52 33 5331 8839,ND,ND,ND,https://www.google.com/maps/search/tiendas+de+ropa+Mazamitla+Jalisco
Paola's Boutique,Mazamitla,ND,ND,ND,ND,https://www.google.com/maps/search/tiendas+de+ropa+Mazamitla+Jalisco
Itanluza,Mazamitla,ND,ND,ND,ND,https://www.google.com/maps/search/tiendas+de+ropa+Mazamitla+Jalisco
Aliase Boutique,Mazamitla,ND,ND,ND,ND,https://www.google.com/maps/search/tiendas+de+ropa+Mazamitla+Jalisco
Boutique Mazamitla,Mazamitla,ND,ND,ND,ND,https://www.google.com/maps/search/tiendas+de+ropa+Mazamitla+Jalisco
JD boutique,Cuquío,+52 33 1064 0237,ND,ND,ND,https://www.google.com/maps/search/tiendas+de+ropa+Cuqu%C3%ADo+Jalisco
Ropa Y Calzado El Toronjo,Cuquío,+52 373 796 5021,ND,+523737965021,ND,https://www.google.com/maps/search/tiendas+de+ropa+Cuqu%C3%ADo+Jalisco
DULGUS COLLECTION,Cuquío,+52 33 1338 1800,ND,ND,ND,https://www.google.com/maps/search/tiendas+de+ropa+Cuqu%C3%ADo+Jalisco
Perla Darlin Fashion Boutique,Cuquío,+52 33 1338 2385,ND,ND,ND,https://www.google.com/maps/search/tiendas+de+ropa+Cuqu%C3%ADo+Jalisco
Ropa Mary,Tototlán,+52 33 1260 1389,ND,+523312601389,ND,https://www.google.com/maps/search/tiendas+de+ropa+Tototl%C3%A1n+Jalisco
Loovely,Tototlán,+52 33 3503 2128,ND,ND,ND,https://www.google.com/maps/search/tiendas+de+ropa+Tototl%C3%A1n+Jalisco
TWO GALERÍA,Tototlán,ND,ND,ND,ND,https://www.google.com/maps/search/tiendas+de+ropa+Tototl%C3%A1n+Jalisco
JJcapsMX,Tototlán,+52 33 1799 6300,ND,ND,ND,https://www.google.com/maps/search/tiendas+de+ropa+Tototl%C3%A1n+Jalisco
GLY Boutique,Degollado,+52 348 119 7943,ND,ND,ND,https://www.google.com/maps/search/tiendas+de+ropa+Degollado+Jalisco
Tienda de Ropa y Zapatos Dulce Vanidad,Degollado,ND,ND,ND,ND,https://www.google.com/maps/search/tiendas+de+ropa+Degollado+Jalisco
Jimmy's Shop,Degollado,+52 351 111 1326,ND,ND,ND,https://www.google.com/maps/search/tiendas+de+ropa+Degollado+Jalisco
Tienda De Ropa La Monse,Degollado,ND,ND,ND,ND,https://www.google.com/maps/search/tiendas+de+ropa+Degollado+Jalisco
Modyshop Jamay,Jamay,ND,ND,ND,ND,https://www.google.com/maps/search/tiendas+de+ropa+Jamay+Jalisco
Mallas Jamay,Jamay,+52 392 159 6408,ND,ND,ND,https://www.google.com/maps/search/tiendas+de+ropa+Jamay+Jalisco
Lola Lolita,Jamay,ND,ND,ND,ND,https://www.google.com/maps/search/tiendas+de+ropa+Jamay+Jalisco
REYNA'S ROPA Y NOVEDADES,Unión de San Antonio,+52 395 106 4494,ND,+523951064494,ND,https://www.google.com/maps/search/tiendas+de+ropa+Uni%C3%B3n+de+San+Antonio+Jalisco
Ropa y accesorios Shalom,San Sebastián del Oeste,+52 327 110 4822,ND,+523271104822,ND,https://www.google.com/maps/search/tiendas+de+ropa+San+Sebasti%C3%A1n+del+Oeste+Jalisco
ASHLY Boutique,Teuchitlán,ND,ND,ND,ND,https://www.google.com/maps/search/tiendas+de+ropa+Teuchitl%C3%A1n+Jalisco
El closet de maria boutique,Teuchitlán,+52 33 2494 2132,ND,ND,ND,https://www.google.com/maps/search/tiendas+de+ropa+Teuchitl%C3%A1n+Jalisco
Tienda La Espiga,Teuchitlán,+52 384 118 5841,ND,ND,ND,https://www.google.com/maps/search/tiendas+de+ropa+Teuchitl%C3%A1n+Jalisco
Tienda de Ropa La Esfera,Atotonilco el Alto,ND,ND,ND,ND,https://www.google.com/maps/search/tiendas+de+ropa+Atotonilco+el+Alto+Jalisco
Silver Moos,Encarnación de Díaz,+52 449 274 4554,ND,ND,ND,https://www.google.com/maps/search/tiendas+de+ropa+Encarnación+de+Díaz+Jalisco
DKCH Jeans,Encarnación de Díaz,+52 449 895 8059,ND,+524498958059,ND,https://www.google.com/maps/search/tiendas+de+ropa+Encarnación+de+Díaz+Jalisco
Mayoreo Los Güeros,Encarnación de Díaz,ND,ND,ND,ND,https://www.google.com/maps/search/tiendas+de+ropa+Encarnación+de+Díaz+Jalisco
Creaciones PIMPI,Encarnación de Díaz,+52 475 953 2945,ND,ND,ND,https://www.google.com/maps/search/tiendas+de+ropa+Encarnación+de+Díaz+Jalisco
Plaza del Vestido San Miguel,San Miguel el Alto,ND,ND,ND,ND,https://www.google.com/maps/search/tiendas+de+ropa+San+Miguel+el+Alto+Jalisco
Casa De Modas Porfirio Yomel,San Miguel el Alto,+52 347 788 3050,ND,ND,ND,https://www.google.com/maps/search/tiendas+de+ropa+San+Miguel+el+Alto+Jalisco
Industrias Textiles del Valle,San Miguel el Alto,+52 347 788 2066,ND,ND,ND,https://www.google.com/maps/search/tiendas+de+ropa+San+Miguel+el+Alto+Jalisco
Boutique AF,San Miguel el Alto,+52 347 105 0654,ND,ND,ND,https://www.google.com/maps/search/tiendas+de+ropa+San+Miguel+el+Alto+Jalisco
Tienda Milano Atotonilco el Alto,Atotonilco el Alto,+52 55 1105 1100,ND,ND,ND,https://www.google.com/maps/search/tiendas+de+ropa+Atotonilco+el+Alto+Jalisco
High Town boutique,Atotonilco el Alto,+52 393 108 7920,ND,ND,ND,https://www.google.com/maps/search/tiendas+de+ropa+Atotonilco+el+Alto+Jalisco
London boutique,Atotonilco el Alto,ND,ND,ND,ND,https://www.google.com/maps/search/tiendas+de+ropa+Atotonilco+el+Alto+Jalisco
Moda y precio,Acatlán de Juárez,+52 33 1445 9807,ND,ND,ND,https://www.google.com/maps/search/tiendas+de+ropa+Acatlán+de+Juárez+Jalisco
El Descontón De Acatlán,Acatlán de Juárez,ND,ND,ND,ND,https://www.google.com/maps/search/tiendas+de+ropa+Acatlán+de+Juárez+Jalisco
Renta de vestidos de fiesta Vaneli con Estilo,Acatlán de Juárez,+52 33 2240 8699,ND,ND,ND,https://www.google.com/maps/search/tiendas+de+ropa+Acatlán+de+Juárez+Jalisco
BLESSED STORE,Acatlán de Juárez,+52 33 2836 4851,ND,ND,ND,https://www.google.com/maps/search/tiendas+de+ropa+Acatlán+de+Juárez+Jalisco
Tienda de Ropa americana Max,Ahualulco de Mercado,+52 33 3982 1845,ND,+523339821845,ND,https://www.google.com/maps/search/tiendas+de+ropa+Ahualulco+de+Mercado+Jalisco
Innova BOUTIQUE,Ahualulco de Mercado,ND,ND,ND,ND,https://www.google.com/maps/search/tiendas+de+ropa+Ahualulco+de+Mercado+Jalisco
EL CLOSET,Ahualulco de Mercado,ND,ND,ND,ND,https://www.google.com/maps/search/tiendas+de+ropa+Ahualulco+de+Mercado+Jalisco
Sneakers Ramírez,Ahualulco de Mercado,+52 386 118 1824,ND,ND,ND,https://www.google.com/maps/search/tiendas+de+ropa+Ahualulco+de+Mercado+Jalisco
Aura Fitness Boutique,Tequila,+52 374 100 6920,ND,ND,ND,https://www.google.com/maps/search/tiendas+de+ropa+Tequila+Jalisco
La Popular,Villa Hidalgo,+52 495 106 9923,ND,ND,ND,https://www.google.com/maps/search/tiendas+de+ropa+Villa+Hidalgo+Jalisco
Tienda de ropa - Sara Basics,Villa Hidalgo,+52 495 119 8182,ND,+524951198182,ND,https://www.google.com/maps/search/tiendas+de+ropa+Villa+Hidalgo+Jalisco
LA BODEGUITA,Villa Hidalgo,+52 495 968 0668,ND,ND,ND,https://www.google.com/maps/search/tiendas+de+ropa+Villa+Hidalgo+Jalisco
Boutique Aratt,San Julián,+52 347 718 1430,ND,ND,ND,https://www.google.com/maps/search/tiendas+de+ropa+San+Julián+Jalisco
Uniformes El Cadillo,San Julián,+52 347 105 7506,ND,ND,ND,https://www.google.com/maps/search/tiendas+de+ropa+San+Julián+Jalisco
Divanne Accesorios,San Julián,ND,ND,ND,ND,https://www.google.com/maps/search/tiendas+de+ropa+San+Julián+Jalisco
UNIPORT,San Julián,+52 347 108 5408,ND,ND,ND,https://www.google.com/maps/search/tiendas+de+ropa+San+Julián+Jalisco
AMORA Boutique,Ojuelos de Jalisco,+52 496 119 3112,ND,ND,ND,https://www.google.com/maps/search/tiendas+de+ropa+Ojuelos+de+Jalisco+Jalisco
Ropa y Novedades Chayo,Ojuelos de Jalisco,+52 496 851 0333,ND,+524968510333,ND,https://www.google.com/maps/search/tiendas+de+ropa+Ojuelos+de+Jalisco+Jalisco
Modas Michell,Ojuelos de Jalisco,ND,ND,ND,ND,https://www.google.com/maps/search/tiendas+de+ropa+Ojuelos+de+Jalisco+Jalisco
Lulis Boutique Innovando Americano,Zapotiltic,+52 341 118 6118,ND,ND,ND,https://www.google.com/maps/search/tiendas+de+ropa+Zapotiltic+Jalisco
Lady blue boutique urbana,Zapotiltic,+52 341 878 2832,ND,ND,ND,https://www.google.com/maps/search/tiendas+de+ropa+Zapotiltic+Jalisco
M/ A Original Brands,Zapotiltic,ND,ND,ND,ND,https://www.google.com/maps/search/tiendas+de+ropa+Zapotiltic+Jalisco
Samari's Boutique,Zapotiltic,ND,ND,ND,ND,https://www.google.com/maps/search/tiendas+de+ropa+Zapotiltic+Jalisco
Lilia Boutique,Tecalitlán,+52 341 136 5076,ND,ND,ND,https://www.google.com/maps/search/tiendas+de+ropa+Tecalitlan+Jalisco
Tere Ramos Boutique,Tecalitlán,+52 312 272 9910,ND,ND,ND,https://www.google.com/maps/search/tiendas+de+ropa+Tecalitlan+Jalisco
MODA Y ESTILO,Tecalitlán,ND,ND,ND,ND,https://www.google.com/maps/search/tiendas+de+ropa+Tecalitlan+Jalisco
Mundo pequeño,Tecalitlán,+52 341 114 3068,ND,ND,ND,https://www.google.com/maps/search/tiendas+de+ropa+Tecalitlan+Jalisco
Rosales Store,Gómez Farías,+52 341 153 1963,ND,ND,ND,https://www.google.com/maps/search/tiendas+de+ropa+Gomez+Farias+Jalisco
MDZ Uniformes,Gómez Farías,+52 341 122 9247,ND,ND,ND,https://www.google.com/maps/search/tiendas+de+ropa+Gomez+Farias+Jalisco
Livorno Tonaya,Tonaya,+52 341 886 4693,ND,ND,ND,https://www.google.com/maps/search/tiendas+de+ropa+Tonaya+Jalisco
DANA,Tonaya,+52 341 163 8370,ND,ND,ND,https://www.google.com/maps/search/tiendas+de+ropa+Tonaya+Jalisco
BAMBINO´S,Tonaya,ND,ND,ND,ND,https://www.google.com/maps/search/tiendas+de+ropa+Tonaya+Jalisco
Más x menos,Tonaya,ND,ND,ND,ND,https://www.google.com/maps/search/tiendas+de+ropa+Tonaya+Jalisco
Lulú Boutique,Atemajac de Brizuela,+52 33 1072 9329,ND,ND,ND,https://www.google.com/maps/search/tiendas+de+ropa+Atemajac+de+Brizuela+Jalisco
SierraCaps,Atemajac de Brizuela,+52 33 2022 8464,ND,ND,ND,https://www.google.com/maps/search/tiendas+de+ropa+Atemajac+de+Brizuela+Jalisco
Dibella Productos Americanos,Atemajac de Brizuela,+52 951 480 8015,ND,ND,ND,https://www.google.com/maps/search/tiendas+de+ropa+Atemajac+de+Brizuela+Jalisco
MODA TENTACIONES,Atoyac,ND,ND,ND,ND,https://www.google.com/maps/search/tiendas+de+ropa+Atoyac+Jalisco
El Patrón Tienda Vaquera,Techaluta de Montenegro,ND,ND,ND,ND,https://www.google.com/maps/search/tiendas+de+ropa+Techaluta+Jalisco
Izzy Store mx,Techaluta de Montenegro,+52 342 105 0309,ND,ND,ND,https://www.google.com/maps/search/tiendas+de+ropa+Techaluta+Jalisco
Fashion Shopping,Amatitán,+52 33 1161 6260,ND,ND,ND,https://www.google.com/maps/search/tiendas+de+ropa+Amatit%C3%A1n+Jalisco
D ROSS,Amatitán,ND,ND,ND,ND,https://www.google.com/maps/search/tiendas+de+ropa+Amatit%C3%A1n+Jalisco
Tienda vaquera el cuatrero,Amatitán,+52 33 1551 6231,ND,ND,ND,https://www.google.com/maps/search/tiendas+de+ropa+Amatit%C3%A1n+Jalisco
Calzado y lenceria Ara,Amatitán,+52 33 1894 1291,ND,ND,ND,https://www.google.com/maps/search/tiendas+de+ropa+Amatit%C3%A1n+Jalisco
JEANS VARGAS,Teocuitatlán de Corona,+52 33 2948 5832,ND,+523329485832,ND,https://www.google.com/maps/search/tiendas+de+ropa+Teocuitatl%C3%A1n+de+Corona+Jalisco
Tienda de ropa DANIELA ROPA Y MAS,Teocuitatlán de Corona,+52 342 105 5803,ND,+523421055803,ND,https://www.google.com/maps/search/tiendas+de+ropa+Teocuitatl%C3%A1n+de+Corona+Jalisco
Tienda de ropa,Valle de Guadalupe,ND,ND,ND,ND,https://www.google.com/maps/search/tiendas+de+ropa+Valle+de+Guadalupe+Jalisco
Oumo boutique,Valle de Guadalupe,+52 378 112 1395,ND,ND,ND,https://www.google.com/maps/search/tiendas+de+ropa+Valle+de+Guadalupe+Jalisco
Tienda de ropa CAPRICHOS,Valle de Guadalupe,+52 378 143 7022,ND,+523781437022,ND,https://www.google.com/maps/search/tiendas+de+ropa+Valle+de+Guadalupe+Jalisco
Diseños K&P,Valle de Guadalupe,+52 347 104 3627,ND,ND,ND,https://www.google.com/maps/search/tiendas+de+ropa+Valle+de+Guadalupe+Jalisco
Tienda nueva,Teocuitatlán de Corona,ND,ND,ND,ND,https://www.google.com/maps/search/tiendas+de+ropa+Teocuitatlán+de+Corona+Jalisco
Cali Boutique,Jamay,+52 33 4047 8714,ND,ND,ND,https://www.google.com/maps/search/tiendas+de+ropa+Jamay+Jalisco
Trendy (Moda Y Accesorios),Jamay,+52 392 126 4656,ND,ND,ND,https://www.google.com/maps/search/tiendas+de+ropa+Jamay+Jalisco
LETY'S BOUTIQUE,Jamay,ND,ND,ND,ND,https://www.google.com/maps/search/tiendas+de+ropa+Jamay+Jalisco
MOS BOUTIQUE SUCURSAL 2,Ojuelos de Jalisco,ND,ND,ND,ND,https://www.google.com/maps/search/tiendas+de+ropa+Ojuelos+de+Jalisco
Clothing Ojuelos,Ojuelos de Jalisco,ND,ND,ND,ND,https://www.google.com/maps/search/tiendas+de+ropa+Ojuelos+de+Jalisco
SONIA GALLEGOS BOUTIQUE,Ojuelos de Jalisco,ND,ND,ND,ND,https://www.google.com/maps/search/tiendas+de+ropa+Ojuelos+de+Jalisco
Mooncherry,Villa Hidalgo,ND,ND,ND,ND,https://www.google.com/maps/search/tiendas+de+ropa+Villa+Hidalgo+Jalisco
CORAL Boutique,Ahualulco de Mercado,+52 33 1156 9054,ND,ND,ND,https://www.google.com/maps/search/boutique+ropa+Ahualulco+de+Mercado+Jalisco
Las Ramirez,Ahualulco de Mercado,ND,ND,ND,ND,https://www.google.com/maps/search/boutique+ropa+Ahualulco+de+Mercado+Jalisco
SAM’S BOUTIQUE,Ahualulco de Mercado,ND,ND,ND,ND,https://www.google.com/maps/search/boutique+ropa+Ahualulco+de+Mercado+Jalisco
Ropa y uniformes Lety,Ahualulco de Mercado,ND,ND,ND,ND,https://www.google.com/maps/search/boutique+ropa+Ahualulco+de+Mercado+Jalisco
Alexa's Boutique,Ahualulco de Mercado,ND,ND,ND,ND,https://www.google.com/maps/search/boutique+ropa+Ahualulco+de+Mercado+Jalisco
Renta De Trajes,Ahualulco de Mercado,ND,ND,ND,ND,https://www.google.com/maps/search/boutique+ropa+Ahualulco+de+Mercado+Jalisco
Evelyn Gómez Boutique,Gómez Farías,ND,ND,ND,ND,https://www.google.com/maps/search/boutique+ropa+Gómez+Farías+Jalisco
CHACC BOUTIQUE,San Julián,+52 347 110 8166,ND,ND,ND,https://www.google.com/maps/search/boutique+ropa+San+Julián+Jalisco
Kala Boutique,San Julián,+52 347 104 4348,ND,ND,ND,https://www.google.com/maps/search/boutique+ropa+San+Julián+Jalisco
Boutique Tita,San Julián,+52 347 106 0002,ND,ND,ND,https://www.google.com/maps/search/boutique+ropa+San+Julián+Jalisco
ADISA boutique,Acatlán de Juárez,+52 33 3927 1818,ND,ND,ND,https://www.google.com/maps/search/boutique+ropa+Acatlán+de+Juárez+Jalisco
Tienda de ropa Huizar,Villa Guerrero,+52 323 108 1255,ND,+523231081255,ND,https://www.google.com/maps/search/tiendas+de+ropa+Villa+Guerrero+Jalisco
Diana’s,Villa Guerrero,+52 437 104 5309,ND,ND,ND,https://www.google.com/maps/search/tiendas+de+ropa+Villa+Guerrero+Jalisco
SUPER CLOSET KEISS,Villa Guerrero,+52 437 102 6220,ND,ND,ND,https://www.google.com/maps/search/tiendas+de+ropa+Villa+Guerrero+Jalisco
Stop - Tienda de Ropa y Accesorios,Tenamaxtlán,+52 375 101 4170,ND,+523751014170,ND,https://www.google.com/maps/search/tiendas+de+ropa+Tenamaxtl%C3%A1n+Jalisco
Botas y Botines El Vaquero,Tenamaxtlán,+52 375 112 1064,ND,ND,ND,https://www.google.com/maps/search/tiendas+de+ropa+Tenamaxtl%C3%A1n+Jalisco
BOUTIQUE FLOR MORENA,Tenamaxtlán,ND,ND,ND,ND,https://www.google.com/maps/search/tiendas+de+ropa+Tenamaxtl%C3%A1n+Jalisco
MODA Y ESTYLO OLY,Atengo,+52 33 5331 7076,ND,ND,ND,https://www.google.com/maps/search/tiendas+de+ropa+Atengo+Jalisco
STITCH,Teocaltitlán de Guerrero,+52 431 100 0255,ND,ND,ND,https://www.google.com/maps/search/tiendas+de+ropa+Teocaltit%C3%A1n+de+Guerrero+Jalisco
Flais Boutique,Teocaltitlán de Guerrero,+52 346 107 0236,ND,ND,ND,https://www.google.com/maps/search/tiendas+de+ropa+Teocaltit%C3%A1n+de+Guerrero+Jalisco
Import Vestir,Teocaltitlán de Guerrero,+52 346 787 2432,ND,ND,ND,https://www.google.com/maps/search/tiendas+de+ropa+Teocaltit%C3%A1n+de+Guerrero+Jalisco
Stop,Teocaltitlán de Guerrero,+52 495 103 8837,ND,ND,ND,https://www.google.com/maps/search/tiendas+de+ropa+Teocaltit%C3%A1n+de+Guerrero+Jalisco
"Na Lancha,Ropa Artesanal",Juchitán,+52 971 125 7057,ND,+529711257057,ND,https://www.google.com/maps/search/tiendas+de+ropa+Juchit%C3%A1n+Jalisco
Almacenes DICI,Juchitán,+52 951 510 3479,ND,ND,ND,https://www.google.com/maps/search/tiendas+de+ropa+Juchit%C3%A1n+Jalisco
Shunashi Moda Artesanal,Juchitán,+52 971 149 9050,ND,ND,ND,https://www.google.com/maps/search/tiendas+de+ropa+Juchit%C3%A1n+Jalisco
Los Huipiles De Lola,Juchitán,+52 971 102 7645,ND,ND,ND,https://www.google.com/maps/search/tiendas+de+ropa+Juchit%C3%A1n+Jalisco
Ropa americana Génesis,Cuautitlán de García Barragán,+52 317 100 6289,ND,+523171006289,ND,https://www.google.com/maps/search/tiendas+de+ropa+Cuautitl%C3%A1n+de+Garc%C3%ADa+Barrag%C3%A1n+Jalisco
Surtidora de Ropa Maifrens,Cuautitlán de García Barragán,ND,ND,ND,ND,https://www.google.com/maps/search/tiendas+de+ropa+Cuautitl%C3%A1n+de+Garc%C3%ADa+Barrag%C3%A1n+Jalisco
Novedades Nitza,Cuautitlán de García Barragán,ND,ND,ND,ND,https://www.google.com/maps/search/tiendas+de+ropa+Cuautitl%C3%A1n+de+Garc%C3%ADa+Barrag%C3%A1n+Jalisco
Banshee,Guadalajara,33 1200 1995,ND,ND,ND,https://mxfirmas.com/JAL-Guadalajara/Tiendas-de-ropa-de-mujer
El Nuevo Mundo De Guadalajara Sa,Guadalajara,33 3208 5000,ND,ND,ND,https://mxfirmas.com/JAL-Guadalajara/Tiendas-de-ropa-de-mujer
Andre Badi,Guadalajara,33 3880 3290,ND,ND,ND,https://mxfirmas.com/JAL-Guadalajara/Tiendas-de-ropa-de-mujer
"Emer's, S.A. de C.V.",Guadalajara,33 3126 5156,ND,ND,ND,https://mxfirmas.com/JAL-Guadalajara/Tiendas-de-ropa-de-mujer
Ropa Exterior De Mujer Y De Niña Todo A Cuarenta,Guadalajara,443 310 0788,ND,+524433100788,ND,https://mxfirmas.com/JAL-Guadalajara/Tiendas-de-ropa-de-mujer
Comercializadora De Ropa De Mujer Bali,Guadalajara,33 3120 1446,ND,+523331201446,ND,https://mxfirmas.com/JAL-Guadalajara/Tiendas-de-ropa-de-mujer
Meritxell Ropa De Mujer,Guadalajara,33 1524 2277,ND,+523315242277,ND,https://mxfirmas.com/JAL-Guadalajara/Tiendas-de-ropa-de-mujer
Distric 21 Ropa De Mujer Ropa De Mujer,Guadalajara,33 3617 2215,ND,+523336172215,ND,https://mxfirmas.com/JAL-Guadalajara/Tiendas-de-ropa-de-mujer
Tienda De Ropa Envy Ropa Para Mujer,Guadalajara,33 3654 5272,ND,+523336545272,ND,https://mxfirmas.com/JAL-Guadalajara/Tiendas-de-ropa-de-mujer
Boutique Mamba Venta De Ropa Para Mujer,Guadalajara,33 3617 2221,ND,+523336172221,ND,https://mxfirmas.com/JAL-Guadalajara/Tiendas-de-ropa-de-mujer
Super Mayoreo de Ropa,Guadalajara,33 3650 0512,ND,+523336500512,ND,https://mxfirmas.com/JAL-Guadalajara/Tiendas-de-ropa-de-mujer
Boutique Julio Alejandro Venta De Ropa Para Mujer,Guadalajara,ND,ND,ND,ND,https://mxfirmas.com/JAL-Guadalajara/Tiendas-de-ropa-de-mujer
Boutique Bluson Meritxellventa De Ropa Apara Mujer,Guadalajara,ND,ND,ND,ND,https://mxfirmas.com/JAL-Guadalajara/Tiendas-de-ropa-de-mujer
Boutique Fasionista Venta De Ropa Para Mujer,Guadalajara,ND,ND,ND,ND,https://mxfirmas.com/JAL-Guadalajara/Tiendas-de-ropa-de-mujer
Tienda De Ropa Tania,Guadalajara,ND,ND,ND,ND,https://mxfirmas.com/JAL-Guadalajara/Tiendas-de-ropa-de-mujer
Boutique Enfoke Venta De Ropa Para Mujer,Guadalajara,ND,ND,ND,ND,https://mxfirmas.com/JAL-Guadalajara/Tiendas-de-ropa-de-mujer
Boutique The Luxe Venta De Ropa Para Mujer,Guadalajara,ND,ND,ND,ND,https://mxfirmas.com/JAL-Guadalajara/Tiendas-de-ropa-de-mujer
Briden Formal,Guadalajara,33 3825 9095,ND,ND,http://bridenformal.com/,https://mxfirmas.com/JAL-Guadalajara/Tiendas-de-ropa-formal
"Galerias la Estrellita, S.A. de C.V.",Guadalajara,33 3658 3201,ND,ND,http://galeriasestrellita.com/,https://mxfirmas.com/JAL-Guadalajara/Tiendas-de-ropa-formal
D'PAUL Plaza la luna,Guadalajara,33 3121 7103,ND,ND,http://www.dpaul.com.mx/es,https://mxfirmas.com/JAL-Guadalajara/Tiendas-de-ropa-formal
DPAUL,Guadalajara,55 5280 7383,ND,ND,ND,https://mxfirmas.com/JAL-Guadalajara/Tiendas-de-ropa-formal
D GALA,Guadalajara,33 3659 5893,ND,ND,ND,https://mxfirmas.com/JAL-Guadalajara/Tiendas-de-ropa-formal
LA BELLA EPOCA,Guadalajara,33 3613 7308,ND,ND,ND,https://mxfirmas.com/JAL-Guadalajara/Tiendas-de-ropa-formal
Girls Rule Sa De Cv,Guadalajara,33 3854 8821,ND,ND,ND,https://mxfirmas.com/JAL-Guadalajara/Tiendas-de-ropa-formal
D'Leann Smoking,Guadalajara,33 3120 9213,ND,ND,ND,https://mxfirmas.com/JAL-Guadalajara/Tiendas-de-ropa-formal
"Union Brother's Clothing, S.A. de C.V.",Guadalajara,33 3613 0111,ND,ND,ND,https://mxfirmas.com/JAL-Guadalajara/Tiendas-de-ropa-formal
MR. SAM MODA CASUAL,Guadalajara,33 3613 7690,ND,ND,ND,https://mxfirmas.com/JAL-Guadalajara/Tiendas-de-ropa-formal
Girls Rule,Guadalajara,33 3854 8821,ND,ND,ND,https://mxfirmas.com/JAL-Guadalajara/Tiendas-de-ropa-formal
"Novedades Norma, S.A. de C.V.",Guadalajara,33 3613 5781,ND,ND,ND,https://mxfirmas.com/JAL-Guadalajara/Tiendas-de-ropa-formal
Bodega De Ropa Informal Sin Nombre,Guadalajara,ND,ND,ND,ND,https://mxfirmas.com/JAL-Guadalajara/Tiendas-de-ropa-formal
De Herrera Formal Y Casual,Guadalajara,ND,ND,ND,ND,https://mxfirmas.com/JAL-Guadalajara/Tiendas-de-ropa-formal
Top Outlet,Guadalajara,33 3617 5363,ND,ND,http://topoutlet.com/,https://mxfirmas.com/JAL-Guadalajara/Tiendas-de-ropa-para-hombres
Atletica,Guadalajara,33 3614 461,ND,ND,http://www.atletica.com/,https://mxfirmas.com/JAL-Guadalajara/Tiendas-de-ropa-para-hombres
"Comercial Deportenis, S.A. de C.V.",Guadalajara,33 3658 9176,ND,ND,http://www.dportenis.mx/,https://mxfirmas.com/JAL-Guadalajara/Tiendas-de-ropa-para-hombres
Suburbia,Guadalajara,33 3614 0046,ND,ND,http://www.suburbia.com.mx/,https://mxfirmas.com/JAL-Guadalajara/Tiendas-de-ropa-para-hombres
Men's Factory,Guadalajara,33 3613 9012,ND,ND,http://www.mensfashion.com.mx/,https://mxfirmas.com/JAL-Guadalajara/Tiendas-de-ropa-para-hombres
Charly,Guadalajara,ND,ND,ND,http://www.charly.com/SiteCharlyJM/,https://mxfirmas.com/JAL-Guadalajara/Tiendas-de-ropa-para-hombres
Sportscenter,Guadalajara,ND,ND,ND,ND,https://mxfirmas.com/JAL-Guadalajara/Tiendas-de-ropa-para-hombres
ALDO,Guadalajara,ND,ND,ND,ND,https://mxfirmas.com/JAL-Guadalajara/Tiendas-de-ropa-para-hombres
Boroni Ropa Casual Hombre,Tonalá,ND,ND,ND,ND,https://mxfirmas.com/JAL-Guadalajara/Tiendas-de-ropa-para-hombres
Stilo Ropa Para Hombres,San Pedro Tlaquepaque,ND,ND,ND,ND,https://mxfirmas.com/JAL-Guadalajara/Tiendas-de-ropa-para-hombres
Tienda De Ropa Para Caballero,Mascota,388 386 0874,ND,+523883860874,ND,https://mxfirmas.com/JAL-Mascota/Tiendas-de-ropa
Tienda De Ropa La Esmeralda,Mascota,ND,ND,ND,ND,https://mxfirmas.com/JAL-Mascota/Tiendas-de-ropa
Tienda De Ropa Y Abarrotes,Jocotepec,ND,ND,ND,ND,https://mxfirmas.com/JAL-Jocotepec/Tiendas-de-ropa
Tienda De Ropa Para Dama,Jocotepec,ND,ND,ND,ND,https://mxfirmas.com/JAL-Jocotepec/Tiendas-de-ropa
Tienda De Ropa De Paca,Jocotepec,ND,ND,ND,ND,https://mxfirmas.com/JAL-Jocotepec/Tiendas-de-ropa
Venta De Ropa Y Zapatos Sin Nombre,Jocotepec,ND,ND,ND,ND,https://mxfirmas.com/JAL-Jocotepec/Tiendas-de-ropa
Lenceria y Accesorios Princess,Atotonilco El Alto,39 1917 2046,ND,ND,ND,https://mxfirmas.com/JAL-Atotonilco-El-Alto/Tiendas-de-ropa-y-accesorios-femeninos
Tienda de Ropa Carla Yaneth,Degollado,34 5937 0049,ND,+523459370049,ND,https://mxfirmas.com/JAL-Degollado/Tiendas-de-ropa-para-hombres
Diva Boutique,Degollado,ND,ND,ND,ND,https://mxfirmas.com/JAL-Degollado/Tiendas-de-ropa-para-hombres
Boutique Meny,Juanacatlán,ND,ND,ND,ND,https://pymes.org.mx/pyme/boutique-meny-2c6fba43.html
Tienda De Ropa YONI,Teocaltiche,+52 346 104 0853,ND,+523461040853,ND,https://mxfirmas.com/JAL-Teocaltiche/Tiendas-de-ropa
Tienda De Ropa Y Accesorios,Teocaltiche,ND,ND,ND,ND,https://mxfirmas.com/JAL-Teocaltiche/Tiendas-de-ropa
Tienda De Ropa,Teocaltiche,ND,ND,ND,ND,https://mxfirmas.com/JAL-Teocaltiche/Tiendas-de-ropa
Tienda De Ropa Sin Nombre,Teocaltiche,ND,ND,ND,ND,https://mxfirmas.com/JAL-Teocaltiche/Tiendas-de-ropa
Ropa De Segunda,Teocaltiche,ND,ND,ND,ND,https://mxfirmas.com/JAL-Teocaltiche/Tiendas-de-ropa
Ventra De Ropa Exepto De Bebe Y Lencería,Teocaltiche,ND,ND,ND,ND,https://mxfirmas.com/JAL-Teocaltiche/Tiendas-de-ropa
Meche Tienda De Ropa,Teocaltiche,ND,ND,ND,ND,https://mxfirmas.com/JAL-Teocaltiche/Tiendas-de-ropa
Ropa,Teocaltiche,ND,ND,ND,ND,https://mxfirmas.com/JAL-Teocaltiche/Tiendas-de-ropa
Luv's,Teocaltiche,ND,ND,ND,ND,https://mxfirmas.com/JAL-Teocaltiche/Tiendas-de-ropa
Tienda De Ropa Para Bebe,Ocotlán,+52 392 925 1548,ND,+523929251548,ND,https://mxfirmas.com/JAL-Ocotlan/Tiendas-de-ropa
Tienda De Ropa Ola Store,Ocotlán,+52 392 925 6171,ND,+523929256171,ND,https://mxfirmas.com/JAL-Ocotlan/Tiendas-de-ropa
Tienda De Ropa Ibra Max,Ocotlán,+52 392 104 3846,ND,+523921043846,ND,https://mxfirmas.com/JAL-Ocotlan/Tiendas-de-ropa
Tienda de Ropa,Ocotlán,+52 392 922 4677,ND,+523929224677,ND,https://mxfirmas.com/JAL-Ocotlan/Tiendas-de-ropa
Tienda De Ropa Niños,Ocotlán,ND,ND,ND,ND,https://mxfirmas.com/JAL-Ocotlan/Tiendas-de-ropa
Tienda De Ropa De Bebe Y Novedades Sin Nombre,Ocotlán,ND,ND,ND,ND,https://mxfirmas.com/JAL-Ocotlan/Tiendas-de-ropa
Tienda De Ropa De Niña Y Niño,Ocotlán,ND,ND,ND,ND,https://mxfirmas.com/JAL-Ocotlan/Tiendas-de-ropa
Tienda De Ropa Dos Estilos,Ocotlán,ND,ND,ND,ND,https://mxfirmas.com/JAL-Ocotlan/Tiendas-de-ropa
Tienda De Ropa Mariancyl,Ocotlán,ND,ND,ND,ND,https://mxfirmas.com/JAL-Ocotlan/Tiendas-de-ropa
Tienda De Ropa Sin Nombre (Levis),Ocotlán,ND,ND,ND,ND,https://mxfirmas.com/JAL-Ocotlan/Tiendas-de-ropa
Tienda De Ropa D Moda,Ocotlán,ND,ND,ND,ND,https://mxfirmas.com/JAL-Ocotlan/Tiendas-de-ropa
Tienda De Ropa Para Bebes,Ocotlán,ND,ND,ND,ND,https://mxfirmas.com/JAL-Ocotlan/Tiendas-de-ropa
Tienda De Ropa Lucy,Ocotlán,ND,ND,ND,ND,https://mxfirmas.com/JAL-Ocotlan/Tiendas-de-ropa
Karlene Tienda De Ropa,Ocotlán,ND,ND,ND,ND,https://mxfirmas.com/JAL-Ocotlan/Tiendas-de-ropa
Codigo Tienda De Ropa,Ocotlán,ND,ND,ND,ND,https://mxfirmas.com/JAL-Ocotlan/Tiendas-de-ropa
"Infantiles Locer, S.A. de C.V.",Arandas,+52 348 784 6400,ND,ND,ND,https://mxfirmas.com/JAL-Arandas/Ropa
Uniformes Escolares Tere,Arandas,+52 348 784 6950,ND,ND,ND,https://mxfirmas.com/JAL-Arandas/Ropa
Fabrica De Calzado De Los Valle,Arandas,+52 348 784 5000,ND,ND,ND,https://mxfirmas.com/JAL-Arandas/Ropa
DACACHE,Arandas,+52 348 783 3842,ND,ND,ND,https://mxfirmas.com/JAL-Arandas/Ropa
Elaboración Y Diseño De Ropa,Arandas,+52 348 784 7575,ND,+523487847575,ND,https://mxfirmas.com/JAL-Arandas/Ropa
Taller De Ropa Para Niña,Arandas,+52 348 784 6464,ND,+523487846464,ND,https://mxfirmas.com/JAL-Arandas/Ropa
Confección En Serie De Otra Ropa Exterior De Materiales Textiles,Arandas,+52 348 783 2541,ND,+523487832541,ND,https://mxfirmas.com/JAL-Arandas/Ropa
DISTRIBUIDORA INFANTIL CELY,Arandas,+52 348 783 0680,ND,ND,ND,https://mxfirmas.com/JAL-Arandas/Ropa
Tienda De Ropa Y Calzado Sin Nombre,Arandas,ND,ND,ND,ND,https://mxfirmas.com/JAL-Arandas/Ropa
Novedades Ale,Arandas,ND,ND,ND,ND,https://mxfirmas.com/JAL-Arandas/Ropa
Confección De Ropa,Arandas,ND,ND,ND,ND,https://mxfirmas.com/JAL-Arandas/Ropa
Boutique Damaris,Arandas,ND,ND,ND,ND,https://mxfirmas.com/JAL-Arandas/Ropa
Se Bordan Playeras Y Uniformes,Arandas,ND,ND,ND,ND,https://mxfirmas.com/JAL-Arandas/Ropa
Tienda De Ropa de Bebe,Arandas,+52 348 783 2938,ND,+523487832938,ND,https://mxfirmas.com/JAL-Arandas/Ropa
Ropa y Novedades Alexandra,Arandas,ND,ND,ND,ND,https://mxfirmas.com/JAL-Arandas/Ropa
Boutique Hola Mujer,Arandas,ND,ND,ND,ND,https://mxfirmas.com/JAL-Arandas/Ropa
Tienda De Ropa Laigmigs,Arandas,ND,ND,ND,ND,https://mxfirmas.com/JAL-Arandas/Ropa
Ropa Para Niños Sin Nombre,Arandas,ND,ND,ND,ND,https://mxfirmas.com/JAL-Arandas/Ropa
Tienda De Ropa La Moka,Arandas,ND,ND,ND,ND,https://mxfirmas.com/JAL-Arandas/Ropa
Tienda De Ropa Deportiva El Chiris,Arandas,ND,ND,ND,ND,https://mxfirmas.com/JAL-Arandas/Ropa
Confecciones Kingbear,Jalostotitlán,+52 431 746 1760,ND,ND,ND,https://mxfirmas.com/JAL-Jalostotitlan/Ropa
Novias Enperatriz,Jalostotitlán,+52 431 746 1022,ND,ND,ND,https://mxfirmas.com/JAL-Jalostotitlan/Ropa
Fabricación De Ropa,Jalostotitlán,+52 431 746 0614,ND,+524317460614,ND,https://mxfirmas.com/JAL-Jalostotitlan/Ropa
Ropa De Bebe Sin Nombre,Jalostotitlán,+52 431 476 2494,ND,+524314762494,ND,https://mxfirmas.com/JAL-Jalostotitlan/Ropa
Maquila De Ropa,Jalostotitlán,+52 431 746 3529,ND,+524317463529,ND,https://mxfirmas.com/JAL-Jalostotitlan/Ropa
Bordados Marcela,Jalostotitlán,+52 431 746 0693,ND,ND,ND,https://mxfirmas.com/JAL-Jalostotitlan/Ropa
Guanteria,Jalostotitlán,+52 431 746 3666,ND,ND,ND,https://mxfirmas.com/JAL-Jalostotitlan/Ropa
Guantes Industriales Asunción,Jalostotitlán,+52 431 746 2302,ND,ND,ND,https://mxfirmas.com/JAL-Jalostotitlan/Ropa
Calzado Súarez,Jalostotitlán,+52 431 746 3582,ND,ND,ND,https://mxfirmas.com/JAL-Jalostotitlan/Ropa
Taller De Guantes Sin Nombre,Jalostotitlán,+52 431 746 0187,ND,ND,ND,https://mxfirmas.com/JAL-Jalostotitlan/Ropa
Taller De Guante Industrial,Jalostotitlán,+52 431 746 0204,ND,ND,ND,https://mxfirmas.com/JAL-Jalostotitlan/Ropa
Fabrica De Ropa Sin Nombre,Jalostotitlán,ND,ND,ND,ND,https://mxfirmas.com/JAL-Jalostotitlan/Ropa
Taller De Zapatos Dos Marias,Jalostotitlán,ND,ND,ND,ND,https://mxfirmas.com/JAL-Jalostotitlan/Ropa
Confección En Serie De Otra Ropa Exterior De Materiales Textiles,Jalostotitlán,ND,ND,ND,ND,https://mxfirmas.com/JAL-Jalostotitlan/Ropa
Taller De Guente Industrial,Jalostotitlán,ND,ND,ND,ND,https://mxfirmas.com/JAL-Jalostotitlan/Ropa
Tienda De Ropa El Vaquero,Puerto Vallarta,+52 322 224 6718,ND,+523222246718,ND,https://mxfirmas.com/JAL-Puerto-Vallarta/Tiendas-de-ropa
Tienda de Ropa,Puerto Vallarta,+52 322 293 6381,ND,+523222936381,ND,https://mxfirmas.com/JAL-Puerto-Vallarta/Tiendas-de-ropa
Tienda De Ropa Y Accesorios,Puerto Vallarta,ND,ND,ND,ND,https://mxfirmas.com/JAL-Puerto-Vallarta/Tiendas-de-ropa
Tienda De Ropa Santory,Puerto Vallarta,ND,ND,ND,ND,https://mxfirmas.com/JAL-Puerto-Vallarta/Tiendas-de-ropa
Tienda De Ropa Moda Boutique,Puerto Vallarta,ND,ND,ND,ND,https://mxfirmas.com/JAL-Puerto-Vallarta/Tiendas-de-ropa
Tienda De Ropa Mundo Joven,Puerto Vallarta,ND,ND,ND,ND,https://mxfirmas.com/JAL-Puerto-Vallarta/Tiendas-de-ropa
Tienda De Ropa Squalo,Puerto Vallarta,ND,ND,ND,ND,https://mxfirmas.com/JAL-Puerto-Vallarta/Tiendas-de-ropa
Tienda De Ropa Y Artesanías,Puerto Vallarta,ND,ND,ND,ND,https://mxfirmas.com/JAL-Puerto-Vallarta/Tiendas-de-ropa
Tienda De Ropa Coraline,Puerto Vallarta,ND,ND,ND,ND,https://mxfirmas.com/JAL-Puerto-Vallarta/Tiendas-de-ropa
Curvas Peligrosas,Puerto Vallarta,+52 322 223 5978,ND,ND,ND,https://mxfirmas.com/JAL-Puerto-Vallarta/Tiendas-de-ropa-de-mujer
Venta De Fajas Colombianas Blossom,Puerto Vallarta,+52 322 742 2446,ND,ND,ND,https://mxfirmas.com/JAL-Puerto-Vallarta/Tiendas-de-ropa-de-mujer
Ilusión,Puerto Vallarta,+52 322 223 5267,ND,ND,ND,https://mxfirmas.com/JAL-Puerto-Vallarta/Tiendas-de-ropa-de-mujer
Lo Mejor En Moda Para La Mujer,Puerto Vallarta,+52 322 224 5162,ND,ND,ND,https://mxfirmas.com/JAL-Puerto-Vallarta/Tiendas-de-ropa-de-mujer
Tienda De Ropa De Mujer Caprichoso,Puerto Vallarta,+52 322 221 3067,ND,+523222213067,ND,https://mxfirmas.com/JAL-Puerto-Vallarta/Tiendas-de-ropa-de-mujer
Venta De Ropa Ardiss,Puerto Vallarta,+52 322 225 6600,ND,+523222256600,ND,https://mxfirmas.com/JAL-Puerto-Vallarta/Tiendas-de-ropa-de-mujer
"Sayulita Trader, S. De R.L. De C.V.",Puerto Vallarta,+52 322 222 6059,ND,ND,ND,https://mxfirmas.com/JAL-Puerto-Vallarta/Tiendas-de-ropa-de-mujer
Belleza Interior Ropa Interior De Mujer,Puerto Vallarta,ND,ND,ND,ND,https://mxfirmas.com/JAL-Puerto-Vallarta/Tiendas-de-ropa-de-mujer
Tienda De Ropa Intima,Puerto Vallarta,ND,ND,ND,ND,https://mxfirmas.com/JAL-Puerto-Vallarta/Tiendas-de-ropa-de-mujer
Tienda De Ropa Y Bonetería La Más Barata,Puerto Vallarta,ND,ND,ND,ND,https://mxfirmas.com/JAL-Puerto-Vallarta/Tiendas-de-ropa-de-mujer
Venta De Ropa Interior Para Dama Sin Nombre,Puerto Vallarta,ND,ND,ND,ND,https://mxfirmas.com/JAL-Puerto-Vallarta/Tiendas-de-ropa-de-mujer
Tienda De Corsetería,Puerto Vallarta,ND,ND,ND,ND,https://mxfirmas.com/JAL-Puerto-Vallarta/Tiendas-de-ropa-de-mujer
Regina Intima,Puerto Vallarta,ND,ND,ND,ND,https://mxfirmas.com/JAL-Puerto-Vallarta/Tiendas-de-ropa-de-mujer
SQUALO,Puerto Vallarta,+52 322 222 3487,ND,ND,ND,https://mxfirmas.com/JAL-Puerto-Vallarta/Tiendas-de-ropa-para-hombres
C&A.,Puerto Vallarta,+52 322 224 1248,ND,ND,ND,https://mxfirmas.com/JAL-Puerto-Vallarta/Tiendas-de-ropa-para-hombres
Tucanê,Puerto Vallarta,+52 322 221 0604,ND,ND,ND,https://mxfirmas.com/JAL-Puerto-Vallarta/Tiendas-de-ropa-para-hombres
PapyShuloSwim StorePuertoVallarta,Puerto Vallarta,+52 322 218 1172,ND,ND,ND,https://mxfirmas.com/JAL-Puerto-Vallarta/Tiendas-de-ropa-para-hombres
Dockers,Puerto Vallarta,ND,ND,ND,ND,https://mxfirmas.com/JAL-Puerto-Vallarta/Tiendas-de-ropa-para-hombres
Fabricas de León,Puerto Vallarta,ND,ND,ND,ND,https://mxfirmas.com/JAL-Puerto-Vallarta/Tiendas-de-ropa-para-hombres
Uni-K,Puerto Vallarta,ND,ND,ND,ND,https://mxfirmas.com/JAL-Puerto-Vallarta/Tiendas-de-ropa-para-hombres
Tienda De Ropa Cobblestones Consignment,Puerto Vallarta,+52 322 210 0157,ND,+523222100157,ND,https://mxfirmas.com/JAL-Puerto-Vallarta/Tiendas-de-ropa-de-segunda-mano
Bazar De Ropa Y Artículos Del Hogar De Segunda Mano,Puerto Vallarta,ND,ND,ND,ND,https://mxfirmas.com/JAL-Puerto-Vallarta/Tiendas-de-ropa-de-segunda-mano
Bazar De Ropa Libertad,Puerto Vallarta,ND,ND,ND,ND,https://mxfirmas.com/JAL-Puerto-Vallarta/Tiendas-de-ropa-de-segunda-mano
Novedades Sonia Venta De Ropa Y Accesorios,Puerto Vallarta,ND,ND,ND,ND,https://mxfirmas.com/JAL-Puerto-Vallarta/Tiendas-de-ropa-de-segunda-mano
Venta De Ropa De Segunda Mano Sin Nombre,Puerto Vallarta,ND,ND,ND,ND,https://mxfirmas.com/JAL-Puerto-Vallarta/Tiendas-de-ropa-de-segunda-mano
Venta De Ropa De Segunda Paty,Puerto Vallarta,ND,ND,ND,ND,https://mxfirmas.com/JAL-Puerto-Vallarta/Tiendas-de-ropa-de-segunda-mano
Venta De Ropa Y Diversos Artículos De Segunda Mano,Puerto Vallarta,ND,ND,ND,ND,https://mxfirmas.com/JAL-Puerto-Vallarta/Tiendas-de-ropa-de-segunda-mano
American Eagle Outfitters,Zapopan,+52 33 3621 1280,ND,ND,ND,https://mxfirmas.com/JAL-Zapopan/Tiendas-de-ropa
Hugo Boss,Zapopan,+52 33 3611 2975,ND,ND,ND,https://mxfirmas.com/JAL-Zapopan/Tiendas-de-ropa
Oysho,Zapopan,+52 33 3611 1662,ND,ND,ND,https://mxfirmas.com/JAL-Zapopan/Tiendas-de-ropa
Pronovias,Zapopan,ND,ND,ND,ND,https://mxfirmas.com/JAL-Zapopan/Tiendas-de-ropa
Bonetería Y Accesorios,Zapopan,ND,ND,ND,ND,https://mxfirmas.com/JAL-Zapopan/Tiendas-de-ropa
Tienda De Ropa Polos,Poncitlán,ND,ND,ND,ND,https://mxfirmas.com/JAL-Poncitlan/Tiendas-de-ropa
Tienda De Ropa La Central,Poncitlán,ND,ND,ND,ND,https://mxfirmas.com/JAL-Poncitlan/Tiendas-de-ropa
Tienda De Ropa La Potra,Poncitlán,ND,ND,ND,ND,https://mxfirmas.com/JAL-Poncitlan/Tiendas-de-ropa
Tienda De Ropa Sin Nombre,Poncitlán,ND,ND,ND,ND,https://mxfirmas.com/JAL-Poncitlan/Tiendas-de-ropa
Tienda De Ropa Mari,Sayula,+52 342 421 0401,ND,+523424210401,ND,https://mxfirmas.com/JAL-Sayula/Tiendas-de-ropa
Venta De Ropa Semi-Nueva,Sayula,ND,ND,ND,ND,https://mxfirmas.com/JAL-Sayula/Tiendas-de-ropa
Tienda De Ropa Lili,Sayula,ND,ND,ND,ND,https://mxfirmas.com/JAL-Sayula/Tiendas-de-ropa
Tienda De Ropa Novedades Elva,Sayula,ND,ND,ND,ND,https://mxfirmas.com/JAL-Sayula/Tiendas-de-ropa
Venta De Ropa,Sayula,ND,ND,ND,ND,https://mxfirmas.com/JAL-Sayula/Tiendas-de-ropa
Tienda De Ropa Novedades Frank,Zapotlanejo,+52 373 734 3783,ND,+523737343783,ND,https://mxfirmas.com/JAL-Zapotlanejo/Tiendas-de-ropa
Tienda De Ropa Roxy,Zapotlanejo,+52 33 1136 2990,ND,+523311362990,ND,https://mxfirmas.com/JAL-Zapotlanejo/Tiendas-de-ropa
Tienda de ropa el guero,Zapotlanejo,+52 33 1529 2268,ND,+523315292268,ND,https://mxfirmas.com/JAL-Zapotlanejo/Tiendas-de-ropa
Tienda De Ropa Levis,Zapotlanejo,+52 373 734 1191,ND,+523737341191,ND,https://mxfirmas.com/JAL-Zapotlanejo/Tiendas-de-ropa
Tienda De Ropa May Jeans,Zapotlanejo,ND,ND,ND,ND,https://mxfirmas.com/JAL-Zapotlanejo/Tiendas-de-ropa
Tienda De Ropa Novedades Jorge Luis,Zapotlanejo,ND,ND,ND,ND,https://mxfirmas.com/JAL-Zapotlanejo/Tiendas-de-ropa
Tienda De Ropa Novedades Mejia,Zapotlanejo,ND,ND,ND,ND,https://mxfirmas.com/JAL-Zapotlanejo/Tiendas-de-ropa
Tienda De Ropa Andrea & Co,Zapotlanejo,ND,ND,ND,ND,https://mxfirmas.com/JAL-Zapotlanejo/Tiendas-de-ropa
Zapateria París,Zapotlanejo,+52 373 734 1165,ND,ND,ND,https://mxfirmas.com/JAL-Zapotlanejo/Tiendas-de-ropa
Tienda De Ropa de Hombre,Zapotlanejo,ND,ND,ND,ND,https://mxfirmas.com/JAL-Zapotlanejo/Tiendas-de-ropa
Tienda Deportiva,Zapotlanejo,ND,ND,ND,ND,https://mxfirmas.com/JAL-Zapotlanejo/Tiendas-de-ropa
Fabrica de Ropa D'Jalerik,Zapotlanejo,ND,ND,ND,ND,https://mxfirmas.com/JAL-Zapotlanejo/Tiendas-de-ropa
Ropa Caballeros,Zapotlanejo,ND,ND,ND,ND,https://mxfirmas.com/JAL-Zapotlanejo/Tiendas-de-ropa
Blancos Del Valle,Ameca,+52 33 3558 8513,ND,ND,ND,https://mxfirmas.com/JAL-Ameca/Ropas
Blancos Rubí,Ameca,+52 375 751 9370,ND,ND,ND,https://mxfirmas.com/JAL-Ameca/Ropas
Tienda De Ropa Sin Nombre,Ameca,ND,ND,ND,ND,https://mxfirmas.com/JAL-Ameca/Ropas
Tienda De Ropa,Ameca,+52 375 758 2435,ND,+523757582435,ND,https://mxfirmas.com/JAL-Ameca/Ropas
Venta De Ropa Sin Nombre,Ameca,ND,ND,ND,ND,https://mxfirmas.com/JAL-Ameca/Ropas
Tienda De Ropa Azul Celeste,Ameca,ND,ND,ND,ND,https://mxfirmas.com/JAL-Ameca/Ropas
Nisi Ropa Para Dama,Ameca,ND,ND,ND,ND,https://mxfirmas.com/JAL-Ameca/Ropas
Bazar De Ropa Sin Nombre,Ameca,ND,ND,ND,ND,https://mxfirmas.com/JAL-Ameca/Ropas
Ropa Casual Para Caballero Valletron,Ameca,ND,ND,ND,ND,https://mxfirmas.com/JAL-Ameca/Ropas
Jeyssy Shop,Ameca,ND,ND,ND,ND,https://mxfirmas.com/JAL-Ameca/Ropas
Venta De Ropa Usada Sin Nombre,Ameca,ND,ND,ND,ND,https://mxfirmas.com/JAL-Ameca/Ropas
Tienda De Ropa De Mujer Y De Accesorios Para Novia,Guadalajara,ND,ND,ND,ND,https://mxfirmas.com/JAL-Guadalajara/Tiendas-de-ropa-de-mujer
Venta De Ropa Y Zapatos Usados De Mujer Sin Nombre,Guadalajara,ND,ND,ND,ND,https://mxfirmas.com/JAL-Guadalajara/Tiendas-de-ropa-de-mujer
Tienda De Ropa Interior,Guadalajara,ND,ND,ND,ND,https://mxfirmas.com/JAL-Guadalajara/Tiendas-de-ropa-de-mujer
Tienda De Ropa Interior Si Nombre,Guadalajara,ND,ND,ND,ND,https://mxfirmas.com/JAL-Guadalajara/Tiendas-de-ropa-de-mujer
Tienda De Ropa Exterior De Mujer Sin Nombre,Guadalajara,ND,ND,ND,ND,https://mxfirmas.com/JAL-Guadalajara/Tiendas-de-ropa-de-mujer
Venta De Ropa De Mujer Sin Nombre,Guadalajara,ND,ND,ND,ND,https://mxfirmas.com/JAL-Guadalajara/Tiendas-de-ropa-de-mujer
Venta De Ropa Para Mujer Sin Nombre,Guadalajara,ND,ND,ND,ND,https://mxfirmas.com/JAL-Guadalajara/Tiendas-de-ropa-de-mujer
Boutique Banshee Venta De Ropa Para Mujer,Guadalajara,ND,ND,ND,ND,https://mxfirmas.com/JAL-Guadalajara/Tiendas-de-ropa-de-mujer
Tienda De Ropa De Blancos Sin Nombre,Guadalajara,+52 33 3126 7050,ND,+523331267050,ND,https://mxfirmas.com/JAL-Guadalajara/Tiendas-de-ropa-de-hogar
Venta De Ropa Sin Nombre,Guadalajara,+52 33 3644 8897,ND,+523336448897,ND,https://mxfirmas.com/JAL-Guadalajara/Tiendas-de-ropa-de-hogar
Reparación De Ropa,Guadalajara,ND,ND,ND,ND,https://mxfirmas.com/JAL-Guadalajara/Tiendas-de-ropa-de-hogar
Tienda De Ropa Y Artículos Para El Hogar Sin Nombre,Guadalajara,ND,ND,ND,ND,https://mxfirmas.com/JAL-Guadalajara/Tiendas-de-ropa-de-hogar
Tienda De Ropa Y De Blancos,Guadalajara,ND,ND,ND,ND,https://mxfirmas.com/JAL-Guadalajara/Tiendas-de-ropa-de-hogar
Venta De Ropa,Guadalajara,ND,ND,ND,ND,https://mxfirmas.com/JAL-Guadalajara/Tiendas-de-ropa-de-hogar
Venta De Ropa Usada Y Reparación De Prendas De Vestir,Guadalajara,ND,ND,ND,ND,https://mxfirmas.com/JAL-Guadalajara/Tiendas-de-ropa-de-hogar
Tienda De Blancos Y Ropa Sin Nombre,Guadalajara,ND,ND,ND,ND,https://mxfirmas.com/JAL-Guadalajara/Tiendas-de-ropa-de-hogar
Venta De Bonetería Blancos Y Regalos Sin Nombre,Guadalajara,ND,ND,ND,ND,https://mxfirmas.com/JAL-Guadalajara/Tiendas-de-ropa-de-hogar
Tienda De Ropa Sidney,Guadalajara,ND,ND,ND,ND,https://mxfirmas.com/JAL-Guadalajara/Tiendas-de-ropa-de-hogar
Venta De Ropa Damasco,Guadalajara,ND,ND,ND,ND,https://mxfirmas.com/JAL-Guadalajara/Tiendas-de-ropa-de-hogar
Tienda De Ropa Y Blancos Sin Nombre,Guadalajara,ND,ND,ND,ND,https://mxfirmas.com/JAL-Guadalajara/Tiendas-de-ropa-de-hogar
Costura De Ropa Sin Nombre,Guadalajara,ND,ND,ND,ND,https://mxfirmas.com/JAL-Guadalajara/Tiendas-de-ropa-de-hogar
Tienda De Ropa Para Caballero,Guadalajara,ND,ND,ND,ND,https://mxfirmas.com/JAL-Guadalajara/Tiendas-de-ropa-de-hogar
Venta De Ropa Para Dama,Guadalajara,ND,ND,ND,ND,https://mxfirmas.com/JAL-Guadalajara/Tiendas-de-ropa-de-hogar
"De La Mora Trajes de Baño, S.A. de C.V.",Guadalajara,+52 33 3644 3311,ND,ND,ND,https://mxfirmas.com/JAL-Guadalajara-Municipio/Tiendas-de-ropa-para-hombres
flexi,Guadalajara,+52 33 3826 4092,ND,ND,ND,https://mxfirmas.com/JAL-Guadalajara-Municipio/Tiendas-de-ropa-para-hombres
Vianney,Guadalajara,ND,ND,ND,ND,https://mxfirmas.com/JAL-Guadalajara-Municipio/Tiendas-de-ropa-para-hombres
Ropa Deportiva,Guadalajara,ND,ND,ND,ND,https://mxfirmas.com/JAL-Guadalajara-Municipio/Tiendas-de-ropa-para-hombres
boutique de mamá,Guadalajara,+52 33 3615 9401,ND,ND,ND,https://mxfirmas.com/JAL-Guadalajara/Tiendas-de-ropa-y-accesorios-femeninos
VENDE SIN LIMITES,Guadalajara,+52 33 1591 4323,ND,ND,ND,https://mxfirmas.com/JAL-Guadalajara/Tiendas-de-ropa-y-accesorios-femeninos
Lolas Accesorios de México S.A. de C.V.,Guadalajara,+52 33 3617 1070,ND,ND,ND,https://mxfirmas.com/JAL-Guadalajara/Tiendas-de-ropa-y-accesorios-femeninos
"Vestidos de Novia Seminuevos, Di que si Novias",Guadalajara,+52 33 1677 3045,ND,ND,ND,https://mxfirmas.com/JAL-Guadalajara/Tiendas-de-ropa-y-accesorios-femeninos
Aire Barcelona,Guadalajara,ND,ND,ND,ND,https://mxfirmas.com/JAL-Guadalajara/Tiendas-de-ropa-y-accesorios-femeninos
"Colchas México, S.A. de C.V.",Guadalajara,+52 33 3824 2878,ND,ND,ND,https://mxfirmas.com/JAL-Guadalajara/Tiendas-de-ropa-y-accesorios-femeninos
La Nueva Perla,Guadalajara,+52 33 3613 8245,ND,ND,ND,https://mxfirmas.com/JAL-Guadalajara/Tiendas-de-ropa-y-accesorios-femeninos
Inyecplas,Guadalajara,+52 33 3826 7602,ND,ND,ND,https://mxfirmas.com/JAL-Guadalajara/Tiendas-de-ropa-y-accesorios-femeninos
Bonetería,Guadalajara,ND,ND,ND,ND,https://mxfirmas.com/JAL-Guadalajara/Tiendas-de-ropa-y-accesorios-femeninos
Lencería,Guadalajara,ND,ND,ND,ND,https://mxfirmas.com/JAL-Guadalajara/Tiendas-de-ropa-y-accesorios-femeninos
Boutique de Ropa,Guadalajara,ND,ND,ND,ND,https://mxfirmas.com/JAL-Guadalajara/Tiendas-de-ropa-y-accesorios-femeninos
"Milano Operadora, S.A. de C.V.",Zapotlán el Grande,+52 341 412 0000,ND,ND,ND,https://mxfirmas.com/JAL-Ciudad-Guzman/Tiendas-de-ropa-para-hombres
Eddy's Elegancia,Zapotlán el Grande,+52 341 414 6422,ND,ND,ND,https://mxfirmas.com/JAL-Ciudad-Guzman/Tiendas-de-ropa-para-hombres
"Nuevo Mayoreo de Boneteria, S.A. de C.V.",Zapotlán el Grande,+52 341 413 8937,ND,ND,ND,https://mxfirmas.com/JAL-Ciudad-Guzman/Tiendas-de-ropa-para-hombres
Ego,Zapotlán el Grande,+52 341 412 1946,ND,ND,ND,https://mxfirmas.com/JAL-Ciudad-Guzman/Tiendas-de-ropa-para-hombres
"Por Distinción, S.A. de C.V.",Zapotlán el Grande,+52 341 412 0000,ND,ND,ND,https://mxfirmas.com/JAL-Ciudad-Guzman/Tiendas-de-ropa-para-hombres
Ropa Para Caballero,Zapotlán el Grande,ND,ND,ND,ND,https://mxfirmas.com/JAL-Ciudad-Guzman/Tiendas-de-ropa-para-hombres
GOTHAM BOUTIQUE,Tepatitlán de Morelos,+52 378 715 3020,ND,ND,ND,https://mxfirmas.com/JAL-Tepatitlan-de-Morelos/Ropas
Jocys,Tepatitlán de Morelos,+52 378 782 2693,ND,ND,ND,https://mxfirmas.com/JAL-Tepatitlan-de-Morelos/Ropas
Boutique Zoe,Tepatitlán de Morelos,+52 378 782 4120,ND,ND,ND,https://mxfirmas.com/JAL-Tepatitlan-de-Morelos/Ropas
Boutique Dolse,Tepatitlán de Morelos,+52 378 715 5034,ND,ND,ND,https://mxfirmas.com/JAL-Tepatitlan-de-Morelos/Ropas
Yoland's Boutique,Tepatitlán de Morelos,+52 378 104 7622,ND,ND,ND,https://mxfirmas.com/JAL-Tepatitlan-de-Morelos/Ropas
AR-ZE Boutique,Tepatitlán de Morelos,+52 378 715 3764,ND,ND,ND,https://mxfirmas.com/JAL-Tepatitlan-de-Morelos/Ropas
Pacos Boutique,Tepatitlán de Morelos,+52 33 1812 5211,ND,ND,ND,https://mxfirmas.com/JAL-Tepatitlan-de-Morelos/Ropas
Aries Boutique,Tepatitlán de Morelos,ND,ND,ND,ND,https://mxfirmas.com/JAL-Tepatitlan-de-Morelos/Ropas
L&A,Tepatitlán de Morelos,+52 378 706 9088,ND,ND,ND,https://mxfirmas.com/JAL-Tepatitlan-de-Morelos/Ropas
"Moda en Movimiento, S.A. de C.V.",Tepatitlán de Morelos,+52 378 782 0866,ND,ND,ND,https://mxfirmas.com/JAL-Tepatitlan-de-Morelos/Ropas
Almacenes Jiménez,Tepatitlán de Morelos,+52 378 782 0974,ND,ND,ND,https://mxfirmas.com/JAL-Tepatitlan-de-Morelos/Ropas
Tienda de Ropa Manzana 39,Tepatitlán de Morelos,+52 374 115 6239,ND,+523741156239,ND,https://mxfirmas.com/JAL-Tepatitlan-de-Morelos/Ropas
Tienda de Ropa Las Colonias,Tepatitlán de Morelos,+52 378 782 7290,ND,+523787827290,ND,https://mxfirmas.com/JAL-Tepatitlan-de-Morelos/Ropas
Ropa De Vestir Sin Nombre,Tepatitlán de Morelos,+52 378 782 0040,ND,+523787820040,ND,https://mxfirmas.com/JAL-Tepatitlan-de-Morelos/Ropas
Tienda De Ropa Local 54,Tepatitlán de Morelos,ND,ND,ND,ND,https://mxfirmas.com/JAL-Tepatitlan-de-Morelos/Ropas
Tienda de Ropa Cortina Negra,Tepatitlán de Morelos,ND,ND,ND,ND,https://mxfirmas.com/JAL-Tepatitlan-de-Morelos/Ropas
Tienda de Ropa D Monics,Tepatitlán de Morelos,ND,ND,ND,ND,https://mxfirmas.com/JAL-Tepatitlan-de-Morelos/Ropas
Tienda De Ropa H-M,Tepatitlán de Morelos,ND,ND,ND,ND,https://mxfirmas.com/JAL-Tepatitlan-de-Morelos/Ropas
Ropa Esther,Tepatitlán de Morelos,ND,ND,ND,ND,https://mxfirmas.com/JAL-Tepatitlan-de-Morelos/Ropas
Venta De Ropa Usada,Tepatitlán de Morelos,ND,ND,ND,ND,https://mxfirmas.com/JAL-Tepatitlan-de-Morelos/Ropas
Tienda de Ropa Puerta Café,Tepatitlán de Morelos,ND,ND,ND,ND,https://mxfirmas.com/JAL-Tepatitlan-de-Morelos/Ropas
Ropa Y Novedades Lupita,Tepatitlán de Morelos,ND,ND,ND,ND,https://mxfirmas.com/JAL-Tepatitlan-de-Morelos/Ropas
Ropa y Bisuteria,Tepatitlán de Morelos,ND,ND,ND,ND,https://mxfirmas.com/JAL-Tepatitlan-de-Morelos/Ropas
Fabrica Ropa,Zapotlanejo,+52 373 734 3341,ND,+523737343341,ND,https://mxfirmas.com/JAL-Zapotlanejo/Ropa
Tienda De Ropa Valeria & Michell,Zapotlanejo,+52 373 734 2186,ND,+523737342186,ND,https://mxfirmas.com/JAL-Zapotlanejo/Ropa
Tienda De Ropa D´Lurig,Zapotlanejo,+52 373 734 1901,ND,+523737341901,ND,https://mxfirmas.com/JAL-Zapotlanejo/Ropa
Fabrica De Ropa Jissa,Zapotlanejo,+52 373 734 2242,ND,+523737342242,ND,https://mxfirmas.com/JAL-Zapotlanejo/Ropa
Tienda De Ropa Grecia,Zapotlanejo,+52 373 735 3857,ND,+523737353857,ND,https://mxfirmas.com/JAL-Zapotlanejo/Ropa
Fabrica De Ropa Wings,Zapotlanejo,+52 373 734 2631,ND,+523737342631,ND,https://mxfirmas.com/JAL-Zapotlanejo/Ropa
Maquila De Ropa,Zapotlanejo,+52 33 1216 3210,ND,+523312163210,ND,https://mxfirmas.com/JAL-Zapotlanejo/Ropa
Tienda De Ropa Jalerik,Zapotlanejo,+52 373 734 2849,ND,+523737342849,ND,https://mxfirmas.com/JAL-Zapotlanejo/Ropa
Fabrica De Ropa Originales Rey Sior,Zapotlanejo,+52 373 734 3400,ND,+523737343400,ND,https://mxfirmas.com/JAL-Zapotlanejo/Ropa
Fabrica De Ropa Sin Nombre,Zapotlanejo,+52 373 734 1624,ND,+523737341624,ND,https://mxfirmas.com/JAL-Zapotlanejo/Ropa
Taller De Ropa Sin Nombre,Zapotlanejo,+52 373 373 7363,ND,+523733737363,ND,https://mxfirmas.com/JAL-Zapotlanejo/Ropa
Maquilado De Ropa Sin Nombre,Zapotlanejo,+52 33 1039 6362,ND,+523310396362,ND,https://mxfirmas.com/JAL-Zapotlanejo/Ropa
Tienda De Ropa Para Ceballero,Zapotlanejo,+52 33 1082 0782,ND,+523310820782,ND,https://mxfirmas.com/JAL-Zapotlanejo/Ropa
Confección En Serie De Otra Ropa Exterior De Materiales Textiles,Zapotlanejo,+52 373 734 3410,ND,+523737343410,ND,https://mxfirmas.com/JAL-Zapotlanejo/Ropa
Bodega De Ropa Sin Nombre,Zapotlanejo,ND,ND,ND,ND,https://mxfirmas.com/JAL-Zapotlanejo/Ropa
Maquilado De Ropa Jazmin,Zapotlanejo,ND,ND,ND,ND,https://mxfirmas.com/JAL-Zapotlanejo/Ropa
Tienda De Ropa Tejida,Zapotlanejo,ND,ND,ND,ND,https://mxfirmas.com/JAL-Zapotlanejo/Ropa
Veve Boutique,Zapotlanejo,+52 373 734 2551,ND,ND,ND,https://mxfirmas.com/JAL-Zapotlanejo/Boutiques
Geaya Boutique,Zapotlanejo,+52 373 734 0721,ND,ND,ND,https://mxfirmas.com/JAL-Zapotlanejo/Boutiques
Fashion Boutique,Zapotlanejo,+52 373 735 3006,ND,ND,ND,https://mxfirmas.com/JAL-Zapotlanejo/Boutiques
D'nicky Boutique,Zapotlanejo,+52 373 734 1544,ND,ND,ND,https://mxfirmas.com/JAL-Zapotlanejo/Boutiques
Archys MODA Boutique,Zapotlanejo,+52 373 734 0046,ND,ND,ND,https://mxfirmas.com/JAL-Zapotlanejo/Boutiques
The Closet Boutique,Zapotlanejo,+52 333 195 8699,ND,ND,ND,https://mxfirmas.com/JAL-Zapotlanejo/Boutiques
Tienda De Ropa Out Boutique,Zapotlanejo,ND,ND,ND,ND,https://mxfirmas.com/JAL-Zapotlanejo/Boutiques
Latina Boutique,Zapotlanejo,ND,ND,ND,ND,https://mxfirmas.com/JAL-Zapotlanejo/Boutiques
Paradize Boutique,Zapotlanejo,ND,ND,ND,ND,https://mxfirmas.com/JAL-Zapotlanejo/Boutiques
Sofia Boutique,Zapotlanejo,ND,ND,ND,ND,https://mxfirmas.com/JAL-Zapotlanejo/Boutiques
Lupita Boutique,Zapotlanejo,ND,ND,ND,ND,https://mxfirmas.com/JAL-Zapotlanejo/Boutiques
Danna Boutique,Zapotlanejo,ND,ND,ND,ND,https://mxfirmas.com/JAL-Zapotlanejo/Boutiques
Camila Boutique,Zapotlanejo,ND,ND,ND,ND,https://mxfirmas.com/JAL-Zapotlanejo/Boutiques
Mv Boutique,Zapotlanejo,ND,ND,ND,ND,https://mxfirmas.com/JAL-Zapotlanejo/Boutiques
Genensis Boutique,Zapotlanejo,ND,ND,ND,ND,https://mxfirmas.com/JAL-Zapotlanejo/Boutiques
Jaquelin Boutique,Zapotlanejo,ND,ND,ND,ND,https://mxfirmas.com/JAL-Zapotlanejo/Boutiques
Tienda De Ropa Cocos Boutique,Zapotlanejo,ND,ND,ND,ND,https://mxfirmas.com/JAL-Zapotlanejo/Boutiques
Tienda De Ropa Franca Boutique,Zapotlanejo,ND,ND,ND,ND,https://mxfirmas.com/JAL-Zapotlanejo/Boutiques
Tienda De Ropa Roy Boutique,Zapotlanejo,ND,ND,ND,ND,https://mxfirmas.com/JAL-Zapotlanejo/Boutiques
Tienda De Ropa Mayela Boutique,Zapotlanejo,ND,ND,ND,ND,https://mxfirmas.com/JAL-Zapotlanejo/Boutiques
Tienda De Ropa Mujer,Zapotlanejo,ND,ND,ND,ND,https://mxfirmas.com/JAL-Zapotlanejo/Tiendas-de-ropa-de-mujer
Tienda De Pantalones Para Mujer,Zapotlanejo,ND,ND,ND,ND,https://mxfirmas.com/JAL-Zapotlanejo/Tiendas-de-ropa-de-mujer
Mujercitas,Zapotlanejo,ND,ND,ND,ND,https://mxfirmas.com/JAL-Zapotlanejo/Tiendas-de-ropa-de-mujer
Tienda De Corceteria El Portal De Don Chon,Zapotlanejo,ND,ND,ND,ND,https://mxfirmas.com/JAL-Zapotlanejo/Tiendas-de-ropa-de-mujer
Ropa Interior De Monics,Zapotlanejo,ND,ND,ND,ND,https://mxfirmas.com/JAL-Zapotlanejo/Tiendas-de-ropa-de-mujer
Tienda Novias Ofelia,Zapotlanejo,+52 373 373 4181,ND,ND,ND,https://mxfirmas.com/JAL-Zapotlanejo/Tiendas-de-novias
Tienda De Ropa Anita´S,Zapotlanejo,+52 373 735 3523,ND,+523737353523,ND,https://mxfirmas.com/JAL-Zapotlanejo/Tiendas-de-novias
El mundo de las niñas/ calidad para ceremonias/ Bautismos Y Comuniones,Zapotlanejo,+52 373 734 2447,ND,ND,ND,https://mxfirmas.com/JAL-Zapotlanejo/Tiendas-de-novias
Novias Ofelia,Zapotlanejo,ND,ND,ND,ND,https://mxfirmas.com/JAL-Zapotlanejo/Tiendas-de-novias
Tienda De Ropa Novedes Laura,Zapotlanejo,ND,ND,ND,ND,https://mxfirmas.com/JAL-Zapotlanejo/Tiendas-de-novias
Tienda De Ropa Nina Castel,Zapotlanejo,ND,ND,ND,ND,https://mxfirmas.com/JAL-Zapotlanejo/Tiendas-de-novias
Tienda De Blancos Sin Nombre,Zapotlanejo,+52 373 734 2316,ND,ND,ND,https://mxfirmas.com/JAL-Zapotlanejo/Tiendas-de-ropa-de-bano
Tienda De Blancos Los Tanis,Zapotlanejo,+52 373 734 0089,ND,ND,ND,https://mxfirmas.com/JAL-Zapotlanejo/Tiendas-de-ropa-de-bano
Tienda De Blancos Ramirez,Zapotlanejo,+52 373 734 2195,ND,ND,ND,https://mxfirmas.com/JAL-Zapotlanejo/Tiendas-de-ropa-de-bano
Tienda De Ropa Blancos Jimenez,Zapotlanejo,ND,ND,ND,ND,https://mxfirmas.com/JAL-Zapotlanejo/Tiendas-de-ropa-de-bano
Tienda De Colchas Y Cobertores,Zapotlanejo,ND,ND,ND,ND,https://mxfirmas.com/JAL-Zapotlanejo/Tiendas-de-ropa-de-bano
Comercio Al Por Menor De Blancos,Zapotlanejo,ND,ND,ND,ND,https://mxfirmas.com/JAL-Zapotlanejo/Tiendas-de-ropa-de-bano
Tienda De Blancos Y Novedades Ramírez,Zapotlanejo,ND,ND,ND,ND,https://mxfirmas.com/JAL-Zapotlanejo/Tiendas-de-ropa-de-bano
Tienda De Blancos Fanny,Zapotlanejo,ND,ND,ND,ND,https://mxfirmas.com/JAL-Zapotlanejo/Tiendas-de-ropa-de-bano
D' Paris Boutique,Tepatitlán de Morelos,+52 378 117 2212,ND,ND,ND,https://mxfirmas.com/JAL-Tepatitlan-de-Morelos/Boutiques
Boutique Scandalo,Tepatitlán de Morelos,+52 378 782 0757,ND,ND,ND,https://mxfirmas.com/JAL-Tepatitlan-de-Morelos/Boutiques
Boutuiqe fresa,Tepatitlán de Morelos,+52 378 782 0167,ND,ND,ND,https://mxfirmas.com/JAL-Tepatitlan-de-Morelos/Boutiques
Andrea´S Boutique,Tepatitlán de Morelos,+52 378 782 3695,ND,ND,ND,https://mxfirmas.com/JAL-Tepatitlan-de-Morelos/Boutiques
Luky Boutique,Tepatitlán de Morelos,+52 378 715 4595,ND,ND,ND,https://mxfirmas.com/JAL-Tepatitlan-de-Morelos/Boutiques
Boutique Hausser,Tepatitlán de Morelos,+52 378 782 4883,ND,ND,ND,https://mxfirmas.com/JAL-Tepatitlan-de-Morelos/Boutiques
Boutique Estilo,Tepatitlán de Morelos,+52 378 781 4888,ND,ND,ND,https://mxfirmas.com/JAL-Tepatitlan-de-Morelos/Boutiques
Cuco's Boutique,Tepatitlán de Morelos,+52 378 781 4849,ND,ND,ND,https://mxfirmas.com/JAL-Tepatitlan-de-Morelos/Boutiques
Boutique Sin Nombre,Tepatitlán de Morelos,+52 378 781 2605,ND,ND,ND,https://mxfirmas.com/JAL-Tepatitlan-de-Morelos/Boutiques
Boutique In Fashion,Tepatitlán de Morelos,+52 378 781 1317,ND,ND,ND,https://mxfirmas.com/JAL-Tepatitlan-de-Morelos/Boutiques
Eureka Boutique,Tepatitlán de Morelos,ND,ND,ND,ND,https://mxfirmas.com/JAL-Tepatitlan-de-Morelos/Boutiques
Boutique Grisamin,Tepatitlán de Morelos,+52 378 781 4142,ND,ND,ND,https://mxfirmas.com/JAL-Tepatitlan-de-Morelos/Boutiques
Cute Boutique,Tepatitlán de Morelos,+52 378 782 3230,ND,ND,ND,https://mxfirmas.com/JAL-Tepatitlan-de-Morelos/Boutiques
Boutique Lady,Tepatitlán de Morelos,+52 378 782 0000,ND,ND,ND,https://mxfirmas.com/JAL-Tepatitlan-de-Morelos/Boutiques
Armandos Boutique,Tepatitlán de Morelos,ND,ND,ND,ND,https://mxfirmas.com/JAL-Tepatitlan-de-Morelos/Boutiques
Boutique Leinad,Tepatitlán de Morelos,ND,ND,ND,ND,https://mxfirmas.com/JAL-Tepatitlan-de-Morelos/Boutiques
Liz Boutique Local 1,Tepatitlán de Morelos,ND,ND,ND,ND,https://mxfirmas.com/JAL-Tepatitlan-de-Morelos/Boutiques
Boutique 3.14,Tepatitlán de Morelos,ND,ND,ND,ND,https://mxfirmas.com/JAL-Tepatitlan-de-Morelos/Boutiques
Boutique H-M,Tepatitlán de Morelos,ND,ND,ND,ND,https://mxfirmas.com/JAL-Tepatitlan-de-Morelos/Boutiques
Beres Boutique,Tepatitlán de Morelos,ND,ND,ND,ND,https://mxfirmas.com/JAL-Tepatitlan-de-Morelos/Boutiques
Ikon Boutique,Tepatitlán de Morelos,ND,ND,ND,ND,https://mxfirmas.com/JAL-Tepatitlan-de-Morelos/Boutiques
Jaciire Boutique,Tepatitlán de Morelos,ND,ND,ND,ND,https://mxfirmas.com/JAL-Tepatitlan-de-Morelos/Boutiques
Boutique Chuyita,Tepatitlán de Morelos,ND,ND,ND,ND,https://mxfirmas.com/JAL-Tepatitlan-de-Morelos/Boutiques
Boutique Heippol,Tepatitlán de Morelos,ND,ND,ND,ND,https://mxfirmas.com/JAL-Tepatitlan-de-Morelos/Boutiques
Boutique Lilis,Tepatitlán de Morelos,ND,ND,ND,ND,https://mxfirmas.com/JAL-Tepatitlan-de-Morelos/Boutiques
Boutique Edgarin,Tepatitlán de Morelos,ND,ND,ND,ND,https://mxfirmas.com/JAL-Tepatitlan-de-Morelos/Boutiques
Boutique Wapa,Tepatitlán de Morelos,ND,ND,ND,ND,https://mxfirmas.com/JAL-Tepatitlan-de-Morelos/Boutiques
Boutique Isteria,Tepatitlán de Morelos,ND,ND,ND,ND,https://mxfirmas.com/JAL-Tepatitlan-de-Morelos/Boutiques
Lollipop _ boutique,Tepatitlán de Morelos,ND,ND,ND,ND,https://mxfirmas.com/JAL-Tepatitlan-de-Morelos/Boutiques
Nene´S Boutique,Tepatitlán de Morelos,ND,ND,ND,ND,https://mxfirmas.com/JAL-Tepatitlan-de-Morelos/Boutiques
Princess Boutique,Tepatitlán de Morelos,ND,ND,ND,ND,https://mxfirmas.com/JAL-Tepatitlan-de-Morelos/Boutiques
Opus Boutique,Tepatitlán de Morelos,ND,ND,ND,ND,https://mxfirmas.com/JAL-Tepatitlan-de-Morelos/Boutiques
H-M Boutique,Tepatitlán de Morelos,ND,ND,ND,ND,https://mxfirmas.com/JAL-Tepatitlan-de-Morelos/Boutiques
Frida Boutique,Tepatitlán de Morelos,ND,ND,ND,ND,https://mxfirmas.com/JAL-Tepatitlan-de-Morelos/Boutiques
Estetica y Boutique,Tepatitlán de Morelos,ND,ND,ND,ND,https://mxfirmas.com/JAL-Tepatitlan-de-Morelos/Boutiques
Uniformes Clinik,Guadalajara,+52 33 3642 9572,ND,ND,ND,https://mxfirmas.com/JAL-Guadalajara-Municipio/Tiendas-de-uniformes
"Alfa Uniformes, S.A. de C.V.",Guadalajara,+52 33 3658 1010,ND,ND,ND,https://mxfirmas.com/JAL-Guadalajara-Municipio/Tiendas-de-uniformes
"Maxi Uniformes, S.A. de C.V.",Guadalajara,+52 33 3666 3666,ND,ND,ND,https://mxfirmas.com/JAL-Guadalajara-Municipio/Tiendas-de-uniformes
Line Uniformes Sa de C.V.,Guadalajara,+52 33 3826 6969,ND,ND,ND,https://mxfirmas.com/JAL-Guadalajara-Municipio/Tiendas-de-uniformes
"Productos Alfa Uniformes, S.A. de C.V.",Guadalajara,+52 33 3651 1212,ND,ND,ND,https://mxfirmas.com/JAL-Guadalajara-Municipio/Tiendas-de-uniformes
UNIFORMES CARMEN,Guadalajara,+52 33 3650 3252,ND,ND,ND,https://mxfirmas.com/JAL-Guadalajara-Municipio/Tiendas-de-uniformes
Uniformes Empresariales Y Corporativos,Guadalajara,+52 33 3650 0582,ND,ND,ND,https://mxfirmas.com/JAL-Guadalajara-Municipio/Tiendas-de-uniformes
Uniformes Victor,Guadalajara,ND,ND,ND,ND,https://mxfirmas.com/JAL-Guadalajara-Municipio/Tiendas-de-uniformes
Uniformes Guadalajara,Guadalajara,ND,ND,ND,ND,https://mxfirmas.com/JAL-Guadalajara-Municipio/Tiendas-de-uniformes
Tienda De Ropa,Villa Corona,ND,ND,ND,ND,https://mxfirmas.com/Tienda-De-Ropa-1242065
Imagen Boutique Nueva Moda,Villa Corona,ND,ND,ND,ND,https://mxfirmas.com/Tienda-De-Ropa-1242065
Zara Moda Infantíl,Villa Corona,ND,ND,ND,ND,https://mxfirmas.com/Tienda-De-Ropa-1242065
Pekes & Jr´S,Villa Corona,ND,ND,ND,ND,https://mxfirmas.com/Tienda-De-Ropa-1242065
"CONFECCIONES PATRIA, S.A. de C.V.",Villa Corona,ND,ND,ND,ND,https://mxfirmas.com/Tienda-De-Ropa-1242065
Zoe,Villa Corona,ND,ND,ND,ND,https://mxfirmas.com/Tienda-De-Ropa-1242065
Venta De Ropa De Segunda,Villa Corona,ND,ND,ND,ND,https://mxfirmas.com/Tienda-De-Ropa-1242065
Tienda De Ropa Hugo Saldos Bazar,Tototlán,ND,ND,ND,ND,https://mxfirmas.com/JAL-Tototlan/Ropa
Tienda De Ropa Usada Sin Nombre,Tototlán,ND,ND,ND,ND,https://mxfirmas.com/JAL-Tototlan/Ropa
Tienda De Ropa De Bebe Sin Nombre,Tototlán,ND,ND,ND,ND,https://mxfirmas.com/JAL-Tototlan/Ropa
Boutique They,Tototlán,ND,ND,ND,ND,https://mxfirmas.com/JAL-Tototlan/Ropa
Google Moda,Tototlán,ND,ND,ND,ND,https://mxfirmas.com/JAL-Tototlan/Ropa
Gomlalsh,Tototlán,ND,ND,ND,ND,https://mxfirmas.com/JAL-Tototlan/Ropa
Tienda De Ropa Mujer Omareli,San Juan de los Lagos,ND,ND,ND,ND,https://mxfirmas.com/JAL-San-Juan-de-los-Lagos/Tiendas-de-ropa-de-mujer
Tienda De Lencería Sin Nombre,San Juan de los Lagos,ND,ND,ND,ND,https://mxfirmas.com/JAL-San-Juan-de-los-Lagos/Tiendas-de-ropa-de-mujer
Tienda Ropa Sin Nombre,San Juan de los Lagos,ND,ND,ND,ND,https://mxfirmas.com/JAL-San-Juan-de-los-Lagos/Tiendas-de-ropa-de-mujer
Tienda De Ropa,San Juan de los Lagos,+52 395 785 3977,ND,+523957853977,ND,https://mxfirmas.com/JAL-San-Juan-de-los-Lagos/Tiendas-de-ropa-de-mujer
Riky Ricon Tienda De Ropa Para Niños,Guadalajara,+52 33 3617 9974,ND,+523336179974,ND,https://mxfirmas.com/JAL-Guadalajara-Municipio/Tiendas-de-ropa-para-ninos
Boutique Infantilpiccolo Venta De Ropa Para Niños,Guadalajara,+52 33 3617 9490,ND,+523336179490,ND,https://mxfirmas.com/JAL-Guadalajara-Municipio/Tiendas-de-ropa-para-ninos
Venta De Ropa Para Niños Purple Flower Kids,Guadalajara,+52 33 3643 7340,ND,+523336437340,ND,https://mxfirmas.com/JAL-Guadalajara-Municipio/Tiendas-de-ropa-para-ninos
Boutique Infantildisney World Venta De Ropa Para Niños,Guadalajara,+52 33 3618 9809,ND,+523336189809,ND,https://mxfirmas.com/JAL-Guadalajara-Municipio/Tiendas-de-ropa-para-ninos
Tienda De Ropa Para Niño Y Bebe Sin Nombre,Guadalajara,+52 33 1508 6836,ND,+523315086836,ND,https://mxfirmas.com/JAL-Guadalajara-Municipio/Tiendas-de-ropa-para-ninos
Tienda De Ropa Para Bebe Sin Nombre,Guadalajara,+52 33 3653 2144,ND,+523336532144,ND,https://mxfirmas.com/JAL-Guadalajara-Municipio/Tiendas-de-ropa-para-ninos
Boutique Infantil Ducky Venta De Ropa Para Niños,Guadalajara,+52 33 3654 1219,ND,+523336541219,ND,https://mxfirmas.com/JAL-Guadalajara-Municipio/Tiendas-de-ropa-para-ninos
Ropa y accesorios para niños y bebes - Magic Baby,Guadalajara,+52 33 3618 6632,ND,+523336186632,ND,https://mxfirmas.com/JAL-Guadalajara-Municipio/Tiendas-de-ropa-para-ninos
Magic Baby,Guadalajara,+52 33 1773 2823,ND,ND,ND,https://mxfirmas.com/JAL-Guadalajara-Municipio/Tiendas-de-ropa-para-ninos
Boutique Infantilel Baul De Vale Venta De Ropa Para Niños,Guadalajara,+52 33 3618 7221,ND,+523336187221,ND,https://mxfirmas.com/JAL-Guadalajara-Municipio/Tiendas-de-ropa-para-ninos
Ropa De Bebe Snoopy,Guadalajara,+52 33 3618 3048,ND,+523336183048,ND,https://mxfirmas.com/JAL-Guadalajara-Municipio/Tiendas-de-ropa-para-ninos
Tienda De Ropa Para Niños Moda Infantíl,Guadalajara,ND,ND,ND,ND,https://mxfirmas.com/JAL-Guadalajara-Municipio/Tiendas-de-ropa-para-ninos
Tienda De Ropa Para Niños Sin Nombre,Guadalajara,ND,ND,ND,ND,https://mxfirmas.com/JAL-Guadalajara-Municipio/Tiendas-de-ropa-para-ninos
Tienda De Ropa Para Bebe,Guadalajara,ND,ND,ND,ND,https://mxfirmas.com/JAL-Guadalajara-Municipio/Tiendas-de-ropa-para-ninos
Bazar De Ropa Y Artículos Para Niños Sin Nombre,Guadalajara,ND,ND,ND,ND,https://mxfirmas.com/JAL-Guadalajara-Municipio/Tiendas-de-ropa-para-ninos
Tienda De Ropa Para Bebes Sin Nombre,Guadalajara,ND,ND,ND,ND,https://mxfirmas.com/JAL-Guadalajara-Municipio/Tiendas-de-ropa-para-ninos
Ropa De Niños Y Niñas Sin Nombre,Guadalajara,ND,ND,ND,ND,https://mxfirmas.com/JAL-Guadalajara-Municipio/Tiendas-de-ropa-para-ninos
Ropa De Niños Sin Nombre,Guadalajara,ND,ND,ND,ND,https://mxfirmas.com/JAL-Guadalajara-Municipio/Tiendas-de-ropa-para-ninos
Ropa Para Bebé Sin Nombre,Guadalajara,ND,ND,ND,ND,https://mxfirmas.com/JAL-Guadalajara-Municipio/Tiendas-de-ropa-para-ninos
Boutique De Ropa Para Niños Sin Nombre,Guadalajara,ND,ND,ND,ND,https://mxfirmas.com/JAL-Guadalajara-Municipio/Tiendas-de-ropa-para-ninos
Tienda De Ropa De Niños Sin Nombre,Guadalajara,ND,ND,ND,ND,https://mxfirmas.com/JAL-Guadalajara-Municipio/Tiendas-de-ropa-para-ninos
Pequeños Tienda De Ropa Para Niños,Guadalajara,ND,ND,ND,ND,https://mxfirmas.com/JAL-Guadalajara-Municipio/Tiendas-de-ropa-para-ninos
Boutique De Ropa De Bebes Y Niños Scuicles,Guadalajara,ND,ND,ND,ND,https://mxfirmas.com/JAL-Guadalajara-Municipio/Tiendas-de-ropa-para-ninos
Bordajal,Guadalajara,+52 33 3342 3277,ND,ND,ND,https://mxfirmas.com/JAL-Guadalajara/Tiendas-de-ropa-de-trabajo
Stratto,Guadalajara,+52 33 3630 0897,ND,ND,ND,https://mxfirmas.com/JAL-Guadalajara/Tiendas-de-ropa-de-trabajo
Ropa Que Travaja Sa De Cv,Guadalajara,+52 33 3827 3808,ND,+523338273808,ND,https://mxfirmas.com/JAL-Guadalajara/Tiendas-de-ropa-de-trabajo
Calzado De Trabajo Workies,Guadalajara,+52 33 3618 1099,ND,ND,ND,https://mxfirmas.com/JAL-Guadalajara/Tiendas-de-ropa-de-trabajo
Reca Uniformes Industriales Sa De Cv,Guadalajara,+52 33 3618 1505,ND,ND,ND,https://mxfirmas.com/JAL-Guadalajara/Tiendas-de-ropa-de-trabajo
"Taller de Torno Carrillo, S.A. de C.V.",Guadalajara,+52 33 3646 7015,ND,ND,ND,https://mxfirmas.com/JAL-Guadalajara/Tiendas-de-ropa-de-trabajo
Uniformes Panai,Guadalajara,+52 33 3826 8060,ND,ND,ND,https://mxfirmas.com/JAL-Guadalajara/Tiendas-de-ropa-de-trabajo
Covahs Workwear,Guadalajara,+52 33 3827 3808,ND,ND,ND,https://mxfirmas.com/JAL-Guadalajara/Tiendas-de-ropa-de-trabajo
"Trabajo Humano, S.A. de C.V.",Guadalajara,+52 33 1202 1000,ND,ND,ND,https://mxfirmas.com/JAL-Guadalajara/Tiendas-de-ropa-de-trabajo
Uniformes E Trabajo,Guadalajara,+52 33 3825 5163,ND,ND,ND,https://mxfirmas.com/JAL-Guadalajara/Tiendas-de-ropa-de-trabajo
Trabajos De Lamina Sin Nombre,Guadalajara,+52 33 1199 5939,ND,ND,ND,https://mxfirmas.com/JAL-Guadalajara/Tiendas-de-ropa-de-trabajo
Trabajos De Lamina,Guadalajara,+52 33 3342 0501,ND,ND,ND,https://mxfirmas.com/JAL-Guadalajara/Tiendas-de-ropa-de-trabajo
Fabrica de Uniformes Industriales Gar - Lop,Guadalajara,+52 33 3643 5356,ND,ND,ND,https://mxfirmas.com/JAL-Guadalajara-Municipio/Tiendas-de-uniformes/page2
Uniformes Industriales y de Seguridad,Guadalajara,+52 33 3643 5356,ND,ND,ND,https://mxfirmas.com/JAL-Guadalajara-Municipio/Tiendas-de-uniformes/page2
Milenio Uniformes S. De R.L. De C.V.,Guadalajara,+52 33 3620 1858,ND,ND,ND,https://mxfirmas.com/JAL-Guadalajara-Municipio/Tiendas-de-uniformes/page2
Uniformes America,Guadalajara,+52 33 3618 2046,ND,ND,ND,https://mxfirmas.com/JAL-Guadalajara-Municipio/Tiendas-de-uniformes/page2
Costura De Uniformes Escolares Y Blancos,Guadalajara,+52 33 3646 2332,ND,ND,ND,https://mxfirmas.com/JAL-Guadalajara-Municipio/Tiendas-de-uniformes/page2
Uniformes Ejecutivos Rh Diseños Exclusivos,Guadalajara,+52 33 3813 3335,ND,ND,ND,https://mxfirmas.com/JAL-Guadalajara-Municipio/Tiendas-de-uniformes/page2
"Comercializadora de Articulos Uniformes, S.A. de C.V.",Guadalajara,+52 33 3827 2223,ND,ND,ND,https://mxfirmas.com/JAL-Guadalajara-Municipio/Tiendas-de-uniformes/page2
"BATAS, BOTAS Y UNIFORMES INDUSTRIALES SA DE CV",Guadalajara,+52 33 3617 0240,ND,ND,ND,https://mxfirmas.com/JAL-Guadalajara-Municipio/Tiendas-de-uniformes/page2
Uniformes Cardi,Guadalajara,+52 33 3637 1079,ND,ND,ND,https://mxfirmas.com/JAL-Guadalajara-Municipio/Tiendas-de-uniformes/page2
Uniformes Ejecutivos de la Croix Geeb S,Guadalajara,+52 33 3658 4150,ND,ND,ND,https://mxfirmas.com/JAL-Guadalajara-Municipio/Tiendas-de-uniformes/page2
Uniformes Industriales,Guadalajara,+52 33 3614 2375,ND,ND,ND,https://mxfirmas.com/JAL-Guadalajara-Municipio/Tiendas-de-uniformes/page2
UNIFORMES DE OCCIDENTE,Guadalajara,+52 33 3674 2168,ND,ND,ND,https://mxfirmas.com/JAL-Guadalajara-Municipio/Tiendas-de-uniformes/page2
"Gama Uniformes, S.A. de C.V.",Guadalajara,+52 33 3665 3547,ND,ND,ND,https://mxfirmas.com/JAL-Guadalajara-Municipio/Tiendas-de-uniformes/page2
Uniformes Dahin,Guadalajara,+52 33 3618 8900,ND,ND,ND,https://mxfirmas.com/JAL-Guadalajara-Municipio/Tiendas-de-uniformes/page2
"Uniformes Uyesi, S.A. de C.V.",Guadalajara,+52 33 3603 0069,ND,ND,ND,https://mxfirmas.com/JAL-Guadalajara-Municipio/Tiendas-de-uniformes/page2
Uniformes La Estrellita,Guadalajara,+52 33 3613 9900,ND,ND,ND,https://mxfirmas.com/JAL-Guadalajara-Municipio/Tiendas-de-uniformes/page2
UNIFORMES GRUPO CALIFORNIA Y ESCOLARES DE RL DE,Guadalajara,+52 33 3613 3113,ND,ND,ND,https://mxfirmas.com/JAL-Guadalajara-Municipio/Tiendas-de-uniformes/page2
UNIFORMES EJECUTIVOS PARA DAMA Y CABALLERO,Guadalajara,+52 33 1377 1897,ND,ND,ND,https://mxfirmas.com/JAL-Guadalajara-Municipio/Tiendas-de-uniformes/page2
Venta De Uniformes Lady Nurse,Guadalajara,+52 33 1121 4441,ND,ND,ND,https://mxfirmas.com/JAL-Guadalajara-Municipio/Tiendas-de-uniformes/page2
Venta De Uniformes Escolares Gloriant,Guadalajara,+52 33 3334 0772,ND,ND,ND,https://mxfirmas.com/JAL-Guadalajara-Municipio/Tiendas-de-uniformes/page2
"Uniformes de Occidente, S.A. de C.V.",Guadalajara,+52 33 3637 7441,ND,ND,ND,https://mxfirmas.com/JAL-Guadalajara-Municipio/Tiendas-de-uniformes/page2
Uniformes Tikva S.A. De C.V.,Guadalajara,+52 33 1523 5896,ND,ND,ND,https://mxfirmas.com/JAL-Guadalajara-Municipio/Tiendas-de-uniformes/page2
Uniformes Y Chamarras De Occidente S.A. De C.V.,Guadalajara,+52 33 3168 0309,ND,ND,ND,https://mxfirmas.com/JAL-Guadalajara-Municipio/Tiendas-de-uniformes/page2
Venta De Uniformes Escolares Quetzal,Guadalajara,+52 33 3649 0867,ND,ND,ND,https://mxfirmas.com/JAL-Guadalajara-Municipio/Tiendas-de-uniformes/page2
Venta De Uniformes Sin Nombre,Guadalajara,+52 33 3699 4376,ND,ND,ND,https://mxfirmas.com/JAL-Guadalajara-Municipio/Tiendas-de-uniformes/page2
Comercialización De Uniformes Sin Nombre,Guadalajara,+52 33 1378 9547,ND,ND,ND,https://mxfirmas.com/JAL-Guadalajara-Municipio/Tiendas-de-uniformes/page2
Uniformes y Articulos Deportivos S.A.de C.V,Guadalajara,+52 33 3634 1071,ND,ND,ND,https://mxfirmas.com/JAL-Guadalajara-Municipio/Tiendas-de-uniformes/page2
"Renta Uniformes Industriales, S.A. de C.V.",Guadalajara,+52 33 3618 8838,ND,ND,ND,https://mxfirmas.com/JAL-Guadalajara-Municipio/Tiendas-de-uniformes/page2
Uniformes Escolares Lobitos,Guadalajara,+52 33 1199 7920,ND,ND,ND,https://mxfirmas.com/JAL-Guadalajara-Municipio/Tiendas-de-uniformes/page2
Uniformes Cejudo,Guadalajara,ND,ND,ND,ND,https://mxfirmas.com/JAL-Guadalajara-Municipio/Tiendas-de-uniformes/page2
Bordados YSSA Uniformes BIBO,Guadalajara,ND,ND,ND,ND,https://mxfirmas.com/JAL-Guadalajara-Municipio/Tiendas-de-uniformes/page2
Uniformes Kriss,Guadalajara,ND,ND,ND,ND,https://mxfirmas.com/JAL-Guadalajara-Municipio/Tiendas-de-uniformes/page2
Maquila De Uniformes Deportivos Sin Nombre,Guadalajara,ND,ND,ND,ND,https://mxfirmas.com/JAL-Guadalajara-Municipio/Tiendas-de-uniformes/page2
Fabrica de Uniformes y Complementos,Guadalajara,ND,ND,ND,ND,https://mxfirmas.com/JAL-Guadalajara-Municipio/Tiendas-de-uniformes/page2
Uniformes Escolares Noemi,Guadalajara,ND,ND,ND,ND,https://mxfirmas.com/JAL-Guadalajara-Municipio/Tiendas-de-uniformes/page2
Costumer Uniformes,Guadalajara,ND,ND,ND,ND,https://mxfirmas.com/JAL-Guadalajara-Municipio/Tiendas-de-uniformes/page2
Reparación De Uniformes,Guadalajara,ND,ND,ND,ND,https://mxfirmas.com/JAL-Guadalajara-Municipio/Tiendas-de-uniformes/page2
Bodega De Uníformes Escolares,Guadalajara,ND,ND,ND,ND,https://mxfirmas.com/JAL-Guadalajara-Municipio/Tiendas-de-uniformes/page2
"Excelencia en Uniformes de Occidente, S.A. de C.V.",Guadalajara,ND,ND,ND,ND,https://mxfirmas.com/JAL-Guadalajara-Municipio/Tiendas-de-uniformes/page2
Cerrajería Y Ventas de Uniformes Sin Nombre,Guadalajara,ND,ND,ND,ND,https://mxfirmas.com/JAL-Guadalajara-Municipio/Tiendas-de-uniformes/page2
Tienda De Ropa Kinder Mannys,Guadalajara,+52 33 3613 2141,ND,+523336132141,ND,https://mxfirmas.com/JAL-Guadalajara-Municipio/Ropa
Togasymás - Alquiler de Ropa de Etiqueta,Guadalajara,+52 33 3658 5001,ND,+523336585001,ND,https://mxfirmas.com/JAL-Guadalajara-Municipio/Ropa
Ropa De Proteccion Sa De Cv,Guadalajara,+52 33 3618 6995,ND,+523336186995,ND,https://mxfirmas.com/JAL-Guadalajara-Municipio/Ropa
Ropa De Niño Y Niña Patita,Guadalajara,+52 33 3836 1883,ND,+523338361883,ND,https://mxfirmas.com/JAL-Guadalajara-Municipio/Ropa
Ropa Dany,Guadalajara,+52 33 3618 5066,ND,+523336185066,ND,https://mxfirmas.com/JAL-Guadalajara-Municipio/Ropa
Tienda De Ropa El Puente,Guadalajara,+52 33 3617 1353,ND,+523336171353,ND,https://mxfirmas.com/JAL-Guadalajara-Municipio/Ropa
Ropa Para Bebe,Guadalajara,ND,ND,ND,ND,https://mxfirmas.com/JAL-Guadalajara-Municipio/Ropa
Venta De Ropa Papaya Clothing,Guadalajara,ND,ND,ND,ND,https://mxfirmas.com/JAL-Guadalajara-Municipio/Ropa
Tienda Ropa Interior Bella Interior,Guadalajara,ND,ND,ND,ND,https://mxfirmas.com/JAL-Guadalajara-Municipio/Tiendas-de-ropa-deportiva/page2
Area Ropa Deportiva y Empresarial,Guadalajara,ND,ND,ND,ND,https://mxfirmas.com/JAL-Guadalajara-Municipio/Tiendas-de-ropa-deportiva/page2
Tienda De Ropa Sin Nombre,Guadalajara,ND,ND,ND,ND,https://mxfirmas.com/JAL-Guadalajara-Municipio/Tiendas-de-ropa-deportiva/page2
Ropa Deportiva Patinetas Y Accesorios Sin Nombre,Guadalajara,ND,ND,ND,ND,https://mxfirmas.com/JAL-Guadalajara-Municipio/Tiendas-de-ropa-deportiva/page2
Local De Ropa Deportiva Sin Nombre,Guadalajara,ND,ND,ND,ND,https://mxfirmas.com/JAL-Guadalajara-Municipio/Tiendas-de-ropa-deportiva/page2
Venta De Ropa Para Caballero Sin Nombre,Guadalajara,ND,ND,ND,ND,https://mxfirmas.com/JAL-Guadalajara-Municipio/Tiendas-de-ropa-deportiva/page2
Venta De Ropa Deportiva Sin Nombre,Guadalajara,ND,ND,ND,ND,https://mxfirmas.com/JAL-Guadalajara-Municipio/Tiendas-de-ropa-deportiva/page2
Venta De Ropa Y Calzado,Guadalajara,ND,ND,ND,ND,https://mxfirmas.com/JAL-Guadalajara-Municipio/Tiendas-de-ropa-deportiva/page2
Venta De Pronósticos Ropa Y Accesorios Sin Nombre,Guadalajara,ND,ND,ND,ND,https://mxfirmas.com/JAL-Guadalajara-Municipio/Tiendas-de-ropa-deportiva/page2
Novedades Y Regalos Venta De Ropa Caballero,Guadalajara,ND,ND,ND,ND,https://mxfirmas.com/JAL-Guadalajara-Municipio/Tiendas-de-ropa-deportiva/page2
Venta De Ropa Deportiva Mdi,Guadalajara,+52 33 1522 1030,ND,+523315221030,ND,https://mxfirmas.com/JAL-Guadalajara-Municipio/Tiendas-de-ropa-deportiva/page2
"Comercializadora de Ropa Deportiva, S.A. de C.V.",Guadalajara,+52 33 3825 7411,ND,+523338257411,ND,https://mxfirmas.com/JAL-Guadalajara-Municipio/Tiendas-de-ropa-deportiva/page2
Gio Sport,Guadalajara,+52 33 3586 5610,ND,ND,ND,https://mxfirmas.com/JAL-Guadalajara-Municipio/Tiendas-de-ropa-deportiva/page2
Publicidad Deportiva En Movimiento,Guadalajara,+52 33 1955 6079,ND,ND,ND,https://mxfirmas.com/JAL-Guadalajara-Municipio/Tiendas-de-ropa-deportiva/page2
MARTI,Guadalajara,+52 33 3613 2621,ND,ND,ND,https://mxfirmas.com/JAL-Guadalajara-Municipio/Tiendas-de-ropa-deportiva/page2
Uniformes Escolares y Deportivos Morales,Guadalajara,+52 33 3656 1068,ND,ND,ND,https://mxfirmas.com/JAL-Guadalajara-Municipio/Tiendas-de-ropa-deportiva/page2
Gorras Loco,Guadalajara,+52 33 3654 1515,ND,ND,ND,https://mxfirmas.com/JAL-Guadalajara-Municipio/Tiendas-de-ropa-deportiva/page2
Ropa Típica Sin Nombre,Guadalajara,+52 33 3316 1615,ND,+523333161615,ND,https://mxfirmas.com/JAL-Guadalajara-Municipio/Tiendas-de-ropa-deportiva/page2
Venta De Ropa Y Accesorios Sin Nombre,Guadalajara,+52 33 3608 7497,ND,+523336087497,ND,https://mxfirmas.com/JAL-Guadalajara-Municipio/Tiendas-de-ropa-deportiva/page2
Deportes D'marco,Guadalajara,+52 33 3825 6699,ND,ND,ND,https://mxfirmas.com/JAL-Guadalajara-Municipio/Tiendas-de-ropa-deportiva/page2
Redes Deportivas Rodriguez,Guadalajara,+52 33 3601 3788,ND,ND,ND,https://mxfirmas.com/JAL-Guadalajara-Municipio/Tiendas-de-ropa-deportiva/page2
Empresas Deportivas,Guadalajara,+52 33 3122 0198,ND,ND,ND,https://mxfirmas.com/JAL-Guadalajara-Municipio/Tiendas-de-ropa-deportiva/page2
"Productos Deportivos de Occidente, S.A. de C.V.",Guadalajara,+52 33 3854 5524,ND,ND,ND,https://mxfirmas.com/JAL-Guadalajara-Municipio/Tiendas-de-ropa-deportiva/page2
DEPORTES LARIOS,Guadalajara,+52 33 3618 1852,ND,ND,ND,https://mxfirmas.com/JAL-Guadalajara-Municipio/Tiendas-de-ropa-deportiva/page2
Ropa Deportivqa Sin Nombre,Guadalajara,+52 33 3585 6445,ND,+523335856445,ND,https://mxfirmas.com/JAL-Guadalajara-Municipio/Tiendas-de-ropa-deportiva/page2
ORIGINALES D'RUBIO,Guadalajara,+52 33 3614 5085,ND,ND,ND,https://mxfirmas.com/JAL-Guadalajara-Municipio/Tiendas-de-ropa-deportiva/page2
Heraldica Hernandez,Guadalajara,+52 33 3915 6560,ND,ND,ND,https://mxfirmas.com/JAL-Guadalajara-Municipio/Tiendas-de-ropa-deportiva/page2
BJC MONSTER STORES,Guadalajara,+52 33 3653 5385,ND,ND,ND,https://mxfirmas.com/JAL-Guadalajara-Municipio/Tiendas-de-ropa-deportiva/page2
Pirma Venta De Ropa Deportiva,Guadalajara,ND,ND,ND,ND,https://mxfirmas.com/JAL-Guadalajara-Municipio/Tiendas-de-ropa-deportiva/page2
푸마,Guadalajara,ND,ND,ND,ND,https://mxfirmas.com/JAL-Guadalajara-Municipio/Tiendas-de-ropa-deportiva/page2
American Eagle,Guadalajara,ND,ND,ND,ND,https://mxfirmas.com/JAL-Guadalajara-Municipio/Tiendas-de-ropa-deportiva/page2
Vans,Guadalajara,ND,ND,ND,ND,https://mxfirmas.com/JAL-Guadalajara-Municipio/Tiendas-de-ropa-deportiva/page2
Charly Forum Tlaquepaque,Guadalajara,ND,ND,ND,ND,https://mxfirmas.com/JAL-Guadalajara-Municipio/Tiendas-de-ropa-deportiva/page2
Charly Morelos Centro Gdl,Guadalajara,ND,ND,ND,ND,https://mxfirmas.com/JAL-Guadalajara-Municipio/Tiendas-de-ropa-deportiva/page2
Fábrica De Ropa Deportiva,Guadalajara,ND,ND,ND,ND,https://mxfirmas.com/JAL-Guadalajara-Municipio/Tiendas-de-ropa-deportiva/page2
Tienda De Ropa Deportiva Calo,Guadalajara,ND,ND,ND,ND,https://mxfirmas.com/JAL-Guadalajara-Municipio/Tiendas-de-ropa-deportiva/page2
Diez Sport Venta De Tienda Deportiva,Guadalajara,ND,ND,ND,ND,https://mxfirmas.com/JAL-Guadalajara-Municipio/Tiendas-de-ropa-deportiva/page2
Li Sport Ropa Deportiva,Guadalajara,ND,ND,ND,ND,https://mxfirmas.com/JAL-Guadalajara-Municipio/Tiendas-de-ropa-deportiva/page2
Gio Sport Tienda De Deportes,Guadalajara,ND,ND,ND,ND,https://mxfirmas.com/JAL-Guadalajara-Municipio/Tiendas-de-ropa-deportiva/page2
Maquila Ropa Deportes Llamas,Guadalajara,ND,ND,ND,ND,https://mxfirmas.com/JAL-Guadalajara-Municipio/Tiendas-de-ropa-deportiva/page2
Puesto De Ropa Bonetería,Guadalajara,ND,ND,ND,ND,https://mxfirmas.com/JAL-Guadalajara-Municipio/Tiendas-de-ropa-deportiva/page2
Tienda De Tenis San Onofre,Guadalajara,ND,ND,ND,ND,https://mxfirmas.com/JAL-Guadalajara-Municipio/Tiendas-de-ropa-deportiva/page2
Tienda De Ropa Deportiva Sin Nombre,Guadalajara,ND,ND,ND,ND,https://mxfirmas.com/JAL-Guadalajara-Municipio/Tiendas-de-ropa-deportiva/page3
Ropa Colombiana,Guadalajara,ND,ND,ND,ND,https://mxfirmas.com/JAL-Guadalajara-Municipio/Tiendas-de-ropa-deportiva/page3
Ropa Deportiva y Bordado,Guadalajara,ND,ND,ND,ND,https://mxfirmas.com/JAL-Guadalajara-Municipio/Tiendas-de-ropa-deportiva/page3
Calzado y Ropa Deportiva,Guadalajara,ND,ND,ND,ND,https://mxfirmas.com/JAL-Guadalajara-Municipio/Tiendas-de-ropa-deportiva/page3
Tienda Deportiva,Guadalajara,ND,ND,ND,ND,https://mxfirmas.com/JAL-Guadalajara-Municipio/Tiendas-de-ropa-deportiva/page3
Venta De Artículos Deportivos Sin Nombre,Guadalajara,ND,ND,ND,ND,https://mxfirmas.com/JAL-Guadalajara-Municipio/Tiendas-de-ropa-deportiva/page3
Moda Gorras,Guadalajara,ND,ND,ND,ND,https://mxfirmas.com/JAL-Guadalajara-Municipio/Tiendas-de-ropa-deportiva/page3
Ropa Colombiana,Tonalá,ND,ND,ND,ND,https://mxfirmas.com/JAL-Guadalajara-Municipio/Tiendas-de-ropa-deportiva/page3
Uniformes Escolares Oso Polar,Guadalajara,ND,ND,ND,ND,https://mxfirmas.com/JAL-Guadalajara-Municipio/Tiendas-de-uniformes/page3
Uniformes Y Bordados D'kalex,Guadalajara,ND,ND,ND,ND,https://mxfirmas.com/JAL-Guadalajara-Municipio/Tiendas-de-uniformes/page3
Uniformes Express S.A. de C.V.,Guadalajara,ND,ND,ND,ND,https://mxfirmas.com/JAL-Guadalajara-Municipio/Tiendas-de-uniformes/page3
Compra Venta De Ropa Sin Nombre,Guadalajara,ND,ND,ND,ND,https://mxfirmas.com/JAL-Guadalajara-Municipio/Ropa
Muebles Moda Y Estilo,Guadalajara,ND,ND,ND,ND,https://mxfirmas.com/JAL-Guadalajara-Municipio/Ropa
Confección En Serie De Otra Ropa Exterior De Materiales Textiles,Guadalajara,ND,ND,ND,ND,https://mxfirmas.com/JAL-Guadalajara-Municipio/Ropa
Reina Diaz Coleccion,Guadalajara,ND,ND,ND,ND,https://mxfirmas.com/JAL-Guadalajara-Municipio/Ropa
Tierra Azteca,Guadalajara,ND,ND,ND,ND,https://mxfirmas.com/JAL-Guadalajara-Municipio/Ropa
Moda Suelas Inyectadas,Guadalajara,ND,ND,ND,ND,https://mxfirmas.com/JAL-Guadalajara-Municipio/Ropa
Taller De Ropa Color Tuna,Guadalajara,ND,ND,ND,ND,https://mxfirmas.com/JAL-Guadalajara-Municipio/Ropa
Ropa y Boneteria,Guadalajara,ND,ND,ND,ND,https://mxfirmas.com/JAL-Guadalajara-Municipio/Ropa
Ropa y Accesorios De Bebe Sin Nombre,Guadalajara,ND,ND,ND,ND,https://mxfirmas.com/JAL-Guadalajara-Municipio/Accesorios-de-moda
Venta De Accesorios Y Bisutería Sin Nombre,Guadalajara,ND,ND,ND,ND,https://mxfirmas.com/JAL-Guadalajara-Municipio/Accesorios-de-moda
Tienda De Ropa Y Accesorios,Guadalajara,ND,ND,ND,ND,https://mxfirmas.com/JAL-Guadalajara-Municipio/Accesorios-de-moda
Ropa De Bebé,Guadalajara,ND,ND,ND,ND,https://mxfirmas.com/JAL-Guadalajara-Municipio/Accesorios-de-moda
Tiendas Alka Sa De Cv,Guadalajara,+52 33 3615 3042,ND,ND,ND,https://mxfirmas.com/JAL-Guadalajara-Municipio/Tiendas-de-camisetas
Optima,Guadalajara,+52 33 3812 0437,ND,ND,ND,https://mxfirmas.com/JAL-Guadalajara-Municipio/Tiendas-de-camisetas
Unigam Internacional Sa De Cv,Guadalajara,+52 33 3647 3767,ND,ND,ND,https://mxfirmas.com/JAL-Guadalajara-Municipio/Tiendas-de-camisetas
Tiendas Optima,Guadalajara,+52 33 3619 2501,ND,ND,ND,https://mxfirmas.com/JAL-Guadalajara-Municipio/Tiendas-de-camisetas
Playeras Y Camisetas De Guadalajara Sa De Cv,Guadalajara,+52 33 3825 1756,ND,ND,ND,https://mxfirmas.com/JAL-Guadalajara-Municipio/Tiendas-de-camisetas
Todo En Playeras,Guadalajara,+52 33 3618 9082,ND,ND,ND,https://mxfirmas.com/JAL-Guadalajara-Municipio/Tiendas-de-camisetas
"Padilla Extrucciones, S.A. de C.V.",Guadalajara,+52 33 3587 5818,ND,ND,ND,https://mxfirmas.com/JAL-Guadalajara-Municipio/Tiendas-de-camisetas
DSA DISEÑOS,Guadalajara,+52 33 3650 3025,ND,ND,ND,https://mxfirmas.com/JAL-Guadalajara-Municipio/Tiendas-de-camisetas
La Camiseteria (MERCHANDISING),Guadalajara,+52 33 1785 1264,ND,ND,ND,https://mxfirmas.com/JAL-Guadalajara-Municipio/Tiendas-de-camisetas
Venta De Camisetas Sin Nombre,Guadalajara,ND,ND,ND,ND,https://mxfirmas.com/JAL-Guadalajara-Municipio/Tiendas-de-camisetas
Plasticos Benitez,Guadalajara,ND,ND,ND,ND,https://mxfirmas.com/JAL-Guadalajara-Municipio/Tiendas-de-camisetas
Venta Camisetas Sin Nombre,Guadalajara,ND,ND,ND,ND,https://mxfirmas.com/JAL-Guadalajara-Municipio/Tiendas-de-camisetas
Tiendas Melody,Guadalajara,+52 33 3613 0850,ND,ND,ND,https://mxfirmas.com/JAL-Guadalajara/Tiendas-de-lenceria
Sexy Tienda De Lencería,Guadalajara,+52 33 3617 3345,ND,ND,ND,https://mxfirmas.com/JAL-Guadalajara/Tiendas-de-lenceria
Venta De Ropa De Lencería,Guadalajara,+52 33 3635 1906,ND,+523336351906,ND,https://mxfirmas.com/JAL-Guadalajara/Tiendas-de-lenceria
Comercio Al Por Menor De Ropa Excepto De Bebé Y Lencería,Guadalajara,+52 33 3655 0150,ND,+523336550150,ND,https://mxfirmas.com/JAL-Guadalajara/Tiendas-de-lenceria
Tiendas Alka Guadalajara Independencia S.A. De C.V.,Guadalajara,+52 33 3650 2013,ND,ND,ND,https://mxfirmas.com/JAL-Guadalajara/Tiendas-de-lenceria
Tienda De Vestido De Nina,Guadalajara,+52 33 3617 3420,ND,ND,ND,https://mxfirmas.com/JAL-Guadalajara/Tiendas-de-lenceria
Tienda De Vestidos De Fiesta,Guadalajara,+52 33 3825 3207,ND,ND,ND,https://mxfirmas.com/JAL-Guadalajara/Tiendas-de-lenceria
Venta de Lenceria,Guadalajara,ND,ND,ND,ND,https://mxfirmas.com/JAL-Guadalajara/Tiendas-de-lenceria
Tienda De Lencería Patce,Guadalajara,ND,ND,ND,ND,https://mxfirmas.com/JAL-Guadalajara/Tiendas-de-lenceria
Tienda De Lencería Sexy Zone,Guadalajara,ND,ND,ND,ND,https://mxfirmas.com/JAL-Guadalajara/Tiendas-de-lenceria
Venta De Lencería Y Corcetería Sin Nombre,Guadalajara,ND,ND,ND,ND,https://mxfirmas.com/JAL-Guadalajara/Tiendas-de-lenceria
Venta De Lencería Sin Nombre,Guadalajara,ND,ND,ND,ND,https://mxfirmas.com/JAL-Guadalajara/Tiendas-de-lenceria
Murua Intímates Lencería Fína,Guadalajara,ND,ND,ND,ND,https://mxfirmas.com/JAL-Guadalajara/Tiendas-de-lenceria
Comercio Al Por Menor De Lencería,Guadalajara,ND,ND,ND,ND,https://mxfirmas.com/JAL-Guadalajara/Tiendas-de-lenceria
Compra Venta De Lencería Y Ropa,Guadalajara,ND,ND,ND,ND,https://mxfirmas.com/JAL-Guadalajara/Tiendas-de-lenceria
Lencería De Dama Sin Nombre,Guadalajara,ND,ND,ND,ND,https://mxfirmas.com/JAL-Guadalajara/Tiendas-de-lenceria
Geisha Doll - Lenceria unica como tu,Guadalajara,ND,ND,ND,ND,https://mxfirmas.com/JAL-Guadalajara/Tiendas-de-lenceria
Tienda De Ropa Angelica,Guadalajara,ND,ND,ND,ND,https://mxfirmas.com/JAL-Guadalajara/Tiendas-de-lenceria
"Moda en Trajes, S.A. de C.V.",Guadalajara,+52 33 3613 9763,ND,ND,ND,https://mxfirmas.com/JAL-Guadalajara/Tiendas-de-trajes
Renta de Trajes,Guadalajara,+52 33 1204 9023,ND,ND,ND,https://mxfirmas.com/JAL-Guadalajara/Tiendas-de-trajes
Trajes De Baño Ofelia Vidal,Guadalajara,+52 33 3618 4270,ND,ND,ND,https://mxfirmas.com/JAL-Guadalajara/Tiendas-de-trajes
De La Mora Trajes De Baño,Guadalajara,+52 33 3643 7226,ND,ND,ND,https://mxfirmas.com/JAL-Guadalajara/Tiendas-de-trajes
Skytex Mexico Sa De Cv,Guadalajara,+52 33 3666 2584,ND,ND,ND,https://mxfirmas.com/JAL-Guadalajara/Tiendas-de-trajes
Boutique de delices,La Barca,+52 393 104 9602,ND,ND,ND,https://mxfirmas.com/JAL-La-Barca/Boutiques
Scala Boutique,La Barca,+52 393 935 8419,ND,ND,ND,https://mxfirmas.com/JAL-La-Barca/Boutiques
Boutique Mariel,La Barca,+52 393 935 1700,ND,ND,ND,https://mxfirmas.com/JAL-La-Barca/Boutiques
Boutique Juanis,La Barca,+52 393 935 0566,ND,ND,ND,https://mxfirmas.com/JAL-La-Barca/Boutiques
Luiggis Boutique,La Barca,+52 393 935 0757,ND,ND,ND,https://mxfirmas.com/JAL-La-Barca/Boutiques
Boutique Sofia,La Barca,+52 393 105 7177,ND,ND,ND,https://mxfirmas.com/JAL-La-Barca/Boutiques
Boutique Keops,La Barca,ND,ND,ND,ND,https://mxfirmas.com/JAL-La-Barca/Boutiques
Boutique Gisa,La Barca,ND,ND,ND,ND,https://mxfirmas.com/JAL-La-Barca/Boutiques
Boutique De Ropa Sin Nombre,La Barca,ND,ND,ND,ND,https://mxfirmas.com/JAL-La-Barca/Boutiques
Boutique De Ropa D´Faby,La Barca,ND,ND,ND,ND,https://mxfirmas.com/JAL-La-Barca/Boutiques
Boutique Arliz,La Barca,ND,ND,ND,ND,https://mxfirmas.com/JAL-La-Barca/Boutiques
Issis Boutique,La Barca,ND,ND,ND,ND,https://mxfirmas.com/JAL-La-Barca/Boutiques
Boutique Sin Nombre,La Barca,ND,ND,ND,ND,https://mxfirmas.com/JAL-La-Barca/Boutiques
Boutique Serch,La Barca,ND,ND,ND,ND,https://mxfirmas.com/JAL-La-Barca/Boutiques
Boutique La Cochera,La Barca,ND,ND,ND,ND,https://mxfirmas.com/JAL-La-Barca/Boutiques
"Colchas México, S.A. de C.V.",La Barca,+52 393 935 8224,ND,ND,ND,https://mxfirmas.com/JAL-La-Barca/Ropa
Uniformes Clinicos De Lerma,La Barca,+52 393 935 7548,ND,ND,ND,https://mxfirmas.com/JAL-La-Barca/Ropa
Creativ,La Barca,+52 393 935 2445,ND,ND,ND,https://mxfirmas.com/JAL-La-Barca/Ropa
MINI MODA,La Barca,+52 393 935 4873,ND,ND,ND,https://mxfirmas.com/JAL-La-Barca/Ropa
Compra Y Venta De Metales Y Ropa,La Barca,ND,ND,ND,ND,https://mxfirmas.com/JAL-La-Barca/Ropa
Uniformes Sin Nombre,La Barca,ND,ND,ND,ND,https://mxfirmas.com/JAL-La-Barca/Ropa
Sastreria Sin Nombre,La Barca,ND,ND,ND,ND,https://mxfirmas.com/JAL-La-Barca/Ropa
Costurera Sin Nombre,La Barca,ND,ND,ND,ND,https://mxfirmas.com/JAL-La-Barca/Ropa
Compra Venta De Pieles Sin Nombre,La Barca,ND,ND,ND,ND,https://mxfirmas.com/JAL-La-Barca/Ropa
Tienda De Ropa Deportiva Sin Nombre,La Barca,ND,ND,ND,ND,https://mxfirmas.com/JAL-La-Barca/Ropa
Deportes Cervantes,La Barca,ND,ND,ND,ND,https://mxfirmas.com/JAL-La-Barca/Ropa
Venta De Ropa Accesorios Y Juguetes,Lagos de Moreno,+52 474 742 7575,ND,+524747427575,ND,https://mxfirmas.com/JAL-Lagos-de-Moreno/Ropas
Creaciones Infantiles Miky de Lagos,Lagos de Moreno,+52 474 742 8205,ND,ND,ND,https://mxfirmas.com/JAL-Lagos-de-Moreno/Ropas
Bodega De Ropa Infantiles Gran Rey,Lagos de Moreno,+52 474 403 1922,ND,+524744031922,ND,https://mxfirmas.com/JAL-Lagos-de-Moreno/Ropas
MODAS INFANTILES TABITAS,Lagos de Moreno,+52 474 742 2279,ND,ND,ND,https://mxfirmas.com/JAL-Lagos-de-Moreno/Ropas
Tienda de Ropa,Lagos de Moreno,+52 474 742 1762,ND,+524747421762,ND,https://mxfirmas.com/JAL-Lagos-de-Moreno/Ropas
Tienda De Ropa Interior Sin Nombre,Lagos de Moreno,ND,ND,ND,ND,https://mxfirmas.com/JAL-Lagos-de-Moreno/Ropas
Tienda De Ropa Novedades Gc,Lagos de Moreno,ND,ND,ND,ND,https://mxfirmas.com/JAL-Lagos-de-Moreno/Ropas
Tienda De Ropa Usada Sin Nombre,Lagos de Moreno,ND,ND,ND,ND,https://mxfirmas.com/JAL-Lagos-de-Moreno/Ropas
Tienda De Ropa De Dama Sin Nombre,Lagos de Moreno,ND,ND,ND,ND,https://mxfirmas.com/JAL-Lagos-de-Moreno/Ropas
Tienda De Ropa Para Dama Sin Nombre,Lagos de Moreno,ND,ND,ND,ND,https://mxfirmas.com/JAL-Lagos-de-Moreno/Ropas
Venta De Ropa De Segunda Sin Nombre,Lagos de Moreno,ND,ND,ND,ND,https://mxfirmas.com/JAL-Lagos-de-Moreno/Ropas
Venta De Ropa Y Zapatos Para Dama,Lagos de Moreno,ND,ND,ND,ND,https://mxfirmas.com/JAL-Lagos-de-Moreno/Ropas
Venta De Ropa,Lagos de Moreno,ND,ND,ND,ND,https://mxfirmas.com/JAL-Lagos-de-Moreno/Ropas
Confección De Ropa,Lagos de Moreno,ND,ND,ND,ND,https://mxfirmas.com/JAL-Lagos-de-Moreno/Ropas
Tienda De Ropa Y Accesorios Sin Nombre,Lagos de Moreno,ND,ND,ND,ND,https://mxfirmas.com/JAL-Lagos-de-Moreno/Ropas
Confección De Ropa Sin Nombre,Lagos de Moreno,ND,ND,ND,ND,https://mxfirmas.com/JAL-Lagos-de-Moreno/Ropas
Venta De Zapatos Y Ropa La Brosetta,Lagos de Moreno,ND,ND,ND,ND,https://mxfirmas.com/JAL-Lagos-de-Moreno/Ropas
Ropa Interior,Lagos de Moreno,ND,ND,ND,ND,https://mxfirmas.com/JAL-Lagos-de-Moreno/Ropas
Tienda De Ropa Y Novedades Punto Y Aparte,Lagos de Moreno,ND,ND,ND,ND,https://mxfirmas.com/JAL-Lagos-de-Moreno/Ropas
Ropa De Dama D Chayo,Lagos de Moreno,ND,ND,ND,ND,https://mxfirmas.com/JAL-Lagos-de-Moreno/Ropas
Tienda De Ropa Y Calzado Sin Nombre,Lagos de Moreno,ND,ND,ND,ND,https://mxfirmas.com/JAL-Lagos-de-Moreno/Ropas
Tienda De Ropa Para Dama Y Caballero Sin Nombre,Lagos de Moreno,ND,ND,ND,ND,https://mxfirmas.com/JAL-Lagos-de-Moreno/Ropas
Comercio Al Por Menor De Ropa Excepto De Bebé Y Lencería,Acatic,+52 378 107 0157,ND,+523781070157,ND,https://mxfirmas.com/JAL-Acatic/Tiendas-de-lenceria
Tienda De Ropa,Acatic,ND,ND,ND,ND,https://mxfirmas.com/JAL-Acatic/Tiendas-de-lenceria
Lencería Laurz,Acatic,ND,ND,ND,ND,https://mxfirmas.com/JAL-Acatic/Tiendas-de-lenceria
Confección En Serie De Otra Ropa Exterior De Materiales Textiles,Acatic,+52 378 715 0951,ND,+523787150951,ND,https://mxfirmas.com/JAL-Acatic/Textiles
Fabricación De Ropa,Acatic,+52 378 715 1778,ND,+523787151778,ND,https://mxfirmas.com/JAL-Acatic/Textiles
Taller De Diseño Y Costura,Acatic,+52 378 715 1217,ND,ND,ND,https://mxfirmas.com/JAL-Acatic/Textiles
Maquiladora De Ropa Sin Nombre,Acatic,ND,ND,ND,ND,https://mxfirmas.com/JAL-Acatic/Textiles
Miráz Boutique,La Barca,+52 393 935 4873,ND,ND,ND,https://mxfirmas.com/JAL-La-Barca/Boutiques
Boutique Infantil Jima,La Barca,ND,ND,ND,ND,https://mxfirmas.com/JAL-La-Barca/Boutiques
Lovi Boutique,La Barca,ND,ND,ND,ND,https://mxfirmas.com/JAL-La-Barca/Boutiques
Boutique Karina,La Barca,ND,ND,ND,ND,https://mxfirmas.com/JAL-La-Barca/Boutiques
Lolita Boutique,La Barca,ND,ND,ND,ND,https://mxfirmas.com/JAL-La-Barca/Boutiques
Alexa Boutique,La Barca,ND,ND,ND,ND,https://mxfirmas.com/JAL-La-Barca/Boutiques
Mya Boutique,La Barca,ND,ND,ND,ND,https://mxfirmas.com/JAL-La-Barca/Boutiques
Boutique Elisa,La Barca,ND,ND,ND,ND,https://mxfirmas.com/JAL-La-Barca/Boutiques
Boutique Ale,La Barca,ND,ND,ND,ND,https://mxfirmas.com/JAL-La-Barca/Boutiques
Productos del Bajio-Textiles Prendas de Vestir,Lagos de Moreno,+52 474 742 8197,ND,ND,ND,https://mxfirmas.com/JAL-Lagos-de-Moreno/Textiles
Confección De Otros Accesorios Y Prendas De Vestir No Clasificados En Otra Parte,Lagos de Moreno,+52 474 746 7293,ND,ND,ND,https://mxfirmas.com/JAL-Lagos-de-Moreno/Textiles
Taller De Costura Sin Nombre,Lagos de Moreno,+52 474 742 6031,ND,ND,ND,https://mxfirmas.com/JAL-Lagos-de-Moreno/Textiles
Taller De Ropa De Bebe,Lagos de Moreno,+52 474 403 2742,ND,+524744032742,ND,https://mxfirmas.com/JAL-Lagos-de-Moreno/Textiles
Taller De Costura Textiles Texsi,Lagos de Moreno,+52 474 741 7809,ND,ND,ND,https://mxfirmas.com/JAL-Lagos-de-Moreno/Textiles
"OSALMI TEXTIL, S.A. DE C.V.",Lagos de Moreno,+52 474 742 0080,ND,ND,ND,https://mxfirmas.com/JAL-Lagos-de-Moreno/Textiles
Compra Venta Y Fabricación De Ropa De Bebe,Lagos de Moreno,+52 474 746 9850,ND,+524747469850,ND,https://mxfirmas.com/JAL-Lagos-de-Moreno/Textiles
"CONFECCIONES LAGOS, S.A. de C.V.",Lagos de Moreno,+52 474 742 7011,ND,ND,ND,https://mxfirmas.com/JAL-Lagos-de-Moreno/Textiles
Bordados El Ángel,Lagos de Moreno,ND,ND,ND,ND,https://mxfirmas.com/JAL-Lagos-de-Moreno/Textiles
Creaciones Nuñez,Lagos de Moreno,ND,ND,ND,ND,https://mxfirmas.com/JAL-Lagos-de-Moreno/Textiles
Taller De Bordado Sin Nombre,Lagos de Moreno,ND,ND,ND,ND,https://mxfirmas.com/JAL-Lagos-de-Moreno/Textiles
Bordados Alfa,Lagos de Moreno,ND,ND,ND,ND,https://mxfirmas.com/JAL-Lagos-de-Moreno/Textiles
Novedades Y Regalos El Angel Pa' Peques y Grandes.,Lagos de Moreno,ND,ND,ND,ND,https://mxfirmas.com/JAL-Lagos-de-Moreno/Textiles
Artículos Para Ceremonia Y Bautizos,Lagos de Moreno,ND,ND,ND,ND,https://mxfirmas.com/JAL-Lagos-de-Moreno/Textiles
Talabartería Sin Nombre,Lagos de Moreno,ND,ND,ND,ND,https://mxfirmas.com/JAL-Lagos-de-Moreno/Textiles
Lauris Boutique,Atotonilco El Alto,+52 391 917 2772,ND,ND,ND,https://mxfirmas.com/JAL-Atotonilco-El-Alto/Boutiques
DELÁ Boutique,Atotonilco El Alto,+52 33 1413 5461,ND,ND,ND,https://mxfirmas.com/JAL-Atotonilco-El-Alto/Boutiques
Vizios Boutique,Atotonilco El Alto,+52 391 917 4550,ND,ND,ND,https://mxfirmas.com/JAL-Atotonilco-El-Alto/Boutiques
Boutique Moda Rosita,Atotonilco El Alto,+52 391 917 1570,ND,ND,ND,https://mxfirmas.com/JAL-Atotonilco-El-Alto/Boutiques
Boutique Portico,Atotonilco El Alto,+52 391 917 3264,ND,ND,ND,https://mxfirmas.com/JAL-Atotonilco-El-Alto/Boutiques
Boutique Mirna,Atotonilco El Alto,+52 391 917 0063,ND,ND,ND,https://mxfirmas.com/JAL-Atotonilco-El-Alto/Boutiques
Dubai Boutique,Atotonilco El Alto,+52 33 1194 5791,ND,ND,ND,https://mxfirmas.com/JAL-Atotonilco-El-Alto/Boutiques
Carmen´S Boutique,Atotonilco El Alto,+52 391 917 3414,ND,ND,ND,https://mxfirmas.com/JAL-Atotonilco-El-Alto/Boutiques
Contiempo Boutique,Atotonilco El Alto,+52 391 917 1245,ND,ND,ND,https://mxfirmas.com/JAL-Atotonilco-El-Alto/Boutiques
Boutique Toga,Atotonilco El Alto,ND,ND,ND,ND,https://mxfirmas.com/JAL-Atotonilco-El-Alto/Boutiques
Boutique Terciopelo,Atotonilco El Alto,ND,ND,ND,ND,https://mxfirmas.com/JAL-Atotonilco-El-Alto/Boutiques
Boutique Exotic,Atotonilco El Alto,ND,ND,ND,ND,https://mxfirmas.com/JAL-Atotonilco-El-Alto/Boutiques
Jancarla Boutique,Atotonilco El Alto,ND,ND,ND,ND,https://mxfirmas.com/JAL-Atotonilco-El-Alto/Boutiques
Nanox Boutique,Atotonilco El Alto,ND,ND,ND,ND,https://mxfirmas.com/JAL-Atotonilco-El-Alto/Boutiques
Nora Boutique,Atotonilco El Alto,ND,ND,ND,ND,https://mxfirmas.com/JAL-Atotonilco-El-Alto/Boutiques
Boutique 9,Atotonilco El Alto,ND,ND,ND,ND,https://mxfirmas.com/JAL-Atotonilco-El-Alto/Boutiques
Boutique Lohas,Atotonilco El Alto,ND,ND,ND,ND,https://mxfirmas.com/JAL-Atotonilco-El-Alto/Boutiques
Boutique De Telas Marta,Atotonilco El Alto,ND,ND,ND,ND,https://mxfirmas.com/JAL-Atotonilco-El-Alto/Boutiques
Boutique Florida,Atotonilco El Alto,ND,ND,ND,ND,https://mxfirmas.com/JAL-Atotonilco-El-Alto/Boutiques
Dorali Boutique,Atotonilco El Alto,ND,ND,ND,ND,https://mxfirmas.com/JAL-Atotonilco-El-Alto/Boutiques
Boutique Naomi´S,Atotonilco El Alto,ND,ND,ND,ND,https://mxfirmas.com/JAL-Atotonilco-El-Alto/Boutiques
Ferrus Boutique,San Juan de los Lagos,+52 395 102 6252,ND,ND,ND,https://mxfirmas.com/JAL-San-Juan-de-los-Lagos/Boutiques
Love Boutique,San Juan de los Lagos,+52 395 725 5152,ND,ND,ND,https://mxfirmas.com/JAL-San-Juan-de-los-Lagos/Boutiques
X.S.O The Shoes Boutique,San Juan de los Lagos,+52 395 725 8112,ND,ND,ND,https://mxfirmas.com/JAL-San-Juan-de-los-Lagos/Boutiques
Tip's Boutique,San Juan de los Lagos,+52 395 785 0097,ND,ND,ND,https://mxfirmas.com/JAL-San-Juan-de-los-Lagos/Boutiques
EGO Boutique,San Juan de los Lagos,+52 395 102 1845,ND,ND,ND,https://mxfirmas.com/JAL-San-Juan-de-los-Lagos/Boutiques
Boutique Musik,San Juan de los Lagos,+52 395 785 2344,ND,ND,ND,https://mxfirmas.com/JAL-San-Juan-de-los-Lagos/Boutiques
Boutique Carolina,San Juan de los Lagos,+52 395 785 2393,ND,ND,ND,https://mxfirmas.com/JAL-San-Juan-de-los-Lagos/Boutiques
Carolina Baby Boutique,San Juan de los Lagos,+52 395 785 6262,ND,ND,ND,https://mxfirmas.com/JAL-San-Juan-de-los-Lagos/Boutiques
Boutique Quiero,San Juan de los Lagos,ND,ND,ND,ND,https://mxfirmas.com/JAL-San-Juan-de-los-Lagos/Boutiques
Boutique Kity,San Juan de los Lagos,ND,ND,ND,ND,https://mxfirmas.com/JAL-San-Juan-de-los-Lagos/Boutiques
Boutique Ninguno,San Juan de los Lagos,ND,ND,ND,ND,https://mxfirmas.com/JAL-San-Juan-de-los-Lagos/Boutiques
Boutique Fantasy Y Moda De Niña,San Juan de los Lagos,ND,ND,ND,ND,https://mxfirmas.com/JAL-San-Juan-de-los-Lagos/Boutiques
Eureka Boutique,San Juan de los Lagos,ND,ND,ND,ND,https://mxfirmas.com/JAL-San-Juan-de-los-Lagos/Boutiques
Boutique Tentaciones,San Juan de los Lagos,ND,ND,ND,ND,https://mxfirmas.com/JAL-San-Juan-de-los-Lagos/Boutiques
Estilo Boutique,San Juan de los Lagos,ND,ND,ND,ND,https://mxfirmas.com/JAL-San-Juan-de-los-Lagos/Boutiques
Stylo Boutique,San Juan de los Lagos,ND,ND,ND,ND,https://mxfirmas.com/JAL-San-Juan-de-los-Lagos/Boutiques
Boutique Y Estética Reflejo,San Juan de los Lagos,ND,ND,ND,ND,https://mxfirmas.com/JAL-San-Juan-de-los-Lagos/Boutiques
Ella Boutique,San Juan de los Lagos,ND,ND,ND,ND,https://mxfirmas.com/JAL-San-Juan-de-los-Lagos/Boutiques
Boutique Jennie,San Juan de los Lagos,ND,ND,ND,ND,https://mxfirmas.com/JAL-San-Juan-de-los-Lagos/Boutiques
Boutique Dayana,San Juan de los Lagos,ND,ND,ND,ND,https://mxfirmas.com/JAL-San-Juan-de-los-Lagos/Boutiques
Fashion Auclet Boutique,San Juan de los Lagos,ND,ND,ND,ND,https://mxfirmas.com/JAL-San-Juan-de-los-Lagos/Boutiques
Mini Boutique Sin Nombre,San Juan de los Lagos,ND,ND,ND,ND,https://mxfirmas.com/JAL-San-Juan-de-los-Lagos/Boutiques
Viri Boutique,San Juan de los Lagos,ND,ND,ND,ND,https://mxfirmas.com/JAL-San-Juan-de-los-Lagos/Boutiques
Boutique Ropa Calzado Y Accesorios,San Juan de los Lagos,ND,ND,ND,ND,https://mxfirmas.com/JAL-San-Juan-de-los-Lagos/Boutiques
Fresakiwi San Juan,San Juan de los Lagos,ND,ND,ND,ND,https://mxfirmas.com/JAL-San-Juan-de-los-Lagos/Boutiques
Tienda De Ropa Glam Boutique,San Juan de los Lagos,ND,ND,ND,ND,https://mxfirmas.com/JAL-San-Juan-de-los-Lagos/Boutiques
Lors Ropa De Hombre Pasaje Arcos Local 20,San Juan de los Lagos,+52 395 725 0070,ND,+523957250070,ND,https://mxfirmas.com/JAL-San-Juan-de-los-Lagos/Tiendas-de-ropa-para-hombres
Novedades Kirmac,San Juan de los Lagos,ND,ND,ND,ND,https://mxfirmas.com/JAL-San-Juan-de-los-Lagos/Tiendas-de-ropa-para-hombres
Tienda De Ropa De Bebe,San Juan de los Lagos,ND,ND,ND,ND,https://mxfirmas.com/JAL-San-Juan-de-los-Lagos/Tiendas-de-ropa-para-hombres
Costura,San Juan de los Lagos,+52 378 104 1299,ND,ND,ND,https://mxfirmas.com/JAL-San-Juan-de-los-Lagos/Tiendas-de-costura
Tienda De Costura,San Juan de los Lagos,ND,ND,ND,ND,https://mxfirmas.com/JAL-San-Juan-de-los-Lagos/Tiendas-de-costura
Tienda De Costura Y Ropa De Dama,San Juan de los Lagos,ND,ND,ND,ND,https://mxfirmas.com/JAL-San-Juan-de-los-Lagos/Tiendas-de-costura
Venta de Costura,San Juan de los Lagos,ND,ND,ND,ND,https://mxfirmas.com/JAL-San-Juan-de-los-Lagos/Tiendas-de-costura
Venta De Blusas Almoadones Y Trajes De Bebe,San Juan de los Lagos,+52 395 103 8476,ND,ND,ND,https://mxfirmas.com/JAL-San-Juan-de-los-Lagos/Tiendas-de-trajes
Tienda De Ropa Para Niños Sin Nombre,San Miguel el Alto,ND,ND,ND,ND,https://mxfirmas.com/JAL-San-Miguel-el-Alto/Tiendas-de-ropa
Tienda De Ropa De Dama Rachel,San Miguel el Alto,ND,ND,ND,ND,https://mxfirmas.com/JAL-San-Miguel-el-Alto/Tiendas-de-ropa
Tienda De Ropa De Niña,San Miguel el Alto,ND,ND,ND,ND,https://mxfirmas.com/JAL-San-Miguel-el-Alto/Tiendas-de-ropa
Tienda De Ropa Carrusel,San Miguel el Alto,ND,ND,ND,ND,https://mxfirmas.com/JAL-San-Miguel-el-Alto/Tiendas-de-ropa
Tienda De Ropa Vya,San Miguel el Alto,ND,ND,ND,ND,https://mxfirmas.com/JAL-San-Miguel-el-Alto/Tiendas-de-ropa
Tienda De Ropones Y Vestidos,San Miguel el Alto,ND,ND,ND,ND,https://mxfirmas.com/JAL-San-Miguel-el-Alto/Tiendas-de-novias
Casa De Novias Adrián,San Miguel el Alto,ND,ND,ND,ND,https://mxfirmas.com/JAL-San-Miguel-el-Alto/Tiendas-de-novias
Venta De Ropa Interior Sin Nombre,San Julián,ND,ND,ND,ND,https://mxfirmas.com/JAL-San-Julian/Ropas
Tienda De Ropa,San Julián,ND,ND,ND,ND,https://mxfirmas.com/JAL-San-Julian/Ropas
Renta Y Venta De Trajes Joselín,San Julián,ND,ND,ND,ND,https://mxfirmas.com/JAL-San-Julian/Ropas
Tienda De Ropa Y Zapatos Sin Nombre,San Julián,ND,ND,ND,ND,https://mxfirmas.com/JAL-San-Julian/Ropas
Tienda De Ropa Y Calzado Para Caballero,San Julián,ND,ND,ND,ND,https://mxfirmas.com/JAL-San-Julian/Ropas
Ropa De Segunda,San Julián,ND,ND,ND,ND,https://mxfirmas.com/JAL-San-Julian/Ropas
Ropa Y Novedades Nena,San Julián,ND,ND,ND,ND,https://mxfirmas.com/JAL-San-Julian/Ropas
Ropa Para Caballero,San Julián,ND,ND,ND,ND,https://mxfirmas.com/JAL-San-Julian/Ropas
Taller De Costura Sin Nombre,San Julián,ND,ND,ND,ND,https://mxfirmas.com/JAL-San-Julian/Ropas
Ropa Para Dama,San Julián,ND,ND,ND,ND,https://mxfirmas.com/JAL-San-Julian/Ropas
Venta De Ropa,San Julián,ND,ND,ND,ND,https://mxfirmas.com/JAL-San-Julian/Ropas
Venta De Ropa De Dama,San Julián,ND,ND,ND,ND,https://mxfirmas.com/JAL-San-Julian/Ropas
Confección En Serie De Otra Ropa Exterior De Materiales Textiles,San Julián,+52 347 718 0291,ND,+523477180291,ND,https://mxfirmas.com/JAL-San-Julian/Ropa
Arte En Tela Sin Nombre,San Julián,+52 347 718 1275,ND,ND,ND,https://mxfirmas.com/JAL-San-Julian/Ropa
Valonia Sport S.A. De C.V.,San Julián,+52 347 718 0575,ND,ND,ND,https://mxfirmas.com/JAL-San-Julian/Ropa
Taller De Vestidos De Fiesta,San Julián,ND,ND,ND,ND,https://mxfirmas.com/JAL-San-Julian/Ropa
Taller De Calzado Sin Nombre,San Julián,ND,ND,ND,ND,https://mxfirmas.com/JAL-San-Julian/Ropa
Creaciones Lozare,San Julián,ND,ND,ND,ND,https://mxfirmas.com/JAL-San-Julian/Ropa
Comercio Al Por Menor De Ropa Excepto De Bebé Y Lencería,San Julián,+52 347 104 7174,ND,+523471047174,ND,https://mxfirmas.com/JAL-San-Julian/Tiendas-de-ropa-de-bebe
Tienda De Ropa De Dama Sin Nombre,San Julián,ND,ND,ND,ND,https://mxfirmas.com/JAL-San-Julian/Tiendas-de-ropa-de-bebe
Confecciones Sanchez,Tuxpan,+52 371 417 4036,ND,ND,ND,https://mxfirmas.com/JAL-Tuxpan/Tiendas-de-uniformes
Uniformes Karlin,Tuxpan,ND,ND,ND,ND,https://mxfirmas.com/JAL-Tuxpan/Tiendas-de-uniformes
Uniformes Y Novedades Trujillo,Tuxpan,ND,ND,ND,ND,https://mxfirmas.com/JAL-Tuxpan/Tiendas-de-uniformes
Taller De Costura Sin Nombre,Tuxpan,+52 371 417 4893,ND,ND,ND,https://mxfirmas.com/JAL-Tuxpan/Tiendas-de-costura
Costura Sin Nombre,Tuxpan,+52 371 417 3404,ND,ND,ND,https://mxfirmas.com/JAL-Tuxpan/Tiendas-de-costura
Costuras Y Remiendos,Tuxpan,ND,ND,ND,ND,https://mxfirmas.com/JAL-Tuxpan/Tiendas-de-costura
Boutique Antara,Tuxpan,+52 371 417 3257,ND,ND,ND,https://mxfirmas.com/JAL-Tuxpan/Boutiques
Boutique Blue Colash,Tuxpan,ND,ND,ND,ND,https://mxfirmas.com/JAL-Tuxpan/Boutiques
BOutique Paola,Tuxpan,ND,ND,ND,ND,https://mxfirmas.com/JAL-Tuxpan/Boutiques
Boutique Cenais,Tuxpan,ND,ND,ND,ND,https://mxfirmas.com/JAL-Tuxpan/Boutiques
Choice Boutique,Tuxpan,ND,ND,ND,ND,https://mxfirmas.com/JAL-Tuxpan/Boutiques
Venta De Ropa De Segunda Mano,Guadalajara,+52 33 1548 8349,ND,+523315488349,ND,https://mxfirmas.com/JAL-Guadalajara/Ropas
Ropa americana y española,Guadalajara,+52 388 101 2471,ND,+523881012471,ND,https://mxfirmas.com/JAL-Guadalajara/Ropas
Operadora De Ropa,Guadalajara,+52 33 3613 0640,ND,+523336130640,ND,https://mxfirmas.com/JAL-Guadalajara/Ropas
Ropa Para Dama Y Caballero Ropa Para Dama Y Caballero Sin Nombre,Guadalajara,ND,ND,ND,ND,https://mxfirmas.com/JAL-Guadalajara/Ropas
Tienda De Ropa Pillo,Guadalajara,+52 322 171 4849,ND,+523221714849,ND,https://mxfirmas.com/JAL-Guadalajara/Ropas
Manufacturera de Ropa Potro,Guadalajara,+52 33 3811 5238,ND,+523338115238,ND,https://mxfirmas.com/JAL-Guadalajara/Ropas
Ropa De Segunda Alba Martínez Gutiérrez,Guadalajara,+52 33 3124 7401,ND,+523331247401,ND,https://mxfirmas.com/JAL-Guadalajara/Ropas
Fabrica De Ropa Sin Nombre,Guadalajara,+52 33 3811 1917,ND,+523338111917,ND,https://mxfirmas.com/JAL-Guadalajara/Ropas
Rolos Fábrica De Ropa,Guadalajara,+52 33 3334 3356,ND,+523333343356,ND,https://mxfirmas.com/JAL-Guadalajara/Ropas
Ropa Hospitalaria Medikar,Guadalajara,+52 33 1676 5172,ND,+523316765172,ND,https://mxfirmas.com/JAL-Guadalajara/Ropas
ROPA & RUMBA,Guadalajara,+52 33 3641 5191,ND,+523336415191,ND,https://mxfirmas.com/JAL-Guadalajara/Ropas
Ropa Interior San Francisco Sa De Cv,Guadalajara,+52 33 3638 7678,ND,+523336387678,ND,https://mxfirmas.com/JAL-Guadalajara/Ropas
Bred Banco De Ropa Calzado Y Enseres Domésticos,Guadalajara,+52 33 3811 4189,ND,+523338114189,ND,https://mxfirmas.com/JAL-Guadalajara/Ropas
Ropa Calzado Y Regalo La Batalla De Polanco,Guadalajara,+52 33 3645 0943,ND,+523336450943,ND,https://mxfirmas.com/JAL-Guadalajara/Ropas
"Mayoreo de Blancos y Ropa de Aguascalientes, S.A. de C.V.",Guadalajara,+52 33 3655 0378,ND,+523336550378,ND,https://mxfirmas.com/JAL-Guadalajara/Ropas
Ropa Y Calzado D Carolina,Guadalajara,+52 33 3663 0519,ND,+523336630519,ND,https://mxfirmas.com/JAL-Guadalajara/Ropas
Deporti-Ropa Sa De Cv,Guadalajara,+52 33 3617 0901,ND,+523336170901,ND,https://mxfirmas.com/JAL-Guadalajara/Ropas
"Mayoreo de Ropa y Merceria, S.A.",Guadalajara,+52 33 3614 4108,ND,+523336144108,ND,https://mxfirmas.com/JAL-Guadalajara/Ropas
Tienda De Ropa Dandy,Guadalajara,+52 33 3811 8348,ND,+523338118348,ND,https://mxfirmas.com/JAL-Guadalajara/Ropas
Ropa Y Accesoríos Para Barby Sin Nombre,Guadalajara,+52 33 3345 4006,ND,+523333454006,ND,https://mxfirmas.com/JAL-Guadalajara/Ropas
Ropa Y Novedades Lucy,Guadalajara,+52 33 3646 2579,ND,+523336462579,ND,https://mxfirmas.com/JAL-Guadalajara/Ropas
Ropa y Novedades,Guadalajara,+52 373 649 5446,ND,+523736495446,ND,https://mxfirmas.com/JAL-Guadalajara/Ropas
Textiles Cm Bodega Guadalajara,Guadalajara,+52 33 3615 5841,ND,ND,ND,https://mxfirmas.com/JAL-Guadalajara/Ropa
Anyelo Moda Empresarial,Guadalajara,+52 33 3333 3858,ND,ND,ND,https://mxfirmas.com/JAL-Guadalajara/Ropa
CLOE MODA,Guadalajara,+52 33 5000 9292,ND,ND,ND,https://mxfirmas.com/JAL-Guadalajara/Ropa
Comercio Al Por Mayor De Ropa Bisutería Y Accesorios De Vestir,Guadalajara,ND,ND,ND,ND,https://mxfirmas.com/JAL-Guadalajara/Ropa
Ropa Para Danza Sin Nombre,Guadalajara,ND,ND,ND,ND,https://mxfirmas.com/JAL-Guadalajara/Ropa
"Santory Internacional, S.A. de C.V.",Guadalajara,ND,ND,ND,ND,https://mxfirmas.com/JAL-Guadalajara/Ropa
Boutique,Amacueca,3723421001816,ND,ND,ND,https://www.bizarchivo.mx/boutique_347M
Ropa Y Novedades Cristy,El Arenal,3747480264,ND,+523747480264,ND,https://mexicoo.mx/ropa-y-novedades-cristy-1862261
Linda Fashion Wear,Ayotlán,3317099381,ND,ND,https://www.lindafashionwear.com/,https://www.lindafashionwear.com/
"Espejos tienda de ropa, accesorios y regalos",Ayutla,+52 475 108 0524,espejostienda@hotmail.com,+524751080524,ND,https://www.allbiz.mx/espejos-tienda-de-ropa-accesorios-y-475-108-0524
Angie's Boutique,Ayutla,+52 317 387 5438,ND,ND,ND,https://www.allbiz.mx/angies-boutique_5f-317-387-5438
Mendoza Rodriguez Graciela,Bolaños,43725087,ND,ND,ND,https://www.bizarchivo.mx/mendoza-rodriguez-graciela
Hanny's,Cabo Corrientes,+52 322 142 3720,ND,ND,ND,https://hanny-s.ueniweb.com/
Boutique Samantha,Cabo Corrientes,+52 322 269 0043,ND,ND,ND,https://amp.mexicoo.mx/boutique-samantha-en-cabo-corrientes-jalisco-7501341/directorio
La Mall Fashion,Casimiro Castillo,+52 357 388 1728,ND,ND,ND,https://directorioelregional.com/la-mall-fashion
ODALYS BOUTIQUE,Casimiro Castillo,3171003236,ND,ND,ND,https://lasempresas.com.mx/odalys-boutique/
Novedades y Calzado Zoila,Casimiro Castillo,3573880730,ND,ND,ND,https://www.scribd.com/document/515385792/Directorio-de-comercios
Nuevo Mundo,Casimiro Castillo,3573880002,ND,ND,ND,https://www.scribd.com/document/515385792/Directorio-de-comercios
Ropa y novedades Elizabeth,Casimiro Castillo,ND,ND,ND,ND,https://www.scribd.com/document/515385792/Directorio-de-comercios
Ropa y novedades Vigo,Casimiro Castillo,3573880475,ND,+523573880475,ND,https://www.scribd.com/document/515385792/Directorio-de-comercios
Textiles La Quinta,Casimiro Castillo,3573880166,ND,ND,ND,https://www.scribd.com/document/515385792/Directorio-de-comercios
Tienda de ropa El Bambú,Casimiro Castillo,3171044332,ND,+523171044332,ND,https://www.scribd.com/document/515385792/Directorio-de-comercios
Tienda de ropa Moll Fashion,Casimiro Castillo,ND,ND,ND,ND,https://www.scribd.com/document/515385792/Directorio-de-comercios
Tienda de ropa Roszcell,Casimiro Castillo,3573880546,ND,+523573880546,ND,https://www.scribd.com/document/515385792/Directorio-de-comercios
Novedades Ana,Casimiro Castillo,3573881097,ND,ND,ND,https://www.scribd.com/document/515385792/Directorio-de-comercios
Blancos y Novedades Rosy,Casimiro Castillo,3178730060,ND,ND,ND,https://www.scribd.com/document/515385792/Directorio-de-comercios
Novedades Chely,Casimiro Castillo,3171200331,ND,ND,ND,https://www.scribd.com/document/515385792/Directorio-de-comercios
Color's Boutique,Casimiro Castillo,3573880246,ND,ND,ND,https://www.scribd.com/document/515385792/Directorio-de-comercios
Tiendade Ropa Ninguno,Concepción de Buenos Aires,ND,ND,ND,ND,https://mxfirmas.com/Tiendade-Ropa-Ninguno-201362
Ropa de Moda y Más,Concepción de Buenos Aires,ND,ND,ND,ND,https://ropa-de-moda-y-mas.ueniweb.com/
"Tienda de Ropa ""karen""",Chiquilistlán,ND,ND,ND,ND,https://www.allbiz.mx/tienda-de-ropa-%22karen%22
Tienda de Ropa Sin Nombre,Chiquilistlán,ND,ND,ND,ND,https://www.municipiodata.com/en/municipios/jalisco/chiquilistlan/entreprises/commerce-detail
Tienda De Ropa Napolitano,Chiquilistlán,ND,ND,ND,ND,https://latamverify.com/profile/mx/pyme/tienda-de-ropa-napolitano-778745.html
TOYDE BORDADOS E IMPRESIONES,Atenguillo,ND,ND,ND,ND,https://pymes.org.mx/pyme/toyde-bordados-e-impresiones-9ff8b802.html
Tienda De Ropa Yessi,Pihuamo,ND,ND,ND,ND,https://amp.mexicoo.mx/tienda-de-ropa-yessi-en-pihuamo-jalisco-8994639
Tienda De Ropa CHAVITA,Pihuamo,ND,ND,ND,ND,https://mx.worldorgs.com/catalogar/pihuamo/tienda-de-ropa/tienda-de-ropa-chavita
Tienda de Ropa Infantil,Pihuamo,ND,ND,ND,ND,https://transparencia.info.jalisco.gob.mx/sites/default/files/PADRON%20DE%20LICENCIAS%20ADMON%202017.pdf
Tienda de Ropa Roy Valle,Pihuamo,ND,ND,ND,ND,https://transparencia.info.jalisco.gob.mx/sites/default/files/PADRON%20DE%20LICENCIAS%20ADMON%202017.pdf
Tienda de Ropa Juvenil,Pihuamo,ND,ND,ND,ND,https://transparencia.info.jalisco.gob.mx/sites/default/files/PADRON%20DE%20LICENCIAS%20ADMON%202017.pdf
Clothes & Shoes,Pihuamo,ND,ND,ND,ND,https://transparencia.info.jalisco.gob.mx/sites/default/files/PADRON%20DE%20LICENCIAS%20ADMON%202017.pdf
Tienda De Ropa Boutique Marina,Quitupan,ND,ND,ND,ND,https://latamverify.com/profile/mx/pyme/tienda-de-ropa-boutique-marina-846487.html
City Girls,Quitupan,ND,ND,ND,ND,https://transparencia.info.jalisco.gob.mx/sites/default/files/LICENCIAS%20MUNICIPALES%202019%2C%20QUITUPAN%2C%20JALISCO..pdf
Venta de Ropa,Quitupan,ND,ND,ND,ND,https://transparencia.info.jalisco.gob.mx/sites/default/files/LICENCIAS%20MUNICIPALES%202019%2C%20QUITUPAN%2C%20JALISCO..pdf
Tienda de Ropa,Quitupan,ND,ND,ND,ND,https://transparencia.info.jalisco.gob.mx/sites/default/files/LICENCIAS%20MUNICIPALES%202019%2C%20QUITUPAN%2C%20JALISCO..pdf
Tienda de Ropa San Ignacio,San Ignacio Cerro Gordo,ND,ND,ND,ND,https://lasempresas.com.mx/tienda-de-ropa-san-ignacio-cerro-gordo/
Tienda de Ropa Francisco Villa,San Ignacio Cerro Gordo,3481015484,ND,+523481015484,ND,https://mexicoo.mx/tienda-de-ropa-en-calle-francisco-villa-san-ignacio-cerro-gordo-jalisco-9127818
Tienda de Ropa El Buen Vestir,Tuxcacuesco,ND,ND,ND,ND,https://pymes.org.mx/pyme/tienda-de-ropa-el-buen-vestir-4d84d1b0.html
Tienda de Ropa,Tecolotlán,ND,ND,ND,ND,https://mexicoo.mx/tienda-de-ropa-1767968
Boutique Ambar,Tecolotlán,+52 375 105 3928,ND,ND,ND,https://mexicoo.mx/tienda-de-ropa-1767968
Tienda de Ropa Velazco,Tecolotlán,+52 375 100 7493,ND,+523751007493,ND,https://mexicoo.mx/tienda-de-ropa-1767968
Ropa Y Accesorios Marcus,Tecolotlán,ND,ND,ND,ND,https://mexicoo.mx/tienda-de-ropa-1767968
Tienda de Ropa Magos,Tecolotlán,ND,ND,ND,ND,https://mexicoo.mx/tienda-de-ropa-1767968
"LUCKY RANCH, Tienda de ropa vaquera",Tecolotlán,+52 375 107 2786,ND,+523751072786,ND,https://mx.worldorgs.com/catalogar/tecolotl%C3%A1n/tienda-de-ropa/lucky-ranch-tienda-de-ropa-vaquera
Ropa Y Calzado Ofelia,Tecolotlán,3751018701,ND,+523751018701,ND,https://mapcarta.com/es/N10923502311
"Tienda De Ropa ""La Little""",Unión de Tula,3171191974,brendayanethbrambilamichel@gmail.com,+523171191974,ND,https://lasempresas.com.mx/tienda-de-ropa-la-little/
Novedades estrella,Unión de Tula,ND,ND,ND,ND,https://www.bizarchivo.mx/novedades-estrella_143
Tienda De Ropa La Little Boutique,Unión de Tula,ND,ND,ND,ND,https://latamverify.com/profile/mx/pyme/tienda-de-ropa-la-little-boutique-883284.html
Boutique Elvia,Valle de Juárez,ND,ND,ND,ND,https://www.valledejuarezjalisco.gob.mx/transparencia/articulo8/fraccion_v/t/LICENCIAS_MUNICIPALES_2016.pdf
Tienda de ropa Erika,Valle de Juárez,ND,ND,ND,ND,https://www.valledejuarezjalisco.gob.mx/transparencia/articulo8/fraccion_v/t/LICENCIAS_MUNICIPALES_2019.pdf
Maifrens Tienda de Ropa,San Gabriel,ND,ND,ND,ND,https://www.waze.com/live-map/directions/maifrens-tienda-de-ropa-manuel-c.-michel-20-san-gabriel?to=place.w.167903429.1679230903.26912050
Tienda de ropa La Guadalupana,San Gabriel,3434270301,ND,+523434270301,ND,https://becassubes.com/wp-content/uploads/VESTIDO_oct_2023-4.pdf
Fit Accesorios,Cañadas de Obregón,+52 431 105 1003,ND,ND,ND,https://fitaccesorios.ueniweb.com/
Bersy Boutique,Zapotlán del Rey,ND,ND,ND,ND,https://www.bizarchivo.mx/bersy-boutique_1w
Emily Ropa Y Accesorios,Zapotlán del Rey,ND,ND,ND,ND,https://mxfirmas.com/Emily-Ropa-Y-Accesorios-706743
Tienda De Ropa Aqui Es,Zapotlán del Rey,ND,ND,ND,ND,https://www.municipiodata.com/municipios/jalisco/zapotlan-del-rey/entreprises/4
Tienda De Ropa Divina Vanidad,Zapotlán del Rey,ND,ND,ND,ND,https://www.municipiodata.com/municipios/jalisco/zapotlan-del-rey/entreprises/4
Tienda De Ropa Doña Lupe,Zapotlán del Rey,ND,ND,ND,ND,https://www.municipiodata.com/municipios/jalisco/zapotlan-del-rey/entreprises/4
Tienda De Ropa Ladys Boutique,Zapotlán del Rey,ND,ND,ND,ND,https://www.municipiodata.com/municipios/jalisco/zapotlan-del-rey/entreprises/4
Tienda De Ropa Y Zapatos,Zapotlán del Rey,ND,ND,ND,ND,https://www.municipiodata.com/municipios/jalisco/zapotlan-del-rey/entreprises/4
Tienda Ropa Sin Nombre,Zapotlán del Rey,ND,ND,ND,ND,https://www.municipiodata.com/municipios/jalisco/zapotlan-del-rey/entreprises/4
Puesto De Frutas Ropa Y Calzado,La Manzanilla de la Paz,ND,ND,ND,ND,https://guiamexican.com/tiendas-de-ropa/la-manzanilla-de-la-paz
Bellísima Florencia,La Manzanilla de la Paz,ND,ND,ND,ND,https://guiamexican.com/tiendas-de-ropa/la-manzanilla-de-la-paz
Boutique Candys,La Manzanilla de la Paz,ND,ND,ND,ND,https://guiamexican.com/tiendas-de-ropa/la-manzanilla-de-la-paz
Novedades Laura,La Manzanilla de la Paz,ND,ND,ND,ND,https://guiamexican.com/tiendas-de-ropa/la-manzanilla-de-la-paz
Boutique Naomi,La Manzanilla de la Paz,ND,ND,ND,ND,https://guiamexican.com/tiendas-de-ropa/la-manzanilla-de-la-paz
Tienda Axel,La Manzanilla de la Paz,ND,ND,ND,ND,https://guiamexican.com/tiendas-de-ropa/la-manzanilla-de-la-paz
Tienda De Ropa,La Manzanilla de la Paz,ND,ND,ND,ND,https://guiamexican.com/tiendas-de-ropa/la-manzanilla-de-la-paz
Tienda de Ropa Dulces Sueños,La Manzanilla de la Paz,ND,ND,ND,ND,https://manzanilladelapaz.gob.mx/Transparencia/Articulo8/Fraccion_V/t/PADRON_DE_LICENCIAS_2023.pdf
Tienda de Ropa Erika,La Manzanilla de la Paz,ND,ND,ND,ND,https://manzanilladelapaz.gob.mx/Transparencia/Articulo8/Fraccion_V/t/PADRON_DE_LICENCIAS_2022.pdf
Tienda de Ropa y Variedades Novedades Sahuayo,La Manzanilla de la Paz,ND,ND,ND,ND,https://manzanilladelapaz.gob.mx/Transparencia/Articulo8/Fraccion_V/t/PADRON_DE_LICENCIAS_2022.pdf
Boutique Citlalis,La Manzanilla de la Paz,ND,ND,ND,ND,https://transparencia.info.jalisco.gob.mx/sites/default/files/PADRON%20DE%20LICENCIAS2016_0.pdf
Tienda De Ropa Veronica,San Juanito de Escobedo,ND,ND,ND,ND,https://www.municipiodata.com/municipios/jalisco/san-juanito-de-escobedo/entreprises/4
Tienda De Ropa Y Calzado Marilyn,San Juanito de Escobedo,ND,ND,ND,ND,https://mxfirmas.com/Tienda-De-Ropa-Y-Calzado-Marilyn-538044
Tienda De Ropa Y Tennis Nueva Imagen,San Juanito de Escobedo,ND,ND,ND,ND,https://www.municipiodata.com/municipios/jalisco/san-juanito-de-escobedo/entreprises/4
Tienda De Ropa Y Zapatos,San Juanito de Escobedo,ND,ND,ND,ND,https://www.municipiodata.com/municipios/jalisco/san-juanito-de-escobedo/entreprises/4
Tienda De Ropma Mis Delirios,San Juanito de Escobedo,ND,ND,ND,ND,https://www.municipiodata.com/municipios/jalisco/san-juanito-de-escobedo/entreprises/4
Tienda Para Bebes,San Juanito de Escobedo,ND,ND,ND,ND,https://www.municipiodata.com/municipios/jalisco/san-juanito-de-escobedo/entreprises/4
Tienda de ropa y calzado Lupita,San Juanito de Escobedo,ND,ND,ND,ND,https://transparencia.info.jalisco.gob.mx/sites/default/files/Padr%C3%B3n%20de%20Licencias%2001%20de%20Enero%20del%202016%20al%2031%20de%20Diciembre%20del%202016_0.pdf
Tienda De Ropa Guevara,Etzatlán,+52 386 753 2975,ND,+523867532975,ND,https://mxfirmas.com/JAL-Etzatlan/Ropas
Tienda De Ropa Mari,Etzatlán,+52 386 753 0175,ND,+523867530175,ND,https://mxfirmas.com/JAL-Etzatlan/Ropas
Taller De Costura Carmen Ruíz Luna,Etzatlán,+52 386 753 0267,ND,ND,ND,https://mxfirmas.com/JAL-Etzatlan/Ropas
Tienda De Ropa Para Niña Creaciones Brenda,Etzatlán,+52 386 753 1492,ND,+523867531492,ND,https://mxfirmas.com/JAL-Etzatlan/Ropas
Sastrería García,Etzatlán,+52 386 753 0218,ND,ND,ND,https://mxfirmas.com/JAL-Etzatlan/Ropas
Fabrica De Camisas Acevedo,Etzatlán,+52 386 753 3015,ND,ND,ND,https://mxfirmas.com/JAL-Etzatlan/Ropas
Sastrería Ruiz,Etzatlán,+52 386 105 9304,ND,ND,ND,https://mxfirmas.com/JAL-Etzatlan/Ropas
Sastrería Hermanos Gómez,Etzatlán,+52 386 753 1042,ND,ND,ND,https://mxfirmas.com/JAL-Etzatlan/Ropas
Sastrería Parra,Etzatlán,+52 386 753 1573,ND,ND,ND,https://mxfirmas.com/JAL-Etzatlan/Ropas
Tienda De Ropa Elba,Etzatlán,+52 386 753 2352,ND,+523867532352,ND,https://mxfirmas.com/JAL-Etzatlan/Ropas
Sastrería El Cotorro,Etzatlán,+52 386 753 2353,ND,ND,ND,https://mxfirmas.com/JAL-Etzatlan/Ropas
Tienda De Ropa Miriam,Etzatlán,+52 386 753 1555,ND,+523867531555,ND,https://mxfirmas.com/JAL-Etzatlan/Ropas
Tienda De Ropa Interior Lorens,Etzatlán,ND,ND,ND,ND,https://mxfirmas.com/JAL-Etzatlan/Ropas
Tienda De Ropa Chela,Etzatlán,ND,ND,ND,ND,https://mxfirmas.com/JAL-Etzatlan/Ropas
El Mundo Del Bebe,Etzatlán,ND,ND,ND,ND,https://mxfirmas.com/JAL-Etzatlan/Ropas
Tienda De Ropa Toda Moda,Etzatlán,ND,ND,ND,ND,https://mxfirmas.com/JAL-Etzatlan/Ropas
Bazar De Ropa Y Calzado Sin Nombre,Etzatlán,ND,ND,ND,ND,https://mxfirmas.com/JAL-Etzatlan/Ropas
Tienda De Ropa Yazmín,Etzatlán,ND,ND,ND,ND,https://mxfirmas.com/JAL-Etzatlan/Ropas
Tienda De Ropa Y Calzado La Pequeña,Chimaltitán,+52 437 952 5046,ND,+524379525046,ND,https://mxfirmas.com/Mexico/Tiendas-de-ropa
Tienda De Ropa Boutique Cuautla,Cuautla,ND,ND,ND,ND,https://mxfirmas.com/Tienda-De-Ropa-Boutique-Cuautla-501089
Tienda De Ropa El Closet,Cuautla,ND,ND,ND,ND,https://mxfirmas.com/Tienda-De-Ropa-El-Closet-777726
Tienda De Ropa Y Calzado Bianca,El Limón,ND,ND,ND,ND,https://mxfirmas.com/Tienda-De-Ropa-Y-Calzado-Bianca-1424963
Venta De Ropa Langarica,Guachinango,ND,ND,ND,ND,https://www.monitor.com.mx/jalisco/guachinango/1/guachinango/
Contreras Duran Azael,Hostotipaquillo,38661008120,ND,ND,ND,https://www.bizarchivo.mx/contreras-duran-azael
Tienda De Ropa,Hostotipaquillo,ND,ND,ND,ND,https://mxfirmas.com/Tienda-De-Ropa-220846
Bazar De Ropa Sin Nombre,Huejúcar,ND,ND,ND,ND,https://mxfirmas.com/Bazar-De-Ropa-Sin-Nombre-995950
Tienda De Ropa Tipo Bazar,Huejúcar,ND,ND,ND,ND,https://mxfirmas.com/Bodeguita-Mi-Rancho-1519922
ROPA Y ACCESORIOS LLUVIA,Huejúcar,ND,ND,ND,ND,https://www.municipiodata.com/en/municipios/jalisco/huejucar/entreprises/commerce-detail
ROPA Y NOVEDADES SAMARY,Huejúcar,ND,ND,ND,ND,https://www.municipiodata.com/en/municipios/jalisco/huejucar/entreprises/commerce-detail
Tienda De Ropa,Huejuquilla el Alto,+52 457 983 7020,ND,+524579837020,ND,https://mxfirmas.com/Tienda-De-Ropa-97375
Venta De Ropa Usada Y Artículos Diversos,Huejuquilla el Alto,ND,ND,ND,ND,https://mxfirmas.com/Venta-De-Ropa-Usada-Y-Articulos-Diversos-1310741
Accesorios Y Juguetes Sin Nombre,Huejuquilla el Alto,ND,ND,ND,ND,https://mxfirmas.com/Accesorios-Y-Juguetes-Sin-Nombre-146817
B-bitos,Huejuquilla el Alto,ND,ND,ND,ND,https://mxfirmas.com/Tienda-De-Ropa-1270173
Tienda De Ropa en Calle Independencia,Ixtlahuacán del Río,ND,ND,ND,ND,https://amp.mexicoo.mx/tienda-de-ropa-en-calle-independencia-el-rescate-ixtlahuacan-del-rio-jalisco-8867242
Tienda de Ropa Gonbu,Ixtlahuacán del Río,3737345381,ND,+523737345381,ND,https://amp.mexicoo.mx/tienda-de-ropa-en-calle-independencia-el-rescate-ixtlahuacan-del-rio-jalisco-8867242
Novedades Anita,Ixtlahuacán del Río,3773735761,ND,ND,ND,https://amp.mexicoo.mx/tienda-de-ropa-en-calle-independencia-el-rescate-ixtlahuacan-del-rio-jalisco-8867242
Dg Ture,Ixtlahuacán del Río,ND,ND,ND,ND,https://amp.mexicoo.mx/tienda-de-ropa-en-calle-independencia-el-rescate-ixtlahuacan-del-rio-jalisco-8867242
Venta de Ropa Excepto de Bebe Y Lencería,Ixtlahuacán del Río,ND,ND,ND,ND,https://amp.mexicoo.mx/tienda-de-ropa-en-calle-independencia-el-rescate-ixtlahuacan-del-rio-jalisco-8867242
Tienda De Ropa,Jesús María,ND,ND,ND,ND,https://mxfirmas.com/Tienda-De-Ropa-564615
Ropa,Jesús María,ND,ND,ND,ND,https://mxfirmas.com/Tienda-De-Ropa-564615
"TENIS JALISCO, S.A. de C.V.",Juchitlán,+52 349 374 0111,ND,ND,ND,https://mxfirmas.com/TENIS-JALISCO-SA-DE-CV-1183772
Tienda De Ropa,Mexticacán,ND,ND,ND,ND,https://mxfirmas.com/Tienda-De-Ropa-1964886
Tienda De Ropa Nuevo Estilo,Mexticacán,ND,ND,ND,ND,https://mxfirmas.com/Mexico/Tiendas-de-ropa/page5
Tienda De Ropa,Mezquitic,ND,ND,ND,ND,https://mxfirmas.com/Tienda-De-Ropa-555400
Mercería Bonetería Y Telas El Arcoiris,Mezquitic,+52 457 981 0428,ND,ND,ND,https://mxfirmas.com/Mexico/Mayoristas-de-telas/page4
Venta De Ropa,Mixtlán,ND,ND,ND,ND,https://mexicoo.mx/venta-de-ropa-1925429
Gisell's,Mixtlán,+52 388 736 5413,ND,ND,ND,https://www.allbiz.mx/gisells-388-736-5413
Solo Vanidad Sa. Pt De C.V,San Cristóbal de la Barranca,+52 55 5291 1943,ND,ND,ND,https://www.allbiz.mx/solo-vanidad-sa-pt-de-c-v-55-5291-1943
Tienda De Ropa Chavez,San Cristóbal de la Barranca,ND,ND,ND,ND,https://mxfirmas.com/Fonda-La-Paloma-1703399
Boutique María Esther,San Diego de Alejandría,ND,ND,ND,ND,https://mxfirmas.com/Boutique-Maria-Esther-2065263
Ropa De Segunda,San Diego de Alejandría,ND,ND,ND,ND,https://mxfirmas.com/Venta-De-Ropa-De-Segunda-2109147
Taller De Ropa Rony,San Diego de Alejandría,ND,ND,ND,ND,https://mxfirmas.com/Venta-De-Ropa-De-Segunda-2109147
Tienda De Ropa De Segunda,San Diego de Alejandría,ND,ND,ND,ND,https://mxfirmas.com/Venta-De-Ropa-De-Segunda-2109147
Ropa Para Bebe,San Diego de Alejandría,ND,ND,ND,ND,https://mxfirmas.com/Venta-De-Ropa-De-Segunda-2109147
Tienda De Ropa Zapatos Y Accesorios Sin Nombre,San Marcos,ND,ND,ND,ND,https://mxfirmas.com/Tienda-De-Ropa-Zapatos-Y-Accesorios-Sin-Nombre-468546
Venta De Ropa Y Accesorios Sin Nombre,San Marcos,ND,ND,ND,ND,https://mxfirmas.com/Tienda-De-Ropa-Zapatos-Y-Accesorios-Sin-Nombre-468546
Costura De Ropa Sin Nombre,San Martín de Bolaños,ND,ND,ND,ND,https://mxfirmas.com/Costura-De-Ropa-Sin-Nombre-933557
ROPA PARA TODA LA FAMILIA,Santa María de los Ángeles,ND,ND,ND,ND,https://www.municipiodata.com/en/municipios/jalisco/santa-maria-de-los-angeles/entreprises/commerce-detail
Tienda De Ropa Y Novedades,Ejutla,ND,ND,ND,ND,https://amp.mexicoo.mx/tienda-de-ropa-y-novedades-1847012
Tienda De Ropa Gissell,Ejutla,ND,ND,ND,ND,https://amp.mexicoo.mx/tienda-de-ropa-y-novedades-1847012
Tieda de Ropa Danesi Jeans,Ejutla,ND,ND,ND,ND,https://amp.mexicoo.mx/tienda-de-ropa-y-novedades-1847012
Tienda De Ropa,Tolimán,ND,ND,ND,ND,https://mxfirmas.com/Tienda-De-Ropa-1285831
Tienda De Ropa,Tonila,ND,ND,ND,ND,https://mxfirmas.com/Tienda-De-Ropa-1112336
Venta De Ropa Excepto De Bebe Y Lencería,Tonila,ND,ND,ND,ND,https://mxfirmas.com/Tienda-De-Ropa-1112336
Venta De Ropa De Segunda,Tonila,ND,ND,ND,ND,https://mxfirmas.com/Tienda-De-Ropa-1112336
MARIANA TIENDA DE ROPA,Tonila,ND,ND,ND,ND,https://www.municipiodata.com/en/municipios/jalisco/tonila/entreprises/commerce-detail
GM BOUTIQUE,Tonila,ND,ND,ND,ND,https://www.municipiodata.com/en/municipios/jalisco/tonila/entreprises/commerce-detail
Tienda De Ropa Y De Regalos,Totatiche,+52 437 964 0038,ND,+524379640038,ND,https://mxfirmas.com/Mexico/Tiendas-de-ropa
Bazar De Ropa Y Taller De Costura,Totatiche,0444371031470,ND,+524371031470,ND,https://mxfirmas.com/Bazar-De-Ropa-Y-Taller-De-Costura-1534843
Novedades Rosy,Totatiche,+52 437 964 0079,ND,ND,ND,https://mxfirmas.com/Mexico/Mayoristas-de-telas/page4
Tienda De Ropa Y Calzado,Totatiche,ND,ND,ND,ND,https://transparencia.info.jalisco.gob.mx/sites/default/files/Licencias%202016.pdf
BOUTIQUE LA PAJARA,San Ignacio Cerro Gordo,ND,ND,ND,ND,https://www.municipiodata.com/en/municipios/jalisco/san-ignacio-cerro-gordo/entreprises/commerce-detail
BOUTIQUE ALE,San Ignacio Cerro Gordo,ND,ND,ND,ND,https://www.municipiodata.com/en/municipios/jalisco/san-ignacio-cerro-gordo/entreprises/commerce-detail
BOUTIQUE DE ROPA MARTHA,San Ignacio Cerro Gordo,ND,ND,ND,ND,https://www.municipiodata.com/en/municipios/jalisco/san-ignacio-cerro-gordo/entreprises/commerce-detail
BOUTIQUE EL RINCONCITO DE ANDREA,San Ignacio Cerro Gordo,ND,ND,ND,ND,https://www.municipiodata.com/en/municipios/jalisco/san-ignacio-cerro-gordo/entreprises/commerce-detail
BOUTIQUE ESMERALDA,San Ignacio Cerro Gordo,ND,ND,ND,ND,https://www.municipiodata.com/en/municipios/jalisco/san-ignacio-cerro-gordo/entreprises/commerce-detail
BOUTIQUE LA&B,San Ignacio Cerro Gordo,ND,ND,ND,ND,https://www.municipiodata.com/en/municipios/jalisco/san-ignacio-cerro-gordo/entreprises/commerce-detail
ARALI LA TIENDA DE DOÑA CRUZ,Mascota,ND,ND,ND,ND,https://www.municipiodata.com/en/municipios/jalisco/mascota/entreprises/commerce-detail
BELLA BOUTIQUE,Mascota,ND,ND,ND,ND,https://www.municipiodata.com/en/municipios/jalisco/mascota/entreprises/commerce-detail
CHIQUITEENS ROPA Y ACCESORIOS DE BEBE,Mascota,ND,ND,ND,ND,https://www.municipiodata.com/en/municipios/jalisco/mascota/entreprises/commerce-detail
ANAYA ROPA DE PACA AMERICANA,Mascota,ND,ND,ND,ND,https://www.municipiodata.com/en/municipios/jalisco/mascota/entreprises/commerce-detail
BAZAR ALY,Mascota,ND,ND,ND,ND,https://www.municipiodata.com/en/municipios/jalisco/mascota/entreprises/commerce-detail
BAZAR RAQUEL,Mascota,ND,ND,ND,ND,https://www.municipiodata.com/en/municipios/jalisco/mascota/entreprises/commerce-detail
DAFNE FASHION BOUTIQUE,San Sebastián del Oeste,ND,ND,ND,ND,https://www.municipiodata.com/en/municipios/jalisco/san-sebastian-del-oeste/entreprises/commerce-detail
TIENDA DE ROPA,San Sebastián del Oeste,ND,ND,ND,ND,https://www.municipiodata.com/en/municipios/jalisco/san-sebastian-del-oeste/entreprises/commerce-detail
TIENDA DE ROPA INGRID,San Sebastián del Oeste,ND,ND,ND,ND,https://www.municipiodata.com/en/municipios/jalisco/san-sebastian-del-oeste/entreprises/commerce-detail
ZAPATERIA DEL OESTE,San Sebastián del Oeste,ND,ND,ND,ND,https://www.municipiodata.com/en/municipios/jalisco/san-sebastian-del-oeste/entreprises/commerce-detail
TIENDA DE ROPA Y ACCESORIOS LLAMAS,Jilotlán de los Dolores,ND,ND,ND,ND,https://www.municipiodata.com/municipios/jalisco/jilotlan-de-los-dolores/entreprises/etablissement/tienda-de-ropa-y-accesorios-llamas-d10433652
Tienda De Ropa Y Novedades Sin Nombre,Tala,+52 384 738 3844,ND,+523847383844,ND,https://mxfirmas.com/JAL-Tala/Tiendas-de-ropa
Tienda de Ropa,Tala,ND,ND,ND,ND,https://mxfirmas.com/JAL-Tala/Tiendas-de-ropa
Tienda De Ropa De Bebe,Colotlán,+52 499 992 2846,ND,+524999922846,ND,https://mxfirmas.com/JAL-Colotlan/Tiendas-de-ropa
Venta De Ropa,Colotlán,ND,ND,ND,ND,https://mxfirmas.com/JAL-Colotlan/Tiendas-de-ropa
Venta De Ropa(Pequeña Inversion) Nota Agregada Por El Informante,Colotlán,ND,ND,ND,ND,https://mxfirmas.com/JAL-Colotlan/Tiendas-de-ropa
Tienda De Ropa Michelle Accesorios,San Pedro Tlaquepaque,+52 33 3271 8839,ND,+523332718839,ND,https://mxfirmas.com/JAL-Guadalajara/Tiendas-de-ropa
Tienda De Ropa Y Taller,Guadalajara,+52 33 1592 1077,ND,+523315921077,ND,https://mxfirmas.com/JAL-Guadalajara/Tiendas-de-ropa
Tienda hanni,Guadalajara,+52 373 734 3281,ND,ND,ND,https://mxfirmas.com/JAL-Guadalajara/Tiendas-de-ropa
CONFECCIÓN DE PRENDAS DE VESTIR SOBRE MEDIDA SIN NOMBRE,Mascota,ND,ND,ND,ND,https://www.municipiodata.com/en/municipios/jalisco/mascota/entreprises/manufacturier
COSTURAS CLEMEN,Mascota,ND,ND,ND,ND,https://www.municipiodata.com/en/municipios/jalisco/mascota/entreprises/manufacturier
COSTURERA,Mascota,ND,ND,ND,ND,https://www.municipiodata.com/en/municipios/jalisco/mascota/entreprises/manufacturier
HUARACHERIA ESTHELA,Mascota,ND,ND,ND,ND,https://www.municipiodata.com/en/municipios/jalisco/mascota/entreprises/manufacturier
BORDADOS Y TEJIDOS SAN FRANCISCO,Encarnación de Díaz,ND,ND,ND,ND,https://www.municipiodata.com/en/municipios/jalisco/encarnacion-de-diaz/entreprises/manufacturier
CONFECCION EN SERIE DE OTRA ROPA EXTERIOR DE MATERIAL TEXTIL SIN NOMBRE,Encarnación de Díaz,ND,ND,ND,ND,https://www.municipiodata.com/en/municipios/jalisco/encarnacion-de-diaz/entreprises/manufacturier
COSTURA,Encarnación de Díaz,ND,ND,ND,ND,https://www.municipiodata.com/en/municipios/jalisco/encarnacion-de-diaz/entreprises/manufacturier
CREACIONES MARY,Encarnación de Díaz,ND,ND,ND,ND,https://www.municipiodata.com/en/municipios/jalisco/encarnacion-de-diaz/entreprises/manufacturier
CREACIONES RUBENS,Encarnación de Díaz,ND,ND,ND,ND,https://www.municipiodata.com/en/municipios/jalisco/encarnacion-de-diaz/entreprises/manufacturier
CREACIONES SIMONETA,Encarnación de Díaz,ND,ND,ND,ND,https://www.municipiodata.com/en/municipios/jalisco/encarnacion-de-diaz/entreprises/manufacturier
EME DISEÑOS,Encarnación de Díaz,ND,ND,ND,ND,https://www.municipiodata.com/en/municipios/jalisco/encarnacion-de-diaz/entreprises/manufacturier
FABRICA DE ROPA ROM ZAP SA DE CV,Encarnación de Díaz,ND,ND,ND,ND,https://www.municipiodata.com/en/municipios/jalisco/encarnacion-de-diaz/entreprises/manufacturier
ACCESORIOS PARA NIÑA SIN NOMBRE,Lagos de Moreno,ND,ND,ND,ND,https://www.municipiodata.com/en/municipios/jalisco/lagos-de-moreno/entreprises/manufacturier
ALIZHE CONFECCIONES Y ALTA COSTURA,Lagos de Moreno,ND,ND,ND,ND,https://www.municipiodata.com/en/municipios/jalisco/lagos-de-moreno/entreprises/manufacturier
BORDADOS,Lagos de Moreno,ND,ND,ND,ND,https://www.municipiodata.com/en/municipios/jalisco/lagos-de-moreno/entreprises/manufacturier
BOTINES GOMEZ,Lagos de Moreno,ND,ND,ND,ND,https://www.municipiodata.com/en/municipios/jalisco/lagos-de-moreno/entreprises/manufacturier
BOTINES LARA,Lagos de Moreno,ND,ND,ND,ND,https://www.municipiodata.com/en/municipios/jalisco/lagos-de-moreno/entreprises/manufacturier
CALZADO CARITAS,Lagos de Moreno,ND,ND,ND,ND,https://www.municipiodata.com/en/municipios/jalisco/lagos-de-moreno/entreprises/manufacturier
CALZADO GUEMART,Lagos de Moreno,ND,ND,ND,ND,https://www.municipiodata.com/en/municipios/jalisco/lagos-de-moreno/entreprises/manufacturier
FABRICA DE ZAPATOS SIN NOMBRE,Jalostotitlán,ND,ND,ND,ND,https://www.municipiodata.com/en/municipios/jalisco/jalostotitlan/entreprises/manufacturier
FABRICACION DE ROPA SIN NOMBRE,Jalostotitlán,ND,ND,ND,ND,https://www.municipiodata.com/en/municipios/jalisco/jalostotitlan/entreprises/manufacturier
GUANTERIA ROBLES,Jalostotitlán,ND,ND,ND,ND,https://www.municipiodata.com/en/municipios/jalisco/jalostotitlan/entreprises/manufacturier
BOUTIQUE MONSERRAT,Mascota,ND,ND,ND,ND,https://www.municipiodata.com/municipios/jalisco/mascota/entreprises/commerce-detail
CACHUCHAS SNEAKERS,Mascota,ND,ND,ND,ND,https://www.municipiodata.com/municipios/jalisco/mascota/entreprises/commerce-detail
LA STORE,Tolimán,ND,ND,ND,ND,https://www.municipiodata.com/municipios/jalisco/toliman/entreprises/commerce-detail
LUCHIS,Tolimán,ND,ND,ND,ND,https://www.municipiodata.com/municipios/jalisco/toliman/entreprises/commerce-detail
MODA LIZBETH,Tolimán,ND,ND,ND,ND,https://www.municipiodata.com/municipios/jalisco/toliman/entreprises/commerce-detail
BLACOS ABI,Acatlán de Juárez,ND,ND,ND,ND,https://www.municipiodata.com/municipios/jalisco/acatlan-de-juarez/entreprises/commerce-detail/2
FINA ROPA,Acatlán de Juárez,ND,ND,ND,ND,https://www.municipiodata.com/municipios/jalisco/acatlan-de-juarez/entreprises/commerce-detail/2
NOVEDADES ALISS,Acatlán de Juárez,ND,ND,ND,ND,https://www.municipiodata.com/municipios/jalisco/acatlan-de-juarez/entreprises/commerce-detail/2
NOVEDADES HILDA,Acatlán de Juárez,ND,ND,ND,ND,https://www.municipiodata.com/municipios/jalisco/acatlan-de-juarez/entreprises/commerce-detail/2
NOVEDADES JUDITH,Acatlán de Juárez,ND,ND,ND,ND,https://www.municipiodata.com/municipios/jalisco/acatlan-de-juarez/entreprises/commerce-detail/2
NOVEDADES MELA,Acatlán de Juárez,ND,ND,ND,ND,https://www.municipiodata.com/municipios/jalisco/acatlan-de-juarez/entreprises/commerce-detail/2
NOVEDADES NATALIE,Acatlán de Juárez,ND,ND,ND,ND,https://www.municipiodata.com/municipios/jalisco/acatlan-de-juarez/entreprises/commerce-detail/2
NOVEDADES PAYA,Acatlán de Juárez,ND,ND,ND,ND,https://www.municipiodata.com/municipios/jalisco/acatlan-de-juarez/entreprises/commerce-detail/2
CHICAS LIGHT,Acatlán de Juárez,ND,ND,ND,ND,https://www.municipiodata.com/municipios/jalisco/acatlan-de-juarez/entreprises/commerce-detail/2
CHERRY RETAIL,Acatlán de Juárez,ND,ND,ND,ND,https://www.municipiodata.com/municipios/jalisco/acatlan-de-juarez/entreprises/commerce-detail/2
EL DESCONTON,Acatlán de Juárez,ND,ND,ND,ND,https://www.municipiodata.com/municipios/jalisco/acatlan-de-juarez/entreprises/commerce-detail/2
ADY BOUTIQUE,Degollado,ND,ND,ND,ND,https://www.municipiodata.com/municipios/jalisco/degollado/entreprises/commerce-detail
ACCESORIOS ELY,Degollado,ND,ND,ND,ND,https://www.municipiodata.com/municipios/jalisco/degollado/entreprises/commerce-detail
ADRIANA S ROPA AMERICANA,Degollado,ND,ND,ND,ND,https://www.municipiodata.com/municipios/jalisco/degollado/entreprises/commerce-detail
ALMACEN DE ROPA QUINTA LOPEZ,Degollado,ND,ND,ND,ND,https://www.municipiodata.com/municipios/jalisco/degollado/entreprises/commerce-detail
GR BOUTIQUE,Cabo Corrientes,ND,ND,ND,ND,https://www.municipiodata.com/municipios/jalisco/cabo-corrientes/entreprises/commerce-detail/2
ISABELLA BOUTIQUE FASHION,Cabo Corrientes,ND,ND,ND,ND,https://www.municipiodata.com/municipios/jalisco/cabo-corrientes/entreprises/commerce-detail/2
WAGANNI BOUTIQUE,Cabo Corrientes,ND,ND,ND,ND,https://www.municipiodata.com/municipios/jalisco/cabo-corrientes/entreprises/commerce-detail/2
KOKIS BOUTIQUE,El Grullo,ND,ND,ND,ND,https://www.municipiodata.com/municipios/jalisco/el-grullo/entreprises/commerce-detail/3
BOUTIQUE YUZA,Tonaya,ND,ND,ND,ND,https://www.municipiodata.com/municipios/jalisco/tonaya/entreprises/commerce-detail
BOTIQUE DE ITZEL,Unión de San Antonio,ND,ND,ND,ND,https://www.municipiodata.com/municipios/jalisco/union-de-san-antonio/entreprises/2
BOUTIQUE DE ROCY,Unión de San Antonio,ND,ND,ND,ND,https://www.municipiodata.com/municipios/jalisco/union-de-san-antonio/entreprises/2
BOUTIQUE SARA,Unión de San Antonio,ND,ND,ND,ND,https://www.municipiodata.com/municipios/jalisco/union-de-san-antonio/entreprises/2
BOUTUQUE MARGARITA,Unión de San Antonio,ND,ND,ND,ND,https://www.municipiodata.com/municipios/jalisco/union-de-san-antonio/entreprises/2
BUOTIQUE MAMA BERTITA,Unión de San Antonio,ND,ND,ND,ND,https://www.municipiodata.com/municipios/jalisco/union-de-san-antonio/entreprises/2
ZAPATERIA Y BOUTIQUE LOS PORTALES,Unión de San Antonio,ND,ND,ND,ND,https://www.municipiodata.com/municipios/jalisco/union-de-san-antonio/entreprises/2
NOVEDADES BORIS,Tonila,ND,ND,ND,ND,https://www.municipiodata.com/municipios/jalisco/tonila/entreprises/commerce-detail
BOLSAS Y COSMETICOS SIN NOMBRE,Tonila,ND,ND,ND,ND,https://www.municipiodata.com/municipios/jalisco/tonila/entreprises/commerce-detail
ALMACENEZ HERNANDEZ,San Juan de los Lagos,ND,ND,ND,ND,https://www.municipiodata.com/municipios/jalisco/san-juan-de-los-lagos/entreprises/commerce-detail/25
ALTA COSTURA,San Juan de los Lagos,ND,ND,ND,ND,https://www.municipiodata.com/municipios/jalisco/san-juan-de-los-lagos/entreprises/commerce-detail/25
VENTA ROPA,San Juan de los Lagos,ND,ND,ND,ND,https://www.municipiodata.com/municipios/jalisco/san-juan-de-los-lagos/entreprises/commerce-detail/25
VENTA ROPONES,San Juan de los Lagos,ND,ND,ND,ND,https://www.municipiodata.com/municipios/jalisco/san-juan-de-los-lagos/entreprises/commerce-detail/25
VENTAS MARI,San Juan de los Lagos,ND,ND,ND,ND,https://www.municipiodata.com/municipios/jalisco/san-juan-de-los-lagos/entreprises/commerce-detail/25
WOMAN SHOPPING,San Juan de los Lagos,ND,ND,ND,ND,https://www.municipiodata.com/municipios/jalisco/san-juan-de-los-lagos/entreprises/commerce-detail/25
ZAKS BOUTIQUE,San Juan de los Lagos,ND,ND,ND,ND,https://www.municipiodata.com/municipios/jalisco/san-juan-de-los-lagos/entreprises/commerce-detail/25
ZEBRA BOUTIQUE,San Juan de los Lagos,ND,ND,ND,ND,https://www.municipiodata.com/municipios/jalisco/san-juan-de-los-lagos/entreprises/commerce-detail/25
ARTESANIAS Y ROPA SIN NOMBRE,San Juan de los Lagos,ND,ND,ND,ND,https://www.municipiodata.com/municipios/jalisco/san-juan-de-los-lagos/entreprises/commerce-detail/25
ARTICULOS DE PIEL EL COPE,San Juan de los Lagos,ND,ND,ND,ND,https://www.municipiodata.com/municipios/jalisco/san-juan-de-los-lagos/entreprises/commerce-detail/25
#HERRERA VENTA DE CACHUCHAS,Lagos de Moreno,ND,ND,ND,ND,https://www.municipiodata.com/municipios/jalisco/lagos-de-moreno/entreprises/commerce-detail
A M THE DEDICCATTED MENS,Lagos de Moreno,ND,ND,ND,ND,https://www.municipiodata.com/municipios/jalisco/lagos-de-moreno/entreprises/commerce-detail
BOUTIQUE MAGGY S,Colotlán,ND,ND,ND,ND,https://www.municipiodata.com/municipios/jalisco/colotlan/entreprises/commerce-detail/2
BOUTIQUE MARY,Colotlán,ND,ND,ND,ND,https://www.municipiodata.com/municipios/jalisco/colotlan/entreprises/commerce-detail/2
BUTIQUE DAENA,Colotlán,ND,ND,ND,ND,https://www.municipiodata.com/municipios/jalisco/colotlan/entreprises/commerce-detail/2
BONETERIA,Colotlán,ND,ND,ND,ND,https://www.municipiodata.com/municipios/jalisco/colotlan/entreprises/commerce-detail/2
BONETERIA ABE,Colotlán,ND,ND,ND,ND,https://www.municipiodata.com/municipios/jalisco/colotlan/entreprises/commerce-detail/2
BONETERIA AVE,Colotlán,ND,ND,ND,ND,https://www.municipiodata.com/municipios/jalisco/colotlan/entreprises/commerce-detail/2
BONETERIA CARMELITA,Colotlán,ND,ND,ND,ND,https://www.municipiodata.com/municipios/jalisco/colotlan/entreprises/commerce-detail/2
BONETERIA MONICA,Colotlán,ND,ND,ND,ND,https://www.municipiodata.com/municipios/jalisco/colotlan/entreprises/commerce-detail/2
CASA MARTINEZ,Colotlán,ND,ND,ND,ND,https://www.municipiodata.com/municipios/jalisco/colotlan/entreprises/commerce-detail/2
CASA MOTA,Colotlán,ND,ND,ND,ND,https://www.municipiodata.com/municipios/jalisco/colotlan/entreprises/commerce-detail/2
CHICA SHEIN,Colotlán,ND,ND,ND,ND,https://www.municipiodata.com/municipios/jalisco/colotlan/entreprises/commerce-detail/2
CIENTO ONCE,Colotlán,ND,ND,ND,ND,https://www.municipiodata.com/municipios/jalisco/colotlan/entreprises/commerce-detail/2
IMPORTADOS MI,Colotlán,ND,ND,ND,ND,https://www.municipiodata.com/municipios/jalisco/colotlan/entreprises/commerce-detail/2
JADE COLLECTION,Colotlán,ND,ND,ND,ND,https://www.municipiodata.com/municipios/jalisco/colotlan/entreprises/commerce-detail/2
MAIA BOUTIQUE,Colotlán,ND,ND,ND,ND,https://www.municipiodata.com/municipios/jalisco/colotlan/entreprises/commerce-detail/2
OH LA LA BOUTIQUE,Colotlán,ND,ND,ND,ND,https://www.municipiodata.com/municipios/jalisco/colotlan/entreprises/commerce-detail/2
OUTFIT- SHOP,Colotlán,ND,ND,ND,ND,https://www.municipiodata.com/municipios/jalisco/colotlan/entreprises/commerce-detail/2
ROPA INFANTIL,Colotlán,ND,ND,ND,ND,https://www.municipiodata.com/municipios/jalisco/colotlan/entreprises/commerce-detail/2
ZO-ES BOUTIQUE,Tecolotlán,ND,ND,ND,ND,https://www.municipiodata.com/municipios/jalisco/tecolotlan/entreprises/commerce-detail
BOUTIQUE EVELYN,Tecolotlán,ND,ND,ND,ND,https://www.municipiodata.com/municipios/jalisco/tecolotlan/entreprises/commerce-detail
DENISSE BOUTIQUE,Tecolotlán,ND,ND,ND,ND,https://www.municipiodata.com/municipios/jalisco/tecolotlan/entreprises/commerce-detail
CAPRICCIO BOUTIQUE,Poncitlán,ND,ND,ND,ND,https://www.municipiodata.com/municipios/jalisco/poncitlan/entreprises/commerce-detail/3
BOUTIQUE CAU BEAUTY,Poncitlán,ND,ND,ND,ND,https://www.municipiodata.com/municipios/jalisco/poncitlan/entreprises/commerce-detail/3
360 BOUTIQUE,Guadalajara,ND,ND,ND,ND,https://www.municipiodata.com/municipios/jalisco/guadalajara/entreprises
3425 MILANO,Guadalajara,ND,ND,ND,ND,https://www.municipiodata.com/municipios/jalisco/guadalajara/entreprises
VITAS BOUTIQUE,Tonalá,ND,ND,ND,ND,https://www.municipiodata.com/municipios/jalisco/tonala/entreprises/commerce-detail
3398 MILANO,Tonalá,ND,ND,ND,ND,https://www.municipiodata.com/municipios/jalisco/tonala/entreprises/commerce-detail
1142 TIENDAS ELECZION,San Pedro Tlaquepaque,ND,ND,ND,ND,https://www.municipiodata.com/municipios/jalisco/san-pedro-tlaquepaque/entreprises/commerce-detail
VENTA DE ROPA FLECHA MORADA,San Pedro Tlaquepaque,ND,ND,ND,ND,https://www.municipiodata.com/municipios/jalisco/san-pedro-tlaquepaque/entreprises/commerce-detail
VENTA DE ROPA INTERIOR,San Pedro Tlaquepaque,ND,ND,ND,ND,https://www.municipiodata.com/municipios/jalisco/san-pedro-tlaquepaque/entreprises/commerce-detail
VENTA DE ROPA LETIIS,San Pedro Tlaquepaque,ND,ND,ND,ND,https://www.municipiodata.com/municipios/jalisco/san-pedro-tlaquepaque/entreprises/commerce-detail
VENTA DE ROPA NOVEDADES Y PLASTICOS VERO,San Pedro Tlaquepaque,ND,ND,ND,ND,https://www.municipiodata.com/municipios/jalisco/san-pedro-tlaquepaque/entreprises/commerce-detail
VENTA DE ROPA NUEVA SIN NOMBRE,San Pedro Tlaquepaque,ND,ND,ND,ND,https://www.municipiodata.com/municipios/jalisco/san-pedro-tlaquepaque/entreprises/commerce-detail
VENTA DE ROPA PARA BEBE,San Pedro Tlaquepaque,ND,ND,ND,ND,https://www.municipiodata.com/municipios/jalisco/san-pedro-tlaquepaque/entreprises/commerce-detail
4H URBAN BOUTIQUE,Zapopan,ND,ND,ND,ND,https://www.municipiodata.com/municipios/jalisco/zapopan/entreprises/commerce-detail
410 SFERA GUADALAJARA ANDARES,Zapopan,ND,ND,ND,ND,https://www.municipiodata.com/municipios/jalisco/zapopan/entreprises/commerce-detail
64 LIVERPOOL GUADALAJARA ZAPOPAN,Zapopan,ND,ND,ND,ND,https://www.municipiodata.com/municipios/jalisco/zapopan/entreprises/commerce-detail
1157 TIENDAS ELECZION,Tepatitlán de Morelos,ND,ND,ND,ND,https://www.municipiodata.com/municipios/jalisco/tepatitlan-de-morelos/entreprises/commerce-detail
3358 MILANO,Tepatitlán de Morelos,ND,ND,ND,ND,https://www.municipiodata.com/municipios/jalisco/tepatitlan-de-morelos/entreprises/commerce-detail
BOUTIQUE Y ACCESORIOS STHEPHIE,Puerto Vallarta,ND,ND,ND,ND,https://www.municipiodata.com/municipios/jalisco/puerto-vallarta/entreprises/manufacturier
1025 TIENDAS ELECZION,Puerto Vallarta,ND,ND,ND,ND,https://www.municipiodata.com/municipios/jalisco/puerto-vallarta/entreprises
2 CAP ACCESORIOS,Puerto Vallarta,ND,ND,ND,ND,https://www.municipiodata.com/municipios/jalisco/puerto-vallarta/entreprises
A&K BOUTIQUE,Ameca,ND,ND,ND,ND,https://www.municipiodata.com/municipios/jalisco/ameca/entreprises/commerce-detail
ATLANTA BOUTIQUE,Tuxcueca,ND,ND,ND,ND,https://www.municipiodata.com/municipios/jalisco/tuxcueca/entreprises/commerce-detail
NOVEDADES TERE,Tuxcacuesco,ND,ND,ND,ND,https://www.municipiodata.com/municipios/jalisco/tuxcacuesco/entreprises/commerce-detail
ROPA Y NOVEDADES DE TODO UN POCO,Tuxcacuesco,ND,ND,ND,ND,https://www.municipiodata.com/municipios/jalisco/tuxcacuesco/entreprises/commerce-detail
ARTICULOS PARA BEBE PEQUES,Tuxcacuesco,ND,ND,ND,ND,https://www.municipiodata.com/municipios/jalisco/tuxcacuesco/entreprises/commerce-detail
A Y B BOUTIQUE,Tlajomulco de Zúñiga,ND,ND,ND,ND,https://www.municipiodata.com/municipios/jalisco/tlajomulco-de-zuniga/entreprises
BONETERIA ESTHELA,Colotlán,ND,ND,ND,ND,https://www.municipiodata.com/municipios/jalisco/colotlan/entreprises/commerce-detail/2
ARTESANIAS SIN NOMBRE,San Juan de los Lagos,ND,ND,ND,ND,https://www.municipiodata.com/municipios/jalisco/san-juan-de-los-lagos/entreprises/commerce-detail/25
VITRINA 1,San Juan de los Lagos,ND,ND,ND,ND,https://www.municipiodata.com/municipios/jalisco/san-juan-de-los-lagos/entreprises/commerce-detail/25
VITRINA 4,San Juan de los Lagos,ND,ND,ND,ND,https://www.municipiodata.com/municipios/jalisco/san-juan-de-los-lagos/entreprises/commerce-detail/25
VITRINA 6,San Juan de los Lagos,ND,ND,ND,ND,https://www.municipiodata.com/municipios/jalisco/san-juan-de-los-lagos/entreprises/commerce-detail/25
VITRINA DE LLAVEROS,San Juan de los Lagos,ND,ND,ND,ND,https://www.municipiodata.com/municipios/jalisco/san-juan-de-los-lagos/entreprises/commerce-detail/25
ZAPATERIA SPORT SAN JUAN,San Juan de los Lagos,ND,ND,ND,ND,https://www.municipiodata.com/municipios/jalisco/san-juan-de-los-lagos/entreprises/commerce-detail/25
Monica Herrera Abarca,Santa María del Oro,ND,ND,ND,ND,https://guia-jalisco.guiamexico.com.mx/fabricacion-de-joyas-y-orfebreria-de-oro-y-plata/santa-maria-del-oro-jalisco/empresas-guia.html
"Grupo Internacional Melissa, S.A. de C.V.",Puerto Vallarta,ND,ND,ND,ND,https://guia-jalisco.guiamexico.com.mx/ropa-de-vestir/puerto-vallarta-jalisco/empresas-guia.html
Robert Leo Gilmore Dado,Puerto Vallarta,ND,ND,ND,ND,https://guia-jalisco.guiamexico.com.mx/ropa-de-vestir/puerto-vallarta-jalisco/empresas-guia.html
Aurora Guerrero Martinez,Puerto Vallarta,ND,ND,ND,ND,https://guia-jalisco.guiamexico.com.mx/ropa-de-vestir/puerto-vallarta-jalisco/empresas-guia.html
Maria Elena Lomelin Benitez,Puerto Vallarta,ND,ND,ND,ND,https://guia-jalisco.guiamexico.com.mx/ropa-de-vestir/puerto-vallarta-jalisco/empresas-guia.html
AOB,Puerto Vallarta,ND,ND,ND,ND,https://guia-jalisco.guiamexico.com.mx/ropa-de-vestir/puerto-vallarta-jalisco/empresas-guia.html
Boutique Patrika de Vallarta S.A. de C.V.,Puerto Vallarta,ND,ND,ND,ND,https://guia-jalisco.guiamexico.com.mx/ropa-de-vestir/puerto-vallarta-jalisco/empresas-guia.html
