nombre,municipio,teléfono,correo,WhatsApp,sitio_red,url_fuente
Articulos Vaqueros David,Acatlán,+52 77 5109 3621,ND,https://wa.me/527751093621,https://www.facebook.com/search/pages/?q=Articulos%20Vaqueros%20David%20Acatlán,"https://www.google.com/maps/search/?api=1&query=20.14557877,-98.43980496"
Boutique Hbo,Acatlán,+52 77 5120 9050,ND,https://wa.me/527751209050,https://www.facebook.com/search/pages/?q=Boutique%20Hbo%20Acatlán,"https://www.google.com/maps/search/?api=1&query=20.14555908,-98.43933511"
Boutique Pippo,Acatlán,+52 77 5133 5251,ND,https://wa.me/527751335251,https://www.facebook.com/search/pages/?q=Boutique%20Pippo%20Acatlán,"https://www.google.com/maps/search/?api=1&query=20.14611108,-98.43930115"
Fashion Love Ropa,Acatlán,+52 77 5195 3215,ND,https://wa.me/527751953215,https://www.facebook.com/search/pages/?q=Fashion%20Love%20Ropa%20Acatlán,"https://www.google.com/maps/search/?api=1&query=20.14521834,-98.44000006"
Flamencos Shop Ropa Y Accesorios,Acatlán,+52 77 5234 4971,ND,https://wa.me/527752344971,https://www.facebook.com/search/pages/?q=Flamencos%20Shop%20Ropa%20Y%20Accesorios%20Acatlán,"https://www.google.com/maps/search/?api=1&query=20.14421262,-98.43934127"
Mini Shop Ropa De Importacion Para Dama,Acatlán,+52 77 5139 4610,ND,https://wa.me/527751394610,https://www.facebook.com/search/pages/?q=Mini%20Shop%20Ropa%20De%20Importacion%20Para%20Dama%20Acatlán,"https://www.google.com/maps/search/?api=1&query=20.14605176,-98.43943768"
Boutique E Y M,Acaxochitlán,+52 77 5131 3441,ND,https://wa.me/527751313441,https://www.facebook.com/search/pages/?q=Boutique%20E%20Y%20M%20Acaxochitlán,"https://www.google.com/maps/search/?api=1&query=20.15988006,-98.20384462"
Ch Store,Acaxochitlán,+52 77 5167 5037,ND,https://wa.me/527751675037,https://www.facebook.com/search/pages/?q=Ch%20Store%20Acaxochitlán,"https://www.google.com/maps/search/?api=1&query=20.15749857,-98.20072454"
Tienda De Ropa Boutique Evolution,Acaxochitlán,+52 77 5750 8437,ND,https://wa.me/527757508437,https://www.facebook.com/search/pages/?q=Tienda%20De%20Ropa%20Boutique%20Evolution%20Acaxochitlán,"https://www.google.com/maps/search/?api=1&query=20.15732036,-98.2025836"
Trendy Shop,Acaxochitlán,+52 77 5127 4814,ND,https://wa.me/527751274814,https://www.facebook.com/search/pages/?q=Trendy%20Shop%20Acaxochitlán,"https://www.google.com/maps/search/?api=1&query=20.15732965,-98.2020068"
Boutique Herbus,Actopan,+52 77 2107 7455,herbusboutique@gmail.com,https://wa.me/527721077455,https://www.facebook.com/search/pages/?q=Boutique%20Herbus%20Actopan,"https://www.google.com/maps/search/?api=1&query=20.27002285,-98.94492051"
Boutique Abigail,Actopan,+52 77 2101 8911,ND,https://wa.me/527721018911,https://www.facebook.com/search/pages/?q=Boutique%20Abigail%20Actopan,"https://www.google.com/maps/search/?api=1&query=20.26608729,-98.94505327"
Boutique American Drim,Actopan,+52 77 2108 7562,ND,https://wa.me/527721087562,https://www.facebook.com/search/pages/?q=Boutique%20American%20Drim%20Actopan,"https://www.google.com/maps/search/?api=1&query=20.26629967,-98.94349637"
Boutique Angelic Fashion Boutique,Actopan,+52 77 2133 3186,ND,https://wa.me/527721333186,https://www.facebook.com/search/pages/?q=Boutique%20Angelic%20Fashion%20Boutique%20Actopan,"https://www.google.com/maps/search/?api=1&query=20.26889895,-98.94595518"
Boutique Any,Actopan,+52 77 2114 5006,ND,https://wa.me/527721145006,https://www.facebook.com/search/pages/?q=Boutique%20Any%20Actopan,"https://www.google.com/maps/search/?api=1&query=20.27074586,-98.94895433"
Boutique Arletth,Actopan,+52 77 2159 1144,ND,https://wa.me/527721591144,https://www.facebook.com/search/pages/?q=Boutique%20Arletth%20Actopan,"https://www.google.com/maps/search/?api=1&query=20.2701653,-98.94912711"
Boutique California,Actopan,+52 77 2136 7604,ND,https://wa.me/527721367604,https://www.facebook.com/search/pages/?q=Boutique%20California%20Actopan,"https://www.google.com/maps/search/?api=1&query=20.27022273,-98.94913523"
Boutique Cr,Actopan,+52 63 8104 5147,ND,https://wa.me/526381045147,https://www.facebook.com/search/pages/?q=Boutique%20Cr%20Actopan,"https://www.google.com/maps/search/?api=1&query=20.26700271,-98.9441252"
Boutique De Moda,Actopan,+52 77 2110 1878,ND,https://wa.me/527721101878,https://www.facebook.com/search/pages/?q=Boutique%20De%20Moda%20Actopan,"https://www.google.com/maps/search/?api=1&query=20.26776411,-98.94500478"
Boutique De Ropa The Jungle,Actopan,+52 77 2137 3053,ND,https://wa.me/527721373053,https://www.facebook.com/search/pages/?q=Boutique%20De%20Ropa%20The%20Jungle%20Actopan,"https://www.google.com/maps/search/?api=1&query=20.26767375,-98.94411297"
Boutique Kika Ricca,Actopan,+52 77 3126 3016,ND,https://wa.me/527731263016,https://www.facebook.com/search/pages/?q=Boutique%20Kika%20Ricca%20Actopan,"https://www.google.com/maps/search/?api=1&query=20.26916976,-98.94839022"
Boutique Luxium,Actopan,+52 77 2111 1907,ND,https://wa.me/527721111907,https://www.facebook.com/search/pages/?q=Boutique%20Luxium%20Actopan,"https://www.google.com/maps/search/?api=1&query=20.26630538,-98.9434"
Boutique Yareli,Actopan,+52 77 2122 1375,ND,https://wa.me/527721221375,https://www.facebook.com/search/pages/?q=Boutique%20Yareli%20Actopan,"https://www.google.com/maps/search/?api=1&query=20.26620515,-98.94505154"
Curvy Girls Boutique,Actopan,+52 77 2162 0237,ND,https://wa.me/527721620237,https://www.facebook.com/search/pages/?q=Curvy%20Girls%20Boutique%20Actopan,"https://www.google.com/maps/search/?api=1&query=20.2704268,-98.94887317"
Modas Ixoye Venta De Ropa Nueva De Caballero,Actopan,+52 77 2728 2798,ND,https://wa.me/527727282798,https://www.facebook.com/search/pages/?q=Modas%20Ixoye%20Venta%20De%20Ropa%20Nueva%20De%20Caballero%20Actopan,"https://www.google.com/maps/search/?api=1&query=20.26925252,-98.94850369"
Ropa Para Caballero Dem Fashion,Actopan,+52 77 2131 8730,ND,https://wa.me/527721318730,https://www.facebook.com/search/pages/?q=Ropa%20Para%20Caballero%20Dem%20Fashion%20Actopan,"https://www.google.com/maps/search/?api=1&query=20.26905778,-98.94608601"
Ropa Para Caballero Smoke & Style,Actopan,+52 77 2469 5660,ND,https://wa.me/527724695660,https://www.facebook.com/search/pages/?q=Ropa%20Para%20Caballero%20Smoke%20%26%20Style%20Actopan,"https://www.google.com/maps/search/?api=1&query=20.26807052,-98.94456089"
Tienda De Ropa Boutique Ara,Actopan,+52 77 2122 6954,ND,https://wa.me/527721226954,https://www.facebook.com/search/pages/?q=Tienda%20De%20Ropa%20Boutique%20Ara%20Actopan,"https://www.google.com/maps/search/?api=1&query=20.28451679,-98.94683381"
Tienda De Ropa Boutique Aura Moda,Actopan,+52 77 2736 4526,ND,https://wa.me/527727364526,https://www.facebook.com/search/pages/?q=Tienda%20De%20Ropa%20Boutique%20Aura%20Moda%20Actopan,"https://www.google.com/maps/search/?api=1&query=20.2673297,-98.94367423"
Tienda De Ropa Leles Boutique,Actopan,+52 77 1219 8052,ND,https://wa.me/527712198052,https://www.facebook.com/search/pages/?q=Tienda%20De%20Ropa%20Leles%20Boutique%20Actopan,"https://www.google.com/maps/search/?api=1&query=20.28254071,-98.94878682"
Tienda De Ropa Nueva Boutique Pink,Actopan,+52 55 4882 7808,ND,https://wa.me/525548827808,https://www.facebook.com/search/pages/?q=Tienda%20De%20Ropa%20Nueva%20Boutique%20Pink%20Actopan,"https://www.google.com/maps/search/?api=1&query=20.26805551,-98.94325326"
Venta De Ropa Casual Fashion Point,Actopan,+52 77 2123 7483,ND,https://wa.me/527721237483,https://www.facebook.com/search/pages/?q=Venta%20De%20Ropa%20Casual%20Fashion%20Point%20Actopan,"https://www.google.com/maps/search/?api=1&query=20.26917581,-98.94854381"
Venta De Ropa Zuly Lu,Agua Blanca de Iturbide,+52 77 1216 6851,ND,https://wa.me/527712166851,https://www.facebook.com/search/pages/?q=Venta%20De%20Ropa%20Zuly%20Lu%20Agua%20Blanca%20de%20Iturbide,"https://www.google.com/maps/search/?api=1&query=20.34934692,-98.35837914"
Tienda De Ropa,Agua Blanca de Iturbide,+52 77 5186 3899,ND,https://wa.me/527751863899,https://www.facebook.com/search/pages/?q=Tienda%20De%20Ropa%20Agua%20Blanca%20de%20Iturbide,"https://www.google.com/maps/search/?api=1&query=20.34994213,-98.35779913"
Modas Garcia,Ajacuba,+52 77 3736 2472,ND,https://wa.me/527737362472,https://www.facebook.com/search/pages/?q=Modas%20Garcia%20Ajacuba,"https://www.google.com/maps/search/?api=1&query=20.09344599,-99.13262619"
Aura Shop,Alfajayucan,+52 77 2116 7233,ND,https://wa.me/527721167233,https://www.facebook.com/search/pages/?q=Aura%20Shop%20Alfajayucan,"https://www.google.com/maps/search/?api=1&query=20.40740235,-99.3485826"
Boutique July,Alfajayucan,+52 77 2123 9268,ND,https://wa.me/527721239268,https://www.facebook.com/search/pages/?q=Boutique%20July%20Alfajayucan,"https://www.google.com/maps/search/?api=1&query=20.41298661,-99.34875986"
Tienda De Ropa This Is Moda,Alfajayucan,+52 77 2117 1624,ND,https://wa.me/527721171624,https://www.facebook.com/search/pages/?q=Tienda%20De%20Ropa%20This%20Is%20Moda%20Alfajayucan,"https://www.google.com/maps/search/?api=1&query=20.40785885,-99.3490872"
Tienda Vaquera El Alazan,Alfajayucan,+52 77 2105 1502,ND,https://wa.me/527721051502,https://www.facebook.com/search/pages/?q=Tienda%20Vaquera%20El%20Alazan%20Alfajayucan,"https://www.google.com/maps/search/?api=1&query=20.40679167,-99.34666291"
Modas Marin Ii,Almoloya,ND,ND,ND,https://www.facebook.com/search/pages/?q=Modas%20Marin%20Ii%20Almoloya,"https://www.google.com/maps/search/?api=1&query=19.70398177,-98.40430361"
Tienda De Ropa Boutique Anel,Almoloya,ND,ND,ND,https://www.facebook.com/search/pages/?q=Tienda%20De%20Ropa%20Boutique%20Anel%20Almoloya,"https://www.google.com/maps/search/?api=1&query=19.70276721,-98.40723575"
Moda Y Accesorios Karen,Apan,+52 77 5752 9845,ND,https://wa.me/527757529845,https://www.facebook.com/search/pages/?q=Moda%20Y%20Accesorios%20Karen%20Apan,"https://www.google.com/maps/search/?api=1&query=19.70936925,-98.45054055"
Tienda De Ropa Moda Urbana,Apan,+52 24 7105 8134,ND,https://wa.me/522471058134,https://www.facebook.com/search/pages/?q=Tienda%20De%20Ropa%20Moda%20Urbana%20Apan,"https://www.google.com/maps/search/?api=1&query=19.70950981,-98.45149436"
Venta De Ropa Shein Shope Alemi,Apan,+52 77 1469 1474,ND,https://wa.me/527714691474,https://www.facebook.com/search/pages/?q=Venta%20De%20Ropa%20Shein%20Shope%20Alemi%20Apan,"https://www.google.com/maps/search/?api=1&query=19.71279941,-98.44814134"
Tienda De Ropa 3 N Boutique,Atitalaquia,+52 77 1272 6719,ND,https://wa.me/527712726719,https://www.facebook.com/search/pages/?q=Tienda%20De%20Ropa%203%20N%20Boutique%20Atitalaquia,"https://www.google.com/maps/search/?api=1&query=20.05651497,-99.21910755"
Venta De Ropa Para Dama Boutique Queen Fashion,Atitalaquia,+52 77 3140 3765,ND,https://wa.me/527731403765,https://www.facebook.com/search/pages/?q=Venta%20De%20Ropa%20Para%20Dama%20Boutique%20Queen%20Fashion%20Atitalaquia,"https://www.google.com/maps/search/?api=1&query=20.05859585,-99.22119982"
Boutique Colibri,Atlapexco,+52 77 1729 7203,ND,https://wa.me/527717297203,https://www.facebook.com/search/pages/?q=Boutique%20Colibri%20Atlapexco,"https://www.google.com/maps/search/?api=1&query=21.01739947,-98.34748006"
Venta De Ropa Radiante Shop,Atlapexco,+52 77 1676 0368,ND,https://wa.me/527716760368,https://www.facebook.com/search/pages/?q=Venta%20De%20Ropa%20Radiante%20Shop%20Atlapexco,"https://www.google.com/maps/search/?api=1&query=21.01936049,-98.34674995"
Boutique Accesorios Evangeline,Atotonilco de Tula,+52 55 5453 3006,ND,https://wa.me/525554533006,https://www.facebook.com/search/pages/?q=Boutique%20Accesorios%20Evangeline%20Atotonilco%20de%20Tula,"https://www.google.com/maps/search/?api=1&query=20.00177761,-99.22062072"
Boutique Aruma,Atotonilco de Tula,+52 55 1355 5309,ND,https://wa.me/525513555309,https://www.facebook.com/search/pages/?q=Boutique%20Aruma%20Atotonilco%20de%20Tula,"https://www.google.com/maps/search/?api=1&query=20.0063024,-99.21905333"
Boutique De Vestidos Marylu,Atotonilco de Tula,+52 55 7176 2805,ND,https://wa.me/525571762805,https://www.facebook.com/search/pages/?q=Boutique%20De%20Vestidos%20Marylu%20Atotonilco%20de%20Tula,"https://www.google.com/maps/search/?api=1&query=20.0063024,-99.21905333"
Boutique El Closet,Atotonilco de Tula,+52 77 3168 7662,ND,https://wa.me/527731687662,https://www.facebook.com/search/pages/?q=Boutique%20El%20Closet%20Atotonilco%20de%20Tula,"https://www.google.com/maps/search/?api=1&query=19.99817081,-99.22674872"
Boutique Flamingo Emprende,Atotonilco de Tula,+52 77 3128 8186,ND,https://wa.me/527731288186,https://www.facebook.com/search/pages/?q=Boutique%20Flamingo%20Emprende%20Atotonilco%20de%20Tula,"https://www.google.com/maps/search/?api=1&query=20.01040694,-99.2228352"
Boutique Luna,Atotonilco de Tula,+52 77 3224 5323,ND,https://wa.me/527732245323,https://www.facebook.com/search/pages/?q=Boutique%20Luna%20Atotonilco%20de%20Tula,"https://www.google.com/maps/search/?api=1&query=20.00561026,-99.22094527"
Boutique Marthisima Modas,Atotonilco de Tula,+52 77 3109 4457,ND,https://wa.me/527731094457,https://www.facebook.com/search/pages/?q=Boutique%20Marthisima%20Modas%20Atotonilco%20de%20Tula,"https://www.google.com/maps/search/?api=1&query=19.9980986,-99.22861182"
Boutique Moda Y Estilo,Atotonilco de Tula,+52 56 1309 4472,ND,https://wa.me/525613094472,https://www.facebook.com/search/pages/?q=Boutique%20Moda%20Y%20Estilo%20Atotonilco%20de%20Tula,"https://www.google.com/maps/search/?api=1&query=20.01027327,-99.22436281"
Ivonnes Shop Boutique Y Merceria,Atotonilco de Tula,+52 77 3117 4034,ND,https://wa.me/527731174034,https://www.facebook.com/search/pages/?q=Ivonnes%20Shop%20Boutique%20Y%20Merceria%20Atotonilco%20de%20Tula,"https://www.google.com/maps/search/?api=1&query=19.97260191,-99.24836246"
Moda Briza,Atotonilco de Tula,+52 77 3114 7116,ND,https://wa.me/527731147116,https://www.facebook.com/search/pages/?q=Moda%20Briza%20Atotonilco%20de%20Tula,"https://www.google.com/maps/search/?api=1&query=20.00705745,-99.21984301"
Boom Boutique,Atotonilco el Grande,+52 77 1415 4668,ND,https://wa.me/527714154668,https://www.facebook.com/search/pages/?q=Boom%20Boutique%20Atotonilco%20el%20Grande,"https://www.google.com/maps/search/?api=1&query=20.28656294,-98.67218584"
Boutique Alessha,Atotonilco el Grande,+52 77 1239 9825,ND,https://wa.me/527712399825,https://www.facebook.com/search/pages/?q=Boutique%20Alessha%20Atotonilco%20el%20Grande,"https://www.google.com/maps/search/?api=1&query=20.28688071,-98.66715033"
Boutique Angel,Atotonilco el Grande,+52 77 1125 1108,ND,https://wa.me/527711251108,https://www.facebook.com/search/pages/?q=Boutique%20Angel%20Atotonilco%20el%20Grande,"https://www.google.com/maps/search/?api=1&query=20.28571846,-98.66703378"
Boutique Chely,Atotonilco el Grande,+52 77 1123 2390,ND,https://wa.me/527711232390,https://www.facebook.com/search/pages/?q=Boutique%20Chely%20Atotonilco%20el%20Grande,"https://www.google.com/maps/search/?api=1&query=20.28747223,-98.66752269"
Boutique El Encanto,Atotonilco el Grande,+52 77 1214 5671,ND,https://wa.me/527712145671,https://www.facebook.com/search/pages/?q=Boutique%20El%20Encanto%20Atotonilco%20el%20Grande,"https://www.google.com/maps/search/?api=1&query=20.28669666,-98.66774364"
Boutique Emmanuel,Atotonilco el Grande,+52 77 1793 5403,ND,https://wa.me/527717935403,https://www.facebook.com/search/pages/?q=Boutique%20Emmanuel%20Atotonilco%20el%20Grande,"https://www.google.com/maps/search/?api=1&query=20.2872131,-98.66764071"
Boutique Gress,Atotonilco el Grande,+52 77 1404 2712,ND,https://wa.me/527714042712,https://www.facebook.com/search/pages/?q=Boutique%20Gress%20Atotonilco%20el%20Grande,"https://www.google.com/maps/search/?api=1&query=20.28550726,-98.66846069"
Boutique Kary,Atotonilco el Grande,+52 77 1151 9007,ND,https://wa.me/527711519007,https://www.facebook.com/search/pages/?q=Boutique%20Kary%20Atotonilco%20el%20Grande,"https://www.google.com/maps/search/?api=1&query=20.28752143,-98.66891893"
Boutique Luna,Atotonilco el Grande,+52 77 1445 1162,ND,https://wa.me/527714451162,https://www.facebook.com/search/pages/?q=Boutique%20Luna%20Atotonilco%20el%20Grande,"https://www.google.com/maps/search/?api=1&query=20.28422782,-98.66880968"
Boutique M Romina,Atotonilco el Grande,+52 77 1234 3542,ND,https://wa.me/527712343542,https://www.facebook.com/search/pages/?q=Boutique%20M%20Romina%20Atotonilco%20el%20Grande,"https://www.google.com/maps/search/?api=1&query=20.28599091,-98.66652691"
Boutique Maria Bonita,Atotonilco el Grande,+52 77 1331 6444,ND,https://wa.me/527713316444,https://www.facebook.com/search/pages/?q=Boutique%20Maria%20Bonita%20Atotonilco%20el%20Grande,"https://www.google.com/maps/search/?api=1&query=20.28545124,-98.6681756"
Boutique Mi Closet,Atotonilco el Grande,+52 77 1207 0837,ND,https://wa.me/527712070837,https://www.facebook.com/search/pages/?q=Boutique%20Mi%20Closet%20Atotonilco%20el%20Grande,"https://www.google.com/maps/search/?api=1&query=20.28735794,-98.66762762"
Boutique Siempre Bellas,Atotonilco el Grande,+52 77 1171 2739,ND,https://wa.me/527711712739,https://www.facebook.com/search/pages/?q=Boutique%20Siempre%20Bellas%20Atotonilco%20el%20Grande,"https://www.google.com/maps/search/?api=1&query=20.28422782,-98.66880968"
Tienda De Ropa Boutique Mi Outlet,Atotonilco el Grande,+52 77 1208 2520,ND,https://wa.me/527712082520,https://www.facebook.com/search/pages/?q=Tienda%20De%20Ropa%20Boutique%20Mi%20Outlet%20Atotonilco%20el%20Grande,"https://www.google.com/maps/search/?api=1&query=20.28323181,-98.66257611"
Tienda De Ropa Breanna Boutique,Atotonilco el Grande,+52 55 4271 7482,ND,https://wa.me/525542717482,https://www.facebook.com/search/pages/?q=Tienda%20De%20Ropa%20Breanna%20Boutique%20Atotonilco%20el%20Grande,"https://www.google.com/maps/search/?api=1&query=20.2871389,-98.66757269"
Tienda De Ropa De Hombre Y Mujer Bella Boutique,Atotonilco el Grande,+52 77 1263 4187,ND,https://wa.me/527712634187,https://www.facebook.com/search/pages/?q=Tienda%20De%20Ropa%20De%20Hombre%20Y%20Mujer%20Bella%20Boutique%20Atotonilco%20el%20Grande,"https://www.google.com/maps/search/?api=1&query=20.28590489,-98.66616506"
Tienda De Ropa Modas Hannia,Atotonilco el Grande,+52 77 1161 6388,ND,https://wa.me/527711616388,https://www.facebook.com/search/pages/?q=Tienda%20De%20Ropa%20Modas%20Hannia%20Atotonilco%20el%20Grande,"https://www.google.com/maps/search/?api=1&query=20.28747225,-98.66901989"
Tienda De Ropa Modas Harmani,Atotonilco el Grande,+52 77 1159 9224,ND,https://wa.me/527711599224,https://www.facebook.com/search/pages/?q=Tienda%20De%20Ropa%20Modas%20Harmani%20Atotonilco%20el%20Grande,"https://www.google.com/maps/search/?api=1&query=20.28587544,-98.66787534"
Tienda De Ropa Only Fashion,Atotonilco el Grande,+52 77 1188 4355,ND,https://wa.me/527711884355,https://www.facebook.com/search/pages/?q=Tienda%20De%20Ropa%20Only%20Fashion%20Atotonilco%20el%20Grande,"https://www.google.com/maps/search/?api=1&query=20.28686691,-98.66706462"
Tienda De Ropa Vaquera El Vaquero Chido,Atotonilco el Grande,+52 77 1176 3576,ND,https://wa.me/527711763576,https://www.facebook.com/search/pages/?q=Tienda%20De%20Ropa%20Vaquera%20El%20Vaquero%20Chido%20Atotonilco%20el%20Grande,"https://www.google.com/maps/search/?api=1&query=20.2871389,-98.66757269"
Ecomoda,Calnali,+52 77 1120 7413,ND,https://wa.me/527711207413,https://www.facebook.com/search/pages/?q=Ecomoda%20Calnali,"https://www.google.com/maps/search/?api=1&query=20.89707435,-98.58529837"
Tienda De Ropa Modas Jaguer,Calnali,+52 77 1340 1863,ND,https://wa.me/527713401863,https://www.facebook.com/search/pages/?q=Tienda%20De%20Ropa%20Modas%20Jaguer%20Calnali,"https://www.google.com/maps/search/?api=1&query=20.8972066,-98.58290333"
Boutique Jyzel Y Darian,Cardonal,ND,ND,ND,https://www.facebook.com/search/pages/?q=Boutique%20Jyzel%20Y%20Darian%20Cardonal,"https://www.google.com/maps/search/?api=1&query=20.61361672,-99.11638802"
Shein,Chapantongo,+52 55 4864 4105,ND,https://wa.me/525548644105,https://www.facebook.com/search/pages/?q=Shein%20Chapantongo,"https://www.google.com/maps/search/?api=1&query=20.28625368,-99.4119189"
Tienda De Ropa Santiago,Chapantongo,+52 55 4798 8289,ND,https://wa.me/525547988289,https://www.facebook.com/search/pages/?q=Tienda%20De%20Ropa%20Santiago%20Chapantongo,"https://www.google.com/maps/search/?api=1&query=20.28623428,-99.41453415"
Hert Closet,Chapulhuacán,+52 77 1330 7431,ND,https://wa.me/527713307431,https://www.facebook.com/search/pages/?q=Hert%20Closet%20Chapulhuacán,"https://www.google.com/maps/search/?api=1&query=21.1566596,-98.90602791"
Modas Emy,Chapulhuacán,+52 48 3103 2641,ND,https://wa.me/524831032641,https://www.facebook.com/search/pages/?q=Modas%20Emy%20Chapulhuacán,"https://www.google.com/maps/search/?api=1&query=21.15666449,-98.90579562"
Yaris Boutique,Chapulhuacán,+52 77 1161 3353,ND,https://wa.me/527711613353,https://www.facebook.com/search/pages/?q=Yaris%20Boutique%20Chapulhuacán,"https://www.google.com/maps/search/?api=1&query=21.15535664,-98.90370725"
Sam Estilo,Chilcuautla,+52 77 2153 2459,ND,https://wa.me/527721532459,https://www.facebook.com/search/pages/?q=Sam%20Estilo%20Chilcuautla,"https://www.google.com/maps/search/?api=1&query=20.33115008,-99.23092115"
Boutique Karnely,Cuautepec de Hinojosa,+52 77 5117 1556,ND,https://wa.me/527751171556,https://www.facebook.com/search/pages/?q=Boutique%20Karnely%20Cuautepec%20de%20Hinojosa,"https://www.google.com/maps/search/?api=1&query=20.04149725,-98.32061772"
Boutique Los Angeles,Cuautepec de Hinojosa,+52 77 5178 1244,ND,https://wa.me/527751781244,https://www.facebook.com/search/pages/?q=Boutique%20Los%20Angeles%20Cuautepec%20de%20Hinojosa,"https://www.google.com/maps/search/?api=1&query=20.03713675,-98.32395866"
Boutique Pera,Cuautepec de Hinojosa,+52 77 1271 3711,ND,https://wa.me/527712713711,https://www.facebook.com/search/pages/?q=Boutique%20Pera%20Cuautepec%20de%20Hinojosa,"https://www.google.com/maps/search/?api=1&query=19.99685667,-98.24517821"
Boutique Piki Piki,Cuautepec de Hinojosa,+52 77 5187 8010,ND,https://wa.me/527751878010,https://www.facebook.com/search/pages/?q=Boutique%20Piki%20Piki%20Cuautepec%20de%20Hinojosa,"https://www.google.com/maps/search/?api=1&query=20.03514891,-98.31194589"
Boutique Yuli,Cuautepec de Hinojosa,+52 77 5214 3547,ND,https://wa.me/527752143547,https://www.facebook.com/search/pages/?q=Boutique%20Yuli%20Cuautepec%20de%20Hinojosa,"https://www.google.com/maps/search/?api=1&query=20.03784242,-98.30994381"
Fashion Boutique La Pulga,Cuautepec de Hinojosa,+52 77 5109 4484,ND,https://wa.me/527751094484,https://www.facebook.com/search/pages/?q=Fashion%20Boutique%20La%20Pulga%20Cuautepec%20de%20Hinojosa,"https://www.google.com/maps/search/?api=1&query=20.03624154,-98.3128182"
Gh Boutique,Cuautepec de Hinojosa,+52 77 5151 4982,ND,https://wa.me/527751514982,https://www.facebook.com/search/pages/?q=Gh%20Boutique%20Cuautepec%20de%20Hinojosa,"https://www.google.com/maps/search/?api=1&query=20.03616879,-98.31298338"
Irka Shop,Cuautepec de Hinojosa,+52 77 5752 7758,ND,https://wa.me/527757527758,https://www.facebook.com/search/pages/?q=Irka%20Shop%20Cuautepec%20de%20Hinojosa,"https://www.google.com/maps/search/?api=1&query=20.03782446,-98.31229529"
Shopping La Trinidad,Cuautepec de Hinojosa,+52 77 5131 1531,ND,https://wa.me/527751311531,https://www.facebook.com/search/pages/?q=Shopping%20La%20Trinidad%20Cuautepec%20de%20Hinojosa,"https://www.google.com/maps/search/?api=1&query=20.04904411,-98.32590157"
Tienda De Ropa Moda Mafe,Cuautepec de Hinojosa,+52 77 5120 0535,ND,https://wa.me/527751200535,https://www.facebook.com/search/pages/?q=Tienda%20De%20Ropa%20Moda%20Mafe%20Cuautepec%20de%20Hinojosa,"https://www.google.com/maps/search/?api=1&query=20.01933461,-98.30085349"
Tienda De Ropa Pm Fashion,Cuautepec de Hinojosa,+52 77 5102 6921,ND,https://wa.me/527751026921,https://www.facebook.com/search/pages/?q=Tienda%20De%20Ropa%20Pm%20Fashion%20Cuautepec%20de%20Hinojosa,"https://www.google.com/maps/search/?api=1&query=19.99895654,-98.24508105"
Tienda De Ropa Armario Vip,El Arenal,+52 77 2159 0441,ND,https://wa.me/527721590441,https://www.facebook.com/search/pages/?q=Tienda%20De%20Ropa%20Armario%20Vip%20El%20Arenal,"https://www.google.com/maps/search/?api=1&query=20.22016314,-98.91010931"
Tienda de Ropa Doña Bonfi,Eloxochitlán,ND,ND,ND,https://www.facebook.com/search/pages/?q=Tienda%20de%20Ropa%20Doña%20Bonfi%20Eloxochitlán,https://www.google.com/maps/search/?api=1&query=Tienda%20de%20Ropa%20Doña%20Bonfi%2C%20Benito%20Juárez%203%2C%20La%20Fuente%2C%20Eloxochitlán%2C%20Hidalgo
Tienda De Ropa,Eloxochitlán,ND,ND,ND,https://www.facebook.com/search/pages/?q=Tienda%20De%20Ropa%20Eloxochitlán,"https://www.google.com/maps/search/?api=1&query=20.74652768,-98.80852253"
Closet 3 Estrellas,Emiliano Zapata,+52 77 1441 4572,ND,https://wa.me/527714414572,https://www.facebook.com/search/pages/?q=Closet%203%20Estrellas%20Emiliano%20Zapata,"https://www.google.com/maps/search/?api=1&query=19.65517592,-98.54577726"
Linda Moda,Emiliano Zapata,+52 77 5187 2688,ND,https://wa.me/527751872688,https://www.facebook.com/search/pages/?q=Linda%20Moda%20Emiliano%20Zapata,"https://www.google.com/maps/search/?api=1&query=19.65528249,-98.54509433"
Venta De Ropa,Epazoyucan,+52 77 1131 1585,ND,https://wa.me/527711311585,https://www.facebook.com/search/pages/?q=Venta%20De%20Ropa%20Epazoyucan,"https://www.google.com/maps/search/?api=1&query=20.01949903,-98.63875529"
Bella Boutique,Francisco I. Madero,+52 77 1330 1420,ND,https://wa.me/527713301420,https://www.facebook.com/search/pages/?q=Bella%20Boutique%20Francisco%20I.%20Madero,"https://www.google.com/maps/search/?api=1&query=20.24640398,-99.08802286"
Boutique 420,Francisco I. Madero,+52 55 6677 1189,ND,https://wa.me/525566771189,https://www.facebook.com/search/pages/?q=Boutique%20420%20Francisco%20I.%20Madero,"https://www.google.com/maps/search/?api=1&query=20.24553948,-99.08892062"
Boutique Ale Ibarra,Francisco I. Madero,+52 55 2541 3832,ND,https://wa.me/525525413832,https://www.facebook.com/search/pages/?q=Boutique%20Ale%20Ibarra%20Francisco%20I.%20Madero,"https://www.google.com/maps/search/?api=1&query=20.24582173,-99.08897616"
Boutique Bella Chic,Francisco I. Madero,+52 77 2141 2222,ND,https://wa.me/527721412222,https://www.facebook.com/search/pages/?q=Boutique%20Bella%20Chic%20Francisco%20I.%20Madero,"https://www.google.com/maps/search/?api=1&query=20.24302984,-99.08665416"
Boutique D Valentina,Francisco I. Madero,+52 77 2138 0207,ND,https://wa.me/527721380207,https://www.facebook.com/search/pages/?q=Boutique%20D%20Valentina%20Francisco%20I.%20Madero,"https://www.google.com/maps/search/?api=1&query=20.245349,-99.08799764"
Boutique De Ropa De Valentina,Francisco I. Madero,+52 77 2131 5108,ND,https://wa.me/527721315108,https://www.facebook.com/search/pages/?q=Boutique%20De%20Ropa%20De%20Valentina%20Francisco%20I.%20Madero,"https://www.google.com/maps/search/?api=1&query=20.24448562,-99.09029344"
Boutique De Venta De Ropa Por Catalago,Francisco I. Madero,+52 77 2130 8070,ND,https://wa.me/527721308070,https://www.facebook.com/search/pages/?q=Boutique%20De%20Venta%20De%20Ropa%20Por%20Catalago%20Francisco%20I.%20Madero,"https://www.google.com/maps/search/?api=1&query=20.24552965,-99.09060723"
Boutique Glow,Francisco I. Madero,+52 77 1441 8978,ND,https://wa.me/527714418978,https://www.facebook.com/search/pages/?q=Boutique%20Glow%20Francisco%20I.%20Madero,"https://www.google.com/maps/search/?api=1&query=20.24310143,-99.08735372"
Boutique La Españolita,Francisco I. Madero,+52 77 3260 9723,ND,https://wa.me/527732609723,https://www.facebook.com/search/pages/?q=Boutique%20La%20Españolita%20Francisco%20I.%20Madero,"https://www.google.com/maps/search/?api=1&query=20.2093881,-99.07236099"
Boutique Sanchez,Francisco I. Madero,+52 77 2129 9211,ND,https://wa.me/527721299211,https://www.facebook.com/search/pages/?q=Boutique%20Sanchez%20Francisco%20I.%20Madero,"https://www.google.com/maps/search/?api=1&query=20.24549132,-99.09026165"
Boutique Shekinah,Francisco I. Madero,+52 77 2161 9085,ND,https://wa.me/527721619085,https://www.facebook.com/search/pages/?q=Boutique%20Shekinah%20Francisco%20I.%20Madero,"https://www.google.com/maps/search/?api=1&query=20.24341734,-99.08891868"
Boutique Sr,Francisco I. Madero,+52 77 2156 5866,ND,https://wa.me/527721565866,https://www.facebook.com/search/pages/?q=Boutique%20Sr%20Francisco%20I.%20Madero,"https://www.google.com/maps/search/?api=1&query=20.24372919,-99.09007432"
Boutique Vrey,Francisco I. Madero,+52 77 2106 4457,ND,https://wa.me/527721064457,https://www.facebook.com/search/pages/?q=Boutique%20Vrey%20Francisco%20I.%20Madero,"https://www.google.com/maps/search/?api=1&query=20.24647986,-99.0879537"
Boutique Ximena,Francisco I. Madero,+52 77 2153 1600,ND,https://wa.me/527721531600,https://www.facebook.com/search/pages/?q=Boutique%20Ximena%20Francisco%20I.%20Madero,"https://www.google.com/maps/search/?api=1&query=20.21232516,-99.06128641"
Tienda De Ropa Boutique M,Francisco I. Madero,+52 55 6141 1636,ND,https://wa.me/525561411636,https://www.facebook.com/search/pages/?q=Tienda%20De%20Ropa%20Boutique%20M%20Francisco%20I.%20Madero,"https://www.google.com/maps/search/?api=1&query=20.2457155,-99.09205426"
Tienda De Ropa Top Shop,Francisco I. Madero,+52 77 2145 4173,ND,https://wa.me/527721454173,https://www.facebook.com/search/pages/?q=Tienda%20De%20Ropa%20Top%20Shop%20Francisco%20I.%20Madero,"https://www.google.com/maps/search/?api=1&query=20.24475263,-99.08995185"
CALOVA Boutique,Huasca de Ocampo,+52 771 112 8456,ND,https://wa.me/527711128456,https://www.facebook.com/search/pages/?q=CALOVA%20Boutique%20Huasca%20de%20Ocampo,"https://www.google.com/maps/search/?api=1&query=20.2140306,-98.5828533"
Tres treinta y tres,Huasca de Ocampo,+52 55 8400 3736,ND,https://wa.me/525584003736,https://www.facebook.com/search/pages/?q=Tres%20treinta%20y%20tres%20Huasca%20de%20Ocampo,"https://www.google.com/maps/search/?api=1&query=20.2023945,-98.5761038"
Laravel Boutique,Huautla,+52 77 1608 6764,ND,https://wa.me/527716086764,https://www.facebook.com/search/pages/?q=Laravel%20Boutique%20Huautla,"https://www.google.com/maps/search/?api=1&query=21.03227102,-98.28645553"
Modas Alexia,Huautla,+52 77 1152 6410,ND,https://wa.me/527711526410,https://www.facebook.com/search/pages/?q=Modas%20Alexia%20Huautla,"https://www.google.com/maps/search/?api=1&query=21.03204413,-98.28653233"
Moda Y Accesorios Nt,Huehuetla,+52 55 8644 0472,ND,https://wa.me/525586440472,https://www.facebook.com/search/pages/?q=Moda%20Y%20Accesorios%20Nt%20Huehuetla,"https://www.google.com/maps/search/?api=1&query=20.4595322,-98.07506969"
Ade Boutique,Huejutla de Reyes,+52 77 1244 1271,ND,https://wa.me/527712441271,https://www.facebook.com/search/pages/?q=Ade%20Boutique%20Huejutla%20de%20Reyes,"https://www.google.com/maps/search/?api=1&query=21.14141949,-98.42104748"
Boutique Carlotita,Huejutla de Reyes,+52 77 1110 5188,ND,https://wa.me/527711105188,https://www.facebook.com/search/pages/?q=Boutique%20Carlotita%20Huejutla%20de%20Reyes,"https://www.google.com/maps/search/?api=1&query=21.14316671,-98.41973699"
Boutique Dalila,Huejutla de Reyes,+52 77 1352 8074,ND,https://wa.me/527713528074,https://www.facebook.com/search/pages/?q=Boutique%20Dalila%20Huejutla%20de%20Reyes,"https://www.google.com/maps/search/?api=1&query=21.14227629,-98.4205387"
Boutique Guastekul,Huejutla de Reyes,+52 56 2593 9981,ND,https://wa.me/525625939981,https://www.facebook.com/search/pages/?q=Boutique%20Guastekul%20Huejutla%20de%20Reyes,"https://www.google.com/maps/search/?api=1&query=21.14508318,-98.41939559"
Boutique The Woman House,Huejutla de Reyes,+52 77 1345 7535,ND,https://wa.me/527713457535,https://www.facebook.com/search/pages/?q=Boutique%20The%20Woman%20House%20Huejutla%20de%20Reyes,"https://www.google.com/maps/search/?api=1&query=21.14174367,-98.42094897"
El Oso Malo Store,Huejutla de Reyes,+52 55 4467 8490,ND,https://wa.me/525544678490,https://www.facebook.com/search/pages/?q=El%20Oso%20Malo%20Store%20Huejutla%20de%20Reyes,"https://www.google.com/maps/search/?api=1&query=21.14441335,-98.41683101"
Meninas Boutique,Huejutla de Reyes,+52 83 3128 3854,ND,https://wa.me/528331283854,https://www.facebook.com/search/pages/?q=Meninas%20Boutique%20Huejutla%20de%20Reyes,"https://www.google.com/maps/search/?api=1&query=21.14287572,-98.41972345"
Modas La Reyna,Huejutla de Reyes,+52 77 1362 5368,ND,https://wa.me/527713625368,https://www.facebook.com/search/pages/?q=Modas%20La%20Reyna%20Huejutla%20de%20Reyes,"https://www.google.com/maps/search/?api=1&query=21.14417899,-98.41701295"
Modas Y Accesorios Abigail,Huejutla de Reyes,+52 77 1406 0912,ND,https://wa.me/527714060912,https://www.facebook.com/search/pages/?q=Modas%20Y%20Accesorios%20Abigail%20Huejutla%20de%20Reyes,"https://www.google.com/maps/search/?api=1&query=21.14260771,-98.41986232"
Rojas Boutique,Huejutla de Reyes,+52 77 1184 7089,ND,https://wa.me/527711847089,https://www.facebook.com/search/pages/?q=Rojas%20Boutique%20Huejutla%20de%20Reyes,"https://www.google.com/maps/search/?api=1&query=21.1427095,-98.42197217"
Saint Joseph Boutique Damas,Huejutla de Reyes,+52 78 9896 0232,ND,https://wa.me/527898960232,https://www.facebook.com/search/pages/?q=Saint%20Joseph%20Boutique%20Damas%20Huejutla%20de%20Reyes,"https://www.google.com/maps/search/?api=1&query=21.14312165,-98.41974781"
Shopping Keii,Huejutla de Reyes,+52 77 1217 4250,ND,https://wa.me/527712174250,https://www.facebook.com/search/pages/?q=Shopping%20Keii%20Huejutla%20de%20Reyes,"https://www.google.com/maps/search/?api=1&query=21.0519046,-98.50898723"
Tienda De Ropa Boutique Cristal,Huejutla de Reyes,+52 77 1155 0359,ND,https://wa.me/527711550359,https://www.facebook.com/search/pages/?q=Tienda%20De%20Ropa%20Boutique%20Cristal%20Huejutla%20de%20Reyes,"https://www.google.com/maps/search/?api=1&query=21.142975,-98.41970125"
Tienda De Ropa Modas Sarita,Huejutla de Reyes,+52 77 1302 1092,ND,https://wa.me/527713021092,https://www.facebook.com/search/pages/?q=Tienda%20De%20Ropa%20Modas%20Sarita%20Huejutla%20de%20Reyes,"https://www.google.com/maps/search/?api=1&query=21.14371666,-98.41956749"
Tienda De Ropa Modas Valeri,Huejutla de Reyes,+52 77 1365 7390,ND,https://wa.me/527713657390,https://www.facebook.com/search/pages/?q=Tienda%20De%20Ropa%20Modas%20Valeri%20Huejutla%20de%20Reyes,"https://www.google.com/maps/search/?api=1&query=21.14198717,-98.41932766"
Tienda De Ropa Mr Boutique,Huejutla de Reyes,+52 77 1329 5731,ND,https://wa.me/527713295731,https://www.facebook.com/search/pages/?q=Tienda%20De%20Ropa%20Mr%20Boutique%20Huejutla%20de%20Reyes,"https://www.google.com/maps/search/?api=1&query=21.14161808,-98.42068016"
Tienda De Ropa Ops Store,Huejutla de Reyes,+52 77 1146 4281,ND,https://wa.me/527711464281,https://www.facebook.com/search/pages/?q=Tienda%20De%20Ropa%20Ops%20Store%20Huejutla%20de%20Reyes,"https://www.google.com/maps/search/?api=1&query=21.13748563,-98.41461264"
Tienda De Ropa Super Modas Tepito,Huejutla de Reyes,+52 77 1127 8963,ND,https://wa.me/527711278963,https://www.facebook.com/search/pages/?q=Tienda%20De%20Ropa%20Super%20Modas%20Tepito%20Huejutla%20de%20Reyes,"https://www.google.com/maps/search/?api=1&query=21.14270627,-98.41872634"
Tienda De Vestidos Amore Boutique,Huejutla de Reyes,+52 77 1129 7449,ND,https://wa.me/527711297449,https://www.facebook.com/search/pages/?q=Tienda%20De%20Vestidos%20Amore%20Boutique%20Huejutla%20de%20Reyes,"https://www.google.com/maps/search/?api=1&query=21.1418981,-98.42095427"
Venta De Ropa Magui Fashion,Huejutla de Reyes,+52 77 1191 5964,ND,https://wa.me/527711915964,https://www.facebook.com/search/pages/?q=Venta%20De%20Ropa%20Magui%20Fashion%20Huejutla%20de%20Reyes,"https://www.google.com/maps/search/?api=1&query=21.14480446,-98.42456413"
Boutique Melmors,Huichapan,+52 77 3151 2682,gloriachavez_mejia@gmail.com,https://wa.me/527731512682,https://www.facebook.com/search/pages/?q=Boutique%20Melmors%20Huichapan,"https://www.google.com/maps/search/?api=1&query=20.37604908,-99.65118057"
Tienda De Ropa Lilis Boutique,Huichapan,+52 77 3102 0007,lillyolvera@gmail.com,https://wa.me/527731020007,https://www.facebook.com/search/pages/?q=Tienda%20De%20Ropa%20Lilis%20Boutique%20Huichapan,"https://www.google.com/maps/search/?api=1&query=20.37621239,-99.64978358"
Boutique Ke Eve,Huichapan,+52 44 2622 7545,ND,https://wa.me/524426227545,https://www.facebook.com/search/pages/?q=Boutique%20Ke%20Eve%20Huichapan,"https://www.google.com/maps/search/?api=1&query=20.37369371,-99.64975188"
Boutique Kris,Huichapan,+52 77 3122 4658,ND,https://wa.me/527731224658,https://www.facebook.com/search/pages/?q=Boutique%20Kris%20Huichapan,"https://www.google.com/maps/search/?api=1&query=20.37456769,-99.652486"
Don Vaquero,Huichapan,+52 77 3137 4088,ND,https://wa.me/527731374088,https://www.facebook.com/search/pages/?q=Don%20Vaquero%20Huichapan,"https://www.google.com/maps/search/?api=1&query=20.37455011,-99.65212045"
Erika Moda Y Accesorios,Huichapan,+52 77 3140 0211,ND,https://wa.me/527731400211,https://www.facebook.com/search/pages/?q=Erika%20Moda%20Y%20Accesorios%20Huichapan,"https://www.google.com/maps/search/?api=1&query=20.37339647,-99.64973575"
Moda Li,Huichapan,+52 77 3156 4697,ND,https://wa.me/527731564697,https://www.facebook.com/search/pages/?q=Moda%20Li%20Huichapan,"https://www.google.com/maps/search/?api=1&query=20.3761018,-99.65123699"
Tienda De Ropa Curvy Boutique De Tallas Extra,Huichapan,+52 77 3127 8414,ND,https://wa.me/527731278414,https://www.facebook.com/search/pages/?q=Tienda%20De%20Ropa%20Curvy%20Boutique%20De%20Tallas%20Extra%20Huichapan,"https://www.google.com/maps/search/?api=1&query=20.37478062,-99.64947118"
Tienda De Ropa Rm Boutique,Huichapan,+52 55 1610 8350,ND,https://wa.me/525516108350,https://www.facebook.com/search/pages/?q=Tienda%20De%20Ropa%20Rm%20Boutique%20Huichapan,"https://www.google.com/maps/search/?api=1&query=20.37347811,-99.64899413"
Tienda De Ropa Rm Boutique,Huichapan,+52 55 1510 8350,ND,https://wa.me/525515108350,https://www.facebook.com/search/pages/?q=Tienda%20De%20Ropa%20Rm%20Boutique%20Huichapan,"https://www.google.com/maps/search/?api=1&query=20.3740883,-99.65001204"
Tienda De Ropa Y Accesorios Kamila Boutique,Huichapan,+52 41 7117 8929,ND,https://wa.me/524171178929,https://www.facebook.com/search/pages/?q=Tienda%20De%20Ropa%20Y%20Accesorios%20Kamila%20Boutique%20Huichapan,"https://www.google.com/maps/search/?api=1&query=20.37434698,-99.65038961"
Goga Innovando La Moda,Ixmiquilpan,+52 75 9723 3801,braulindelgadin@hotmail.com,https://wa.me/527597233801,https://www.facebook.com/search/pages/?q=Goga%20Innovando%20La%20Moda%20Ixmiquilpan,"https://www.google.com/maps/search/?api=1&query=20.48295775,-99.21793189"
Territorio Vaquero Wenstern Store,Ixmiquilpan,+52 77 2101 8814,b.vaquero@hotmail.com,https://wa.me/527721018814,https://www.facebook.com/search/pages/?q=Territorio%20Vaquero%20Wenstern%20Store%20Ixmiquilpan,"https://www.google.com/maps/search/?api=1&query=20.4845394,-99.2181413"
Boutique Bl,Ixmiquilpan,+52 77 2101 9343,ND,https://wa.me/527721019343,https://www.facebook.com/search/pages/?q=Boutique%20Bl%20Ixmiquilpan,"https://www.google.com/maps/search/?api=1&query=20.48456517,-99.21689941"
Boutique Okoa,Ixmiquilpan,+52 44 2255 2250,ND,https://wa.me/524422552250,https://www.facebook.com/search/pages/?q=Boutique%20Okoa%20Ixmiquilpan,"https://www.google.com/maps/search/?api=1&query=20.48993833,-99.22795801"
Boutique Twenly One,Ixmiquilpan,+52 77 2154 7152,ND,https://wa.me/527721547152,https://www.facebook.com/search/pages/?q=Boutique%20Twenly%20One%20Ixmiquilpan,"https://www.google.com/maps/search/?api=1&query=20.46323169,-99.2000745"
Paqueteria Y Boutique Colibri,Ixmiquilpan,+52 77 2134 5991,ND,https://wa.me/527721345991,https://www.facebook.com/search/pages/?q=Paqueteria%20Y%20Boutique%20Colibri%20Ixmiquilpan,"https://www.google.com/maps/search/?api=1&query=20.48593886,-99.21972205"
Venta De Ropa Boutique Versatil.Mx,Ixmiquilpan,+52 77 2159 4130,ND,https://wa.me/527721594130,https://www.facebook.com/search/pages/?q=Venta%20De%20Ropa%20Boutique%20Versatil.Mx%20Ixmiquilpan,"https://www.google.com/maps/search/?api=1&query=20.48245804,-99.21273205"
Venta De Ropa Y Accesorios Boutique Authentic Aliens,Ixmiquilpan,+52 77 2199 3490,ND,https://wa.me/527721993490,https://www.facebook.com/search/pages/?q=Venta%20De%20Ropa%20Y%20Accesorios%20Boutique%20Authentic%20Aliens%20Ixmiquilpan,"https://www.google.com/maps/search/?api=1&query=20.48280843,-99.21956608"
Fabys Boutique,Jacala de Ledezma,+52 77 1339 0884,ND,https://wa.me/527713390884,https://www.facebook.com/search/pages/?q=Fabys%20Boutique%20Jacala%20de%20Ledezma,"https://www.google.com/maps/search/?api=1&query=21.00656082,-99.19021311"
Mariss Shop,Jacala de Ledezma,+52 55 7194 8527,ND,https://wa.me/525571948527,https://www.facebook.com/search/pages/?q=Mariss%20Shop%20Jacala%20de%20Ledezma,"https://www.google.com/maps/search/?api=1&query=21.00693854,-99.19081443"
Taly Fashion Shoes,Jaltocán,+52 77 1189 3093,ND,https://wa.me/527711893093,https://www.facebook.com/search/pages/?q=Taly%20Fashion%20Shoes%20Jaltocán,"https://www.google.com/maps/search/?api=1&query=21.13120728,-98.54007884"
Venta De Ropa Nueva,La Misión,+52 77 1365 0884,ND,https://wa.me/527713650884,https://www.facebook.com/search/pages/?q=Venta%20De%20Ropa%20Nueva%20La%20Misión,"https://www.google.com/maps/search/?api=1&query=21.09825685,-99.12225385"
Tienda De Ropa,La Misión,+52 77 1109 0271,ND,https://wa.me/527711090271,https://www.facebook.com/search/pages/?q=Tienda%20De%20Ropa%20La%20Misión,"https://www.google.com/maps/search/?api=1&query=21.09859702,-99.12291364"
Boutique Abyade,Metepec,+52 77 5593 5935,ND,https://wa.me/527755935935,https://www.facebook.com/search/pages/?q=Boutique%20Abyade%20Metepec,"https://www.google.com/maps/search/?api=1&query=20.23783333,-98.32226581"
Tienda De Ropa Boutique Kiara,Metztitlán,+52 77 1132 8129,ND,https://wa.me/527711328129,https://www.facebook.com/search/pages/?q=Tienda%20De%20Ropa%20Boutique%20Kiara%20Metztitlán,"https://www.google.com/maps/search/?api=1&query=20.59283139,-98.7632207"
Tienda De Ropa Orange Pink Boutique,Metztitlán,+52 77 1175 9156,ND,https://wa.me/527711759156,https://www.facebook.com/search/pages/?q=Tienda%20De%20Ropa%20Orange%20Pink%20Boutique%20Metztitlán,"https://www.google.com/maps/search/?api=1&query=20.59245395,-98.76524254"
Tienda De Ropa Valeria Boutique,Metztitlán,+52 77 1559 3032,ND,https://wa.me/527715593032,https://www.facebook.com/search/pages/?q=Tienda%20De%20Ropa%20Valeria%20Boutique%20Metztitlán,"https://www.google.com/maps/search/?api=1&query=20.5905781,-98.76845018"
Tienda De Ropa Modas B Y J,Mineral de la Reforma,+52 77 1234 3463,laulizcoca@gmail.com,https://wa.me/527712343463,https://www.facebook.com/search/pages/?q=Tienda%20De%20Ropa%20Modas%20B%20Y%20J%20Mineral%20de%20la%20Reforma,"https://www.google.com/maps/search/?api=1&query=20.09775038,-98.70526035"
Amapola Boutique,Mineral de la Reforma,+52 77 1424 5139,ND,https://wa.me/527714245139,https://www.facebook.com/search/pages/?q=Amapola%20Boutique%20Mineral%20de%20la%20Reforma,"https://www.google.com/maps/search/?api=1&query=20.06099089,-98.71777282"
Boutique Boho Pink,Mineral de la Reforma,+52 77 1149 2713,ND,https://wa.me/527711492713,https://www.facebook.com/search/pages/?q=Boutique%20Boho%20Pink%20Mineral%20de%20la%20Reforma,"https://www.google.com/maps/search/?api=1&query=20.05805698,-98.76541558"
Boutique Lluna,Mineral de la Reforma,+52 74 6108 6669,ND,https://wa.me/527461086669,https://www.facebook.com/search/pages/?q=Boutique%20Lluna%20Mineral%20de%20la%20Reforma,"https://www.google.com/maps/search/?api=1&query=20.08317335,-98.73566469"
Boutique Mujer Vanidosa,Mineral de la Reforma,+52 77 1191 3675,ND,https://wa.me/527711913675,https://www.facebook.com/search/pages/?q=Boutique%20Mujer%20Vanidosa%20Mineral%20de%20la%20Reforma,"https://www.google.com/maps/search/?api=1&query=20.05864822,-98.76807901"
Boutique Oro Rosa,Mineral de la Reforma,+52 55 6089 2585,ND,https://wa.me/525560892585,https://www.facebook.com/search/pages/?q=Boutique%20Oro%20Rosa%20Mineral%20de%20la%20Reforma,"https://www.google.com/maps/search/?api=1&query=20.10234899,-98.70875618"
Boutique Prestige,Mineral de la Reforma,+52 77 1128 3685,ND,https://wa.me/527711283685,https://www.facebook.com/search/pages/?q=Boutique%20Prestige%20Mineral%20de%20la%20Reforma,"https://www.google.com/maps/search/?api=1&query=20.08037753,-98.73641382"
Boutique Soriano,Mineral de la Reforma,+52 55 2538 2442,ND,https://wa.me/525525382442,https://www.facebook.com/search/pages/?q=Boutique%20Soriano%20Mineral%20de%20la%20Reforma,"https://www.google.com/maps/search/?api=1&query=20.11058763,-98.71602702"
Boutique T&F,Mineral de la Reforma,+52 77 1303 9270,ND,https://wa.me/527713039270,https://www.facebook.com/search/pages/?q=Boutique%20T%26F%20Mineral%20de%20la%20Reforma,"https://www.google.com/maps/search/?api=1&query=20.05369328,-98.76427168"
Boutique Vasoca,Mineral de la Reforma,+52 77 1684 7320,ND,https://wa.me/527716847320,https://www.facebook.com/search/pages/?q=Boutique%20Vasoca%20Mineral%20de%20la%20Reforma,"https://www.google.com/maps/search/?api=1&query=20.05791616,-98.75486201"
Bunny Girl Boutique,Mineral de la Reforma,+52 77 1180 0219,ND,https://wa.me/527711800219,https://www.facebook.com/search/pages/?q=Bunny%20Girl%20Boutique%20Mineral%20de%20la%20Reforma,"https://www.google.com/maps/search/?api=1&query=20.05559469,-98.77200807"
Cy Boutique,Mineral de la Reforma,+52 77 1405 7933,ND,https://wa.me/527714057933,https://www.facebook.com/search/pages/?q=Cy%20Boutique%20Mineral%20de%20la%20Reforma,"https://www.google.com/maps/search/?api=1&query=20.0583762,-98.7632311"
Hana Clothing Boutique,Mineral de la Reforma,+52 77 1362 9140,ND,https://wa.me/527713629140,https://www.facebook.com/search/pages/?q=Hana%20Clothing%20Boutique%20Mineral%20de%20la%20Reforma,"https://www.google.com/maps/search/?api=1&query=20.05781748,-98.77597716"
Hello Sunshine Clothes Store,Mineral de la Reforma,+52 77 1661 1899,ND,https://wa.me/527716611899,https://www.facebook.com/search/pages/?q=Hello%20Sunshine%20Clothes%20Store%20Mineral%20de%20la%20Reforma,"https://www.google.com/maps/search/?api=1&query=20.10016993,-98.7099319"
Jeanka Venta De Productos Americanos,Mineral de la Reforma,+52 77 1258 7716,ND,https://wa.me/527712587716,https://www.facebook.com/search/pages/?q=Jeanka%20Venta%20De%20Productos%20Americanos%20Mineral%20de%20la%20Reforma,"https://www.google.com/maps/search/?api=1&query=20.10042561,-98.70952836"
Lessa Store Boutique,Mineral de la Reforma,+52 77 1390 2649,ND,https://wa.me/527713902649,https://www.facebook.com/search/pages/?q=Lessa%20Store%20Boutique%20Mineral%20de%20la%20Reforma,"https://www.google.com/maps/search/?api=1&query=20.05970635,-98.76657547"
Pantalones Yacky Jeans,Mineral de la Reforma,+52 77 1195 1332,ND,https://wa.me/527711951332,https://www.facebook.com/search/pages/?q=Pantalones%20Yacky%20Jeans%20Mineral%20de%20la%20Reforma,"https://www.google.com/maps/search/?api=1&query=20.05815967,-98.77663988"
Queen Boutique,Mineral de la Reforma,+52 77 1229 8620,ND,https://wa.me/527712298620,https://www.facebook.com/search/pages/?q=Queen%20Boutique%20Mineral%20de%20la%20Reforma,"https://www.google.com/maps/search/?api=1&query=20.04463504,-98.71242675"
Shein Boutique Coleccion Venta Ropa,Mineral de la Reforma,+52 77 1266 7487,ND,https://wa.me/527712667487,https://www.facebook.com/search/pages/?q=Shein%20Boutique%20Coleccion%20Venta%20Ropa%20Mineral%20de%20la%20Reforma,"https://www.google.com/maps/search/?api=1&query=20.06308034,-98.7668972"
Tienda De Ropa Moda Y Estilo,Mineral de la Reforma,+52 77 1158 6231,ND,https://wa.me/527711586231,https://www.facebook.com/search/pages/?q=Tienda%20De%20Ropa%20Moda%20Y%20Estilo%20Mineral%20de%20la%20Reforma,"https://www.google.com/maps/search/?api=1&query=20.0608137,-98.77265294"
Tienda De Ropa Pravi Boutique,Mineral de la Reforma,+52 72 9964 6192,ND,https://wa.me/527299646192,https://www.facebook.com/search/pages/?q=Tienda%20De%20Ropa%20Pravi%20Boutique%20Mineral%20de%20la%20Reforma,"https://www.google.com/maps/search/?api=1&query=20.06096037,-98.77220763"
Tienda De Ropa Sarabi Boutique,Mineral de la Reforma,+52 77 1568 1836,ND,https://wa.me/527715681836,https://www.facebook.com/search/pages/?q=Tienda%20De%20Ropa%20Sarabi%20Boutique%20Mineral%20de%20la%20Reforma,"https://www.google.com/maps/search/?api=1&query=20.05954474,-98.76680071"
Tienda De Ropa Woman Boutique,Mineral de la Reforma,+52 77 1152 7719,ND,https://wa.me/527711527719,https://www.facebook.com/search/pages/?q=Tienda%20De%20Ropa%20Woman%20Boutique%20Mineral%20de%20la%20Reforma,"https://www.google.com/maps/search/?api=1&query=20.06762703,-98.71592169"
Tienda Garza Shop,Mineral de la Reforma,+52 77 1717 2000,ND,https://wa.me/527717172000,https://www.facebook.com/search/pages/?q=Tienda%20Garza%20Shop%20Mineral%20de%20la%20Reforma,"https://www.google.com/maps/search/?api=1&query=20.10799582,-98.71171463"
Yllan Boutique,Mineral de la Reforma,+52 77 1206 9349,ND,https://wa.me/527712069349,https://www.facebook.com/search/pages/?q=Yllan%20Boutique%20Mineral%20de%20la%20Reforma,"https://www.google.com/maps/search/?api=1&query=20.05832003,-98.76656984"
Venta De Ropa De Montaña El Cajon Que Abriga,Mineral del Chico,+52 77 1125 9991,ND,https://wa.me/527711259991,https://www.facebook.com/search/pages/?q=Venta%20De%20Ropa%20De%20Montaña%20El%20Cajon%20Que%20Abriga%20Mineral%20del%20Chico,"https://www.google.com/maps/search/?api=1&query=20.21485769,-98.7308694"
Venta De Ropa,Mineral del Chico,ND,ND,ND,https://www.facebook.com/search/pages/?q=Venta%20De%20Ropa%20Mineral%20del%20Chico,"https://www.google.com/maps/search/?api=1&query=20.21517019,-98.73103221"
Boutique G Love,Mineral del Monte,+52 77 1421 3932,ND,https://wa.me/527714213932,https://www.facebook.com/search/pages/?q=Boutique%20G%20Love%20Mineral%20del%20Monte,"https://www.google.com/maps/search/?api=1&query=20.13762076,-98.67264071"
Boutique Amor Mio,Mixquiahuala de Juárez,+52 77 3109 2334,ND,https://wa.me/527731092334,https://www.facebook.com/search/pages/?q=Boutique%20Amor%20Mio%20Mixquiahuala%20de%20Juárez,"https://www.google.com/maps/search/?api=1&query=20.23017866,-99.21323264"
Boutique Aranza,Mixquiahuala de Juárez,+52 77 1397 1354,ND,https://wa.me/527713971354,https://www.facebook.com/search/pages/?q=Boutique%20Aranza%20Mixquiahuala%20de%20Juárez,"https://www.google.com/maps/search/?api=1&query=20.23001632,-99.21509976"
Boutique Bionik,Mixquiahuala de Juárez,+52 77 2123 9183,ND,https://wa.me/527721239183,https://www.facebook.com/search/pages/?q=Boutique%20Bionik%20Mixquiahuala%20de%20Juárez,"https://www.google.com/maps/search/?api=1&query=20.23017641,-99.21380932"
Boutique De Ropa Urban Men,Mixquiahuala de Juárez,+52 77 2109 8517,ND,https://wa.me/527721098517,https://www.facebook.com/search/pages/?q=Boutique%20De%20Ropa%20Urban%20Men%20Mixquiahuala%20de%20Juárez,"https://www.google.com/maps/search/?api=1&query=20.23017847,-99.21328066"
Boutique Eleganzza,Mixquiahuala de Juárez,+52 77 2200 0311,ND,https://wa.me/527722000311,https://www.facebook.com/search/pages/?q=Boutique%20Eleganzza%20Mixquiahuala%20de%20Juárez,"https://www.google.com/maps/search/?api=1&query=20.23047078,-99.21601244"
Boutique Fahson Lucero,Mixquiahuala de Juárez,+52 77 2175 4505,ND,https://wa.me/527721754505,https://www.facebook.com/search/pages/?q=Boutique%20Fahson%20Lucero%20Mixquiahuala%20de%20Juárez,"https://www.google.com/maps/search/?api=1&query=20.23017944,-99.20968719"
Boutique Juliete,Mixquiahuala de Juárez,+52 77 2132 5969,ND,https://wa.me/527721325969,https://www.facebook.com/search/pages/?q=Boutique%20Juliete%20Mixquiahuala%20de%20Juárez,"https://www.google.com/maps/search/?api=1&query=20.22929366,-99.21467858"
Boutique Kicca Ricca,Mixquiahuala de Juárez,+52 77 3126 3016,ND,https://wa.me/527731263016,https://www.facebook.com/search/pages/?q=Boutique%20Kicca%20Ricca%20Mixquiahuala%20de%20Juárez,"https://www.google.com/maps/search/?api=1&query=20.22912374,-99.21468654"
Boutique Mamut,Mixquiahuala de Juárez,+52 77 2104 9411,ND,https://wa.me/527721049411,https://www.facebook.com/search/pages/?q=Boutique%20Mamut%20Mixquiahuala%20de%20Juárez,"https://www.google.com/maps/search/?api=1&query=20.22955558,-99.21399421"
Boutique Paradise,Mixquiahuala de Juárez,+52 77 2179 4995,ND,https://wa.me/527721794995,https://www.facebook.com/search/pages/?q=Boutique%20Paradise%20Mixquiahuala%20de%20Juárez,"https://www.google.com/maps/search/?api=1&query=20.22994789,-99.21394118"
Boutique S Room,Mixquiahuala de Juárez,+52 77 1114 0878,ND,https://wa.me/527711140878,https://www.facebook.com/search/pages/?q=Boutique%20S%20Room%20Mixquiahuala%20de%20Juárez,"https://www.google.com/maps/search/?api=1&query=20.22912015,-99.21349301"
Boutique Tomix,Mixquiahuala de Juárez,+52 77 1118 1269,ND,https://wa.me/527711181269,https://www.facebook.com/search/pages/?q=Boutique%20Tomix%20Mixquiahuala%20de%20Juárez,"https://www.google.com/maps/search/?api=1&query=20.22893385,-99.21512259"
X-Treme Fashion,Mixquiahuala de Juárez,+52 77 2138 5164,ND,https://wa.me/527721385164,https://www.facebook.com/search/pages/?q=X-Treme%20Fashion%20Mixquiahuala%20de%20Juárez,"https://www.google.com/maps/search/?api=1&query=20.22968576,-99.21520212"
Boutic La Morenita,Molango de Escamilla,ND,ND,ND,https://www.facebook.com/search/pages/?q=Boutic%20La%20Morenita%20Molango%20de%20Escamilla,"https://www.google.com/maps/search/?api=1&query=20.78513704,-98.72796895"
Jiro De Ropa,Molango de Escamilla,ND,ND,ND,https://www.facebook.com/search/pages/?q=Jiro%20De%20Ropa%20Molango%20de%20Escamilla,"https://www.google.com/maps/search/?api=1&query=20.78644025,-98.72625015"
La Chulada Ropa,Nicolás Flores,ND,ND,ND,https://www.facebook.com/search/pages/?q=La%20Chulada%20Ropa%20Nicolás%20Flores,"https://www.google.com/maps/search/?api=1&query=20.76759571,-99.15067228"
HARVEY'S STORE,Nopala de Villagrán,ND,ND,ND,https://www.facebook.com/search/pages/?q=HARVEY%27S%20STORE%20Nopala%20de%20Villagrán,"https://www.google.com/maps/search/?api=1&query=20.2505908,-99.6512005"
Lofiel,Nopala de Villagrán,ND,ND,ND,https://www.facebook.com/search/pages/?q=Lofiel%20Nopala%20de%20Villagrán,"https://www.google.com/maps/search/?api=1&query=20.2527163,-99.6455488"
Tienda De Ropa Mi Dulce Moda,Omitlán de Juárez,+52 77 1338 5998,ND,https://wa.me/527713385998,https://www.facebook.com/search/pages/?q=Tienda%20De%20Ropa%20Mi%20Dulce%20Moda%20Omitlán%20de%20Juárez,"https://www.google.com/maps/search/?api=1&query=20.16821164,-98.6496289"
Boutique De Calcetas Sox Shop,Pachuca de Soto,+52 55 6126 2136,shopsox@tecnosocks.com,https://wa.me/525561262136,https://www.facebook.com/search/pages/?q=Boutique%20De%20Calcetas%20Sox%20Shop%20Pachuca%20de%20Soto,"https://www.google.com/maps/search/?api=1&query=20.03922148,-98.79364396"
Boutique El Closet De Ana,Pachuca de Soto,+52 77 1100 8108,elclosetdeana25@gmail.com,https://wa.me/527711008108,https://www.facebook.com/search/pages/?q=Boutique%20El%20Closet%20De%20Ana%20Pachuca%20de%20Soto,"https://www.google.com/maps/search/?api=1&query=20.1141163,-98.73383975"
Boutique Linda Y Coqueta,Pachuca de Soto,+52 56 5079 4104,dulceycoqueta1@gmail.com,https://wa.me/525650794104,https://www.facebook.com/search/pages/?q=Boutique%20Linda%20Y%20Coqueta%20Pachuca%20de%20Soto,"https://www.google.com/maps/search/?api=1&query=20.11572754,-98.77004984"
Boutique Paris,Pachuca de Soto,+52 77 1106 2714,paris_yeya@hotmail.com,https://wa.me/527711062714,https://www.facebook.com/search/pages/?q=Boutique%20Paris%20Pachuca%20de%20Soto,"https://www.google.com/maps/search/?api=1&query=20.11540139,-98.75439632"
Boutique The Street Store,Pachuca de Soto,+52 77 1117 1847,ND,https://wa.me/527711171847,https://WWW.THESTREETSTORE.COM/,"https://www.google.com/maps/search/?api=1&query=20.09250674,-98.75234803"
Boutique Ximena,Pachuca de Soto,+52 77 1271 3854,dragon20042905@hotmail.com,https://wa.me/527712713854,https://www.facebook.com/search/pages/?q=Boutique%20Ximena%20Pachuca%20de%20Soto,"https://www.google.com/maps/search/?api=1&query=20.11602181,-98.71719792"
Diamond Shop,Pachuca de Soto,+52 77 1715 4594,diamondshop0611@gmail.com,https://wa.me/527717154594,https://www.facebook.com/search/pages/?q=Diamond%20Shop%20Pachuca%20de%20Soto,"https://www.google.com/maps/search/?api=1&query=20.11873399,-98.72635844"
Flete Fashion Global,Pachuca de Soto,+52 77 1348 2519,fetefashionglobal@gmail.com,https://wa.me/527713482519,https://WWW.FETEFASHIONGLOBAL.COM/,"https://www.google.com/maps/search/?api=1&query=20.1140359,-98.75350052"
La Boutique De Rose Store,Pachuca de Soto,+52 77 1268 3554,ramoncho.33@hotmail.com,https://wa.me/527712683554,https://www.facebook.com/search/pages/?q=La%20Boutique%20De%20Rose%20Store%20Pachuca%20de%20Soto,"https://www.google.com/maps/search/?api=1&query=20.11807997,-98.74518279"
Pp&T Store,Pachuca de Soto,+52 77 1203 8341,dan_0192@hotmail.com,https://wa.me/527712038341,https://www.facebook.com/search/pages/?q=Pp%26T%20Store%20Pachuca%20de%20Soto,"https://www.google.com/maps/search/?api=1&query=20.12373685,-98.73589985"
Practimoda,Pachuca de Soto,+52 77 1129 2843,ventaspractimoda@gmail.com,https://wa.me/527711292843,https://www.facebook.com/search/pages/?q=Practimoda%20Pachuca%20de%20Soto,"https://www.google.com/maps/search/?api=1&query=20.12764517,-98.73272188"
Tienda De Ropa De Mujer Gabbu Store,Pachuca de Soto,+52 55 9100 5746,gaby.79@hotmail.com,https://wa.me/525591005746,https://www.facebook.com/search/pages/?q=Tienda%20De%20Ropa%20De%20Mujer%20Gabbu%20Store%20Pachuca%20de%20Soto,"https://www.google.com/maps/search/?api=1&query=20.09984247,-98.77234404"
Tienda De Ropa Vaquera Y Accesorios Bonanza,Pachuca de Soto,+52 77 1221 0074,wrangler1centro@gmail.com,https://wa.me/527712210074,https://www.facebook.com/search/pages/?q=Tienda%20De%20Ropa%20Vaquera%20Y%20Accesorios%20Bonanza%20Pachuca%20de%20Soto,"https://www.google.com/maps/search/?api=1&query=20.12465545,-98.73521869"
Venta De Ropa Y Accesorios Estacion 91 Shop Mexico,Pachuca de Soto,+52 77 1334 7149,ND,https://wa.me/527713347149,https://WWW.ESTACION91SHOPMEXICO.COM/,"https://www.google.com/maps/search/?api=1&query=20.11190291,-98.7455253"
Aiddas Moda De Temporada Tienda De Ropa,Pachuca de Soto,+52 77 1177 6637,ND,https://wa.me/527711776637,https://www.facebook.com/search/pages/?q=Aiddas%20Moda%20De%20Temporada%20Tienda%20De%20Ropa%20Pachuca%20de%20Soto,"https://www.google.com/maps/search/?api=1&query=20.12141502,-98.76331629"
American Style Tienda De Ropa,Pachuca de Soto,+52 77 1775 6692,ND,https://wa.me/527717756692,https://www.facebook.com/search/pages/?q=American%20Style%20Tienda%20De%20Ropa%20Pachuca%20de%20Soto,"https://www.google.com/maps/search/?api=1&query=20.11194328,-98.76994589"
Arantza S Boutique,Pachuca de Soto,+52 77 1131 3920,ND,https://wa.me/527711313920,https://www.facebook.com/search/pages/?q=Arantza%20S%20Boutique%20Pachuca%20de%20Soto,"https://www.google.com/maps/search/?api=1&query=20.09693388,-98.77742756"
Biliz Store,Pachuca de Soto,+52 55 1975 2292,ND,https://wa.me/525519752292,https://www.facebook.com/search/pages/?q=Biliz%20Store%20Pachuca%20de%20Soto,"https://www.google.com/maps/search/?api=1&query=20.10991877,-98.76908484"
Boutique Amor Bonito,Pachuca de Soto,+52 77 7168 4468,ND,https://wa.me/527771684468,https://www.facebook.com/search/pages/?q=Boutique%20Amor%20Bonito%20Pachuca%20de%20Soto,"https://www.google.com/maps/search/?api=1&query=20.02827512,-98.78259383"
Boutique Astrid,Pachuca de Soto,+52 77 1364 1856,ND,https://wa.me/527713641856,https://www.facebook.com/search/pages/?q=Boutique%20Astrid%20Pachuca%20de%20Soto,"https://www.google.com/maps/search/?api=1&query=20.06122386,-98.78500272"
Boutique Bella Moda,Pachuca de Soto,+52 77 1363 5635,ND,https://wa.me/527713635635,https://www.facebook.com/search/pages/?q=Boutique%20Bella%20Moda%20Pachuca%20de%20Soto,"https://www.google.com/maps/search/?api=1&query=20.11226901,-98.75596029"
Boutique Brenduki,Pachuca de Soto,+52 77 9110 0066,ND,https://wa.me/527791100066,https://www.facebook.com/search/pages/?q=Boutique%20Brenduki%20Pachuca%20de%20Soto,"https://www.google.com/maps/search/?api=1&query=20.11254026,-98.75890827"
Boutique Casual De Vizzuett,Pachuca de Soto,+52 77 1219 1546,ND,https://wa.me/527712191546,https://www.facebook.com/search/pages/?q=Boutique%20Casual%20De%20Vizzuett%20Pachuca%20de%20Soto,"https://www.google.com/maps/search/?api=1&query=20.12376956,-98.73575303"
Boutique Coronado,Pachuca de Soto,+52 77 1183 1410,ND,https://wa.me/527711831410,https://www.facebook.com/search/pages/?q=Boutique%20Coronado%20Pachuca%20de%20Soto,"https://www.google.com/maps/search/?api=1&query=20.12930682,-98.73083741"
Boutique Cospin,Pachuca de Soto,+52 77 1713 1026,ND,https://wa.me/527717131026,https://www.facebook.com/search/pages/?q=Boutique%20Cospin%20Pachuca%20de%20Soto,"https://www.google.com/maps/search/?api=1&query=20.12376715,-98.7448064"
Boutique D Diegos,Pachuca de Soto,+52 77 1208 2413,ND,https://wa.me/527712082413,https://www.facebook.com/search/pages/?q=Boutique%20D%20Diegos%20Pachuca%20de%20Soto,"https://www.google.com/maps/search/?api=1&query=20.10230153,-98.77240772"
Boutique De Ropa,Pachuca de Soto,+52 77 1116 0179,ND,https://wa.me/527711160179,https://www.facebook.com/search/pages/?q=Boutique%20De%20Ropa%20Pachuca%20de%20Soto,"https://www.google.com/maps/search/?api=1&query=20.11382292,-98.72572725"
Boutique De Ropa,Pachuca de Soto,+52 77 1705 3060,ND,https://wa.me/527717053060,https://www.facebook.com/search/pages/?q=Boutique%20De%20Ropa%20Pachuca%20de%20Soto,"https://www.google.com/maps/search/?api=1&query=20.11795843,-98.74189865"
Boutique De Ropa Paa Dama D Sol,Pachuca de Soto,+52 77 1149 7218,ND,https://wa.me/527711497218,https://www.facebook.com/search/pages/?q=Boutique%20De%20Ropa%20Paa%20Dama%20D%20Sol%20Pachuca%20de%20Soto,"https://www.google.com/maps/search/?api=1&query=20.12197116,-98.74837663"
Boutique Dianas,Pachuca de Soto,+52 77 1143 8262,ND,https://wa.me/527711438262,https://www.facebook.com/search/pages/?q=Boutique%20Dianas%20Pachuca%20de%20Soto,"https://www.google.com/maps/search/?api=1&query=20.12923499,-98.73085935"
Boutique Girl,Pachuca de Soto,+52 77 1231 6408,ND,https://wa.me/527712316408,https://www.facebook.com/search/pages/?q=Boutique%20Girl%20Pachuca%20de%20Soto,"https://www.google.com/maps/search/?api=1&query=20.11174822,-98.7701491"
Boutique Gress,Pachuca de Soto,+52 77 1746 9853,ND,https://wa.me/527717469853,https://www.facebook.com/search/pages/?q=Boutique%20Gress%20Pachuca%20de%20Soto,"https://www.google.com/maps/search/?api=1&query=20.11294194,-98.76999937"
Boutique Gress,Pachuca de Soto,+52 77 1745 9853,ND,https://wa.me/527717459853,https://www.facebook.com/search/pages/?q=Boutique%20Gress%20Pachuca%20de%20Soto,"https://www.google.com/maps/search/?api=1&query=20.11276964,-98.76999113"
Boutique Jetime,Pachuca de Soto,+52 55 3415 8255,ND,https://wa.me/525534158255,https://www.facebook.com/search/pages/?q=Boutique%20Jetime%20Pachuca%20de%20Soto,"https://www.google.com/maps/search/?api=1&query=20.03104491,-98.80384816"
Boutique Karem,Pachuca de Soto,+52 55 8104 1756,ND,https://wa.me/525581041756,https://www.facebook.com/search/pages/?q=Boutique%20Karem%20Pachuca%20de%20Soto,"https://www.google.com/maps/search/?api=1&query=20.06888782,-98.77539089"
Boutique Leon,Pachuca de Soto,+52 77 1324 6610,ND,https://wa.me/527713246610,https://www.facebook.com/search/pages/?q=Boutique%20Leon%20Pachuca%20de%20Soto,"https://www.google.com/maps/search/?api=1&query=20.11721968,-98.7287488"
Boutique Mary S,Pachuca de Soto,+52 77 1462 5302,ND,https://wa.me/527714625302,https://www.facebook.com/search/pages/?q=Boutique%20Mary%20S%20Pachuca%20de%20Soto,"https://www.google.com/maps/search/?api=1&query=20.10321698,-98.77239975"
Boutique Mif,Pachuca de Soto,+52 77 1216 2997,ND,https://wa.me/527712162997,https://www.facebook.com/search/pages/?q=Boutique%20Mif%20Pachuca%20de%20Soto,"https://www.google.com/maps/search/?api=1&query=20.11299677,-98.77000199"
Boutique Mimys,Pachuca de Soto,+52 77 1215 9059,ND,https://wa.me/527712159059,https://www.facebook.com/search/pages/?q=Boutique%20Mimys%20Pachuca%20de%20Soto,"https://www.google.com/maps/search/?api=1&query=20.10352594,-98.77239916"
Boutique Padilla,Pachuca de Soto,+52 77 1381 5159,ND,https://wa.me/527713815159,https://www.facebook.com/search/pages/?q=Boutique%20Padilla%20Pachuca%20de%20Soto,"https://www.google.com/maps/search/?api=1&query=20.1112221,-98.76990882"
Boutique Paris London,Pachuca de Soto,+52 77 1189 7136,ND,https://wa.me/527711897136,https://www.facebook.com/search/pages/?q=Boutique%20Paris%20London%20Pachuca%20de%20Soto,"https://www.google.com/maps/search/?api=1&query=20.09773095,-98.75161018"
Boutique Ropa Para Mujer,Pachuca de Soto,+52 77 1713 8500,ND,https://wa.me/527717138500,https://www.facebook.com/search/pages/?q=Boutique%20Ropa%20Para%20Mujer%20Pachuca%20de%20Soto,"https://www.google.com/maps/search/?api=1&query=20.11794206,-98.74188652"
Boutique Sofi,Pachuca de Soto,+52 55 7270 9053,ND,https://wa.me/525572709053,https://www.facebook.com/search/pages/?q=Boutique%20Sofi%20Pachuca%20de%20Soto,"https://www.google.com/maps/search/?api=1&query=20.07230776,-98.81564422"
Boutique Thalassa,Pachuca de Soto,+52 77 1120 9393,ND,https://wa.me/527711209393,https://www.facebook.com/search/pages/?q=Boutique%20Thalassa%20Pachuca%20de%20Soto,"https://www.google.com/maps/search/?api=1&query=20.09026177,-98.79009034"
Boutique Y Accesorios,Pachuca de Soto,+52 77 1722 1993,ND,https://wa.me/527717221993,https://www.facebook.com/search/pages/?q=Boutique%20Y%20Accesorios%20Pachuca%20de%20Soto,"https://www.google.com/maps/search/?api=1&query=20.11981775,-98.73781758"
Boutique Y Algo Mas Malibu,Pachuca de Soto,+52 77 1793 2998,ND,https://wa.me/527717932998,https://www.facebook.com/search/pages/?q=Boutique%20Y%20Algo%20Mas%20Malibu%20Pachuca%20de%20Soto,"https://www.google.com/maps/search/?api=1&query=20.04836219,-98.783569"
Boutique Yuri San Juan,Pachuca de Soto,+52 55 7333 0454,ND,https://wa.me/525573330454,https://www.facebook.com/search/pages/?q=Boutique%20Yuri%20San%20Juan%20Pachuca%20de%20Soto,"https://www.google.com/maps/search/?api=1&query=20.04496032,-98.80038806"
Carlotas Boutique,Pachuca de Soto,+52 77 1198 1911,ND,https://wa.me/527711981911,https://www.facebook.com/search/pages/?q=Carlotas%20Boutique%20Pachuca%20de%20Soto,"https://www.google.com/maps/search/?api=1&query=20.09327145,-98.7614745"
Cereza Negra Boutique,Pachuca de Soto,+52 55 6787 1344,ND,https://wa.me/525567871344,https://www.facebook.com/search/pages/?q=Cereza%20Negra%20Boutique%20Pachuca%20de%20Soto,"https://www.google.com/maps/search/?api=1&query=20.11878756,-98.73869132"
Closeth,Pachuca de Soto,+52 77 1243 0376,ND,https://wa.me/527712430376,https://www.facebook.com/search/pages/?q=Closeth%20Pachuca%20de%20Soto,"https://www.google.com/maps/search/?api=1&query=20.10696339,-98.76093463"
Con Stilo Boutique,Pachuca de Soto,+52 77 1186 8744,ND,https://wa.me/527711868744,https://www.facebook.com/search/pages/?q=Con%20Stilo%20Boutique%20Pachuca%20de%20Soto,"https://www.google.com/maps/search/?api=1&query=20.11533187,-98.75648373"
Divina Moda,Pachuca de Soto,+52 55 2152 5658,ND,https://wa.me/525521525658,https://www.facebook.com/search/pages/?q=Divina%20Moda%20Pachuca%20de%20Soto,"https://www.google.com/maps/search/?api=1&query=20.10084394,-98.75128921"
El Arca Boutique,Pachuca de Soto,+52 77 1291 4892,ND,https://wa.me/527712914892,https://www.facebook.com/search/pages/?q=El%20Arca%20Boutique%20Pachuca%20de%20Soto,"https://www.google.com/maps/search/?api=1&query=20.09368549,-98.75198214"
Escamitas Boutique,Pachuca de Soto,+52 56 2181 9705,ND,https://wa.me/525621819705,https://www.facebook.com/search/pages/?q=Escamitas%20Boutique%20Pachuca%20de%20Soto,"https://www.google.com/maps/search/?api=1&query=20.1142945,-98.76148097"
Estilo Boutique,Pachuca de Soto,+52 77 1142 9202,ND,https://wa.me/527711429202,https://www.facebook.com/search/pages/?q=Estilo%20Boutique%20Pachuca%20de%20Soto,"https://www.google.com/maps/search/?api=1&query=20.11339864,-98.77087307"
Halcing Boutique,Pachuca de Soto,+52 77 1426 6854,ND,https://wa.me/527714266854,https://www.facebook.com/search/pages/?q=Halcing%20Boutique%20Pachuca%20de%20Soto,"https://www.google.com/maps/search/?api=1&query=20.11400342,-98.74602983"
Icthus Boutique La Fuente,Pachuca de Soto,+52 77 1216 6079,ND,https://wa.me/527712166079,https://www.facebook.com/search/pages/?q=Icthus%20Boutique%20La%20Fuente%20Pachuca%20de%20Soto,"https://www.google.com/maps/search/?api=1&query=20.12455931,-98.73514697"
Jazmelly Boutique,Pachuca de Soto,+52 55 5058 4715,ND,https://wa.me/525550584715,https://www.facebook.com/search/pages/?q=Jazmelly%20Boutique%20Pachuca%20de%20Soto,"https://www.google.com/maps/search/?api=1&query=20.1221137,-98.73476287"
Karla Boutique,Pachuca de Soto,+52 77 1213 9214,ND,https://wa.me/527712139214,https://www.facebook.com/search/pages/?q=Karla%20Boutique%20Pachuca%20de%20Soto,"https://www.google.com/maps/search/?api=1&query=20.11640318,-98.75763472"
Karly Boutique,Pachuca de Soto,+52 77 1417 1615,ND,https://wa.me/527714171615,https://www.facebook.com/search/pages/?q=Karly%20Boutique%20Pachuca%20de%20Soto,"https://www.google.com/maps/search/?api=1&query=20.04436169,-98.79938188"
Kya Boutique,Pachuca de Soto,+52 77 1199 0330,ND,https://wa.me/527711990330,https://www.facebook.com/search/pages/?q=Kya%20Boutique%20Pachuca%20de%20Soto,"https://www.google.com/maps/search/?api=1&query=20.11690609,-98.75784439"
La Buum Boutique,Pachuca de Soto,+52 77 1102 8287,ND,https://wa.me/527711028287,https://www.facebook.com/search/pages/?q=La%20Buum%20Boutique%20Pachuca%20de%20Soto,"https://www.google.com/maps/search/?api=1&query=20.10791688,-98.7464553"
La Percha Boutique,Pachuca de Soto,+52 77 1236 7590,ND,https://wa.me/527712367590,https://www.facebook.com/search/pages/?q=La%20Percha%20Boutique%20Pachuca%20de%20Soto,"https://www.google.com/maps/search/?api=1&query=20.10084394,-98.75128921"
Local De Playeras- Pantalones Y Accesorios Skate- Rock Y Chola - Escandalo,Pachuca de Soto,+52 77 1702 2434,ND,https://wa.me/527717022434,https://www.facebook.com/search/pages/?q=Local%20De%20Playeras-%20Pantalones%20Y%20Accesorios%20Skate-%20Rock%20Y%20Chola%20-%20Escandalo%20Pachuca%20de%20Soto,"https://www.google.com/maps/search/?api=1&query=20.12946872,-98.73091007"
London Boutique,Pachuca de Soto,+52 77 1292 9917,ND,https://wa.me/527712929917,https://www.facebook.com/search/pages/?q=London%20Boutique%20Pachuca%20de%20Soto,"https://www.google.com/maps/search/?api=1&query=20.10267315,-98.77538256"
Marsha Boutique,Pachuca de Soto,+52 77 1180 6845,ND,https://wa.me/527711806845,https://www.facebook.com/search/pages/?q=Marsha%20Boutique%20Pachuca%20de%20Soto,"https://www.google.com/maps/search/?api=1&query=20.09756169,-98.78114618"
Moda Casual Laff,Pachuca de Soto,+52 77 1244 3454,ND,https://wa.me/527712443454,https://www.facebook.com/search/pages/?q=Moda%20Casual%20Laff%20Pachuca%20de%20Soto,"https://www.google.com/maps/search/?api=1&query=20.12946872,-98.73091007"
Moda Chic Rojo,Pachuca de Soto,+52 55 8576 1617,ND,https://wa.me/525585761617,https://www.facebook.com/search/pages/?q=Moda%20Chic%20Rojo%20Pachuca%20de%20Soto,"https://www.google.com/maps/search/?api=1&query=20.10084394,-98.75128921"
Modas Byj,Pachuca de Soto,+52 77 1265 1244,ND,https://wa.me/527712651244,https://www.facebook.com/search/pages/?q=Modas%20Byj%20Pachuca%20de%20Soto,"https://www.google.com/maps/search/?api=1&query=20.1266091,-98.73134442"
Modatin,Pachuca de Soto,+52 77 1259 8348,ND,https://wa.me/527712598348,https://www.facebook.com/search/pages/?q=Modatin%20Pachuca%20de%20Soto,"https://www.google.com/maps/search/?api=1&query=20.11657253,-98.7571133"
Oicthus Boutique Revo,Pachuca de Soto,+52 77 7131 9378,ND,https://wa.me/527771319378,https://www.facebook.com/search/pages/?q=Oicthus%20Boutique%20Revo%20Pachuca%20de%20Soto,"https://www.google.com/maps/search/?api=1&query=20.11587398,-98.74334312"
Outlet De Marcas Jeans,Pachuca de Soto,+52 77 6113 2552,ND,https://wa.me/527761132552,https://www.facebook.com/search/pages/?q=Outlet%20De%20Marcas%20Jeans%20Pachuca%20de%20Soto,"https://www.google.com/maps/search/?api=1&query=20.0968122,-98.75148727"
Ropa Para Dama Moda Perla,Pachuca de Soto,+52 77 1242 0047,ND,https://wa.me/527712420047,https://www.facebook.com/search/pages/?q=Ropa%20Para%20Dama%20Moda%20Perla%20Pachuca%20de%20Soto,"https://www.google.com/maps/search/?api=1&query=20.12946872,-98.73091007"
Rot Und Blau Boutique,Pachuca de Soto,+52 77 1153 0413,ND,https://wa.me/527711530413,https://www.facebook.com/search/pages/?q=Rot%20Und%20Blau%20Boutique%20Pachuca%20de%20Soto,"https://www.google.com/maps/search/?api=1&query=20.11400342,-98.74602983"
Shopaholics Boutique,Pachuca de Soto,+52 77 1720 3066,ND,https://wa.me/527717203066,https://www.facebook.com/search/pages/?q=Shopaholics%20Boutique%20Pachuca%20de%20Soto,"https://www.google.com/maps/search/?api=1&query=20.11578149,-98.75182649"
Studio Y Boutique Kamerino,Pachuca de Soto,+52 77 1119 7223,ND,https://wa.me/527711197223,https://www.facebook.com/search/pages/?q=Studio%20Y%20Boutique%20Kamerino%20Pachuca%20de%20Soto,"https://www.google.com/maps/search/?api=1&query=20.0473261,-98.79304771"
The Fashion Pink Rom Boutique,Pachuca de Soto,+52 77 1127 6801,ND,https://wa.me/527711276801,https://www.facebook.com/search/pages/?q=The%20Fashion%20Pink%20Rom%20Boutique%20Pachuca%20de%20Soto,"https://www.google.com/maps/search/?api=1&query=20.12469618,-98.74687002"
Tienda De Ropa Antonia Moda Para Todos,Pachuca de Soto,+52 77 1124 0650,ND,https://wa.me/527711240650,https://www.facebook.com/search/pages/?q=Tienda%20De%20Ropa%20Antonia%20Moda%20Para%20Todos%20Pachuca%20de%20Soto,"https://www.google.com/maps/search/?api=1&query=20.12084355,-98.77200653"
Tienda De Ropa Boutique Yaci,Pachuca de Soto,+52 77 1174 7085,ND,https://wa.me/527711747085,https://www.facebook.com/search/pages/?q=Tienda%20De%20Ropa%20Boutique%20Yaci%20Pachuca%20de%20Soto,"https://www.google.com/maps/search/?api=1&query=20.03250108,-98.80573125"
Tienda De Ropa Brans Boutique,Pachuca de Soto,+52 77 1103 3986,ND,https://wa.me/527711033986,https://www.facebook.com/search/pages/?q=Tienda%20De%20Ropa%20Brans%20Boutique%20Pachuca%20de%20Soto,"https://www.google.com/maps/search/?api=1&query=20.11828328,-98.74360626"
Tienda De Ropa Closet Los Angeles,Pachuca de Soto,+52 77 1395 0469,ND,https://wa.me/527713950469,https://www.facebook.com/search/pages/?q=Tienda%20De%20Ropa%20Closet%20Los%20Angeles%20Pachuca%20de%20Soto,"https://www.google.com/maps/search/?api=1&query=20.10762012,-98.76827492"
Tienda De Ropa Jeans Landia,Pachuca de Soto,+52 77 1168 9954,ND,https://wa.me/527711689954,https://www.facebook.com/search/pages/?q=Tienda%20De%20Ropa%20Jeans%20Landia%20Pachuca%20de%20Soto,"https://www.google.com/maps/search/?api=1&query=20.11349622,-98.77002587"
Tienda De Ropa Luxury Fashion Shop,Pachuca de Soto,+52 77 1371 7047,ND,https://wa.me/527713717047,https://www.facebook.com/search/pages/?q=Tienda%20De%20Ropa%20Luxury%20Fashion%20Shop%20Pachuca%20de%20Soto,"https://www.google.com/maps/search/?api=1&query=20.11318827,-98.74051696"
Tienda De Ropa Moda Y Estilo,Pachuca de Soto,+52 77 1402 2405,ND,https://wa.me/527714022405,https://www.facebook.com/search/pages/?q=Tienda%20De%20Ropa%20Moda%20Y%20Estilo%20Pachuca%20de%20Soto,"https://www.google.com/maps/search/?api=1&query=20.12695257,-98.73342409"
Tienda De Ropa Y Accesorios Dian Boutique,Pachuca de Soto,+52 77 1316 4781,ND,https://wa.me/527713164781,https://www.facebook.com/search/pages/?q=Tienda%20De%20Ropa%20Y%20Accesorios%20Dian%20Boutique%20Pachuca%20de%20Soto,"https://www.google.com/maps/search/?api=1&query=20.05464302,-98.77992118"
Velvet Boutique,Pachuca de Soto,+52 77 1146 9333,ND,https://wa.me/527711469333,https://www.facebook.com/search/pages/?q=Velvet%20Boutique%20Pachuca%20de%20Soto,"https://www.google.com/maps/search/?api=1&query=20.10084394,-98.75128921"
Venta De Ropa Boutique Love,Pachuca de Soto,+52 77 1178 9346,ND,https://wa.me/527711789346,https://www.facebook.com/search/pages/?q=Venta%20De%20Ropa%20Boutique%20Love%20Pachuca%20de%20Soto,"https://www.google.com/maps/search/?api=1&query=20.10710219,-98.78677819"
Venta De Ropa Bullies Moda Geek,Pachuca de Soto,+52 77 1217 7230,ND,https://wa.me/527712177230,https://www.facebook.com/search/pages/?q=Venta%20De%20Ropa%20Bullies%20Moda%20Geek%20Pachuca%20de%20Soto,"https://www.google.com/maps/search/?api=1&query=20.1248501,-98.73980931"
Venta De Ropa Flower Boutique,Pachuca de Soto,+52 77 1352 1875,ND,https://wa.me/527713521875,https://www.facebook.com/search/pages/?q=Venta%20De%20Ropa%20Flower%20Boutique%20Pachuca%20de%20Soto,"https://www.google.com/maps/search/?api=1&query=20.12359452,-98.74476997"
Venta De Ropa Moda Ridier,Pachuca de Soto,+52 77 1202 6941,ND,https://wa.me/527712026941,https://www.facebook.com/search/pages/?q=Venta%20De%20Ropa%20Moda%20Ridier%20Pachuca%20de%20Soto,"https://www.google.com/maps/search/?api=1&query=20.1063538,-98.75317489"
Venta De Ropa Olmos Shop,Pachuca de Soto,+52 77 1331 8119,ND,https://wa.me/527713318119,https://www.facebook.com/search/pages/?q=Venta%20De%20Ropa%20Olmos%20Shop%20Pachuca%20de%20Soto,"https://www.google.com/maps/search/?api=1&query=20.1194752,-98.7372606"
Venta De Ropa Para Caballero Romal Store,Pachuca de Soto,+52 77 1438 0574,ND,https://wa.me/527714380574,https://www.facebook.com/search/pages/?q=Venta%20De%20Ropa%20Para%20Caballero%20Romal%20Store%20Pachuca%20de%20Soto,"https://www.google.com/maps/search/?api=1&query=20.10319886,-98.77239978"
Venta De Ropa Victorias Store,Pachuca de Soto,+52 77 1352 6135,ND,https://wa.me/527713526135,https://www.facebook.com/search/pages/?q=Venta%20De%20Ropa%20Victorias%20Store%20Pachuca%20de%20Soto,"https://www.google.com/maps/search/?api=1&query=20.10754637,-98.78335003"
Victoriana Boutique,Pachuca de Soto,+52 77 1440 5975,ND,https://wa.me/527714405975,https://www.facebook.com/search/pages/?q=Victoriana%20Boutique%20Pachuca%20de%20Soto,"https://www.google.com/maps/search/?api=1&query=20.12446758,-98.74657265"
Yvonne Boutique,Pachuca de Soto,+52 77 1208 8025,ND,https://wa.me/527712088025,https://www.facebook.com/search/pages/?q=Yvonne%20Boutique%20Pachuca%20de%20Soto,"https://www.google.com/maps/search/?api=1&query=20.06675199,-98.79248421"
Corazon De Melon,Pacula,ND,ND,ND,https://www.facebook.com/search/pages/?q=Corazon%20De%20Melon%20Pacula,"https://www.google.com/maps/search/?api=1&query=21.05078111,-99.29674645"
Bella Boutique,Pisaflores,+52 77 1608 5563,ND,https://wa.me/527716085563,https://www.facebook.com/search/pages/?q=Bella%20Boutique%20Pisaflores,"https://www.google.com/maps/search/?api=1&query=21.19511331,-99.00700627"
Boutique Destiloss,Pisaflores,+52 77 1358 2218,ND,https://wa.me/527713582218,https://www.facebook.com/search/pages/?q=Boutique%20Destiloss%20Pisaflores,"https://www.google.com/maps/search/?api=1&query=21.19532722,-99.00559078"
Boutique La Cuadra,Pisaflores,+52 44 4304 7895,ND,https://wa.me/524443047895,https://www.facebook.com/search/pages/?q=Boutique%20La%20Cuadra%20Pisaflores,"https://www.google.com/maps/search/?api=1&query=21.19450032,-99.00629593"
Modas Pellin,Pisaflores,+52 77 1267 3092,ND,https://wa.me/527712673092,https://www.facebook.com/search/pages/?q=Modas%20Pellin%20Pisaflores,"https://www.google.com/maps/search/?api=1&query=21.1940889,-99.00441039"
Modas Yoselyn,Pisaflores,+52 77 1186 6389,ND,https://wa.me/527711866389,https://www.facebook.com/search/pages/?q=Modas%20Yoselyn%20Pisaflores,"https://www.google.com/maps/search/?api=1&query=21.19467692,-99.00650277"
Olivias Boutique,Pisaflores,+52 51 2679 1267,ND,https://wa.me/525126791267,https://www.facebook.com/search/pages/?q=Olivias%20Boutique%20Pisaflores,"https://www.google.com/maps/search/?api=1&query=21.19464562,-99.00553748"
Shein Boutique,Pisaflores,+52 77 1126 3466,ND,https://wa.me/527711263466,https://www.facebook.com/search/pages/?q=Shein%20Boutique%20Pisaflores,"https://www.google.com/maps/search/?api=1&query=21.19403586,-99.0048645"
Outfitters Shop Ropa Con Estilo,Progreso de Obregón,+52 77 1567 6553,nubiamc.psic@gmail.com,https://wa.me/527715676553,https://www.facebook.com/search/pages/?q=Outfitters%20Shop%20Ropa%20Con%20Estilo%20Progreso%20de%20Obregón,"https://www.google.com/maps/search/?api=1&query=20.245839,-99.18916366"
Boutique Arleth,Progreso de Obregón,+52 77 2199 8733,ND,https://wa.me/527721998733,https://www.facebook.com/search/pages/?q=Boutique%20Arleth%20Progreso%20de%20Obregón,"https://www.google.com/maps/search/?api=1&query=20.248727,-99.18968142"
Boutique De Ropa Fitc,Progreso de Obregón,+52 77 2110 5312,ND,https://wa.me/527721105312,https://www.facebook.com/search/pages/?q=Boutique%20De%20Ropa%20Fitc%20Progreso%20de%20Obregón,"https://www.google.com/maps/search/?api=1&query=20.24074607,-99.18633996"
Boutique Dos Hermanos,Progreso de Obregón,+52 77 2126 9118,ND,https://wa.me/527721269118,https://www.facebook.com/search/pages/?q=Boutique%20Dos%20Hermanos%20Progreso%20de%20Obregón,"https://www.google.com/maps/search/?api=1&query=20.24795257,-99.18539177"
Tienda De Ropa Juanita,San Agustín Metzquititlán,+52 77 1348 4257,ND,https://wa.me/527713484257,https://www.facebook.com/search/pages/?q=Tienda%20De%20Ropa%20Juanita%20San%20Agustín%20Metzquititlán,"https://www.google.com/maps/search/?api=1&query=20.53188343,-98.63674601"
Venta De Ropa,San Agustín Metzquititlán,+52 77 1172 3748,ND,https://wa.me/527711723748,https://www.facebook.com/search/pages/?q=Venta%20De%20Ropa%20San%20Agustín%20Metzquititlán,"https://www.google.com/maps/search/?api=1&query=20.5315471,-98.63652707"
Boutique Marypaz,San Agustín Tlaxiaca,+52 77 1240 0110,ND,https://wa.me/527712400110,https://www.facebook.com/search/pages/?q=Boutique%20Marypaz%20San%20Agustín%20Tlaxiaca,"https://www.google.com/maps/search/?api=1&query=20.11062234,-98.887507"
Boutique Unika,San Agustín Tlaxiaca,+52 77 1299 2073,ND,https://wa.me/527712992073,https://www.facebook.com/search/pages/?q=Boutique%20Unika%20San%20Agustín%20Tlaxiaca,"https://www.google.com/maps/search/?api=1&query=20.15850598,-98.80006632"
Moda Angeles,San Agustín Tlaxiaca,+52 77 5109 6155,ND,https://wa.me/527751096155,https://www.facebook.com/search/pages/?q=Moda%20Angeles%20San%20Agustín%20Tlaxiaca,"https://www.google.com/maps/search/?api=1&query=20.11486704,-98.88696072"
Tienda De Ropa Allishop,San Agustín Tlaxiaca,+52 77 1163 7736,ND,https://wa.me/527711637736,https://www.facebook.com/search/pages/?q=Tienda%20De%20Ropa%20Allishop%20San%20Agustín%20Tlaxiaca,"https://www.google.com/maps/search/?api=1&query=20.09732886,-98.87279816"
Tienda De Ropa Boutique Lulu,San Agustín Tlaxiaca,+52 77 1219 2216,ND,https://wa.me/527712192216,https://www.facebook.com/search/pages/?q=Tienda%20De%20Ropa%20Boutique%20Lulu%20San%20Agustín%20Tlaxiaca,"https://www.google.com/maps/search/?api=1&query=20.11410006,-98.88581838"
Butique El Centro,San Bartolo Tutotepec,+52 77 1143 7345,ND,https://wa.me/527711437345,https://www.facebook.com/search/pages/?q=Butique%20El%20Centro%20San%20Bartolo%20Tutotepec,"https://www.google.com/maps/search/?api=1&query=20.39837966,-98.20257034"
Outlet Cyf,San Bartolo Tutotepec,+52 77 1201 1863,ND,https://wa.me/527712011863,https://www.facebook.com/search/pages/?q=Outlet%20Cyf%20San%20Bartolo%20Tutotepec,"https://www.google.com/maps/search/?api=1&query=20.39989299,-98.20262971"
Gi Moda Y Accesorios,San Felipe Orizatlán,+52 55 7428 1223,ND,https://wa.me/525574281223,https://www.facebook.com/search/pages/?q=Gi%20Moda%20Y%20Accesorios%20San%20Felipe%20Orizatlán,"https://www.google.com/maps/search/?api=1&query=21.17274251,-98.65644941"
Mina Moda,San Felipe Orizatlán,+52 81 1030 3016,ND,https://wa.me/528110303016,https://www.facebook.com/search/pages/?q=Mina%20Moda%20San%20Felipe%20Orizatlán,"https://www.google.com/maps/search/?api=1&query=21.1715192,-98.6087771"
Tienda De Ropa Becky Shop,San Felipe Orizatlán,+52 77 1333 6042,ND,https://wa.me/527713336042,https://www.facebook.com/search/pages/?q=Tienda%20De%20Ropa%20Becky%20Shop%20San%20Felipe%20Orizatlán,"https://www.google.com/maps/search/?api=1&query=21.17056196,-98.60727715"
Tienda De Ropa Modas Ciclon,San Felipe Orizatlán,+52 77 1284 2791,ND,https://wa.me/527712842791,https://www.facebook.com/search/pages/?q=Tienda%20De%20Ropa%20Modas%20Ciclon%20San%20Felipe%20Orizatlán,"https://www.google.com/maps/search/?api=1&query=21.17096165,-98.60924126"
Tienda De Ropa Modas Pao,San Felipe Orizatlán,+52 77 1363 7224,ND,https://wa.me/527713637224,https://www.facebook.com/search/pages/?q=Tienda%20De%20Ropa%20Modas%20Pao%20San%20Felipe%20Orizatlán,"https://www.google.com/maps/search/?api=1&query=21.17119592,-98.60896025"
Yue Fashion And More,San Felipe Orizatlán,+52 77 1116 0246,ND,https://wa.me/527711160246,https://www.facebook.com/search/pages/?q=Yue%20Fashion%20And%20More%20San%20Felipe%20Orizatlán,"https://www.google.com/maps/search/?api=1&query=21.16940502,-98.60866344"
Boutique Dani,San Salvador,ND,ND,ND,https://www.facebook.com/search/pages/?q=Boutique%20Dani%20San%20Salvador,"https://www.google.com/maps/search/?api=1&query=20.25362754,-98.99882496"
Boutique Angeles,Santiago de Anaya,+52 77 2111 1475,ND,https://wa.me/527721111475,https://www.facebook.com/search/pages/?q=Boutique%20Angeles%20Santiago%20de%20Anaya,"https://www.google.com/maps/search/?api=1&query=20.38490413,-98.96611437"
Boutique Marcell,Santiago de Anaya,+52 77 2159 9607,ND,https://wa.me/527721599607,https://www.facebook.com/search/pages/?q=Boutique%20Marcell%20Santiago%20de%20Anaya,"https://www.google.com/maps/search/?api=1&query=20.38997853,-99.07906777"
Boutique Molitas Shops,Santiago de Anaya,+52 77 1423 0376,ND,https://wa.me/527714230376,https://www.facebook.com/search/pages/?q=Boutique%20Molitas%20Shops%20Santiago%20de%20Anaya,"https://www.google.com/maps/search/?api=1&query=20.39023147,-99.07725148"
Boutique Happy,Santiago Tulantepec,+52 77 5751 6298,ND,https://wa.me/527757516298,https://www.facebook.com/search/pages/?q=Boutique%20Happy%20Santiago%20Tulantepec%20de%20Lugo%20Guerrero,"https://www.google.com/maps/search/?api=1&query=20.03951869,-98.35612325"
Boutique Texas,Santiago Tulantepec,+52 77 5080 0000,ND,https://wa.me/527750800000,https://www.facebook.com/search/pages/?q=Boutique%20Texas%20Santiago%20Tulantepec%20de%20Lugo%20Guerrero,"https://www.google.com/maps/search/?api=1&query=20.03954237,-98.35872219"
Matt Store,Santiago Tulantepec,+52 77 1214 4834,ND,https://wa.me/527712144834,https://www.facebook.com/search/pages/?q=Matt%20Store%20Santiago%20Tulantepec%20de%20Lugo%20Guerrero,"https://www.google.com/maps/search/?api=1&query=20.06512377,-98.42267152"
Boutique El Closet,Singuilucan,+52 77 5136 0141,ND,https://wa.me/527751360141,https://www.facebook.com/search/pages/?q=Boutique%20El%20Closet%20Singuilucan,"https://www.google.com/maps/search/?api=1&query=19.96716863,-98.51828619"
Boutique Pink,Singuilucan,+52 77 5770 0095,ND,https://wa.me/527757700095,https://www.facebook.com/search/pages/?q=Boutique%20Pink%20Singuilucan,"https://www.google.com/maps/search/?api=1&query=19.96957291,-98.51745313"
Mane Boutique,Singuilucan,+52 77 5125 9673,ND,https://wa.me/527751259673,https://www.facebook.com/search/pages/?q=Mane%20Boutique%20Singuilucan,"https://www.google.com/maps/search/?api=1&query=19.96625684,-98.51928641"
Ropa De Moda,Singuilucan,+52 77 5166 6689,ND,https://wa.me/527751666689,https://www.facebook.com/search/pages/?q=Ropa%20De%20Moda%20Singuilucan,"https://www.google.com/maps/search/?api=1&query=19.96731406,-98.51868608"
Venta De Ropa Y Accesorios Vaqueros,Singuilucan,+52 77 5105 9589,ND,https://wa.me/527751059589,https://www.facebook.com/search/pages/?q=Venta%20De%20Ropa%20Y%20Accesorios%20Vaqueros%20Singuilucan,"https://www.google.com/maps/search/?api=1&query=19.96827525,-98.51824156"
Boutique Colores,Tasquillo,+52 77 2105 3135,ND,https://wa.me/527721053135,https://www.facebook.com/search/pages/?q=Boutique%20Colores%20Tasquillo,"https://www.google.com/maps/search/?api=1&query=20.55045287,-99.31191735"
Boutique Ebling,Tasquillo,+52 77 2117 9244,ND,https://wa.me/527721179244,https://www.facebook.com/search/pages/?q=Boutique%20Ebling%20Tasquillo,"https://www.google.com/maps/search/?api=1&query=20.55111343,-99.31184062"
Boutique Ferrera,Tasquillo,+52 33 2549 3943,ND,https://wa.me/523325493943,https://www.facebook.com/search/pages/?q=Boutique%20Ferrera%20Tasquillo,"https://www.google.com/maps/search/?api=1&query=20.55142191,-99.31084063"
Boutique Voguely,Tasquillo,+52 77 2166 2396,ND,https://wa.me/527721662396,https://www.facebook.com/search/pages/?q=Boutique%20Voguely%20Tasquillo,"https://www.google.com/maps/search/?api=1&query=20.5479116,-99.31582153"
El Mundo De La Mezclilla,Tasquillo,+52 55 4111 8458,ND,https://wa.me/525541118458,https://www.facebook.com/search/pages/?q=El%20Mundo%20De%20La%20Mezclilla%20Tasquillo,"https://www.google.com/maps/search/?api=1&query=20.55183751,-99.31171585"
Mundo Fashion,Tasquillo,+52 81 7287 9831,ND,https://wa.me/528172879831,https://www.facebook.com/search/pages/?q=Mundo%20Fashion%20Tasquillo,"https://www.google.com/maps/search/?api=1&query=20.55250517,-99.3138625"
Tienda De Ropa El Potrero Western Wear & Talabarteria,Tasquillo,+52 77 1100 6191,ND,https://wa.me/527711006191,https://www.facebook.com/search/pages/?q=Tienda%20De%20Ropa%20El%20Potrero%20Western%20Wear%20%26%20Talabarteria%20Tasquillo,"https://www.google.com/maps/search/?api=1&query=20.54148426,-99.31364644"
Tienda De Ropa Vies Boutique,Tasquillo,+52 77 2166 9891,ND,https://wa.me/527721669891,https://www.facebook.com/search/pages/?q=Tienda%20De%20Ropa%20Vies%20Boutique%20Tasquillo,"https://www.google.com/maps/search/?api=1&query=20.55033355,-99.31185022"
Venta De Ropa Ain Boutique,Tasquillo,+52 77 2133 0184,ND,https://wa.me/527721330184,https://www.facebook.com/search/pages/?q=Venta%20De%20Ropa%20Ain%20Boutique%20Tasquillo,"https://www.google.com/maps/search/?api=1&query=20.55166319,-99.32198787"
Bella Boutique,Tecozautla,+52 55 7563 9643,laura_exo@hotmail.com,https://wa.me/525575639643,https://www.facebook.com/search/pages/?q=Bella%20Boutique%20Tecozautla,"https://www.google.com/maps/search/?api=1&query=20.53359989,-99.63615931"
Boutique Jacarandhas,Tecozautla,+52 42 7127 6528,jacarandas@gmail.com,https://wa.me/524271276528,https://www.facebook.com/search/pages/?q=Boutique%20Jacarandhas%20Tecozautla,"https://www.google.com/maps/search/?api=1&query=20.53375043,-99.63500533"
Botique Bella Moda,Tecozautla,+52 55 3053 1965,ND,https://wa.me/525530531965,https://www.facebook.com/search/pages/?q=Botique%20Bella%20Moda%20Tecozautla,"https://www.google.com/maps/search/?api=1&query=20.53500985,-99.63523812"
Boutique & Spa Efecto Mariposa,Tecozautla,+52 77 3143 4128,ND,https://wa.me/527731434128,https://www.facebook.com/search/pages/?q=Boutique%20%26%20Spa%20Efecto%20Mariposa%20Tecozautla,"https://www.google.com/maps/search/?api=1&query=20.53422871,-99.63517397"
Boutique Caty,Tecozautla,+52 55 3398 4126,ND,https://wa.me/525533984126,https://www.facebook.com/search/pages/?q=Boutique%20Caty%20Tecozautla,"https://www.google.com/maps/search/?api=1&query=20.53327519,-99.6351165"
Boutique Fanty Mundo,Tecozautla,+52 77 3134 2914,ND,https://wa.me/527731342914,https://www.facebook.com/search/pages/?q=Boutique%20Fanty%20Mundo%20Tecozautla,"https://www.google.com/maps/search/?api=1&query=20.53437191,-99.63574598"
Boutique Karenca,Tecozautla,+52 77 2105 4775,ND,https://wa.me/527721054775,https://www.facebook.com/search/pages/?q=Boutique%20Karenca%20Tecozautla,"https://www.google.com/maps/search/?api=1&query=20.53440504,-99.66752225"
Boutique Xonthe,Tecozautla,+52 56 4968 2411,ND,https://wa.me/525649682411,https://www.facebook.com/search/pages/?q=Boutique%20Xonthe%20Tecozautla,"https://www.google.com/maps/search/?api=1&query=20.53461948,-99.64820973"
Don Vaquero,Tecozautla,+52 77 3104 5256,ND,https://wa.me/527731045256,https://www.facebook.com/search/pages/?q=Don%20Vaquero%20Tecozautla,"https://www.google.com/maps/search/?api=1&query=20.53377341,-99.63438842"
Rm Boutique,Tecozautla,+52 55 1510 8350,ND,https://wa.me/525515108350,https://www.facebook.com/search/pages/?q=Rm%20Boutique%20Tecozautla,"https://www.google.com/maps/search/?api=1&query=20.53576373,-99.63530191"
Style Fashion Lupita,Tecozautla,+52 77 3121 2488,ND,https://wa.me/527731212488,https://www.facebook.com/search/pages/?q=Style%20Fashion%20Lupita%20Tecozautla,"https://www.google.com/maps/search/?api=1&query=20.53319038,-99.63385056"
Tienda Vaquera,Tecozautla,+52 77 3143 2328,ND,https://wa.me/527731432328,https://www.facebook.com/search/pages/?q=Tienda%20Vaquera%20Tecozautla,"https://www.google.com/maps/search/?api=1&query=20.53282085,-99.63851668"
Tienda Vaquera Sentimiento Vaquero,Tecozautla,+52 77 3123 7257,ND,https://wa.me/527731237257,https://www.facebook.com/search/pages/?q=Tienda%20Vaquera%20Sentimiento%20Vaquero%20Tecozautla,"https://www.google.com/maps/search/?api=1&query=20.53462748,-99.63308366"
Diva Fashion,Tenango de Doria,+52 77 1113 5012,ND,https://wa.me/527711135012,https://www.facebook.com/search/pages/?q=Diva%20Fashion%20Tenango%20de%20Doria,"https://www.google.com/maps/search/?api=1&query=20.33966412,-98.22837083"
Mia Boutique,Tenango de Doria,+52 77 1183 4559,ND,https://wa.me/527711834559,https://www.facebook.com/search/pages/?q=Mia%20Boutique%20Tenango%20de%20Doria,"https://www.google.com/maps/search/?api=1&query=20.33725484,-98.22706354"
Boutique Love,Tepeapulco,+52 77 1772 7505,ND,https://wa.me/527717727505,https://www.facebook.com/search/pages/?q=Boutique%20Love%20Tepeapulco,"https://www.google.com/maps/search/?api=1&query=19.77801196,-98.57131553"
Boutique Mariluz,Tepeapulco,+52 77 5759 7541,ND,https://wa.me/527757597541,https://www.facebook.com/search/pages/?q=Boutique%20Mariluz%20Tepeapulco,"https://www.google.com/maps/search/?api=1&query=19.77723384,-98.57880554"
Boutique Papillon,Tepeapulco,+52 77 1142 8344,ND,https://wa.me/527711428344,https://www.facebook.com/search/pages/?q=Boutique%20Papillon%20Tepeapulco,"https://www.google.com/maps/search/?api=1&query=19.78845449,-98.55064733"
Boutique Victoria Store,Tepeapulco,+52 77 5254 5997,ND,https://wa.me/527752545997,https://www.facebook.com/search/pages/?q=Boutique%20Victoria%20Store%20Tepeapulco,"https://www.google.com/maps/search/?api=1&query=19.77029695,-98.57088939"
H Shop Tienda De Ropa,Tepeapulco,+52 77 5144 4151,ND,https://wa.me/527751444151,https://www.facebook.com/search/pages/?q=H%20Shop%20Tienda%20De%20Ropa%20Tepeapulco,"https://www.google.com/maps/search/?api=1&query=19.76657417,-98.58141993"
Marylu Boutique,Tepeapulco,+52 77 5101 6664,ND,https://wa.me/527751016664,https://www.facebook.com/search/pages/?q=Marylu%20Boutique%20Tepeapulco,"https://www.google.com/maps/search/?api=1&query=19.76922793,-98.56882883"
Tienda De Ropa Boutique Sarsury,Tepeapulco,+52 77 5162 4821,ND,https://wa.me/527751624821,https://www.facebook.com/search/pages/?q=Tienda%20De%20Ropa%20Boutique%20Sarsury%20Tepeapulco,"https://www.google.com/maps/search/?api=1&query=19.77582519,-98.5784832"
Tuenda De Ropa Fashion Melany,Tepeapulco,+52 77 5367 3553,ND,https://wa.me/527753673553,https://www.facebook.com/search/pages/?q=Tuenda%20De%20Ropa%20Fashion%20Melany%20Tepeapulco,"https://www.google.com/maps/search/?api=1&query=19.78668929,-98.55459513"
Venta De Pantalon Mundo Mexclilla,Tepeapulco,+52 77 5241 9033,ND,https://wa.me/527752419033,https://www.facebook.com/search/pages/?q=Venta%20De%20Pantalon%20Mundo%20Mexclilla%20Tepeapulco,"https://www.google.com/maps/search/?api=1&query=19.7777372,-98.56974208"
Tienda De Ropa Alexa,Tepehuacán de Guerrero,ND,ND,ND,https://www.facebook.com/search/pages/?q=Tienda%20De%20Ropa%20Alexa%20Tepehuacán%20de%20Guerrero,"https://www.google.com/maps/search/?api=1&query=21.01336216,-98.84346461"
Tienda De Ropa Nanis,Tepehuacán de Guerrero,ND,ND,ND,https://www.facebook.com/search/pages/?q=Tienda%20De%20Ropa%20Nanis%20Tepehuacán%20de%20Guerrero,"https://www.google.com/maps/search/?api=1&query=21.01436346,-98.84295865"
Barber Boutique Ali,Tepeji del Río de Ocampo,+52 55 7610 4695,ND,https://wa.me/525576104695,https://www.facebook.com/search/pages/?q=Barber%20Boutique%20Ali%20Tepeji%20del%20Río%20de%20Ocampo,"https://www.google.com/maps/search/?api=1&query=19.9076577,-99.34138737"
Boutique Neoyorquinos,Tepeji del Río de Ocampo,+52 77 3141 1566,ND,https://wa.me/527731411566,https://www.facebook.com/search/pages/?q=Boutique%20Neoyorquinos%20Tepeji%20del%20Río%20de%20Ocampo,"https://www.google.com/maps/search/?api=1&query=19.90629486,-99.33949999"
Boutique Pretty Woman,Tepeji del Río de Ocampo,+52 55 2677 0138,ND,https://wa.me/525526770138,https://www.facebook.com/search/pages/?q=Boutique%20Pretty%20Woman%20Tepeji%20del%20Río%20de%20Ocampo,"https://www.google.com/maps/search/?api=1&query=19.90644067,-99.34136648"
Lies Boutique Venta De Ropa,Tepeji del Río de Ocampo,+52 55 4232 5753,ND,https://wa.me/525542325753,https://www.facebook.com/search/pages/?q=Lies%20Boutique%20Venta%20De%20Ropa%20Tepeji%20del%20Río%20de%20Ocampo,"https://www.google.com/maps/search/?api=1&query=19.90464962,-99.33808494"
Queens Boutique,Tepeji del Río de Ocampo,+52 77 3119 7037,ND,https://wa.me/527731197037,https://www.facebook.com/search/pages/?q=Queens%20Boutique%20Tepeji%20del%20Río%20de%20Ocampo,"https://www.google.com/maps/search/?api=1&query=19.94338003,-99.28228839"
Ropa Y Accesorios Mi Estilo,Tepeji del Río de Ocampo,+52 77 3186 1113,ND,https://wa.me/527731861113,https://www.facebook.com/search/pages/?q=Ropa%20Y%20Accesorios%20Mi%20Estilo%20Tepeji%20del%20Río%20de%20Ocampo,"https://www.google.com/maps/search/?api=1&query=19.94574283,-99.2846709"
Tienda De Ropa Bella Moda,Tepeji del Río de Ocampo,+52 77 3199 2090,ND,https://wa.me/527731992090,https://www.facebook.com/search/pages/?q=Tienda%20De%20Ropa%20Bella%20Moda%20Tepeji%20del%20Río%20de%20Ocampo,"https://www.google.com/maps/search/?api=1&query=19.89811097,-99.34361877"
Tienda De Ropa La Bella Moda,Tepeji del Río de Ocampo,+52 55 3476 2346,ND,https://wa.me/525534762346,https://www.facebook.com/search/pages/?q=Tienda%20De%20Ropa%20La%20Bella%20Moda%20Tepeji%20del%20Río%20de%20Ocampo,"https://www.google.com/maps/search/?api=1&query=19.90629874,-99.33955726"
Tienda De Ropa Ranch Western West,Tepeji del Río de Ocampo,+52 77 3217 1372,ND,https://wa.me/527732171372,https://www.facebook.com/search/pages/?q=Tienda%20De%20Ropa%20Ranch%20Western%20West%20Tepeji%20del%20Río%20de%20Ocampo,"https://www.google.com/maps/search/?api=1&query=19.89249344,-99.33913873"
Tienda De Ropa Toujors Y Moda,Tepeji del Río de Ocampo,+52 77 3103 5877,ND,https://wa.me/527731035877,https://www.facebook.com/search/pages/?q=Tienda%20De%20Ropa%20Toujors%20Y%20Moda%20Tepeji%20del%20Río%20de%20Ocampo,"https://www.google.com/maps/search/?api=1&query=19.90068239,-99.33256571"
Tienda De Ropa Mj Boutique,Tepetitlán,+52 77 2104 1661,ND,https://wa.me/527721041661,https://www.facebook.com/search/pages/?q=Tienda%20De%20Ropa%20Mj%20Boutique%20Tepetitlán,"https://www.google.com/maps/search/?api=1&query=20.19029946,-99.3831714"
Venta De Ropa Estilo Y Moda,Tepetitlán,+52 77 3110 2201,ND,https://wa.me/527731102201,https://www.facebook.com/search/pages/?q=Venta%20De%20Ropa%20Estilo%20Y%20Moda%20Tepetitlán,"https://www.google.com/maps/search/?api=1&query=20.18828319,-99.38114623"
Boutique J&Norden,Tetepango,+52 55 6540 0582,ND,https://wa.me/525565400582,https://www.facebook.com/search/pages/?q=Boutique%20J%26Norden%20Tetepango,"https://www.google.com/maps/search/?api=1&query=20.10133274,-99.15465775"
Boutique Are,Tezontepec de Aldama,+52 77 3185 7763,ND,https://wa.me/527731857763,https://www.facebook.com/search/pages/?q=Boutique%20Are%20Tezontepec%20de%20Aldama,"https://www.google.com/maps/search/?api=1&query=20.18242294,-99.25024158"
Boutique De Ropa D Paola Collection,Tezontepec de Aldama,+52 77 2105 2414,ND,https://wa.me/527721052414,https://www.facebook.com/search/pages/?q=Boutique%20De%20Ropa%20D%20Paola%20Collection%20Tezontepec%20de%20Aldama,"https://www.google.com/maps/search/?api=1&query=20.1929039,-99.27170606"
Boutique Rous,Tezontepec de Aldama,+52 77 3124 0467,ND,https://wa.me/527731240467,https://www.facebook.com/search/pages/?q=Boutique%20Rous%20Tezontepec%20de%20Aldama,"https://www.google.com/maps/search/?api=1&query=20.1590557,-99.25254286"
Boutique Sarem,Tezontepec de Aldama,+52 77 3129 2469,ND,https://wa.me/527731292469,https://www.facebook.com/search/pages/?q=Boutique%20Sarem%20Tezontepec%20de%20Aldama,"https://www.google.com/maps/search/?api=1&query=20.18957635,-99.27275888"
Boutique Zyru,Tezontepec de Aldama,+52 77 3126 9533,ND,https://wa.me/527731269533,https://www.facebook.com/search/pages/?q=Boutique%20Zyru%20Tezontepec%20de%20Aldama,"https://www.google.com/maps/search/?api=1&query=20.19297997,-99.26253517"
Isa Boutique,Tezontepec de Aldama,+52 77 3129 8957,ND,https://wa.me/527731298957,https://www.facebook.com/search/pages/?q=Isa%20Boutique%20Tezontepec%20de%20Aldama,"https://www.google.com/maps/search/?api=1&query=20.1907264,-99.2471296"
Moda Sandy Bell,Tezontepec de Aldama,+52 77 3186 0773,ND,https://wa.me/527731860773,https://www.facebook.com/search/pages/?q=Moda%20Sandy%20Bell%20Tezontepec%20de%20Aldama,"https://www.google.com/maps/search/?api=1&query=20.1921485,-99.27232074"
Modas Israel,Tezontepec de Aldama,+52 77 3111 1192,ND,https://wa.me/527731111192,https://www.facebook.com/search/pages/?q=Modas%20Israel%20Tezontepec%20de%20Aldama,"https://www.google.com/maps/search/?api=1&query=20.192119,-99.273138"
Tienda De Ropa Dian Store Butique,Tezontepec de Aldama,+52 55 4393 1519,ND,https://wa.me/525543931519,https://www.facebook.com/search/pages/?q=Tienda%20De%20Ropa%20Dian%20Store%20Butique%20Tezontepec%20de%20Aldama,"https://www.google.com/maps/search/?api=1&query=20.18983076,-99.27265608"
Tienda De Ropa Moda Iker,Tezontepec de Aldama,+52 77 3109 1311,ND,https://wa.me/527731091311,https://www.facebook.com/search/pages/?q=Tienda%20De%20Ropa%20Moda%20Iker%20Tezontepec%20de%20Aldama,"https://www.google.com/maps/search/?api=1&query=20.17580632,-99.32141512"
Vanlity Online Store Boutique,Tezontepec de Aldama,+52 77 3132 9823,ND,https://wa.me/527731329823,https://www.facebook.com/search/pages/?q=Vanlity%20Online%20Store%20Boutique%20Tezontepec%20de%20Aldama,"https://www.google.com/maps/search/?api=1&query=20.16016746,-99.23171541"
Venta De Ropa Moda Cosmos,Tezontepec de Aldama,+52 77 3119 5156,ND,https://wa.me/527731195156,https://www.facebook.com/search/pages/?q=Venta%20De%20Ropa%20Moda%20Cosmos%20Tezontepec%20de%20Aldama,"https://www.google.com/maps/search/?api=1&query=20.19054604,-99.27272139"
Venta De Ropa Modas Israel,Tezontepec de Aldama,+52 77 3111 1920,ND,https://wa.me/527731111920,https://www.facebook.com/search/pages/?q=Venta%20De%20Ropa%20Modas%20Israel%20Tezontepec%20de%20Aldama,"https://www.google.com/maps/search/?api=1&query=20.19305404,-99.27125578"
Tienda De Ropa,Tianguistengo,ND,ND,ND,https://www.facebook.com/search/pages/?q=Tienda%20De%20Ropa%20Tianguistengo,"https://www.google.com/maps/search/?api=1&query=20.72774422,-98.63348621"
Boutique Berez,Tizayuca,+52 56 3246 2373,berenicezarco13@gmail.com,https://wa.me/525632462373,https://www.facebook.com/search/pages/?q=Boutique%20Berez%20Tizayuca,"https://www.google.com/maps/search/?api=1&query=19.83543682,-98.94838931"
Boutique Angeles,Tizayuca,+52 55 6460 3901,ND,https://wa.me/525564603901,https://www.facebook.com/search/pages/?q=Boutique%20Angeles%20Tizayuca,"https://www.google.com/maps/search/?api=1&query=19.84266077,-98.97623334"
Boutique Chikas,Tizayuca,+52 77 9124 9183,ND,https://wa.me/527791249183,https://www.facebook.com/search/pages/?q=Boutique%20Chikas%20Tizayuca,"https://www.google.com/maps/search/?api=1&query=19.83708822,-98.97956105"
Boutique D Are,Tizayuca,+52 55 4636 8087,ND,https://wa.me/525546368087,https://www.facebook.com/search/pages/?q=Boutique%20D%20Are%20Tizayuca,"https://www.google.com/maps/search/?api=1&query=19.84311502,-98.97768568"
Boutique De Karens,Tizayuca,+52 77 1159 9654,ND,https://wa.me/527711599654,https://www.facebook.com/search/pages/?q=Boutique%20De%20Karens%20Tizayuca,"https://www.google.com/maps/search/?api=1&query=19.83835602,-98.97955425"
Boutique De Lauris,Tizayuca,+52 55 7473 6789,ND,https://wa.me/525574736789,https://www.facebook.com/search/pages/?q=Boutique%20De%20Lauris%20Tizayuca,"https://www.google.com/maps/search/?api=1&query=19.85951882,-98.93868934"
Boutique De Ropa Perfection Plus,Tizayuca,+52 56 1771 3748,ND,https://wa.me/525617713748,https://www.facebook.com/search/pages/?q=Boutique%20De%20Ropa%20Perfection%20Plus%20Tizayuca,"https://www.google.com/maps/search/?api=1&query=19.84085886,-98.97929861"
Boutique De Shein,Tizayuca,+52 77 9139 1934,ND,https://wa.me/527791391934,https://www.facebook.com/search/pages/?q=Boutique%20De%20Shein%20Tizayuca,"https://www.google.com/maps/search/?api=1&query=19.83812518,-98.97660872"
Boutique Del Centro,Tizayuca,+52 56 1486 0105,ND,https://wa.me/525614860105,https://www.facebook.com/search/pages/?q=Boutique%20Del%20Centro%20Tizayuca,"https://www.google.com/maps/search/?api=1&query=19.84179971,-98.97814408"
Boutique Exclusiva,Tizayuca,+52 55 3236 7485,ND,https://wa.me/525532367485,https://www.facebook.com/search/pages/?q=Boutique%20Exclusiva%20Tizayuca,"https://www.google.com/maps/search/?api=1&query=19.84085886,-98.97929861"
Boutique Exootic,Tizayuca,+52 55 8687 0794,ND,https://wa.me/525586870794,https://www.facebook.com/search/pages/?q=Boutique%20Exootic%20Tizayuca,"https://www.google.com/maps/search/?api=1&query=19.83729577,-98.97956404"
Boutique Fashion,Tizayuca,+52 55 5320 0653,ND,https://wa.me/525553200653,https://www.facebook.com/search/pages/?q=Boutique%20Fashion%20Tizayuca,"https://www.google.com/maps/search/?api=1&query=19.84275885,-98.94713214"
Boutique Fashion And Fit,Tizayuca,+52 55 8729 1408,ND,https://wa.me/525587291408,https://www.facebook.com/search/pages/?q=Boutique%20Fashion%20And%20Fit%20Tizayuca,"https://www.google.com/maps/search/?api=1&query=19.84239364,-98.98075208"
Boutique Fitness Tiza,Tizayuca,+52 56 2205 5209,ND,https://wa.me/525622055209,https://www.facebook.com/search/pages/?q=Boutique%20Fitness%20Tiza%20Tizayuca,"https://www.google.com/maps/search/?api=1&query=19.87510613,-98.95577691"
Boutique Godmen,Tizayuca,+52 55 4514 8339,ND,https://wa.me/525545148339,https://www.facebook.com/search/pages/?q=Boutique%20Godmen%20Tizayuca,"https://www.google.com/maps/search/?api=1&query=19.86708454,-98.97125666"
Boutique H,Tizayuca,+52 56 1715 5855,ND,https://wa.me/525617155855,https://www.facebook.com/search/pages/?q=Boutique%20H%20Tizayuca,"https://www.google.com/maps/search/?api=1&query=19.82993456,-98.98465407"
Boutique Ivonne,Tizayuca,+52 55 7276 7862,ND,https://wa.me/525572767862,https://www.facebook.com/search/pages/?q=Boutique%20Ivonne%20Tizayuca,"https://www.google.com/maps/search/?api=1&query=19.87040697,-98.93682845"
Boutique Karim,Tizayuca,+52 77 9690 1319,ND,https://wa.me/527796901319,https://www.facebook.com/search/pages/?q=Boutique%20Karim%20Tizayuca,"https://www.google.com/maps/search/?api=1&query=19.85615715,-98.97701366"
Boutique Karlis,Tizayuca,+52 55 4066 3392,ND,https://wa.me/525540663392,https://www.facebook.com/search/pages/?q=Boutique%20Karlis%20Tizayuca,"https://www.google.com/maps/search/?api=1&query=19.87031935,-98.93641072"
Boutique Laknin,Tizayuca,+52 56 3267 7137,ND,https://wa.me/525632677137,https://www.facebook.com/search/pages/?q=Boutique%20Laknin%20Tizayuca,"https://www.google.com/maps/search/?api=1&query=19.8901454,-98.95567346"
Boutique Lesly,Tizayuca,+52 55 6439 8284,ND,https://wa.me/525564398284,https://www.facebook.com/search/pages/?q=Boutique%20Lesly%20Tizayuca,"https://www.google.com/maps/search/?api=1&query=19.86305972,-98.93541782"
Boutique Lety,Tizayuca,+52 55 3734 2151,ND,https://wa.me/525537342151,https://www.facebook.com/search/pages/?q=Boutique%20Lety%20Tizayuca,"https://www.google.com/maps/search/?api=1&query=19.84329728,-98.97996542"
Boutique Mari Pilee,Tizayuca,+52 55 6871 4904,ND,https://wa.me/525568714904,https://www.facebook.com/search/pages/?q=Boutique%20Mari%20Pilee%20Tizayuca,"https://www.google.com/maps/search/?api=1&query=19.84089163,-98.97809977"
Boutique Moda Shein,Tizayuca,+52 77 1662 8484,ND,https://wa.me/527716628484,https://www.facebook.com/search/pages/?q=Boutique%20Moda%20Shein%20Tizayuca,"https://www.google.com/maps/search/?api=1&query=19.84301511,-98.9770871"
Boutique Modailyn,Tizayuca,+52 56 1479 6456,ND,https://wa.me/525614796456,https://www.facebook.com/search/pages/?q=Boutique%20Modailyn%20Tizayuca,"https://www.google.com/maps/search/?api=1&query=19.84482848,-98.98720306"
Boutique Mq,Tizayuca,+52 55 8110 6081,ND,https://wa.me/525581106081,https://www.facebook.com/search/pages/?q=Boutique%20Mq%20Tizayuca,"https://www.google.com/maps/search/?api=1&query=19.8123501,-98.95669299"
Boutique Mujer Bonita,Tizayuca,+52 77 1272 4703,ND,https://wa.me/527712724703,https://www.facebook.com/search/pages/?q=Boutique%20Mujer%20Bonita%20Tizayuca,"https://www.google.com/maps/search/?api=1&query=19.85796576,-98.95705318"
Boutique Nenas Moda,Tizayuca,+52 77 1181 7297,ND,https://wa.me/527711817297,https://www.facebook.com/search/pages/?q=Boutique%20Nenas%20Moda%20Tizayuca,"https://www.google.com/maps/search/?api=1&query=19.83612416,-98.98033514"
Boutique Piguis,Tizayuca,+52 77 9124 4721,ND,https://wa.me/527791244721,https://www.facebook.com/search/pages/?q=Boutique%20Piguis%20Tizayuca,"https://www.google.com/maps/search/?api=1&query=19.84061472,-98.97871743"
Boutique Pretty Woman,Tizayuca,+52 55 8236 1383,ND,https://wa.me/525582361383,https://www.facebook.com/search/pages/?q=Boutique%20Pretty%20Woman%20Tizayuca,"https://www.google.com/maps/search/?api=1&query=19.86136005,-98.95818289"
Boutique Quetzalli,Tizayuca,+52 55 6062 6758,ND,https://wa.me/525560626758,https://www.facebook.com/search/pages/?q=Boutique%20Quetzalli%20Tizayuca,"https://www.google.com/maps/search/?api=1&query=19.8673133,-98.92625411"
Boutique Secret,Tizayuca,+52 55 4911 4332,ND,https://wa.me/525549114332,https://www.facebook.com/search/pages/?q=Boutique%20Secret%20Tizayuca,"https://www.google.com/maps/search/?api=1&query=19.83716781,-98.9799291"
Boutique Sister,Tizayuca,+52 56 1809 4412,ND,https://wa.me/525618094412,https://www.facebook.com/search/pages/?q=Boutique%20Sister%20Tizayuca,"https://www.google.com/maps/search/?api=1&query=19.84370561,-98.97999059"
Boutique Sisters,Tizayuca,+52 55 6289 9910,ND,https://wa.me/525562899910,https://www.facebook.com/search/pages/?q=Boutique%20Sisters%20Tizayuca,"https://www.google.com/maps/search/?api=1&query=19.84348582,-98.97990171"
Boutique Yabet,Tizayuca,+52 55 6695 1330,ND,https://wa.me/525566951330,https://www.facebook.com/search/pages/?q=Boutique%20Yabet%20Tizayuca,"https://www.google.com/maps/search/?api=1&query=19.82458516,-98.98471902"
Jeans Tizayuca,Tizayuca,+52 55 2077 5525,ND,https://wa.me/525520775525,https://www.facebook.com/search/pages/?q=Jeans%20Tizayuca%20Tizayuca,"https://www.google.com/maps/search/?api=1&query=19.84234865,-98.97794914"
Kathies Shop,Tizayuca,+52 55 1124 4900,ND,https://wa.me/525511244900,https://www.facebook.com/search/pages/?q=Kathies%20Shop%20Tizayuca,"https://www.google.com/maps/search/?api=1&query=19.84091202,-98.98271655"
Merceria Ney Boutique Estilo Esclusivo,Tizayuca,+52 55 7781 6468,ND,https://wa.me/525577816468,https://www.facebook.com/search/pages/?q=Merceria%20Ney%20Boutique%20Estilo%20Esclusivo%20Tizayuca,"https://www.google.com/maps/search/?api=1&query=19.84085886,-98.97929861"
Moda Aj,Tizayuca,+52 55 2570 9146,ND,https://wa.me/525525709146,https://www.facebook.com/search/pages/?q=Moda%20Aj%20Tizayuca,"https://www.google.com/maps/search/?api=1&query=19.84307431,-98.97295623"
Moda Elizabeth,Tizayuca,+52 59 8045 3690,ND,https://wa.me/525980453690,https://www.facebook.com/search/pages/?q=Moda%20Elizabeth%20Tizayuca,"https://www.google.com/maps/search/?api=1&query=19.84295578,-98.97771118"
Rigelstore,Tizayuca,+52 55 3775 4098,ND,https://wa.me/525537754098,https://www.facebook.com/search/pages/?q=Rigelstore%20Tizayuca,"https://www.google.com/maps/search/?api=1&query=19.84294272,-98.98000524"
Tienda De Ropa Alefashion Boutique,Tizayuca,+52 77 1383 8846,ND,https://wa.me/527713838846,https://www.facebook.com/search/pages/?q=Tienda%20De%20Ropa%20Alefashion%20Boutique%20Tizayuca,"https://www.google.com/maps/search/?api=1&query=19.87740766,-98.96279783"
Tienda De Ropa Boutique,Tizayuca,+52 77 1182 8014,ND,https://wa.me/527711828014,https://www.facebook.com/search/pages/?q=Tienda%20De%20Ropa%20Boutique%20Tizayuca,"https://www.google.com/maps/search/?api=1&query=19.87782227,-98.96553817"
Boutique Chavitos,Tlahuelilpan,+52 77 1241 5390,ND,https://wa.me/527712415390,https://www.facebook.com/search/pages/?q=Boutique%20Chavitos%20Tlahuelilpan,"https://www.google.com/maps/search/?api=1&query=20.13158124,-99.23245934"
Boutique Hauz Chic,Tlahuelilpan,+52 77 1102 1715,ND,https://wa.me/527711021715,https://www.facebook.com/search/pages/?q=Boutique%20Hauz%20Chic%20Tlahuelilpan,"https://www.google.com/maps/search/?api=1&query=20.13133688,-99.23293273"
Boutique M&G,Tlahuelilpan,+52 77 3182 6741,ND,https://wa.me/527731826741,https://www.facebook.com/search/pages/?q=Boutique%20M%26G%20Tlahuelilpan,"https://www.google.com/maps/search/?api=1&query=20.13948843,-99.23857355"
Boutique Mateo,Tlahuelilpan,+52 77 3108 8205,ND,https://wa.me/527731088205,https://www.facebook.com/search/pages/?q=Boutique%20Mateo%20Tlahuelilpan,"https://www.google.com/maps/search/?api=1&query=20.13302354,-99.23180609"
Boutique Miky Love,Tlahuelilpan,+52 55 5469 2281,ND,https://wa.me/525554692281,https://www.facebook.com/search/pages/?q=Boutique%20Miky%20Love%20Tlahuelilpan,"https://www.google.com/maps/search/?api=1&query=20.13029898,-99.23025857"
Tienda De Ropa Cherry Boutique,Tlahuelilpan,+52 77 3178 4222,ND,https://wa.me/527731784222,https://www.facebook.com/search/pages/?q=Tienda%20De%20Ropa%20Cherry%20Boutique%20Tlahuelilpan,"https://www.google.com/maps/search/?api=1&query=20.13135854,-99.23268255"
Boutique Violet,Tlanalapa,+52 77 1231 0026,ND,https://wa.me/527712310026,https://www.facebook.com/search/pages/?q=Boutique%20Violet%20Tlanalapa,"https://www.google.com/maps/search/?api=1&query=19.81949932,-98.60570244"
Venta De Ropa Boutique Jesi,Tlanalapa,+52 79 1120 6488,ND,https://wa.me/527911206488,https://www.facebook.com/search/pages/?q=Venta%20De%20Ropa%20Boutique%20Jesi%20Tlanalapa,"https://www.google.com/maps/search/?api=1&query=19.81898382,-98.60408772"
Centro De Modas Rubi,Tlanchinol,+52 77 1700 0078,ND,https://wa.me/527717000078,https://www.facebook.com/search/pages/?q=Centro%20De%20Modas%20Rubi%20Tlanchinol,"https://www.google.com/maps/search/?api=1&query=20.98885636,-98.66137119"
Tienda De Ropa Juvenil Estilo Y Moda,Tlanchinol,+52 33 2033 9315,ND,https://wa.me/523320339315,https://www.facebook.com/search/pages/?q=Tienda%20De%20Ropa%20Juvenil%20Estilo%20Y%20Moda%20Tlanchinol,"https://www.google.com/maps/search/?api=1&query=21.04055646,-98.61036986"
Boutique Leon Fer,Tlaxcoapan,+52 77 3102 7583,ND,https://wa.me/527731027583,https://www.facebook.com/search/pages/?q=Boutique%20Leon%20Fer%20Tlaxcoapan,"https://www.google.com/maps/search/?api=1&query=20.11604855,-99.20198853"
Modas Casual Maris,Tlaxcoapan,+52 55 7352 3422,ND,https://wa.me/525573523422,https://www.facebook.com/search/pages/?q=Modas%20Casual%20Maris%20Tlaxcoapan,"https://www.google.com/maps/search/?api=1&query=20.09236617,-99.244715"
Modas Diana Laura,Tlaxcoapan,+52 77 3129 4564,ND,https://wa.me/527731294564,https://www.facebook.com/search/pages/?q=Modas%20Diana%20Laura%20Tlaxcoapan,"https://www.google.com/maps/search/?api=1&query=20.0940071,-99.24000084"
Tienda De Ropa La Moda Rosa,Tlaxcoapan,+52 77 3224 9866,ND,https://wa.me/527732249866,https://www.facebook.com/search/pages/?q=Tienda%20De%20Ropa%20La%20Moda%20Rosa%20Tlaxcoapan,"https://www.google.com/maps/search/?api=1&query=20.09169934,-99.22287646"
Tienda De Ropa Modas Sonia,Tlaxcoapan,+52 77 1177 7804,ND,https://wa.me/527711777804,https://www.facebook.com/search/pages/?q=Tienda%20De%20Ropa%20Modas%20Sonia%20Tlaxcoapan,"https://www.google.com/maps/search/?api=1&query=20.09349226,-99.24231336"
Tienda De Ropa Para Caballero Store For The Young,Tlaxcoapan,+52 77 3120 6887,ND,https://wa.me/527731206887,https://www.facebook.com/search/pages/?q=Tienda%20De%20Ropa%20Para%20Caballero%20Store%20For%20The%20Young%20Tlaxcoapan,"https://www.google.com/maps/search/?api=1&query=20.09230834,-99.22273521"
Tienda De Ropa Y Accesorios Day Store,Tlaxcoapan,+52 77 1386 4343,ND,https://wa.me/527713864343,https://www.facebook.com/search/pages/?q=Tienda%20De%20Ropa%20Y%20Accesorios%20Day%20Store%20Tlaxcoapan,"https://www.google.com/maps/search/?api=1&query=20.09065388,-99.22050037"
Manolos Boutique,Tolcayuca,+52 56 2767 4828,ND,https://wa.me/525627674828,https://www.facebook.com/search/pages/?q=Manolos%20Boutique%20Tolcayuca,"https://www.google.com/maps/search/?api=1&query=19.89572008,-98.92921306"
Tienda De Ropa Atenas Boutique,Tolcayuca,+52 77 1218 0959,ND,https://wa.me/527712180959,https://www.facebook.com/search/pages/?q=Tienda%20De%20Ropa%20Atenas%20Boutique%20Tolcayuca,"https://www.google.com/maps/search/?api=1&query=19.95604019,-98.92066346"
Tienda De Ropa Cg Boutique,Tula de Allende,+52 77 3129 2881,cgboutique@gmail.com,https://wa.me/527731292881,https://www.facebook.com/search/pages/?q=Tienda%20De%20Ropa%20Cg%20Boutique%20Tula%20de%20Allende,"https://www.google.com/maps/search/?api=1&query=20.05642819,-99.34051712"
8 Segundos Tienda De Ropa Vaquera,Tula de Allende,+52 77 3133 5565,ND,https://wa.me/527731335565,https://www.facebook.com/search/pages/?q=8%20Segundos%20Tienda%20De%20Ropa%20Vaquera%20Tula%20de%20Allende,"https://www.google.com/maps/search/?api=1&query=20.05702137,-99.33665603"
B-Fashion-Uhp Venta De Ropa,Tula de Allende,+52 77 3335 7683,ND,https://wa.me/527733357683,https://www.facebook.com/search/pages/?q=B-Fashion-Uhp%20Venta%20De%20Ropa%20Tula%20de%20Allende,"https://www.google.com/maps/search/?api=1&query=20.05706379,-99.33849765"
Boutique Chido Store,Tula de Allende,+52 77 3172 8902,ND,https://wa.me/527731728902,https://www.facebook.com/search/pages/?q=Boutique%20Chido%20Store%20Tula%20de%20Allende,"https://www.google.com/maps/search/?api=1&query=20.05918284,-99.33238815"
Boutique De Ropa Naomi,Tula de Allende,+52 77 1219 3522,ND,https://wa.me/527712193522,https://www.facebook.com/search/pages/?q=Boutique%20De%20Ropa%20Naomi%20Tula%20de%20Allende,"https://www.google.com/maps/search/?api=1&query=20.05711946,-99.33740291"
Boutique Elys,Tula de Allende,+52 77 3112 5650,ND,https://wa.me/527731125650,https://www.facebook.com/search/pages/?q=Boutique%20Elys%20Tula%20de%20Allende,"https://www.google.com/maps/search/?api=1&query=19.99033202,-99.3405867"
Boutique Gela,Tula de Allende,+52 77 1772 8235,ND,https://wa.me/527717728235,https://www.facebook.com/search/pages/?q=Boutique%20Gela%20Tula%20de%20Allende,"https://www.google.com/maps/search/?api=1&query=20.0572507,-99.33685882"
Boutique Glam,Tula de Allende,+52 77 3105 7574,ND,https://wa.me/527731057574,https://www.facebook.com/search/pages/?q=Boutique%20Glam%20Tula%20de%20Allende,"https://www.google.com/maps/search/?api=1&query=20.05916788,-99.33202432"
Boutique Insomnia Mens,Tula de Allende,+52 77 3732 4864,ND,https://wa.me/527737324864,https://www.facebook.com/search/pages/?q=Boutique%20Insomnia%20Mens%20Tula%20de%20Allende,"https://www.google.com/maps/search/?api=1&query=20.05607596,-99.34170791"
Boutique La Toxica,Tula de Allende,+52 77 3106 6385,ND,https://wa.me/527731066385,https://www.facebook.com/search/pages/?q=Boutique%20La%20Toxica%20Tula%20de%20Allende,"https://www.google.com/maps/search/?api=1&query=20.05706519,-99.33846898"
Boutique Love,Tula de Allende,+52 77 3417 9142,ND,https://wa.me/527734179142,https://www.facebook.com/search/pages/?q=Boutique%20Love%20Tula%20de%20Allende,"https://www.google.com/maps/search/?api=1&query=20.05703187,-99.33920967"
Boutique Milly Saenz,Tula de Allende,+52 77 3186 0065,ND,https://wa.me/527731860065,https://www.facebook.com/search/pages/?q=Boutique%20Milly%20Saenz%20Tula%20de%20Allende,"https://www.google.com/maps/search/?api=1&query=20.0571288,-99.34209427"
Boutique Modashop,Tula de Allende,+52 77 3200 7461,ND,https://wa.me/527732007461,https://www.facebook.com/search/pages/?q=Boutique%20Modashop%20Tula%20de%20Allende,"https://www.google.com/maps/search/?api=1&query=20.05687898,-99.34206036"
Boutique My Closet,Tula de Allende,+52 77 3139 4020,ND,https://wa.me/527731394020,https://www.facebook.com/search/pages/?q=Boutique%20My%20Closet%20Tula%20de%20Allende,"https://www.google.com/maps/search/?api=1&query=20.05697825,-99.33933476"
Boutique Pizpireta,Tula de Allende,+52 77 3163 2300,ND,https://wa.me/527731632300,https://www.facebook.com/search/pages/?q=Boutique%20Pizpireta%20Tula%20de%20Allende,"https://www.google.com/maps/search/?api=1&query=20.0567753,-99.3394555"
Boutique Premium Outlet Mexico,Tula de Allende,+52 77 3680 2534,ND,https://wa.me/527736802534,https://www.facebook.com/search/pages/?q=Boutique%20Premium%20Outlet%20Mexico%20Tula%20de%20Allende,"https://www.google.com/maps/search/?api=1&query=20.063026,-99.33364115"
Boutique Pretty Girl,Tula de Allende,+52 77 3131 0673,ND,https://wa.me/527731310673,https://www.facebook.com/search/pages/?q=Boutique%20Pretty%20Girl%20Tula%20de%20Allende,"https://www.google.com/maps/search/?api=1&query=19.99052935,-99.33904589"
Boutique Punto Maylo,Tula de Allende,+52 77 3109 9776,ND,https://wa.me/527731099776,https://www.facebook.com/search/pages/?q=Boutique%20Punto%20Maylo%20Tula%20de%20Allende,"https://www.google.com/maps/search/?api=1&query=20.05715003,-99.3369863"
Noss Boutique,Tula de Allende,+52 77 3135 8256,ND,https://wa.me/527731358256,https://www.facebook.com/search/pages/?q=Noss%20Boutique%20Tula%20de%20Allende,"https://www.google.com/maps/search/?api=1&query=20.05445078,-99.34421081"
Ropa Vaquera Forja Western,Tula de Allende,+52 77 3202 3342,ND,https://wa.me/527732023342,https://www.facebook.com/search/pages/?q=Ropa%20Vaquera%20Forja%20Western%20Tula%20de%20Allende,"https://www.google.com/maps/search/?api=1&query=20.0555509,-99.34684661"
Tienda De Rop Stopshop Tula,Tula de Allende,+52 77 3150 1200,ND,https://wa.me/527731501200,https://www.facebook.com/search/pages/?q=Tienda%20De%20Rop%20Stopshop%20Tula%20Tula%20de%20Allende,"https://www.google.com/maps/search/?api=1&query=20.05703306,-99.34140545"
Tienda De Ropa Aura Boutique,Tula de Allende,+52 77 3186 8363,ND,https://wa.me/527731868363,https://www.facebook.com/search/pages/?q=Tienda%20De%20Ropa%20Aura%20Boutique%20Tula%20de%20Allende,"https://www.google.com/maps/search/?api=1&query=20.05651793,-99.34053998"
Tienda De Ropa Veilyn Boutique,Tula de Allende,+52 77 3139 6826,ND,https://wa.me/527731396826,https://www.facebook.com/search/pages/?q=Tienda%20De%20Ropa%20Veilyn%20Boutique%20Tula%20de%20Allende,"https://www.google.com/maps/search/?api=1&query=20.05521606,-99.34240395"
Venta De Ropa Para Caballero Netixs Shop,Tula de Allende,+52 77 3127 0056,ND,https://wa.me/527731270056,https://www.facebook.com/search/pages/?q=Venta%20De%20Ropa%20Para%20Caballero%20Netixs%20Shop%20Tula%20de%20Allende,"https://www.google.com/maps/search/?api=1&query=20.05682087,-99.34392636"
Boutique Mj,Tulancingo de Bravo,+52 77 5771 7614,ND,https://wa.me/527757717614,https://BOUTIQUEMJ.COM.MX/,"https://www.google.com/maps/search/?api=1&query=20.06140632,-98.36274574"
Cherrys Boutique,Tulancingo de Bravo,+52 77 5189 3402,cherrys.cherrysboutique11@gmail.com,https://wa.me/527751893402,https://www.facebook.com/search/pages/?q=Cherrys%20Boutique%20Tulancingo%20de%20Bravo,"https://www.google.com/maps/search/?api=1&query=20.09436157,-98.36842279"
Danari Jeans,Tulancingo de Bravo,+52 77 1240 9753,aniux7020@gmail.com,https://wa.me/527712409753,https://www.facebook.com/search/pages/?q=Danari%20Jeans%20Tulancingo%20de%20Bravo,"https://www.google.com/maps/search/?api=1&query=20.07982149,-98.36686865"
Tienda De Ropa La Boutique,Tulancingo de Bravo,+52 77 5150 2409,la_boutique_tulancingo@hotmail.com,https://wa.me/527751502409,https://www.facebook.com/search/pages/?q=Tienda%20De%20Ropa%20La%20Boutique%20Tulancingo%20de%20Bravo,"https://www.google.com/maps/search/?api=1&query=20.07917371,-98.37049406"
Tienda De Ropa Love Yasirs Store,Tulancingo de Bravo,+52 77 5125 2483,lovedemarzo361@gmail.com,https://wa.me/527751252483,https://www.facebook.com/search/pages/?q=Tienda%20De%20Ropa%20Love%20Yasirs%20Store%20Tulancingo%20de%20Bravo,"https://www.google.com/maps/search/?api=1&query=20.07910419,-98.36716666"
Alex Vaquero Tienda De Ropa,Tulancingo de Bravo,+52 31 1227 3496,ND,https://wa.me/523112273496,https://www.facebook.com/search/pages/?q=Alex%20Vaquero%20Tienda%20De%20Ropa%20Tulancingo%20de%20Bravo,"https://www.google.com/maps/search/?api=1&query=20.17104931,-98.31342105"
Bella Boutique,Tulancingo de Bravo,+52 77 1196 6170,ND,https://wa.me/527711966170,https://www.facebook.com/search/pages/?q=Bella%20Boutique%20Tulancingo%20de%20Bravo,"https://www.google.com/maps/search/?api=1&query=20.13880119,-98.34492071"
Botique Style Shop,Tulancingo de Bravo,+52 77 5132 3918,ND,https://wa.me/527751323918,https://www.facebook.com/search/pages/?q=Botique%20Style%20Shop%20Tulancingo%20de%20Bravo,"https://www.google.com/maps/search/?api=1&query=20.0763401,-98.35666754"
Boutique Butterfly,Tulancingo de Bravo,+52 77 5154 9955,ND,https://wa.me/527751549955,https://www.facebook.com/search/pages/?q=Boutique%20Butterfly%20Tulancingo%20de%20Bravo,"https://www.google.com/maps/search/?api=1&query=20.08599707,-98.36536439"
Boutique Carol,Tulancingo de Bravo,+52 77 5112 2710,ND,https://wa.me/527751122710,https://www.facebook.com/search/pages/?q=Boutique%20Carol%20Tulancingo%20de%20Bravo,"https://www.google.com/maps/search/?api=1&query=20.08415518,-98.37002043"
Boutique El Caporal,Tulancingo de Bravo,+52 77 5112 2560,ND,https://wa.me/527751122560,https://www.facebook.com/search/pages/?q=Boutique%20El%20Caporal%20Tulancingo%20de%20Bravo,"https://www.google.com/maps/search/?api=1&query=20.08051113,-98.36984059"
Boutique Firial,Tulancingo de Bravo,+52 77 5115 2286,ND,https://wa.me/527751152286,https://www.facebook.com/search/pages/?q=Boutique%20Firial%20Tulancingo%20de%20Bravo,"https://www.google.com/maps/search/?api=1&query=20.06009449,-98.36312141"
Boutique Janeth Cruz,Tulancingo de Bravo,+52 77 5758 5467,ND,https://wa.me/527757585467,https://www.facebook.com/search/pages/?q=Boutique%20Janeth%20Cruz%20Tulancingo%20de%20Bravo,"https://www.google.com/maps/search/?api=1&query=20.07725917,-98.36690447"
Boutique Karamel,Tulancingo de Bravo,+52 77 5771 6996,ND,https://wa.me/527757716996,https://www.facebook.com/search/pages/?q=Boutique%20Karamel%20Tulancingo%20de%20Bravo,"https://www.google.com/maps/search/?api=1&query=20.08153277,-98.36839149"
Boutique La Lola,Tulancingo de Bravo,+52 77 5488 0480,ND,https://wa.me/527754880480,https://www.facebook.com/search/pages/?q=Boutique%20La%20Lola%20Tulancingo%20de%20Bravo,"https://www.google.com/maps/search/?api=1&query=20.08064969,-98.3666245"
Boutique Maxxi,Tulancingo de Bravo,+52 77 5128 3683,ND,https://wa.me/527751283683,https://www.facebook.com/search/pages/?q=Boutique%20Maxxi%20Tulancingo%20de%20Bravo,"https://www.google.com/maps/search/?api=1&query=20.08338104,-98.36669952"
Boutique Prymos,Tulancingo de Bravo,+52 77 5121 7057,ND,https://wa.me/527751217057,https://www.facebook.com/search/pages/?q=Boutique%20Prymos%20Tulancingo%20de%20Bravo,"https://www.google.com/maps/search/?api=1&query=20.07434851,-98.37452713"
Boutique Smog,Tulancingo de Bravo,+52 77 5224 6866,ND,https://wa.me/527752246866,https://www.facebook.com/search/pages/?q=Boutique%20Smog%20Tulancingo%20de%20Bravo,"https://www.google.com/maps/search/?api=1&query=20.07567187,-98.36707255"
Boutique Trebol,Tulancingo de Bravo,+52 77 5593 5872,ND,https://wa.me/527755935872,https://www.facebook.com/search/pages/?q=Boutique%20Trebol%20Tulancingo%20de%20Bravo,"https://www.google.com/maps/search/?api=1&query=20.08290306,-98.37131013"
Boutique Varsaq,Tulancingo de Bravo,+52 56 3004 0506,ND,https://wa.me/525630040506,https://www.facebook.com/search/pages/?q=Boutique%20Varsaq%20Tulancingo%20de%20Bravo,"https://www.google.com/maps/search/?api=1&query=20.07998919,-98.36890015"
Carios Boutique,Tulancingo de Bravo,+52 77 5104 5163,ND,https://wa.me/527751045163,https://www.facebook.com/search/pages/?q=Carios%20Boutique%20Tulancingo%20de%20Bravo,"https://www.google.com/maps/search/?api=1&query=20.0822515,-98.37199162"
Closet Franco,Tulancingo de Bravo,+52 77 5242 0979,ND,https://wa.me/527752420979,https://www.facebook.com/search/pages/?q=Closet%20Franco%20Tulancingo%20de%20Bravo,"https://www.google.com/maps/search/?api=1&query=20.07801694,-98.36707632"
Dorcas Boutique,Tulancingo de Bravo,+52 77 5185 5493,ND,https://wa.me/527751855493,https://www.facebook.com/search/pages/?q=Dorcas%20Boutique%20Tulancingo%20de%20Bravo,"https://www.google.com/maps/search/?api=1&query=20.080506,-98.37004951"
Exoti K Moda Femenina Boutique,Tulancingo de Bravo,+52 77 5236 3217,ND,https://wa.me/527752363217,https://www.facebook.com/search/pages/?q=Exoti%20K%20Moda%20Femenina%20Boutique%20Tulancingo%20de%20Bravo,"https://www.google.com/maps/search/?api=1&query=20.1171537,-98.41947084"
Fashion Boutique Venta De Ropa Para Mujer,Tulancingo de Bravo,+52 77 5145 5968,ND,https://wa.me/527751455968,https://www.facebook.com/search/pages/?q=Fashion%20Boutique%20Venta%20De%20Ropa%20Para%20Mujer%20Tulancingo%20de%20Bravo,"https://www.google.com/maps/search/?api=1&query=20.07494957,-98.36634982"
Jaquie Store,Tulancingo de Bravo,+52 77 5103 0025,ND,https://wa.me/527751030025,https://www.facebook.com/search/pages/?q=Jaquie%20Store%20Tulancingo%20de%20Bravo,"https://www.google.com/maps/search/?api=1&query=20.07887285,-98.36810897"
Lulas Boutique,Tulancingo de Bravo,+52 77 5205 0373,ND,https://wa.me/527752050373,https://www.facebook.com/search/pages/?q=Lulas%20Boutique%20Tulancingo%20de%20Bravo,"https://www.google.com/maps/search/?api=1&query=20.0791182,-98.36711367"
New York Boutique,Tulancingo de Bravo,+52 77 5198 4994,ND,https://wa.me/527751984994,https://www.facebook.com/search/pages/?q=New%20York%20Boutique%20Tulancingo%20de%20Bravo,"https://www.google.com/maps/search/?api=1&query=20.08136279,-98.37171944"
Oxido Fashion,Tulancingo de Bravo,+52 77 5158 8434,ND,https://wa.me/527751588434,https://www.facebook.com/search/pages/?q=Oxido%20Fashion%20Tulancingo%20de%20Bravo,"https://www.google.com/maps/search/?api=1&query=20.08146818,-98.37159866"
Tienda De Ropa American Fashion,Tulancingo de Bravo,+52 77 5144 2756,ND,https://wa.me/527751442756,https://www.facebook.com/search/pages/?q=Tienda%20De%20Ropa%20American%20Fashion%20Tulancingo%20de%20Bravo,"https://www.google.com/maps/search/?api=1&query=20.1236488,-98.36317906"
Tienda De Ropa Boutique Moda Mia,Tulancingo de Bravo,+52 77 5205 4676,ND,https://wa.me/527752054676,https://www.facebook.com/search/pages/?q=Tienda%20De%20Ropa%20Boutique%20Moda%20Mia%20Tulancingo%20de%20Bravo,"https://www.google.com/maps/search/?api=1&query=20.07866611,-98.36894084"
Tienda De Ropa Love Boutique,Tulancingo de Bravo,+52 77 5202 0092,ND,https://wa.me/527752020092,https://www.facebook.com/search/pages/?q=Tienda%20De%20Ropa%20Love%20Boutique%20Tulancingo%20de%20Bravo,"https://www.google.com/maps/search/?api=1&query=20.07923502,-98.37226358"
Tienda De Ropa Moda Fitness,Tulancingo de Bravo,+52 77 5102 0905,ND,https://wa.me/527751020905,https://www.facebook.com/search/pages/?q=Tienda%20De%20Ropa%20Moda%20Fitness%20Tulancingo%20de%20Bravo,"https://www.google.com/maps/search/?api=1&query=20.08411355,-98.36650895"
Tienda De Ropa Nika Jeans,Tulancingo de Bravo,+52 77 5173 3332,ND,https://wa.me/527751733332,https://www.facebook.com/search/pages/?q=Tienda%20De%20Ropa%20Nika%20Jeans%20Tulancingo%20de%20Bravo,"https://www.google.com/maps/search/?api=1&query=20.08561303,-98.36516121"
Tienda De Ropa Para Dama Banana Boutique,Tulancingo de Bravo,+52 77 5117 7822,ND,https://wa.me/527751177822,https://www.facebook.com/search/pages/?q=Tienda%20De%20Ropa%20Para%20Dama%20Banana%20Boutique%20Tulancingo%20de%20Bravo,"https://www.google.com/maps/search/?api=1&query=20.08063329,-98.37104678"
Tienda De Ropa Urban Style,Tulancingo de Bravo,+52 77 5121 0554,ND,https://wa.me/527751210554,https://www.facebook.com/search/pages/?q=Tienda%20De%20Ropa%20Urban%20Style%20Tulancingo%20de%20Bravo,"https://www.google.com/maps/search/?api=1&query=20.07786706,-98.36693801"
Tienda De Ropa Win Fashion Shope,Tulancingo de Bravo,+52 77 5224 6700,ND,https://wa.me/527752246700,https://www.facebook.com/search/pages/?q=Tienda%20De%20Ropa%20Win%20Fashion%20Shope%20Tulancingo%20de%20Bravo,"https://www.google.com/maps/search/?api=1&query=20.0842936,-98.3668766"
Tienda De Ropa Y Accesorios Geos Moda Y Estilo,Tulancingo de Bravo,+52 77 5127 3045,ND,https://wa.me/527751273045,https://www.facebook.com/search/pages/?q=Tienda%20De%20Ropa%20Y%20Accesorios%20Geos%20Moda%20Y%20Estilo%20Tulancingo%20de%20Bravo,"https://www.google.com/maps/search/?api=1&query=20.07738651,-98.37275002"
Tienda De Ropa Y Accesorios The Old Store,Tulancingo de Bravo,+52 77 1238 0148,ND,https://wa.me/527712380148,https://www.facebook.com/search/pages/?q=Tienda%20De%20Ropa%20Y%20Accesorios%20The%20Old%20Store%20Tulancingo%20de%20Bravo,"https://www.google.com/maps/search/?api=1&query=20.08001912,-98.37206842"
Venta De Pantalones Choforos,Tulancingo de Bravo,+52 72 0170 2956,ND,https://wa.me/527201702956,https://www.facebook.com/search/pages/?q=Venta%20De%20Pantalones%20Choforos%20Tulancingo%20de%20Bravo,"https://www.google.com/maps/search/?api=1&query=20.07841731,-98.36740242"
Venta De Pantalones De Mezclilla Coral Jeans,Tulancingo de Bravo,+52 77 5757 7290,ND,https://wa.me/527757577290,https://www.facebook.com/search/pages/?q=Venta%20De%20Pantalones%20De%20Mezclilla%20Coral%20Jeans%20Tulancingo%20de%20Bravo,"https://www.google.com/maps/search/?api=1&query=20.07858345,-98.36721516"
Venta De Ropa Boutique Rog-Dany,Tulancingo de Bravo,+52 77 5755 0961,ND,https://wa.me/527757550961,https://www.facebook.com/search/pages/?q=Venta%20De%20Ropa%20Boutique%20Rog-Dany%20Tulancingo%20de%20Bravo,"https://www.google.com/maps/search/?api=1&query=20.07943006,-98.36880378"
Venta De Ropa Para Dama Pingglam Moda Y Accesorios,Tulancingo de Bravo,+52 77 5167 0592,ND,https://wa.me/527751670592,https://www.facebook.com/search/pages/?q=Venta%20De%20Ropa%20Para%20Dama%20Pingglam%20Moda%20Y%20Accesorios%20Tulancingo%20de%20Bravo,"https://www.google.com/maps/search/?api=1&query=20.08290899,-98.36743625"
Vero Moda,Tulancingo de Bravo,+52 77 5111 6411,ND,https://wa.me/527751116411,https://www.facebook.com/search/pages/?q=Vero%20Moda%20Tulancingo%20de%20Bravo,"https://www.google.com/maps/search/?api=1&query=20.08323757,-98.36617652"
Boutique Jandy,Villa de Tezontepec,+52 77 1566 0734,ND,https://wa.me/527715660734,https://www.facebook.com/search/pages/?q=Boutique%20Jandy%20Villa%20de%20Tezontepec,"https://www.google.com/maps/search/?api=1&query=19.88004406,-98.82005079"
Sofia Boutique,Villa de Tezontepec,+52 77 1726 7780,ND,https://wa.me/527717267780,https://www.facebook.com/search/pages/?q=Sofia%20Boutique%20Villa%20de%20Tezontepec,"https://www.google.com/maps/search/?api=1&query=19.88974358,-98.80662371"
Tienda De Ropa Vaquera Villanos Almacen,Villa de Tezontepec,+52 98 4279 0761,ND,https://wa.me/529842790761,https://www.facebook.com/search/pages/?q=Tienda%20De%20Ropa%20Vaquera%20Villanos%20Almacen%20Villa%20de%20Tezontepec,"https://www.google.com/maps/search/?api=1&query=19.88024648,-98.81945282"
Venta De Ropa,Xochiatipan,+52 77 1743 0623,ND,https://wa.me/527717430623,https://www.facebook.com/search/pages/?q=Venta%20De%20Ropa%20Xochiatipan,"https://www.google.com/maps/search/?api=1&query=20.8351179,-98.28525526"
Tienda De Ropa,Xochiatipan,ND,ND,ND,https://www.facebook.com/search/pages/?q=Tienda%20De%20Ropa%20Xochiatipan,"https://www.google.com/maps/search/?api=1&query=20.83527261,-98.28493159"
Tienda De Ropa Josa,Xochicoatlán,+52 77 1214 3979,ND,https://wa.me/527712143979,https://www.facebook.com/search/pages/?q=Tienda%20De%20Ropa%20Josa%20Xochicoatlán,"https://www.google.com/maps/search/?api=1&query=20.77632013,-98.68069118"
Tienda De Ropa,Xochicoatlán,+52 77 1234 6396,ND,https://wa.me/527712346396,https://www.facebook.com/search/pages/?q=Tienda%20De%20Ropa%20Xochicoatlán,"https://www.google.com/maps/search/?api=1&query=20.7769166,-98.67874467"
Venta De Ropa,Yahualica,+52 77 1195 7654,ND,https://wa.me/527711957654,https://www.facebook.com/search/pages/?q=Venta%20De%20Ropa%20Yahualica,"https://www.google.com/maps/search/?api=1&query=20.8912156,-98.38313609"
Venta De Ropa,Yahualica,+52 77 1272 9274,ND,https://wa.me/527712729274,https://www.facebook.com/search/pages/?q=Venta%20De%20Ropa%20Yahualica,"https://www.google.com/maps/search/?api=1&query=20.89312681,-98.38363187"
Modas Cris,Zacualtipán de Ángeles,+52 77 1128 2626,ND,https://wa.me/527711282626,https://www.facebook.com/search/pages/?q=Modas%20Cris%20Zacualtipán%20de%20Ángeles,"https://www.google.com/maps/search/?api=1&query=20.64553907,-98.65395493"
Modas Lupita,Zacualtipán de Ángeles,+52 77 1712 1870,ND,https://wa.me/527717121870,https://www.facebook.com/search/pages/?q=Modas%20Lupita%20Zacualtipán%20de%20Ángeles,"https://www.google.com/maps/search/?api=1&query=20.64572849,-98.65393814"
Tienda De Ropa Boutique Paris,Zacualtipán de Ángeles,+52 77 1201 0522,ND,https://wa.me/527712010522,https://www.facebook.com/search/pages/?q=Tienda%20De%20Ropa%20Boutique%20Paris%20Zacualtipán%20de%20Ángeles,"https://www.google.com/maps/search/?api=1&query=20.6441289,-98.65455317"
Tienda De Ropa Jowcy Store,Zacualtipán de Ángeles,+52 77 1122 8553,ND,https://wa.me/527711228553,https://www.facebook.com/search/pages/?q=Tienda%20De%20Ropa%20Jowcy%20Store%20Zacualtipán%20de%20Ángeles,"https://www.google.com/maps/search/?api=1&query=20.64664556,-98.65693307"
Tienda De Ropa Pekita Fashion,Zacualtipán de Ángeles,+52 77 1221 4325,ND,https://wa.me/527712214325,https://www.facebook.com/search/pages/?q=Tienda%20De%20Ropa%20Pekita%20Fashion%20Zacualtipán%20de%20Ángeles,"https://www.google.com/maps/search/?api=1&query=20.64672124,-98.65523734"
Venta De Ropa Casual La Moda,Zacualtipán de Ángeles,+52 77 1187 7839,ND,https://wa.me/527711877839,https://www.facebook.com/search/pages/?q=Venta%20De%20Ropa%20Casual%20La%20Moda%20Zacualtipán%20de%20Ángeles,"https://www.google.com/maps/search/?api=1&query=20.64642057,-98.65484869"
Venta De Ropa Outfitfashion,Zacualtipán de Ángeles,+52 77 1186 1759,ND,https://wa.me/527711861759,https://www.facebook.com/search/pages/?q=Venta%20De%20Ropa%20Outfitfashion%20Zacualtipán%20de%20Ángeles,"https://www.google.com/maps/search/?api=1&query=20.66933406,-98.66827042"
Boutique Casa Zuñiga,Zapotlán de Juárez,+52 77 1705 1713,ND,https://wa.me/527717051713,https://www.facebook.com/search/pages/?q=Boutique%20Casa%20Zuñiga%20Zapotlán%20de%20Juárez,"https://www.google.com/maps/search/?api=1&query=19.97219028,-98.86124646"
Boutique Kimye,Zapotlán de Juárez,+52 77 5157 9728,ND,https://wa.me/527751579728,https://www.facebook.com/search/pages/?q=Boutique%20Kimye%20Zapotlán%20de%20Juárez,"https://www.google.com/maps/search/?api=1&query=19.97317066,-98.86140625"
Boutique So Shop,Zapotlán de Juárez,+52 77 1164 9287,ND,https://wa.me/527711649287,https://www.facebook.com/search/pages/?q=Boutique%20So%20Shop%20Zapotlán%20de%20Juárez,"https://www.google.com/maps/search/?api=1&query=19.99038849,-98.86664045"
Ropa Y Tenis Americanos Boutique Rp,Zapotlán de Juárez,+52 89 9225 4978,ND,https://wa.me/528992254978,https://www.facebook.com/search/pages/?q=Ropa%20Y%20Tenis%20Americanos%20Boutique%20Rp%20Zapotlán%20de%20Juárez,"https://www.google.com/maps/search/?api=1&query=19.9831093,-98.86732977"
Tienda De Ropa Boutique Lucy,Zapotlán de Juárez,+52 77 1161 6120,ND,https://wa.me/527711616120,https://www.facebook.com/search/pages/?q=Tienda%20De%20Ropa%20Boutique%20Lucy%20Zapotlán%20de%20Juárez,"https://www.google.com/maps/search/?api=1&query=19.97318162,-98.85967149"
Tienda De Ropa Virtual Shop,Zapotlán de Juárez,+52 22 1354 4733,ND,https://wa.me/522213544733,https://www.facebook.com/search/pages/?q=Tienda%20De%20Ropa%20Virtual%20Shop%20Zapotlán%20de%20Juárez,"https://www.google.com/maps/search/?api=1&query=19.97346788,-98.86195811"
Tienda De Ropa Boutique Love,Zempoala,+52 77 1772 7505,ND,https://wa.me/527717727505,https://WWW.LOVESAHAGUNBOUTIQUE.COM.MX/,"https://www.google.com/maps/search/?api=1&query=19.91560463,-98.66985775"
Boutique Mariluz,Zempoala,+52 77 5167 2113,ND,https://wa.me/527751672113,https://www.facebook.com/search/pages/?q=Boutique%20Mariluz%20Zempoala,"https://www.google.com/maps/search/?api=1&query=19.84771022,-98.67257626"
Boutique Sandel Jeans,Zempoala,+52 55 8039 8803,ND,https://wa.me/525580398803,https://www.facebook.com/search/pages/?q=Boutique%20Sandel%20Jeans%20Zempoala,"https://www.google.com/maps/search/?api=1&query=19.84634893,-98.66969691"
La Boutique De Ropa,Zempoala,+52 77 1351 8776,ND,https://wa.me/527713518776,https://www.facebook.com/search/pages/?q=La%20Boutique%20De%20Ropa%20Zempoala,"https://www.google.com/maps/search/?api=1&query=20.03291463,-98.79250582"
La Casa De La Moda,Zempoala,+52 77 1333 0428,ND,https://wa.me/527713330428,https://www.facebook.com/search/pages/?q=La%20Casa%20De%20La%20Moda%20Zempoala,"https://www.google.com/maps/search/?api=1&query=19.91335542,-98.66955892"
Pantalones De Mezclilla Marzan,Zempoala,+52 77 5234 0419,ND,https://wa.me/527752340419,https://www.facebook.com/search/pages/?q=Pantalones%20De%20Mezclilla%20Marzan%20Zempoala,"https://www.google.com/maps/search/?api=1&query=19.8473567,-98.67128456"
Ropa Vaquera,Zempoala,+52 77 1341 7607,ND,https://wa.me/527713417607,https://www.facebook.com/search/pages/?q=Ropa%20Vaquera%20Zempoala,"https://www.google.com/maps/search/?api=1&query=19.9834837,-98.78822731"
Tienda De Ropa Camisas Charras Y Vaqueras,Zempoala,+52 77 5114 6616,ND,https://wa.me/527751146616,https://www.facebook.com/search/pages/?q=Tienda%20De%20Ropa%20Camisas%20Charras%20Y%20Vaqueras%20Zempoala,"https://www.google.com/maps/search/?api=1&query=19.84762561,-98.67037498"
Tienda De Ropa Confetti Shop,Zempoala,+52 77 5139 2929,ND,https://wa.me/527751392929,https://www.facebook.com/search/pages/?q=Tienda%20De%20Ropa%20Confetti%20Shop%20Zempoala,"https://www.google.com/maps/search/?api=1&query=19.91468219,-98.67072137"
Tienda De Ropa Pink Shop,Zempoala,+52 77 5126 8706,ND,https://wa.me/527751268706,https://www.facebook.com/search/pages/?q=Tienda%20De%20Ropa%20Pink%20Shop%20Zempoala,"https://www.google.com/maps/search/?api=1&query=19.8475971,-98.67039143"
Tienda Vaquera Mis Tres Potrillos,Zempoala,+52 55 8577 2954,ND,https://wa.me/525585772954,https://www.facebook.com/search/pages/?q=Tienda%20Vaquera%20Mis%20Tres%20Potrillos%20Zempoala,"https://www.google.com/maps/search/?api=1&query=19.91049764,-98.67081112"
Venta De Ropa Y Articulos Para El Hogar Tres Shop,Zempoala,+52 56 3899 7250,ND,https://wa.me/525638997250,https://www.facebook.com/search/pages/?q=Venta%20De%20Ropa%20Y%20Articulos%20Para%20El%20Hogar%20Tres%20Shop%20Zempoala,"https://www.google.com/maps/search/?api=1&query=20.02965549,-98.79729415"
Boutique Eblyng,Zimapán,+52 77 2122 0279,gcandi612@gmail.com,https://wa.me/527721220279,https://www.facebook.com/search/pages/?q=Boutique%20Eblyng%20Zimapán,"https://www.google.com/maps/search/?api=1&query=20.7334706,-99.37936111"
New Fashion Boutique,Zimapán,+52 77 2115 7531,ely.mora2032@gmail.com,https://wa.me/527721157531,https://www.facebook.com/search/pages/?q=New%20Fashion%20Boutique%20Zimapán,"https://www.google.com/maps/search/?api=1&query=20.73477432,-99.37849938"
Modas Lupita,Zimapán,+52 77 2125 1664,ND,https://wa.me/527721251664,https://www.facebook.com/search/pages/?q=Modas%20Lupita%20Zimapán,"https://www.google.com/maps/search/?api=1&query=20.73650514,-99.38276105"
Para Ti Boutique,Zimapán,+52 77 2749 8099,ND,https://wa.me/527727498099,https://www.facebook.com/search/pages/?q=Para%20Ti%20Boutique%20Zimapán,"https://www.google.com/maps/search/?api=1&query=20.73712668,-99.38216071"
Ranch Rydy,Zimapán,+52 77 2155 1409,ND,https://wa.me/527721551409,https://www.facebook.com/search/pages/?q=Ranch%20Rydy%20Zimapán,"https://www.google.com/maps/search/?api=1&query=20.73952946,-99.38270899"
