nombre,municipio,teléfono,correo,WhatsApp,sitio_red,url_fuente
Ropa hermosillo,Hermosillo,+52 662 105 6658,ND,ND,ND,https://es.cybo.com/MX/hermosillo/tiendas-de-ropa
Ropa y accesorios deportivos 23,Hermosillo,ND,ND,ND,ND,https://es.cybo.com/MX/hermosillo/tiendas-de-ropa
Ideas para vestir tu casa,Hermosillo,+52 662 241 9053,ND,ND,ND,https://es.cybo.com/MX/hermosillo/tiendas-de-ropa
Tianguis de la wera,Hermosillo,ND,ND,ND,ND,https://es.cybo.com/MX/hermosillo/tiendas-de-ropa
Divine Dress Rental,Hermosillo,+52 662 471 9798,ND,ND,ND,https://es.cybo.com/MX/hermosillo/tiendas-de-ropa
Dressicla,Hermosillo,+52 662 163 2357,ND,ND,ND,https://es.cybo.com/MX/hermosillo/tiendas-de-ropa
Guessjeanshmo,Hermosillo,+52 662 429 0296,ND,ND,ND,https://es.cybo.com/MX/hermosillo/tiendas-de-ropa
Personalizate Hermosillo,Hermosillo,+52 722 358 3322,ND,ND,ND,https://es.cybo.com/MX/hermosillo/tiendas-de-ropa
Novedades Marla's,Hermosillo,+52 662 202 4341,ND,ND,ND,https://es.cybo.com/MX/hermosillo/tiendas-de-ropa
Cowboy House BIS A,Hermosillo,+52 662 285 7473,ND,ND,ND,https://es.cybo.com/MX/hermosillo/tiendas-de-ropa
Cimarron Boots,Hermosillo,+52 662 302 5508,ND,ND,ND,https://es.cybo.com/MX/hermosillo/tiendas-de-ropa
Alva Sonora Higiene Menstrual Pañales de Tela,Hermosillo,+52 662 299 9730,ND,ND,ND,https://es.cybo.com/MX/hermosillo/tiendas-de-ropa
la venta outlet,Hermosillo,+52 662 295 2966,ND,ND,ND,https://es.cybo.com/MX/hermosillo/tiendas-de-ropa
MADU Boutique Online Hermosillo,Hermosillo,+52 662 204 7151,ND,ND,ND,https://es.cybo.com/MX/hermosillo/tiendas-de-ropa
Bambole Online,Hermosillo,ND,ND,ND,ND,https://es.cybo.com/MX/hermosillo/tiendas-de-ropa
Trama-43 serigrafía,Hermosillo,+52 662 340 5067,ND,ND,ND,https://es.cybo.com/MX/hermosillo/tiendas-de-ropa
Superventas hmo,Hermosillo,+52 662 196 0711,ND,ND,ND,https://es.cybo.com/MX/hermosillo/tiendas-de-ropa
Aliza Collection,Hermosillo,+52 662 401 7113,ND,ND,ND,https://es.cybo.com/MX/hermosillo/tiendas-de-ropa
Vestidos y mas,Hermosillo,ND,ND,ND,ND,https://es.cybo.com/MX/hermosillo/tiendas-de-ropa
Baby Mafia,Hermosillo,+52 662 104 2312,ND,ND,ND,https://es.cybo.com/MX/hermosillo/tiendas-de-ropa
HoodieClub,Hermosillo,ND,ND,ND,ND,https://es.cybo.com/MX/hermosillo/tiendas-de-ropa
M Boutique - Renta De Vestidos,Hermosillo,+52 662 165 8947,ND,ND,ND,https://es.cybo.com/MX/hermosillo/tiendas-de-ropa
Zoe Moda Y Más,Hermosillo,ND,ND,ND,ND,https://es.cybo.com/MX/hermosillo/tiendas-de-ropa
Breny's BAZAR,Hermosillo,+52 662 321 7861,ND,ND,ND,https://es.cybo.com/MX/hermosillo/tiendas-de-ropa
Shiara & Roy Boutique,Hermosillo,+52 662 214 3703,ND,ND,ND,https://es.cybo.com/MX/hermosillo/tiendas-de-ropa
Negro Disaster Obregon,Ciudad Obregón,ND,ND,ND,ND,https://es.cybo.com/MX/ciudad-obreg%C3%B3n/tiendas-de-ropa
Margarita Bazar,Ciudad Obregón,+52 637 935 0717,ND,ND,ND,https://es.cybo.com/MX/ciudad-obreg%C3%B3n/tiendas-de-ropa
Moda Urbana Obson,Ciudad Obregón,ND,ND,ND,ND,https://es.cybo.com/MX/ciudad-obreg%C3%B3n/tiendas-de-ropa
Karina Gamar Boutique,Ciudad Obregón,ND,ND,ND,ND,https://es.cybo.com/MX/ciudad-obreg%C3%B3n/tiendas-de-ropa
Reina Diaz Cd. Obregon,Ciudad Obregón,ND,ND,ND,ND,https://es.cybo.com/MX/ciudad-obreg%C3%B3n/tiendas-de-ropa
Rocio L Boutique,Ciudad Obregón,+52 644 457 4854,ND,ND,ND,https://es.cybo.com/MX/ciudad-obreg%C3%B3n/tiendas-de-ropa
Vestidos a la moda,Ciudad Obregón,+52 644 197 1155,ND,ND,ND,https://es.cybo.com/MX/ciudad-obreg%C3%B3n/tiendas-de-ropa
Bazar Primero de Mayo,Ciudad Obregón,+52 644 225 1816,ND,ND,ND,https://es.cybo.com/MX/ciudad-obreg%C3%B3n/tiendas-de-ropa
Ilia Venta Por Catalgo,Ciudad Obregón,+52 644 199 9933,ND,ND,ND,https://es.cybo.com/MX/ciudad-obreg%C3%B3n/tiendas-de-ropa
Atser Tienda,Ciudad Obregón,ND,ND,ND,ND,https://es.cybo.com/MX/ciudad-obreg%C3%B3n/tiendas-de-ropa
Calcas,Ciudad Obregón,ND,ND,ND,ND,https://es.cybo.com/MX/ciudad-obreg%C3%B3n/tiendas-de-ropa
Dress Gallery,Ciudad Obregón,ND,ND,ND,ND,https://es.cybo.com/MX/ciudad-obreg%C3%B3n/tiendas-de-ropa
Elissa pantalones Obregón sucursal centro,Ciudad Obregón,+52 644 172 2774,ND,ND,ND,https://es.cybo.com/MX/ciudad-obreg%C3%B3n/tiendas-de-ropa
Alta Costura,Ciudad Obregón,+52 644 414 3835,ND,ND,ND,https://es.cybo.com/MX/ciudad-obreg%C3%B3n/tiendas-de-ropa
Drena,Ciudad Obregón,+52 644 290 5880,ND,ND,ND,https://es.cybo.com/MX/ciudad-obreg%C3%B3n/tiendas-de-ropa
Bazar callejón de la inclusión,Ciudad Obregón,ND,ND,ND,ND,https://es.cybo.com/MX/ciudad-obreg%C3%B3n/tiendas-de-ropa
Shein Stock Tu Boutique,Ciudad Obregón,ND,ND,ND,ND,https://es.cybo.com/MX/ciudad-obreg%C3%B3n/tiendas-de-ropa
Butterfly Boutique Plaza Bonita,Ciudad Obregón,+52 644 236 3797,ND,ND,ND,https://es.cybo.com/MX/ciudad-obreg%C3%B3n/tiendas-de-ropa
Butterfly boutique,Ciudad Obregón,+52 644 190 8597,ND,ND,ND,https://es.cybo.com/MX/ciudad-obreg%C3%B3n/tiendas-de-ropa
El armario de Luca,Ciudad Obregón,+52 644 119 9857,ND,ND,ND,https://es.cybo.com/MX/ciudad-obreg%C3%B3n/tiendas-de-ropa
Gorraman,Ciudad Obregón,ND,ND,ND,ND,https://es.cybo.com/MX/ciudad-obreg%C3%B3n/tiendas-de-ropa
Tienda De Ropa El Gigante Obregon,Ciudad Obregón,ND,ND,ND,ND,https://es.cybo.com/MX/ciudad-obreg%C3%B3n/tiendas-de-ropa
644 Urban Shop,Ciudad Obregón,+52 644 127 0052,ND,ND,ND,https://es.cybo.com/MX/ciudad-obreg%C3%B3n/tiendas-de-ropa
Botas San Francisco Moda Casual y Vaquera,Ciudad Obregón,+52 644 169 1490,ND,ND,ND,https://es.cybo.com/MX/ciudad-obreg%C3%B3n/tiendas-de-ropa
Disfraces Y Más,Ciudad Obregón,+52 644 413 4739,ND,ND,ND,https://es.cybo.com/MX/ciudad-obreg%C3%B3n/tiendas-de-ropa
KJ les vintage,Navojoa,ND,ND,ND,ND,https://es.cybo.com/MX/navojoa/tiendas-de-ropa
Beashion Boutique,Navojoa,+52 647 422 9490,ND,ND,ND,https://es.cybo.com/MX/navojoa/tiendas-de-ropa
NS boutique,Navojoa,+52 662 467 4224,ND,ND,ND,https://es.cybo.com/MX/navojoa/tiendas-de-ropa
Perlas Moda accesorios & mas,Navojoa,ND,ND,ND,ND,https://es.cybo.com/MX/navojoa/tiendas-de-ropa
Renta de vestidos Nicole Sonora,Navojoa,+52 642 483 9937,ND,ND,ND,https://es.cybo.com/MX/navojoa/tiendas-de-ropa
Narva Moda para Hombre y Mujer,Navojoa,+52 642 428 0722,ND,ND,ND,https://es.cybo.com/MX/navojoa/tiendas-de-ropa
ETC,Navojoa,+52 642 139 0441,ND,ND,ND,https://es.cybo.com/MX/navojoa/tiendas-de-ropa
Teresita's Boutique,Navojoa,ND,ND,ND,ND,https://es.cybo.com/MX/navojoa/tiendas-de-ropa
Closet De Diana Navojoa,Navojoa,ND,ND,ND,ND,https://es.cybo.com/MX/navojoa/tiendas-de-ropa
Rguez nails,Navojoa,+52 642 116 9581,ND,ND,ND,https://es.cybo.com/MX/navojoa/tiendas-de-ropa
Imperio Boutique,Navojoa,ND,ND,ND,ND,https://es.cybo.com/MX/navojoa/tiendas-de-ropa
YAYA detalles y mas,Navojoa,+52 642 112 8075,ND,ND,ND,https://es.cybo.com/MX/navojoa/tiendas-de-ropa
Más Fashion,Navojoa,+52 642 422 3808,ND,ND,ND,https://es.cybo.com/MX/navojoa/tiendas-de-ropa
Vicky Form,Navojoa,+52 55 3113 5669,ND,ND,ND,https://es.cybo.com/MX/navojoa/tiendas-de-ropa
Guapa's Boutique,Navojoa,ND,ND,ND,ND,https://es.cybo.com/MX/navojoa/tiendas-de-ropa
Contigo,Navojoa,ND,ND,ND,ND,https://es.cybo.com/MX/navojoa/tiendas-de-ropa
Venta Final Outlet,Navojoa,ND,ND,ND,ND,https://es.cybo.com/MX/navojoa/tiendas-de-ropa
Boutique Cd Obregón - Navojoa,Navojoa,+52 642 134 1155,ND,ND,ND,https://es.cybo.com/MX/navojoa/tiendas-de-ropa
FEN Boutique Fashion Express Navojoa,Navojoa,+52 644 134 0344,ND,ND,ND,https://es.cybo.com/MX/navojoa/tiendas-de-ropa
Flamingo Moda,Navojoa,ND,ND,ND,ND,https://es.cybo.com/MX/navojoa/tiendas-de-ropa
Levibola Usa,Navojoa,+52 642 422 1011,ND,ND,ND,https://es.cybo.com/MX/navojoa/tiendas-de-ropa
Nortek,Navojoa,+52 642 120 3495,ND,ND,ND,https://es.cybo.com/MX/navojoa/tiendas-de-ropa
Nortek Avenida Ignacio Rayón,Navojoa,ND,ND,ND,ND,https://es.cybo.com/MX/navojoa/tiendas-de-ropa
Eko Moda Navojoa,Navojoa,+52 642 137 2389,ND,ND,ND,https://es.cybo.com/MX/navojoa/tiendas-de-ropa
Tienda Imperio,Navojoa,+52 642 107 2508,ND,ND,ND,https://es.cybo.com/MX/navojoa/tiendas-de-ropa
Claudia Rodríguez diseñadora,Hermosillo,+52 662 157 2826,ND,ND,ND,https://es.cybo.com/MX/hermosillo/tiendas-de-ropa?p=2
My Perfect Dress dresses for rent and sale,Hermosillo,ND,ND,ND,ND,https://es.cybo.com/MX/hermosillo/tiendas-de-ropa?p=2
Uniformes y Bordados Mony,Hermosillo,+52 662 121 6451,ND,ND,ND,https://es.cybo.com/MX/hermosillo/tiendas-de-ropa?p=2
Guayaberas Roma,Hermosillo,+52 662 190 3747,ND,ND,ND,https://es.cybo.com/MX/hermosillo/tiendas-de-ropa?p=2
Bordaxpress,Hermosillo,ND,ND,ND,ND,https://es.cybo.com/MX/hermosillo/tiendas-de-ropa?p=2
Nina Boutique,Hermosillo,ND,ND,ND,ND,https://es.cybo.com/MX/hermosillo/tiendas-de-ropa?p=2
Charlotte boutique Hermosillo,Hermosillo,ND,ND,ND,ND,https://es.cybo.com/MX/hermosillo/tiendas-de-ropa?p=2
Bedeboutique,Hermosillo,ND,ND,ND,ND,https://es.cybo.com/MX/hermosillo/tiendas-de-ropa?p=2
Unypaq,Hermosillo,+52 662 216 8961,ND,ND,ND,https://es.cybo.com/MX/hermosillo/tiendas-de-ropa?p=2
Boutique Ye-Ye,Hermosillo,+52 662 111 8873,ND,ND,ND,https://es.cybo.com/MX/hermosillo/tiendas-de-ropa?p=2
El Ropero de LuZma,Hermosillo,+52 662 225 6827,ND,ND,ND,https://es.cybo.com/MX/hermosillo/tiendas-de-ropa?p=2
Palazzo Trendy Store MX,Hermosillo,+52 662 227 3565,ND,ND,ND,https://es.cybo.com/MX/hermosillo/tiendas-de-ropa?p=2
MaLibe Dress Room,Hermosillo,+52 662 210 3502,ND,ND,ND,https://es.cybo.com/MX/hermosillo/tiendas-de-ropa?p=2
Kímika viste mi vida,Hermosillo,+52 662 141 0160,ND,ND,ND,https://es.cybo.com/MX/hermosillo/tiendas-de-ropa?p=2
Bazar Manu,Hermosillo,ND,ND,ND,ND,https://es.cybo.com/MX/hermosillo/tiendas-de-ropa?p=2
Jetza Dress Rental,Hermosillo,+52 662 301 3737,ND,ND,ND,https://es.cybo.com/MX/hermosillo/tiendas-de-ropa?p=2
Emporio TY boutique,Hermosillo,+52 662 144 6588,ND,ND,ND,https://es.cybo.com/MX/hermosillo/tiendas-de-ropa?p=2
El Vestidor ShowRoom,Hermosillo,+52 662 466 1347,ND,ND,ND,https://es.cybo.com/MX/hermosillo/tiendas-de-ropa?p=2
Omar Boutique,Hermosillo,ND,ND,ND,ND,https://es.cybo.com/MX/hermosillo/tiendas-de-ropa?p=2
Sandy Ruiz Rental Dress,Hermosillo,+52 662 124 2470,ND,ND,ND,https://es.cybo.com/MX/hermosillo/tiendas-de-ropa?p=2
Cálido,Hermosillo,+52 662 413 6312,ND,ND,ND,https://es.cybo.com/MX/hermosillo/tiendas-de-ropa?p=2
Algo Bonito Concept Store,Hermosillo,+52 662 463 6904,ND,ND,ND,https://es.cybo.com/MX/hermosillo/tiendas-de-ropa?p=2
Ardyss Tienda,Hermosillo,+52 662 214 6438,ND,ND,ND,https://es.cybo.com/MX/hermosillo/tiendas-de-ropa?p=2
Flapper Boutique,Hermosillo,+52 662 155 3181,ND,ND,ND,https://es.cybo.com/MX/hermosillo/tiendas-de-ropa?p=2
Fratelli Store,Hermosillo,+52 662 508 4311,ND,ND,ND,https://es.cybo.com/MX/hermosillo/tiendas-de-ropa?p=2
Chandelier Boutique,Puerto Peñasco,+52 638 383 7945,ND,ND,ND,https://es.cybo.com/MX/puerto-pe%C3%B1asco/tiendas-de-ropa/
Novedades Germán,Puerto Peñasco,+52 638 384 5150,ND,ND,ND,https://es.cybo.com/MX/puerto-pe%C3%B1asco/tiendas-de-ropa/
Almacenes El Rey,Puerto Peñasco,+52 638 383 3474,ND,ND,ND,https://es.cybo.com/MX/puerto-pe%C3%B1asco/tiendas-de-ropa/
Zapatería Fenix,Puerto Peñasco,+52 638 383 1177,ND,ND,ND,https://es.cybo.com/MX/puerto-pe%C3%B1asco/tiendas-de-ropa/
Fashion Boutique,Puerto Peñasco,+52 638 388 0134,ND,ND,ND,https://es.cybo.com/MX/puerto-pe%C3%B1asco/tiendas-de-ropa/
Outfit 365 Boutique,Puerto Peñasco,+52 638 112 0552,ND,ND,ND,https://es.cybo.com/MX/puerto-pe%C3%B1asco/tiendas-de-ropa/
Plaza Fabiola Courtyard Boutique,Puerto Peñasco,+52 638 380 9033,ND,ND,ND,https://es.cybo.com/MX/puerto-pe%C3%B1asco/tiendas-de-ropa/
Uniformes Doña Licha,Puerto Peñasco,+52 638 383 3416,ND,ND,ND,https://es.cybo.com/MX/puerto-pe%C3%B1asco/tiendas-de-ropa/?p=2
Boutique Chic,Puerto Peñasco,+52 638 383 1142,ND,ND,ND,https://es.cybo.com/MX/puerto-pe%C3%B1asco/tiendas-de-ropa/?p=2
Sexy Boutique,Puerto Peñasco,+52 638 113 7618,ND,ND,ND,https://es.cybo.com/MX/puerto-pe%C3%B1asco/tiendas-de-ropa/?p=2
Uniformes Escolares Nicolas Bravo y Galeana,Puerto Peñasco,+52 638 113 6897,ND,ND,ND,https://es.cybo.com/MX/puerto-pe%C3%B1asco/tiendas-de-ropa/?p=2
Lala´s Boutique,Puerto Peñasco,+52 638 102 1174,ND,ND,ND,https://es.cybo.com/MX/puerto-pe%C3%B1asco/tiendas-de-ropa/?p=2
Novedades Rm,Puerto Peñasco,ND,ND,ND,ND,https://es.cybo.com/MX/puerto-pe%C3%B1asco/tiendas-de-ropa/?p=2
Sensación Clothing Store,Puerto Peñasco,ND,ND,ND,ND,https://es.cybo.com/MX/puerto-pe%C3%B1asco/tiendas-de-ropa/?p=2
Mi Lord,Puerto Peñasco,+52 638 383 5206,ND,ND,ND,https://es.cybo.com/MX/puerto-pe%C3%B1asco/tiendas-de-ropa/?p=2
SILVIAs,Puerto Peñasco,+52 638 105 8201,ND,ND,ND,https://es.cybo.com/MX/puerto-pe%C3%B1asco/tiendas-de-ropa?p=3
Maria Jose Designer,Puerto Peñasco,+52 668 169 4979,ND,ND,ND,https://es.cybo.com/MX/puerto-pe%C3%B1asco/tiendas-de-ropa?p=3
Tinnas Places,Puerto Peñasco,+52 638 105 1664,ND,ND,ND,https://es.cybo.com/MX/puerto-pe%C3%B1asco/tiendas-de-ropa?p=3
Novedades Paky,Puerto Peñasco,ND,ND,ND,ND,https://es.cybo.com/MX/puerto-pe%C3%B1asco/tiendas-de-ropa?p=3
Bazzar Penasco La,Puerto Peñasco,ND,ND,ND,ND,https://es.cybo.com/MX/puerto-pe%C3%B1asco/tiendas-de-ropa?p=3
Melia's closet,Puerto Peñasco,+52 662 184 2944,ND,ND,ND,https://es.cybo.com/MX/puerto-pe%C3%B1asco/tiendas-de-ropa?p=3
Muñoz Macias and Brothers,Puerto Peñasco,+52 638 380 5205,ND,ND,ND,https://es.cybo.com/MX/puerto-pe%C3%B1asco/tiendas-de-ropa?p=3
Tienda De Ropa Revolución,Puerto Peñasco,+52 638 104 8873,ND,ND,ND,https://es.cybo.com/MX/puerto-pe%C3%B1asco/tiendas-de-ropa?p=3
Segunda Somare,Puerto Peñasco,+52 638 113 2671,ND,ND,ND,https://es.cybo.com/MX/puerto-pe%C3%B1asco/tiendas-de-ropa?p=3
Colmena Shirt's,Puerto Peñasco,+52 638 116 5310,ND,ND,ND,https://es.cybo.com/MX/puerto-pe%C3%B1asco/tiendas-de-ropa?p=3
Horanch store,Puerto Peñasco,ND,ND,ND,ND,https://es.cybo.com/MX/puerto-pe%C3%B1asco/tiendas-de-ropa?p=3
Street Real Urban Store,Puerto Peñasco,+52 638 384 7251,ND,ND,ND,https://es.cybo.com/MX/puerto-pe%C3%B1asco/tiendas-de-ropa?p=3
Kimbu Plus Sizes,Puerto Peñasco,+52 638 106 4643,ND,ND,ND,https://es.cybo.com/MX/puerto-pe%C3%B1asco/tiendas-de-ropa?p=3
Milk's Clothing btq,Puerto Peñasco,+52 638 105 3221,ND,ND,ND,https://es.cybo.com/MX/puerto-pe%C3%B1asco/tiendas-de-ropa?p=3
La Moda American Clothing,Puerto Peñasco,ND,ND,ND,ND,https://es.cybo.com/MX/puerto-pe%C3%B1asco/tiendas-de-ropa?p=3
Novedades Elianne,Puerto Peñasco,+52 638 156 1464,ND,ND,ND,https://es.cybo.com/MX/puerto-pe%C3%B1asco/tiendas-de-ropa?p=3
Pazzarella boutique,Puerto Peñasco,+52 686 292 2273,ND,ND,ND,https://es.cybo.com/MX/puerto-pe%C3%B1asco/tiendas-de-ropa?p=3
Noize Players,Puerto Peñasco,+52 638 103 5085,ND,ND,ND,https://es.cybo.com/MX/puerto-pe%C3%B1asco/tiendas-de-ropa?p=3
Casa Del Sombrerero Loco,Puerto Peñasco,ND,ND,ND,ND,https://es.cybo.com/MX/puerto-pe%C3%B1asco/tiendas-de-ropa?p=3
Lady blue boutique II,Puerto Peñasco,+52 638 110 0961,ND,ND,ND,https://es.cybo.com/MX/puerto-pe%C3%B1asco/tiendas-de-ropa?p=3
Ropa y accesorios M & M,Puerto Peñasco,+52 638 109 8381,ND,ND,ND,https://es.cybo.com/MX/puerto-pe%C3%B1asco/tiendas-de-ropa?p=3
Curvy Fashion,Puerto Peñasco,+52 638 384 3816,ND,ND,ND,https://es.cybo.com/MX/puerto-pe%C3%B1asco/tiendas-de-ropa?p=3
Curios Mayko,Puerto Peñasco,+52 638 112 5876,ND,ND,ND,https://es.cybo.com/MX/puerto-pe%C3%B1asco/tiendas-de-ropa?p=4
Novedades Chelito,Puerto Peñasco,+52 638 386 4381,ND,ND,ND,https://es.cybo.com/MX/puerto-pe%C3%B1asco/tiendas-de-ropa?p=4
Rosa Palo Moda y Accesorios,Puerto Peñasco,ND,ND,ND,ND,https://es.cybo.com/MX/puerto-pe%C3%B1asco/tiendas-de-ropa?p=4
Big Boy Gorras,Puerto Peñasco,ND,ND,ND,ND,https://es.cybo.com/MX/puerto-pe%C3%B1asco/tiendas-de-ropa?p=4
Nacho & Trini,Puerto Peñasco,+52 638 386 9873,ND,ND,ND,https://es.cybo.com/MX/puerto-pe%C3%B1asco/tiendas-de-ropa?p=4
Shop-shop,Puerto Peñasco,+52 638 113 5047,ND,ND,ND,https://es.cybo.com/MX/puerto-pe%C3%B1asco/tiendas-de-ropa?p=4
Angel's Boutique,Puerto Peñasco,+52 638 128 7162,ND,ND,ND,https://es.cybo.com/MX/puerto-pe%C3%B1asco/tiendas-de-ropa?p=4
Look,Puerto Peñasco,+52 638 100 4813,ND,ND,ND,https://es.cybo.com/MX/puerto-pe%C3%B1asco/tiendas-de-ropa?p=4
Morgana's Kids boutique,Puerto Peñasco,ND,ND,ND,ND,https://es.cybo.com/MX/puerto-pe%C3%B1asco/tiendas-de-ropa?p=4
Serigrafia,Puerto Peñasco,ND,ND,ND,ND,https://es.cybo.com/MX/puerto-pe%C3%B1asco/tiendas-de-ropa?p=4
Estilo Candace Boutique Outlet,Puerto Peñasco,+52 638 107 0440,ND,ND,ND,https://es.cybo.com/MX/puerto-pe%C3%B1asco/tiendas-de-ropa?p=4
ButterFly Creaciones,Puerto Peñasco,+52 638 110 2582,ND,ND,ND,https://es.cybo.com/MX/puerto-pe%C3%B1asco/tiendas-de-ropa?p=4
Emys Puerto Peñasco,Puerto Peñasco,+52 638 386 5116,ND,ND,ND,https://es.cybo.com/MX/puerto-pe%C3%B1asco/tiendas-de-ropa?p=4
Novedades Nely,Puerto Peñasco,+52 638 105 9594,ND,ND,ND,https://es.cybo.com/MX/puerto-pe%C3%B1asco/tiendas-de-ropa?p=4
The Corner Puerto Peñasco,Puerto Peñasco,ND,ND,ND,ND,https://es.cybo.com/MX/puerto-pe%C3%B1asco/tiendas-de-ropa?p=4
Novedades Juani,Puerto Peñasco,+52 638 380 1443,ND,ND,ND,https://es.cybo.com/MX/puerto-pe%C3%B1asco/tiendas-de-ropa?p=4
Novedades Juany,Puerto Peñasco,+52 638 114 2090,ND,ND,ND,https://es.cybo.com/MX/puerto-pe%C3%B1asco/tiendas-de-ropa?p=4
Fashion Lian,Puerto Peñasco,+52 638 156 0557,ND,ND,ND,https://es.cybo.com/MX/puerto-pe%C3%B1asco/tiendas-de-ropa?p=4
Moda's Jessy,Puerto Peñasco,ND,ND,ND,ND,https://es.cybo.com/MX/puerto-pe%C3%B1asco/tiendas-de-ropa?p=4
Z'Sunflower,Puerto Peñasco,+52 638 116 8176,ND,ND,ND,https://es.cybo.com/MX/puerto-pe%C3%B1asco/tiendas-de-ropa?p=4
Maniquies,Puerto Peñasco,+52 638 105 0504,ND,ND,ND,https://es.cybo.com/MX/puerto-pe%C3%B1asco/tiendas-de-ropa?p=4
Lulu ventas,Puerto Peñasco,+52 638 106 5746,ND,ND,ND,https://es.cybo.com/MX/puerto-pe%C3%B1asco/tiendas-de-ropa?p=4
Casa Turquesa,Puerto Peñasco,+52 638 116 1740,ND,ND,ND,https://es.cybo.com/MX/puerto-pe%C3%B1asco/tiendas-de-ropa?p=4
Tienda de ropa y accesorios Mateo,Puerto Peñasco,+52 638 114 8567,ND,ND,ND,https://es.cybo.com/MX/puerto-pe%C3%B1asco/tiendas-de-ropa?p=4
Joshua Puerto Peñasco,Puerto Peñasco,+52 638 103 2051,ND,ND,ND,https://es.cybo.com/MX/puerto-pe%C3%B1asco/tiendas-de-ropa?p=5
Soda accesorios,Puerto Peñasco,+52 638 115 2507,ND,ND,ND,https://es.cybo.com/MX/puerto-pe%C3%B1asco/tiendas-de-ropa?p=5
Mvpsport (jerseys peñasco),Puerto Peñasco,+52 638 109 5273,ND,ND,ND,https://es.cybo.com/MX/puerto-pe%C3%B1asco/tiendas-de-ropa?p=5
Iza Shop,Puerto Peñasco,ND,ND,ND,ND,https://es.cybo.com/MX/puerto-pe%C3%B1asco/tiendas-de-ropa?p=5
Novedades My Regis,Puerto Peñasco,+52 638 104 4717,ND,ND,ND,https://es.cybo.com/MX/puerto-pe%C3%B1asco/tiendas-de-ropa?p=5
ROSA Camila moda's,Puerto Peñasco,+52 638 116 9085,ND,ND,ND,https://es.cybo.com/MX/puerto-pe%C3%B1asco/tiendas-de-ropa?p=5
Ventas magy,Puerto Peñasco,+52 638 109 1986,ND,ND,ND,https://es.cybo.com/MX/puerto-pe%C3%B1asco/tiendas-de-ropa?p=5
LM Ayde cloth desings,Puerto Peñasco,+52 638 384 3979,ND,ND,ND,https://es.cybo.com/MX/puerto-pe%C3%B1asco/tiendas-de-ropa?p=5
Renta de vestidos chriss,Puerto Peñasco,+52 638 109 2617,ND,ND,ND,https://es.cybo.com/MX/puerto-pe%C3%B1asco/tiendas-de-ropa?p=5
Anddy's jeans,Puerto Peñasco,+52 638 386 8890,ND,ND,ND,https://es.cybo.com/MX/puerto-pe%C3%B1asco/tiendas-de-ropa?p=5
Glamourtologo Colectivo,Puerto Peñasco,+52 638 109 1802,ND,ND,ND,https://es.cybo.com/MX/puerto-pe%C3%B1asco/tiendas-de-ropa?p=5
Cynthia's tienda de ropa,Puerto Peñasco,ND,ND,ND,ND,https://es.cybo.com/MX/puerto-pe%C3%B1asco/tiendas-de-ropa?p=5
Js boutique,Puerto Peñasco,+52 638 113 7486,ND,ND,ND,https://es.cybo.com/MX/puerto-pe%C3%B1asco/tiendas-de-ropa?p=5
Emma Stat,Puerto Peñasco,+52 638 114 2576,ND,ND,ND,https://es.cybo.com/MX/puerto-pe%C3%B1asco/tiendas-de-ropa?p=5
3Reynas,Puerto Peñasco,+52 638 117 8427,ND,ND,ND,https://es.cybo.com/MX/puerto-pe%C3%B1asco/tiendas-de-ropa?p=5
Fashionista Star,Puerto Peñasco,+52 638 110 7766,ND,ND,ND,https://es.cybo.com/MX/puerto-pe%C3%B1asco/tiendas-de-ropa?p=5
Saldos Goosebumps,Puerto Peñasco,+52 638 105 5788,ND,ND,ND,https://es.cybo.com/MX/puerto-pe%C3%B1asco/tiendas-de-ropa?p=5
Misguided Angel,Puerto Peñasco,(480) 504-7273,ND,ND,ND,https://es.cybo.com/MX/puerto-pe%C3%B1asco/tiendas-de-ropa?p=5
Punto Sport,Puerto Peñasco,+52 638 156 3093,ND,ND,ND,https://es.cybo.com/MX/puerto-pe%C3%B1asco/tiendas-de-ropa?p=5
S.B.N Saldos,Puerto Peñasco,+52 638 156 5000,ND,ND,ND,https://es.cybo.com/MX/puerto-pe%C3%B1asco/tiendas-de-ropa?p=5
Ventas Luna,Puerto Peñasco,+52 664 517 3639,ND,ND,ND,https://es.cybo.com/MX/puerto-pe%C3%B1asco/tiendas-de-ropa?p=5
Mi Armario Boutique,Puerto Peñasco,+52 638 114 8533,ND,ND,ND,https://es.cybo.com/MX/puerto-pe%C3%B1asco/tiendas-de-ropa?p=5
Ofertas Abdala,Magdalena de Kino,+52 632 322 0393,ND,ND,ND,https://es.cybo.com/MX/magdalena-de-kino/tiendas-de-ropa/
New Stilos Boutique,Magdalena de Kino,+52 662 353 3007,ND,ND,ND,https://es.cybo.com/MX/magdalena-de-kino/tiendas-de-ropa/
Botas El Trébol,Magdalena de Kino,+52 632 322 7097,ND,ND,ND,https://es.cybo.com/MX/magdalena-de-kino/tiendas-de-ropa/
Sensación Magdalena,Magdalena de Kino,+52 632 322 2906,ND,ND,ND,https://es.cybo.com/MX/magdalena-de-kino/tiendas-de-ropa/
OV Bordados,Magdalena de Kino,+52 632 322 0930,ND,ND,ND,https://es.cybo.com/MX/magdalena-de-kino/tiendas-de-ropa/
Modas Yivettss,Magdalena de Kino,+52 632 103 2896,ND,ND,ND,https://es.cybo.com/MX/magdalena-de-kino/tiendas-de-ropa/
Zapatería Play Boy,Magdalena de Kino,+52 632 322 1705,ND,ND,ND,https://es.cybo.com/MX/magdalena-de-kino/tiendas-de-ropa/
Sport Time - Magdalena,Magdalena de Kino,+52 632 322 4387,ND,ND,ND,https://es.cybo.com/MX/magdalena-de-kino/tiendas-de-ropa/
Dk Modas,Magdalena de Kino,+52 632 105 5186,ND,ND,ND,https://es.cybo.com/MX/magdalena-de-kino/tiendas-de-ropa/
Rebecca’s,Magdalena de Kino,+52 632 327 3793,ND,ND,ND,https://es.cybo.com/MX/magdalena-de-kino/tiendas-de-ropa/
Symors Boutique,Huatabampo,+52 647 426 0587,ND,ND,ND,https://es.cybo.com/MX/huatabampo/tiendas-de-ropa/
Trinita accesorios,Huatabampo,+52 647 108 4483,ND,ND,ND,https://es.cybo.com/MX/huatabampo/tiendas-de-ropa/
Sublimarte,Huatabampo,+52 33 3615 2858,ND,ND,ND,https://es.cybo.com/MX/huatabampo/tiendas-de-ropa/
Uniformes Pluma Blanca,Huatabampo,+52 647 423 4520,ND,ND,ND,https://es.cybo.com/MX/huatabampo/tiendas-de-ropa/
Quince añeras y mas boutique,Nogales,+52 631 312 8980,ND,ND,ND,https://es.cybo.com/MX-biz/quince-a%C3%B1eras-y-mas-boutique
Uniformes y Mas,Nogales,+52 631 319 4119,ND,ND,ND,https://es.cybo.com/MX-biz/uniformes-y-mas_3t
Artes Graficas de Nogales,Nogales,+52 631 209 9351,ND,ND,ND,https://es.cybo.com/MX-biz/artes-graficas-de-nogales
Intimas Coguette,Navojoa,+52 642 422 4144,ND,ND,ND,https://es.cybo.com/MX/navojoa/tiendas-de-ropa?p=2
Melody,Navojoa,+52 642 421 3644,ND,ND,ND,https://es.cybo.com/MX/navojoa/tiendas-de-ropa?p=2
La Valentina Concept Store,Navojoa,+52 642 157 9466,ND,ND,ND,https://es.cybo.com/MX/navojoa/tiendas-de-ropa?p=2
Moda en Ti,Navojoa,ND,ND,ND,ND,https://es.cybo.com/MX/navojoa/tiendas-de-ropa?p=2
El Chonbrero Ranch,Navojoa,+52 642 421 3599,ND,ND,ND,https://es.cybo.com/MX/navojoa/tiendas-de-ropa?p=2
Cinderella renta de vestidos,Navojoa,ND,ND,ND,ND,https://es.cybo.com/MX/navojoa/tiendas-de-ropa?p=2
La Gran Barata de Sonora,Navojoa,ND,ND,ND,ND,https://es.cybo.com/MX/navojoa/tiendas-de-ropa?p=2
B&b Boutique,Navojoa,+52 642 139 0458,ND,ND,ND,https://es.cybo.com/MX/navojoa/tiendas-de-ropa?p=2
Lacesportswear,Navojoa,+52 642 120 6211,ND,ND,ND,https://es.cybo.com/MX/navojoa/tiendas-de-ropa?p=2
Samsara Boutique,Navojoa,ND,ND,ND,ND,https://es.cybo.com/MX/navojoa/tiendas-de-ropa?p=2
Ana García Tienda de Ropa,Navojoa,+52 642 422 0639,ND,ND,ND,https://es.cybo.com/MX/navojoa/tiendas-de-ropa?p=2
Vlanka Clothing Store,Navojoa,ND,ND,ND,ND,https://es.cybo.com/MX/navojoa/tiendas-de-ropa?p=2
El Sombrero Ranch,Navojoa,ND,ND,ND,ND,https://es.cybo.com/MX/navojoa/tiendas-de-ropa?p=2
Lobos Sport,Navojoa,ND,ND,ND,ND,https://es.cybo.com/MX/navojoa/tiendas-de-ropa?p=2
H & V,Navojoa,+52 642 422 1011,ND,ND,ND,https://es.cybo.com/MX/navojoa/tiendas-de-ropa?p=2
El Nuevo Mundo,Navojoa,ND,ND,ND,ND,https://es.cybo.com/MX/navojoa/tiendas-de-ropa?p=2
Maria Bonita,Navojoa,+52 642 421 5550,ND,ND,ND,https://es.cybo.com/MX/navojoa/tiendas-de-ropa?p=2
dportenis,Navojoa,+52 642 424 0217,ND,ND,ND,https://es.cybo.com/MX/navojoa/tiendas-de-ropa?p=2
DCGorras,Navojoa,+52 642 108 8199,ND,ND,ND,https://es.cybo.com/MX/navojoa/tiendas-de-ropa?p=2
Modas Carmelita,Navojoa,+52 642 421 0045,ND,ND,ND,https://es.cybo.com/MX/navojoa/tiendas-de-ropa?p=2
Levibola,Navojoa,+52 642 422 1011,ND,ND,ND,https://es.cybo.com/MX/navojoa/tiendas-de-ropa?p=2
Textil & Calzado Moroleon,Navojoa,ND,ND,ND,ND,https://es.cybo.com/MX/navojoa/tiendas-de-ropa?p=2
Vertiche,Navojoa,ND,ND,ND,ND,https://es.cybo.com/MX/navojoa/tiendas-de-ropa?p=2
Casa Toledo - Suc. Navojoa,Navojoa,+52 642 120 3270,ND,ND,ND,https://es.cybo.com/MX/navojoa/tiendas-de-ropa?p=2
Moda Zero,San Luis Río Colorado,+52 653 536 9661,ND,ND,ND,https://mxfirmas.com/SON-San-Luis-Rio-Colorado/Tiendas-de-ropa
Venta De Ropa Y Accesorios Para Dama,San Luis Río Colorado,+52 653 123 3155,ND,ND,ND,https://mxfirmas.com/SON-San-Luis-Rio-Colorado/Tiendas-de-ropa
Tienda El Carrusel,San Luis Río Colorado,+52 653 534 2421,ND,ND,ND,https://mxfirmas.com/SON-San-Luis-Rio-Colorado/Tiendas-de-ropa
Tienda Eleccion,San Luis Río Colorado,+52 700 777 7777,ND,ND,ND,https://mxfirmas.com/SON-San-Luis-Rio-Colorado/Tiendas-de-ropa
Ropa Y Accesorios Sin Nombre,San Luis Río Colorado,+52 653 534 5300,ND,ND,ND,https://mxfirmas.com/SON-San-Luis-Rio-Colorado/Tiendas-de-ropa
Venta de ropa,San Luis Río Colorado,+52 653 112 0967,ND,ND,ND,https://mxfirmas.com/SON-San-Luis-Rio-Colorado/Tiendas-de-ropa
Tienda de Ropa,San Luis Río Colorado,+52 653 534 6414,ND,ND,ND,https://mxfirmas.com/SON-San-Luis-Rio-Colorado/Tiendas-de-ropa
Tienda De Ropa La Bodega Gemo,San Luis Río Colorado,+52 653 534 6414,ND,ND,ND,https://mxfirmas.com/SON-San-Luis-Rio-Colorado/Tiendas-de-ropa
Tienda de Ropa El Mayoreo,San Luis Río Colorado,+52 653 534 5394,ND,ND,ND,https://mxfirmas.com/SON-San-Luis-Rio-Colorado/Tiendas-de-ropa
Tienda De Ropa Novedades Imperio,San Luis Río Colorado,+52 653 536 2670,ND,ND,ND,https://mxfirmas.com/SON-San-Luis-Rio-Colorado/Tiendas-de-ropa
Bazar De Ropa Usada,San Luis Río Colorado,ND,ND,ND,ND,https://mxfirmas.com/SON-San-Luis-Rio-Colorado/Tiendas-de-ropa
Venta De Ropa Usada,San Luis Río Colorado,+52 653 849 6132,ND,ND,ND,https://mxfirmas.com/SON-San-Luis-Rio-Colorado/Tiendas-de-ropa
Diloh Tienda De Ropa,San Luis Río Colorado,ND,ND,ND,ND,https://mxfirmas.com/SON-San-Luis-Rio-Colorado/Tiendas-de-ropa
Tienda De Ropa The Castle,San Luis Río Colorado,ND,ND,ND,ND,https://mxfirmas.com/SON-San-Luis-Rio-Colorado/Tiendas-de-ropa
Tienda de Ropa Forever,San Luis Río Colorado,ND,ND,ND,ND,https://mxfirmas.com/SON-San-Luis-Rio-Colorado/Tiendas-de-ropa
Tienda de Ropa Too Mi Clothing,San Luis Río Colorado,ND,ND,ND,ND,https://mxfirmas.com/SON-San-Luis-Rio-Colorado/Tiendas-de-ropa
Bella 99 Tienda De Ropa,San Luis Río Colorado,ND,ND,ND,ND,https://mxfirmas.com/SON-San-Luis-Rio-Colorado/Tiendas-de-ropa
Tienda De,San Luis Río Colorado,ND,ND,ND,ND,https://mxfirmas.com/SON-San-Luis-Rio-Colorado/Tiendas-de-ropa
Venta De Ropa Y Calzado,San Luis Río Colorado,ND,ND,ND,ND,https://mxfirmas.com/SON-San-Luis-Rio-Colorado/Tiendas-de-ropa
Venta De Ropa De Segunda,San Luis Río Colorado,ND,ND,ND,ND,https://mxfirmas.com/SON-San-Luis-Rio-Colorado/Tiendas-de-ropa
Segunda De Ropa,San Luis Río Colorado,ND,ND,ND,ND,https://mxfirmas.com/SON-San-Luis-Rio-Colorado/Tiendas-de-ropa
Oro Blanco Del Río Colorado S.A. de C.V.,San Luis Río Colorado,+52 653 130 6087,ND,ND,ND,https://mxfirmas.com/SON-San-Luis-Rio-Colorado/Ropa
Novias Boutique,San Luis Río Colorado,+52 653 115 8416,ND,ND,ND,https://mxfirmas.com/SON-San-Luis-Rio-Colorado/Ropa
Divas Novias Y Xv Años,San Luis Río Colorado,+52 653 538 4155,ND,ND,ND,https://mxfirmas.com/SON-San-Luis-Rio-Colorado/Ropa
Femme Accesorios Boutique,Nogales,+52 631 168 1233,ND,ND,ND,https://mxfirmas.com/SON-Nogales/Boutiques
Boutique Angel Blues,Nogales,+52 631 312 1383,ND,ND,ND,https://mxfirmas.com/SON-Nogales/Boutiques
Sunset Boutique Ropa Para Dama,Nogales,+52 631 319 2532,ND,ND,ND,https://mxfirmas.com/SON-Nogales/Boutiques
Kass Boutique,Nogales,ND,ND,ND,ND,https://mxfirmas.com/SON-Nogales/Boutiques
Unika Boutique,Nogales,ND,ND,ND,ND,https://mxfirmas.com/SON-Nogales/Boutiques
Boutique Coquette,Nogales,ND,ND,ND,ND,https://mxfirmas.com/SON-Nogales/Boutiques
Angel’S Boutique,Nogales,ND,ND,ND,ND,https://mxfirmas.com/SON-Nogales/Boutiques
La Granada Boutique,Nogales,ND,ND,ND,ND,https://mxfirmas.com/SON-Nogales/Boutiques
Pink Boutique,Nogales,ND,ND,ND,ND,https://mxfirmas.com/SON-Nogales/Boutiques
Chicas Boutique,Nogales,ND,ND,ND,ND,https://mxfirmas.com/SON-Nogales/Boutiques
Boutique Sin Nombre,Nogales,ND,ND,ND,ND,https://mxfirmas.com/SON-Nogales/Boutiques
Ilusion,Nogales,+52 631 320 0138,ND,ND,ND,https://mxfirmas.com/SON-Nogales/Tiendas-de-ropa-de-mujer
Milano,Nogales,+52 631 312 6679,ND,ND,ND,https://mxfirmas.com/SON-Nogales/Tiendas-de-ropa-de-mujer
Fajas Y Más,Nogales,+52 631 209 6085,ND,ND,ND,https://mxfirmas.com/SON-Nogales/Tiendas-de-ropa-de-mujer
Venta De Ropa Y Artículos De Mujer,Nogales,ND,ND,ND,ND,https://mxfirmas.com/SON-Nogales/Tiendas-de-ropa-de-mujer
Venta De Ropa Y Calzado,Nogales,+52 631 137 3643,ND,ND,ND,https://mxfirmas.com/SON-Nogales/Tiendas-de-lenceria
Baja Star Nogales,Nogales,+52 631 314 9780,ND,ND,ND,https://mxfirmas.com/SON-Nogales/Tiendas-de-lenceria
Melody,Nogales,+52 631 312 9113,ND,ND,ND,https://mxfirmas.com/SON-Nogales/Tiendas-de-lenceria
Soreana,Nogales,+52 631 312 3888,ND,ND,ND,https://mxfirmas.com/SON-Nogales/Tiendas-de-lenceria
Tiendas Hexa,Nogales,+52 631 320 0138,ND,ND,ND,https://mxfirmas.com/SON-Nogales/Tiendas-de-lenceria
Creaciones Lulú,Nogales,+52 631 116 3320,ND,ND,ND,https://mxfirmas.com/SON-Nogales/Tiendas-de-lenceria
Tienda de Ropa La Mexicana,Nogales,+52 631 126 1754,ND,ND,ND,https://mxfirmas.com/SON-Nogales/Tiendas-de-lenceria
Tianguis Casa,Nogales,+52 631 314 9523,ND,ND,ND,https://mxfirmas.com/SON-Nogales/Tiendas-de-lenceria
Bonanza PLUS,Nogales,+52 631 115 2612,ND,ND,ND,https://mxfirmas.com/SON-Nogales/Tiendas-de-lenceria
Venta De Blusas Sin Nombre,Nogales,ND,ND,ND,ND,https://mxfirmas.com/SON-Nogales/Tiendas-de-lenceria
Tienda De Ropa La Buchona,Nogales,ND,ND,ND,ND,https://mxfirmas.com/SON-Nogales/Tiendas-de-lenceria
Tianguis Canoas Venta De Segunda,Nogales,ND,ND,ND,ND,https://mxfirmas.com/SON-Nogales/Tiendas-de-lenceria
Venta (Mayoreo) De Ropa Bisutería Y Accesorios De Vestir,Nogales,ND,ND,ND,ND,https://mxfirmas.com/SON-Nogales/Tiendas-de-lenceria
Puesto De Ropa,Nogales,ND,ND,ND,ND,https://mxfirmas.com/SON-Nogales/Tiendas-de-lenceria
Venta De Ropa Y Accesorios Sin Nombre,Nogales,ND,ND,ND,ND,https://mxfirmas.com/SON-Nogales/Tiendas-de-lenceria
Tienda De Ropa Fashion Mayrin,Nogales,ND,ND,ND,ND,https://mxfirmas.com/SON-Nogales/Tiendas-de-lenceria
Tienda De Ropa Ivanas,Nogales,ND,ND,ND,ND,https://mxfirmas.com/SON-Nogales/Tiendas-de-lenceria
BAZAR EL TENIENTE nuevo y usado,Puerto Peñasco,ND,ND,ND,ND,https://es.cybo.com/MX/puerto-pe%C3%B1asco/tiendas-de-ropa?p=2
Bad Trip,Puerto Peñasco,ND,ND,ND,ND,https://es.cybo.com/MX/puerto-pe%C3%B1asco/tiendas-de-ropa?p=2
Clothing Store,Puerto Peñasco,ND,ND,ND,ND,https://es.cybo.com/MX/puerto-pe%C3%B1asco/tiendas-de-ropa?p=2
María Fernanda Showroom,Puerto Peñasco,+52 638 103 7580,ND,ND,ND,https://es.cybo.com/MX/puerto-pe%C3%B1asco/tiendas-de-ropa?p=2
Bolsas y Carteras Puerto Peñasco,Puerto Peñasco,ND,ND,ND,ND,https://es.cybo.com/MX/puerto-pe%C3%B1asco/tiendas-de-ropa?p=2
Obsession Boutique,Puerto Peñasco,+52 638 113 0991,ND,ND,ND,https://es.cybo.com/MX/puerto-pe%C3%B1asco/tiendas-de-ropa?p=2
Boutique Crisymar,Puerto Peñasco,+52 638 386 1530,ND,ND,ND,https://es.cybo.com/MX/puerto-pe%C3%B1asco/tiendas-de-ropa?p=2
Aracely Araujo Ventas Online,Puerto Peñasco,+52 638 125 2175,ND,ND,ND,https://es.cybo.com/MX/puerto-pe%C3%B1asco/tiendas-de-ropa?p=2
David’s Hat Stand,Puerto Peñasco,ND,ND,ND,ND,https://es.cybo.com/MX/puerto-pe%C3%B1asco/tiendas-de-ropa?p=2
Marys boutique,Puerto Peñasco,+52 638 107 1250,ND,ND,ND,https://es.cybo.com/MX/puerto-pe%C3%B1asco/tiendas-de-ropa?p=2
Moda y estilo: Colash,Puerto Peñasco,+52 638 109 6943,ND,ND,ND,https://es.cybo.com/MX/puerto-pe%C3%B1asco/tiendas-de-ropa?p=2
Tali’s Fashion Express,Puerto Peñasco,ND,ND,ND,ND,https://es.cybo.com/MX/puerto-pe%C3%B1asco/tiendas-de-ropa?p=2
MX Clothing & Fitness Store,Puerto Peñasco,+52 638 119 2058,ND,ND,ND,https://es.cybo.com/MX/puerto-pe%C3%B1asco/tiendas-de-ropa?p=2
Markas Exclussivo,Puerto Peñasco,ND,ND,ND,ND,https://es.cybo.com/MX/puerto-pe%C3%B1asco/tiendas-de-ropa?p=2
Muundii pink,Puerto Peñasco,+52 638 384 3547,ND,ND,ND,https://es.cybo.com/MX/puerto-pe%C3%B1asco/tiendas-de-ropa?p=2
Saldos Yesy,Puerto Peñasco,+52 638 115 6069,ND,ND,ND,https://es.cybo.com/MX/puerto-pe%C3%B1asco/tiendas-de-ropa?p=2
Adii boutique,Puerto Peñasco,+52 638 105 6436,ND,ND,ND,https://es.cybo.com/MX/puerto-pe%C3%B1asco/tiendas-de-ropa?p=2
Ropa y Accesorios Anthony’s,Puerto Peñasco,+52 638 384 5574,ND,ND,ND,https://es.cybo.com/MX/puerto-pe%C3%B1asco/tiendas-de-ropa?p=2
Iss Colectivo y estética,Puerto Peñasco,+52 638 185 3551,ND,ND,ND,https://es.cybo.com/MX/puerto-pe%C3%B1asco/tiendas-de-ropa?p=2
Vaquero Sport,Puerto Peñasco,ND,ND,ND,ND,https://es.cybo.com/MX/puerto-pe%C3%B1asco/tiendas-de-ropa?p=2
Vintage boutique,Agua Prieta,+52 633 336 1041,ND,ND,ND,https://mxfirmas.com/SON-Agua-Prieta/Boutiques
Sherlyns Boutique,Agua Prieta,+52 633 113 4073,ND,ND,ND,https://mxfirmas.com/SON-Agua-Prieta/Boutiques
Xochitl Boutique,Agua Prieta,+52 633 337 2524,ND,ND,ND,https://mxfirmas.com/SON-Agua-Prieta/Boutiques
Boutique Bellas Fashion,Agua Prieta,+52 633 338 0971,ND,ND,ND,https://mxfirmas.com/SON-Agua-Prieta/Boutiques
Cinthyas Boutique,Agua Prieta,+52 633 121 9085,ND,ND,ND,https://mxfirmas.com/SON-Agua-Prieta/Boutiques
Angelique Boutique,Agua Prieta,+52 633 690 2615,ND,ND,ND,https://mxfirmas.com/SON-Agua-Prieta/Boutiques
Diversi Boutique,Agua Prieta,+52 633 121 7609,ND,ND,ND,https://mxfirmas.com/SON-Agua-Prieta/Boutiques
Bombon boutique,Agua Prieta,+52 633 338 7907,ND,ND,ND,https://mxfirmas.com/SON-Agua-Prieta/Boutiques
Scorpios Damas,Agua Prieta,+52 633 121 9075,ND,ND,ND,https://mxfirmas.com/SON-Agua-Prieta/Boutiques
Doris Boutique,Agua Prieta,ND,ND,ND,ND,https://mxfirmas.com/SON-Agua-Prieta/Boutiques
Boutique Alexa,Agua Prieta,ND,ND,ND,ND,https://mxfirmas.com/SON-Agua-Prieta/Boutiques
Salon Boutique Unisex,Agua Prieta,ND,ND,ND,ND,https://mxfirmas.com/SON-Agua-Prieta/Boutiques
Camila Boutique,Agua Prieta,ND,ND,ND,ND,https://mxfirmas.com/SON-Agua-Prieta/Boutiques
Susys Boutique,Agua Prieta,ND,ND,ND,ND,https://mxfirmas.com/SON-Agua-Prieta/Boutiques
Le Paris Boutique,Agua Prieta,ND,ND,ND,ND,https://mxfirmas.com/SON-Agua-Prieta/Boutiques
Marys Boutique,Agua Prieta,ND,ND,ND,ND,https://mxfirmas.com/SON-Agua-Prieta/Boutiques
querencia mia,Agua Prieta,ND,ND,ND,ND,https://mxfirmas.com/SON-Agua-Prieta/Boutiques
Coppel,Agua Prieta,+52 633 338 8711,ND,ND,ND,https://mxfirmas.com/SON-Agua-Prieta/Tiendas-de-ropa
Ardys,Agua Prieta,+52 633 338 6600,ND,ND,ND,https://mxfirmas.com/SON-Agua-Prieta/Tiendas-de-ropa
Tienda de Ropa Misael,Agua Prieta,+52 633 107 6660,ND,ND,ND,https://mxfirmas.com/SON-Agua-Prieta/Tiendas-de-ropa
Tienda Varios Articulos Ropa,Agua Prieta,+52 633 112 3700,ND,ND,ND,https://mxfirmas.com/SON-Agua-Prieta/Tiendas-de-ropa
Jasdas,Agua Prieta,+52 633 338 8992,ND,ND,ND,https://mxfirmas.com/SON-Agua-Prieta/Tiendas-de-ropa
Vogue,Agua Prieta,+52 633 121 9025,ND,ND,ND,https://mxfirmas.com/SON-Agua-Prieta/Tiendas-de-ropa
Tienda de Ropa y Accesorios Lupita,Agua Prieta,ND,ND,ND,ND,https://mxfirmas.com/SON-Agua-Prieta/Tiendas-de-ropa
Taller De Reparación De Ropa Sin Nombre,Agua Prieta,ND,ND,ND,ND,https://mxfirmas.com/SON-Agua-Prieta/Tiendas-de-ropa
Ropa para Caballero Foxs,Agua Prieta,ND,ND,ND,ND,https://mxfirmas.com/SON-Agua-Prieta/Tiendas-de-ropa
Tienda de Ropa Steps,Agua Prieta,ND,ND,ND,ND,https://mxfirmas.com/SON-Agua-Prieta/Tiendas-de-ropa
Tienda de Ropa Mabim,Agua Prieta,ND,ND,ND,ND,https://mxfirmas.com/SON-Agua-Prieta/Tiendas-de-ropa
Ilusión,Agua Prieta,ND,ND,ND,ND,https://mxfirmas.com/SON-Agua-Prieta/Tiendas-de-ropa
Venta De Ropa Usada,Agua Prieta,ND,ND,ND,ND,https://mxfirmas.com/SON-Agua-Prieta/Tiendas-de-ropa
Tienda de Ropa Fashion,Agua Prieta,ND,ND,ND,ND,https://mxfirmas.com/SON-Agua-Prieta/Tiendas-de-ropa
Venta De Ropa Nueva,Agua Prieta,ND,ND,ND,ND,https://mxfirmas.com/SON-Agua-Prieta/Tiendas-de-ropa
Venta De Ropa,Agua Prieta,ND,ND,ND,ND,https://mxfirmas.com/SON-Agua-Prieta/Tiendas-de-ropa
Moda Cinderella,Agua Prieta,ND,ND,ND,ND,https://mxfirmas.com/SON-Agua-Prieta/Tiendas-de-ropa
Ropa Para Caballero Incognito,Agua Prieta,ND,ND,ND,ND,https://mxfirmas.com/SON-Agua-Prieta/Tiendas-de-ropa
Zien Tienda De Ropa,Agua Prieta,ND,ND,ND,ND,https://mxfirmas.com/SON-Agua-Prieta/Tiendas-de-ropa
Zapateria Yew,Agua Prieta,+52 633 338 8496,ND,ND,ND,https://mxfirmas.com/SON-Agua-Prieta/Tiendas-de-ropa-para-hombres
Soreana,Agua Prieta,+52 633 338 5381,ND,ND,ND,https://mxfirmas.com/SON-Agua-Prieta/Tiendas-de-ropa-para-hombres
Tienda de Ropa Pavis,Agua Prieta,+52 633 338 7645,ND,ND,ND,https://mxfirmas.com/SON-Agua-Prieta/Tiendas-de-ropa-para-hombres
El Closet,Agua Prieta,+52 633 121 9191,ND,ND,ND,https://mxfirmas.com/SON-Agua-Prieta/Tiendas-de-ropa-para-hombres
Gloss Outlet,Agua Prieta,+52 633 121 9025,ND,ND,ND,https://mxfirmas.com/SON-Agua-Prieta/Tiendas-de-ropa-para-hombres
Lenceria,Agua Prieta,ND,ND,ND,ND,https://mxfirmas.com/SON-Agua-Prieta/Tiendas-de-ropa-para-hombres
Distribuidora Yaval D Lym,Agua Prieta,ND,ND,ND,ND,https://mxfirmas.com/SON-Agua-Prieta/Tiendas-de-ropa-para-hombres
Botas Moda Y Accesorios Michelle,Guaymas,+52 622 103 6485,ND,ND,ND,https://mxfirmas.com/SON-Heroica-Guaymas/Tiendas-de-ropa
"D Moda, S.C.",Guaymas,+52 622 222 5940,ND,ND,ND,https://mxfirmas.com/SON-Heroica-Guaymas/Tiendas-de-ropa
Bazar De Ropa,Guaymas,+52 622 222 0062,ND,ND,ND,https://mxfirmas.com/SON-Heroica-Guaymas/Tiendas-de-ropa
Venta De Ropa De Segunda,Guaymas,+52 622 131 9886,ND,ND,ND,https://mxfirmas.com/SON-Heroica-Guaymas/Tiendas-de-ropa
Tienda De Ropa,Guaymas,+52 622 222 3587,ND,ND,ND,https://mxfirmas.com/SON-Heroica-Guaymas/Tiendas-de-ropa
Cachetitos Ropa Infantil,Guaymas,+52 622 224 1611,ND,ND,ND,https://mxfirmas.com/SON-Heroica-Guaymas/Tiendas-de-ropa
Tienda De Pieles,Guaymas,+52 622 222 2580,ND,ND,ND,https://mxfirmas.com/SON-Heroica-Guaymas/Tiendas-de-ropa
Zapateria y Accesorios de Marys,Guaymas,+52 622 224 1096,ND,ND,ND,https://mxfirmas.com/SON-Heroica-Guaymas/Tiendas-de-ropa
La Boutique de Uniformes,Guaymas,ND,ND,ND,ND,https://mxfirmas.com/SON-Heroica-Guaymas/Tiendas-de-ropa
Venta de Camisetas,Guaymas,ND,ND,ND,ND,https://mxfirmas.com/SON-Heroica-Guaymas/Tiendas-de-ropa
Distribuidora de Ropa y Calzado (Guaymas),Guaymas,ND,ND,ND,ND,https://mxfirmas.com/SON-Heroica-Guaymas/Tiendas-de-ropa
Distribuidora Ilusión,Guaymas,+52 622 222 4211,ND,ND,ND,https://mxfirmas.com/SON-Heroica-Guaymas/Tiendas-de-ropa-de-mujer
"Milano Operadora, S.A. de C.V.",Guaymas,+52 622 224 3299,ND,ND,ND,https://mxfirmas.com/SON-Heroica-Guaymas/Tiendas-de-ropa-de-mujer
"Por Distincion, S.A-De C.V.",Guaymas,+52 622 222 9199,ND,ND,ND,https://mxfirmas.com/SON-Heroica-Guaymas/Tiendas-de-ropa-de-mujer
Enchanté,Guaymas,+52 622 222 7420,ND,ND,ND,https://mxfirmas.com/SON-Heroica-Guaymas/Tiendas-de-ropa-de-mujer
Orly,Guaymas,+52 622 222 1314,ND,ND,ND,https://mxfirmas.com/SON-Heroica-Guaymas/Tiendas-de-ropa-de-mujer
Eros Boutique,Guaymas,ND,ND,ND,ND,https://mxfirmas.com/SON-Heroica-Guaymas/Tiendas-de-ropa-de-mujer
Vicky Form S.A.P.I. De C.V.,Guaymas,ND,ND,ND,ND,https://mxfirmas.com/SON-Heroica-Guaymas/Tiendas-de-ropa-de-mujer
women'secret,Guaymas,ND,ND,ND,ND,https://mxfirmas.com/SON-Heroica-Guaymas/Tiendas-de-ropa-de-mujer
Ilusión Guaymas,Guaymas,ND,ND,ND,ND,https://mxfirmas.com/SON-Heroica-Guaymas/Tiendas-de-ropa-de-mujer
D Angel Boutique,Cananea,+52 645 332 3561,ND,ND,ND,https://mxfirmas.com/SON-Cananea/Boutiques
"BOUTIQUE CARROUSEL, S.A. DE C.V.",Cananea,+52 633 332 2575,ND,ND,ND,https://mxfirmas.com/SON-Cananea/Boutiques
Boutique Princess,Cananea,+52 645 332 2575,ND,ND,ND,https://mxfirmas.com/SON-Cananea/Boutiques
Boutique What Up,Cananea,ND,ND,ND,ND,https://mxfirmas.com/SON-Cananea/Boutiques
Home Boutique,Cananea,ND,ND,ND,ND,https://mxfirmas.com/SON-Cananea/Boutiques
Novedades del Sol,Cananea,+52 645 332 9120,ND,ND,ND,https://mxfirmas.com/SON-Cananea/Tiendas-de-ropa-oriental
Zapateria y Talabarteria La Monarca,Cananea,+52 645 332 0334,ND,ND,ND,https://mxfirmas.com/SON-Cananea/Tiendas-de-ropa-oriental
Tienda de Ropa La Estrella,Cananea,ND,ND,ND,ND,https://mxfirmas.com/SON-Cananea/Tiendas-de-ropa-oriental
Patrik’S Tienda De Ropa,Cananea,ND,ND,ND,ND,https://mxfirmas.com/SON-Cananea/Tiendas-de-ropa-oriental
La Gran Barata Abdala,Cananea,ND,ND,ND,ND,https://mxfirmas.com/SON-Cananea/Tiendas-de-ropa-oriental
Novedades Anver,Cananea,ND,ND,ND,ND,https://mxfirmas.com/SON-Cananea/Tiendas-de-ropa-oriental
ZAPATERIA MONARCA,Cananea,ND,ND,ND,ND,https://mxfirmas.com/SON-Cananea/Tiendas-de-ropa-oriental
El Profeta de Tienda de Ropa y Calzado,Cananea,+52 645 101 2272,ND,ND,ND,https://mxfirmas.com/SON-Cananea/Tiendas-de-ropa
Ropa Y Calzado Idali,Cananea,+52 645 332 4874,ND,ND,ND,https://mxfirmas.com/SON-Cananea/Tiendas-de-ropa
Ropa Para Dama Dianas,Cananea,ND,ND,ND,ND,https://mxfirmas.com/SON-Cananea/Tiendas-de-ropa
Andrea's Boutique,Santa Ana,ND,ND,ND,ND,https://mxfirmas.com/SON-Santa-Ana/Boutiques
El Rincón FERACH,Santa Ana,ND,ND,ND,ND,https://mxfirmas.com/SON-Santa-Ana/Boutiques
Tienda De Ropa,General Plutarco Elías Calles,+52 651 512 1452,ND,ND,ND,https://mxfirmas.com/SON-Sonoyta/Tiendas-de-ropa
Novedades Esthela,General Plutarco Elías Calles,+52 651 101 8768,ND,ND,ND,https://mxfirmas.com/SON-Sonoyta/Tiendas-de-ropa
Detalles Francis,General Plutarco Elías Calles,+52 651 512 1652,ND,ND,ND,https://mxfirmas.com/SON-Sonoyta/Tiendas-de-ropa
Ropa Calzado Infantil Shalimar,General Plutarco Elías Calles,ND,ND,ND,ND,https://mxfirmas.com/SON-Sonoyta/Tiendas-de-ropa
Ropa Y Calzado Sin Nombre,General Plutarco Elías Calles,ND,ND,ND,ND,https://mxfirmas.com/SON-Sonoyta/Tiendas-de-ropa
Novedades El Solovino,General Plutarco Elías Calles,ND,ND,ND,ND,https://mxfirmas.com/SON-Sonoyta/Tiendas-de-ropa
Boutique Drubys,Empalme,ND,ND,ND,ND,https://mxfirmas.com/SON-Empalme/Boutiques
Divas Boutique,Empalme,ND,ND,ND,ND,https://mxfirmas.com/SON-Empalme/Boutiques
D’Robert Boutique,Empalme,ND,ND,ND,ND,https://mxfirmas.com/SON-Empalme/Boutiques
Vicky Form,Hermosillo,+52 662 212 3283,ND,ND,ND,https://mxfirmas.com/SON-Hermosillo/Tiendas-de-ropa-de-mujer
Reyes Tienda Vaquera,Hermosillo,+52 662 213 0958,ND,ND,ND,https://mxfirmas.com/SON-Hermosillo/Tiendas-de-ropa-de-mujer
Yomarvig Ceremonias,Hermosillo,+52 662 212 2763,ND,ND,ND,https://mxfirmas.com/SON-Hermosillo/Tiendas-de-ropa-de-mujer
"Milano Operadora, S.A. de C.V.",Hermosillo,+52 662 217 5727,ND,ND,ND,https://mxfirmas.com/SON-Hermosillo/Tiendas-de-ropa-de-mujer
SAMBA Moda,Hermosillo,+52 662 250 6844,ND,ND,ND,https://mxfirmas.com/SON-Hermosillo/Tiendas-de-ropa-de-mujer
Venta De Ropa Interior Sin Nombre,Hermosillo,+52 662 195 8092,ND,ND,ND,https://mxfirmas.com/SON-Hermosillo/Tiendas-de-ropa-de-mujer
Lencería Yas,Hermosillo,+52 662 205 1510,ND,ND,ND,https://mxfirmas.com/SON-Hermosillo/Tiendas-de-ropa-de-mujer
Grijalva Ma Esther Distribuidor Autorizado Ardyss,Hermosillo,+52 662 214 6438,ND,ND,ND,https://mxfirmas.com/SON-Hermosillo/Tiendas-de-ropa-de-mujer
Boutique De Ropa Para Mujer Sin Nombre,Hermosillo,+52 662 128 0931,ND,ND,ND,https://mxfirmas.com/SON-Hermosillo/Tiendas-de-ropa-de-mujer
Tienda El Paso Sa De Cv,Hermosillo,+52 662 212 1737,ND,ND,ND,https://mxfirmas.com/SON-Hermosillo/Tiendas-de-ropa-de-mujer
Yuvi's Lencería y Accesorios,Hermosillo,+52 662 210 4446,ND,ND,ND,https://mxfirmas.com/SON-Hermosillo/Tiendas-de-ropa-de-mujer
El Kiosko,Etchojoa,ND,ND,ND,ND,https://mxfirmas.com/SON-Etchojoa/Tiendas-para-novias
Tienda De Ropa La Barata,Naco,+52 633 334 0022,ND,ND,ND,https://mxfirmas.com/Mexico/Tiendas-de-ropa/page4
Tienda De Ropa Y Juguetes Yadira,Nacozari de García,+52 634 342 2743,ND,ND,ND,https://mxfirmas.com/Mexico/Tiendas-de-ropa/page4
Boutique Iam,Guaymas,+52 622 222 0110,ND,ND,ND,https://mxfirmas.com/SON-Heroica-Guaymas/Tiendas-de-ropa-de-bebe
Noriega's Boutique,Guaymas,+52 622 132 9837,ND,ND,ND,https://mxfirmas.com/SON-Heroica-Guaymas/Tiendas-de-ropa-de-bebe
Kamelina Boutique,Guaymas,+52 622 224 1611,ND,ND,ND,https://mxfirmas.com/SON-Heroica-Guaymas/Tiendas-de-ropa-de-bebe
Quinta Da Avenida Boutique,Guaymas,+52 622 224 6056,ND,ND,ND,https://mxfirmas.com/SON-Heroica-Guaymas/Tiendas-de-ropa-de-bebe
Sport For Men Boutique,Guaymas,+52 622 132 0402,ND,ND,ND,https://mxfirmas.com/SON-Heroica-Guaymas/Tiendas-de-ropa-de-bebe
Winki Ceremonias,Guaymas,+52 622 222 9454,ND,ND,ND,https://mxfirmas.com/SON-Heroica-Guaymas/Tiendas-de-ropa-de-bebe
Sensacion,Guaymas,+52 622 224 3341,ND,ND,ND,https://mxfirmas.com/SON-Heroica-Guaymas/Tiendas-de-ropa-de-bebe
Glamour Boutique Plus,Guaymas,ND,ND,ND,ND,https://mxfirmas.com/SON-Heroica-Guaymas/Tiendas-de-ropa-de-bebe
Lavoro Boutique,Guaymas,ND,ND,ND,ND,https://mxfirmas.com/SON-Heroica-Guaymas/Tiendas-de-ropa-de-bebe
Blessing Boutique,Guaymas,ND,ND,ND,ND,https://mxfirmas.com/SON-Heroica-Guaymas/Tiendas-de-ropa-de-bebe
El Ropero Boutique,Guaymas,ND,ND,ND,ND,https://mxfirmas.com/SON-Heroica-Guaymas/Tiendas-de-ropa-de-bebe
Boutique Vicky,Guaymas,ND,ND,ND,ND,https://mxfirmas.com/SON-Heroica-Guaymas/Tiendas-de-ropa-de-bebe
For You,Guaymas,ND,ND,ND,ND,https://mxfirmas.com/SON-Heroica-Guaymas/Tiendas-de-ropa-de-bebe
Vitrina,Guaymas,ND,ND,ND,ND,https://mxfirmas.com/SON-Heroica-Guaymas/Tiendas-de-ropa-de-bebe
Divas Boutique,Guaymas,ND,ND,ND,ND,https://mxfirmas.com/SON-Heroica-Guaymas/Tiendas-de-ropa-de-bebe
"Por Distinción, S.A. de C.V.",Huatabampo,+52 647 426 3727,ND,ND,ND,https://mxfirmas.com/SON-Huatabampo/Ropas
Milano T-410,Huatabampo,+52 647 426 3727,ND,ND,ND,https://mxfirmas.com/SON-Huatabampo/Ropas
Textiles Y Uniformes Del Mayo S.A. De C.V.,Huatabampo,+52 647 426 1329,ND,ND,ND,https://mxfirmas.com/SON-Huatabampo/Ropas
Borda Xpress,Huatabampo,+52 647 426 1951,ND,ND,ND,https://mxfirmas.com/SON-Huatabampo/Ropas
Venta De Ropa De Dama,Huatabampo,+52 647 426 2026,ND,ND,ND,https://mxfirmas.com/SON-Huatabampo/Ropas
Confección De Prendas De Vestir Sobre Medida,Huatabampo,+52 647 426 0875,ND,ND,ND,https://mxfirmas.com/SON-Huatabampo/Ropas
Casa Grissel,Huatabampo,+52 647 118 0243,ND,ND,ND,https://mxfirmas.com/SON-Huatabampo/Ropas
Almacenes Coppel,Huatabampo,+52 647 426 3460,ND,ND,ND,https://mxfirmas.com/SON-Huatabampo/Ropas
Taller De Altas Costuras Galy,Huatabampo,ND,ND,ND,ND,https://mxfirmas.com/SON-Huatabampo/Ropas
Ropa Casual Prisco,Huatabampo,ND,ND,ND,ND,https://mxfirmas.com/SON-Huatabampo/Ropas
Milita's Tienda De Ropa,Huatabampo,ND,ND,ND,ND,https://mxfirmas.com/SON-Huatabampo/Ropas
Eleczion,Huatabampo,ND,ND,ND,ND,https://mxfirmas.com/SON-Huatabampo/Ropas
Confección En Serie De Otra Ropa Exterior De Materiales Textiles,Huatabampo,ND,ND,ND,ND,https://mxfirmas.com/SON-Huatabampo/Ropas
La Quemazon Tienda De Ropa,Huatabampo,ND,ND,ND,ND,https://mxfirmas.com/SON-Huatabampo/Ropas
Milano,Huatabampo,ND,ND,ND,ND,https://mxfirmas.com/SON-Huatabampo/Ropas
Boutique Love It,Navojoa,+52 642 421 1021,ND,ND,ND,https://mxfirmas.com/SON-Navojoa/Boutiques
Nenes Boutique,Navojoa,+52 642 422 6363,ND,ND,ND,https://mxfirmas.com/SON-Navojoa/Boutiques
Sylvanna's Boutique,Navojoa,+52 642 424 2005,ND,ND,ND,https://mxfirmas.com/SON-Navojoa/Boutiques
Boutique Musa,Navojoa,+52 642 422 8974,ND,ND,ND,https://mxfirmas.com/SON-Navojoa/Boutiques
H & V Boutique,Navojoa,+52 642 421 2481,ND,ND,ND,https://mxfirmas.com/SON-Navojoa/Boutiques
Olivias Fashions Boutique,Navojoa,+52 653 535 7414,ND,ND,ND,https://mxfirmas.com/SON-Navojoa/Boutiques
Boutique Sin Nombre,Navojoa,+52 642 422 6006,ND,ND,ND,https://mxfirmas.com/SON-Navojoa/Boutiques
Diva's Boutique,Navojoa,+52 642 420 2702,ND,ND,ND,https://mxfirmas.com/SON-Navojoa/Boutiques
Seduccion Boutique,Navojoa,+52 642 422 2182,ND,ND,ND,https://mxfirmas.com/SON-Navojoa/Boutiques
D´Lluvia Boutique,Navojoa,+52 642 120 3832,ND,ND,ND,https://mxfirmas.com/SON-Navojoa/Boutiques
Alicia's boutique,Navojoa,+52 642 422 7317,ND,ND,ND,https://mxfirmas.com/SON-Navojoa/Boutiques
Tentación Boutique,Navojoa,+52 642 427 3264,ND,ND,ND,https://mxfirmas.com/SON-Navojoa/Boutiques
Boutique Cecis,Navojoa,+52 642 422 5348,ND,ND,ND,https://mxfirmas.com/SON-Navojoa/Boutiques
Boutique La Nueva Imagen,Navojoa,ND,ND,ND,ND,https://mxfirmas.com/SON-Navojoa/Boutiques
Cecytas Boutique,Navojoa,ND,ND,ND,ND,https://mxfirmas.com/SON-Navojoa/Boutiques
Boutique Londre,Navojoa,ND,ND,ND,ND,https://mxfirmas.com/SON-Navojoa/Boutiques
Boutique Sax,Navojoa,ND,ND,ND,ND,https://mxfirmas.com/SON-Navojoa/Boutiques
Boutique De Bolsas Y Mas Danians,Navojoa,ND,ND,ND,ND,https://mxfirmas.com/SON-Navojoa/Boutiques
Star Boutique,Navojoa,ND,ND,ND,ND,https://mxfirmas.com/SON-Navojoa/Boutiques
Woman Boutique,Navojoa,ND,ND,ND,ND,https://mxfirmas.com/SON-Navojoa/Boutiques
Boutique Leticia Almada,Navojoa,ND,ND,ND,ND,https://mxfirmas.com/SON-Navojoa/Boutiques
Dpps Boutique,Navojoa,ND,ND,ND,ND,https://mxfirmas.com/SON-Navojoa/Boutiques
Shopin Boutique,Navojoa,ND,ND,ND,ND,https://mxfirmas.com/SON-Navojoa/Boutiques
Ámbar Boutique De Piedras,Navojoa,ND,ND,ND,ND,https://mxfirmas.com/SON-Navojoa/Boutiques
Elegance Boutique,Navojoa,ND,ND,ND,ND,https://mxfirmas.com/SON-Navojoa/Boutiques
Mossa Boutique,Ciudad Obregón,+52 644 180 2513,ND,ND,ND,https://mxfirmas.com/SON-Ciudad-Obregon/Boutiques
Quenn Boutique,Ciudad Obregón,+52 644 420 4015,ND,ND,ND,https://mxfirmas.com/SON-Ciudad-Obregon/Boutiques
Boutique Alice Sa De Cv,Ciudad Obregón,+52 644 414 7099,ND,ND,ND,https://mxfirmas.com/SON-Ciudad-Obregon/Boutiques
Boutique,Ciudad Obregón,+52 644 179 1590,ND,ND,ND,https://mxfirmas.com/SON-Ciudad-Obregon/Boutiques
Boutique Massu,Ciudad Obregón,+52 644 413 3780,ND,ND,ND,https://mxfirmas.com/SON-Ciudad-Obregon/Boutiques
Boutique Dblaoli,Ciudad Obregón,+52 644 414 8796,ND,ND,ND,https://mxfirmas.com/SON-Ciudad-Obregon/Boutiques
Intimite Boutique,Ciudad Obregón,+52 644 415 9392,ND,ND,ND,https://mxfirmas.com/SON-Ciudad-Obregon/Boutiques
Los Noviso Boutique,Ciudad Obregón,+52 644 413 2961,ND,ND,ND,https://mxfirmas.com/SON-Ciudad-Obregon/Boutiques
Ceremonias Boutique,Ciudad Obregón,+52 644 413 3188,ND,ND,ND,https://mxfirmas.com/SON-Ciudad-Obregon/Boutiques
Dvivians Boutique,Ciudad Obregón,+52 644 413 0466,ND,ND,ND,https://mxfirmas.com/SON-Ciudad-Obregon/Boutiques
News Boutique,Ciudad Obregón,+52 644 413 2003,ND,ND,ND,https://mxfirmas.com/SON-Ciudad-Obregon/Boutiques
Zafari Boutique,Ciudad Obregón,+52 644 440 6331,ND,ND,ND,https://mxfirmas.com/SON-Ciudad-Obregon/Boutiques
"Charls Multimoda, S.A. de C.V.",Ciudad Obregón,+52 644 416 3761,ND,ND,ND,https://mxfirmas.com/SON-Ciudad-Obregon/Boutiques
Lolys Boutique,Ciudad Obregón,+52 644 414 2481,ND,ND,ND,https://mxfirmas.com/SON-Ciudad-Obregon/Boutiques
Nicole Boutique,Ciudad Obregón,+52 644 173 2645,ND,ND,ND,https://mxfirmas.com/SON-Ciudad-Obregon/Boutiques
Mias Boutique,Ciudad Obregón,+52 644 120 6895,ND,ND,ND,https://mxfirmas.com/SON-Ciudad-Obregon/Boutiques
Dorians Boutique,Ciudad Obregón,+52 644 414 3916,ND,ND,ND,https://mxfirmas.com/SON-Ciudad-Obregon/Boutiques
Boutique Bellisima,Ciudad Obregón,+52 644 417 6060,ND,ND,ND,https://mxfirmas.com/SON-Ciudad-Obregon/Boutiques
Magic Boutique,Ciudad Obregón,+52 644 414 0009,ND,ND,ND,https://mxfirmas.com/SON-Ciudad-Obregon/Boutiques
Charle´s Multimoda Scl. Gurrero,Ciudad Obregón,+52 644 414 2010,ND,ND,ND,https://mxfirmas.com/SON-Ciudad-Obregon/Boutiques
Boutique Womans,Ciudad Obregón,+52 644 169 7031,ND,ND,ND,https://mxfirmas.com/SON-Ciudad-Obregon/Boutiques
D Alice Boutique,Ciudad Obregón,+52 644 417 8001,ND,ND,ND,https://mxfirmas.com/SON-Ciudad-Obregon/Boutiques
Boutique Guseli,Ciudad Obregón,+52 644 413 1979,ND,ND,ND,https://mxfirmas.com/SON-Ciudad-Obregon/Boutiques
Boutique Vogue,Ciudad Obregón,+52 644 414 0217,ND,ND,ND,https://mxfirmas.com/SON-Ciudad-Obregon/Boutiques
Boutique De Ropa,Ciudad Obregón,+52 644 413 2909,ND,ND,ND,https://mxfirmas.com/SON-Ciudad-Obregon/Boutiques
Boutique Casual,Ciudad Obregón,+52 644 413 4540,ND,ND,ND,https://mxfirmas.com/SON-Ciudad-Obregon/Boutiques
Lenders Boutique,Ciudad Obregón,+52 644 414 8322,ND,ND,ND,https://mxfirmas.com/SON-Ciudad-Obregon/Boutiques
Bonnard,Ciudad Obregón,+52 644 415 5060,ND,ND,ND,https://mxfirmas.com/SON-Ciudad-Obregon/Boutiques
Boutique Barbi,Ciudad Obregón,+52 644 192 2859,ND,ND,ND,https://mxfirmas.com/SON-Ciudad-Obregon/Boutiques
Boutique Dayana,Ciudad Obregón,ND,ND,ND,ND,https://mxfirmas.com/SON-Ciudad-Obregon/Boutiques
Danis Boutique,Ciudad Obregón,ND,ND,ND,ND,https://mxfirmas.com/SON-Ciudad-Obregon/Boutiques
Boutique Claudia,Ciudad Obregón,ND,ND,ND,ND,https://mxfirmas.com/SON-Ciudad-Obregon/Boutiques
Boutique Colors,Ciudad Obregón,ND,ND,ND,ND,https://mxfirmas.com/SON-Ciudad-Obregon/Boutiques
Boutique Lili,Ciudad Obregón,ND,ND,ND,ND,https://mxfirmas.com/SON-Ciudad-Obregon/Boutiques
Boutique De Bebe,Ciudad Obregón,ND,ND,ND,ND,https://mxfirmas.com/SON-Ciudad-Obregon/Boutiques
Surat Collection Boutique,Ciudad Obregón,ND,ND,ND,ND,https://mxfirmas.com/SON-Ciudad-Obregon/Boutiques
Xl Boutique,Ciudad Obregón,ND,ND,ND,ND,https://mxfirmas.com/SON-Ciudad-Obregon/Boutiques
Boutique Kelly,Ciudad Obregón,ND,ND,ND,ND,https://mxfirmas.com/SON-Ciudad-Obregon/Boutiques
Ladies Boutique,Ciudad Obregón,ND,ND,ND,ND,https://mxfirmas.com/SON-Ciudad-Obregon/Boutiques
Boutique Sin Nombre,Ciudad Obregón,ND,ND,ND,ND,https://mxfirmas.com/SON-Ciudad-Obregon/Boutiques
Boutique Orquidia,Ciudad Obregón,ND,ND,ND,ND,https://mxfirmas.com/SON-Ciudad-Obregon/Boutiques
Glamour Boutique,Ciudad Obregón,ND,ND,ND,ND,https://mxfirmas.com/SON-Ciudad-Obregon/Boutiques
Ximena Ropa Y Calzado0,Caborca,ND,ND,ND,ND,https://guiamexican.com/tiendas-de-ropa/caborca
Pauch,Caborca,ND,ND,ND,ND,https://guiamexican.com/tiendas-de-ropa/caborca
Bordados Industriales De México,Caborca,ND,ND,ND,ND,https://guiamexican.com/tiendas-de-ropa/caborca
Tienda De Ropa 6 De Abril,Caborca,ND,ND,ND,ND,https://guiamexican.com/tiendas-de-ropa/caborca
Esencias Boutique,Caborca,ND,ND,ND,ND,https://guiamexican.com/tiendas-de-ropa/caborca
De Caballeros,Caborca,ND,ND,ND,ND,https://guiamexican.com/tiendas-de-ropa/caborca
Kon Preciado Juvenil,Caborca,ND,ND,ND,ND,https://guiamexican.com/tiendas-de-ropa/caborca
188 Melody,Caborca,ND,ND,ND,ND,https://guiamexican.com/tiendas-de-ropa/caborca
Ceremonias Ellegance,Caborca,ND,ND,ND,ND,https://guiamexican.com/tiendas-de-ropa/caborca
El Aulet,Caborca,ND,ND,ND,ND,https://guiamexican.com/tiendas-de-ropa/caborca
Fashion Beauty Boutique,Caborca,ND,ND,ND,ND,https://guiamexican.com/tiendas-de-ropa/caborca
For Me,Caborca,ND,ND,ND,ND,https://guiamexican.com/tiendas-de-ropa/caborca
Moda Infantil Marian,Caborca,ND,ND,ND,ND,https://guiamexican.com/tiendas-de-ropa/caborca
Modisa Centro,Caborca,ND,ND,ND,ND,https://guiamexican.com/tiendas-de-ropa/caborca
Jandos,Caborca,ND,ND,ND,ND,https://guiamexican.com/tiendas-de-ropa/caborca
Exclusivas Alicias,Caborca,ND,ND,ND,ND,https://guiamexican.com/tiendas-de-ropa/caborca
97 Sensacion,Caborca,ND,ND,ND,ND,https://guiamexican.com/tiendas-de-ropa/caborca
La Roperia Boutique,Caborca,ND,ND,ND,ND,https://guiamexican.com/tiendas-de-ropa/caborca
De Gallery Boutique,Caborca,+52 637 372 5971,ND,ND,ND,https://caborca.directorioempresas.mx/empresas/boutique_714
Ana Boutique,Caborca,+52 637 372 9785,ND,ND,ND,https://caborca.directorioempresas.mx/empresas/boutique_714
Stephany Boutique,Caborca,+52 637 372 2351,ND,ND,ND,https://caborca.directorioempresas.mx/empresas/boutique_714
BARÓ Apparel,Caborca,+52 637 372 9799,ND,ND,ND,https://www.baroapparel.com/nuestras-tiendas
Yevell Boutique,Caborca,ND,ND,ND,ND,https://yevellboutique.com/quienes-somos/
Nery Gamboa,Álamos,+52 647 115 7290,ND,ND,ND,https://nery-gamboa.ueniweb.com/
Jessie'O Boutique,Álamos,+52 647 404 8292,ND,ND,ND,https://www.allbiz.mx/jessieo-boutique-647-404-8292
Flower's Boutique,Etchojoa,+52 647 115 5306,ND,ND,ND,https://flower-s-boutique.ueniweb.com/
La Ropita de Luisa Fernanda,Etchojoa,+52 647 105 5015,ND,ND,ND,https://la-ropita-de-luisa-fernanda.ueniweb.com/
Venta De Ropa Usada,Nogales,+52 631 314 5377,ND,ND,ND,https://mxfirmas.com/SON-Nogales/Tiendas-de-ropa
Puesto Venta De Ropa,Nogales,+52 631 343 5120,ND,ND,ND,https://mxfirmas.com/SON-Nogales/Tiendas-de-ropa
Tienda De Ropa Cleek,Nogales,+52 631 312 6497,ND,ND,ND,https://mxfirmas.com/SON-Nogales/Tiendas-de-ropa
Venta De Ropa Nueva,Nogales,ND,ND,ND,ND,https://mxfirmas.com/SON-Nogales/Tiendas-de-ropa
Tienda De Ropa Sin Nombre,Nogales,ND,ND,ND,ND,https://mxfirmas.com/SON-Nogales/Tiendas-de-ropa
Venta De Ropa Nueva Sin Nombre,Nogales,ND,ND,ND,ND,https://mxfirmas.com/SON-Nogales/Tiendas-de-ropa
Venta De Ropa Accesorios De Hogar Y Electrónica,Nogales,ND,ND,ND,ND,https://mxfirmas.com/SON-Nogales/Tiendas-de-ropa
Compra Venta De Ropa Nueva Niño Y Niña,Nogales,ND,ND,ND,ND,https://mxfirmas.com/SON-Nogales/Tiendas-de-ropa
Tienda De Ropa 418,Nogales,ND,ND,ND,ND,https://mxfirmas.com/SON-Nogales/Tiendas-de-ropa
Tienda De Ropa Novedades Inn,Nogales,ND,ND,ND,ND,https://mxfirmas.com/SON-Nogales/Tiendas-de-ropa
Urban Tienda De Ropa,Nogales,ND,ND,ND,ND,https://mxfirmas.com/SON-Nogales/Tiendas-de-ropa
Boutique Melissa,Ciudad Obregón,ND,ND,ND,ND,https://mxfirmas.com/SON-Ciudad-Obregon/Boutiques/page2
Boutique Rosy,Ciudad Obregón,ND,ND,ND,ND,https://mxfirmas.com/SON-Ciudad-Obregon/Boutiques/page2
Apple Boutique,Ciudad Obregón,ND,ND,ND,ND,https://mxfirmas.com/SON-Ciudad-Obregon/Boutiques/page2
Boutique D Y B,Ciudad Obregón,ND,ND,ND,ND,https://mxfirmas.com/SON-Ciudad-Obregon/Boutiques/page2
Boutique Irma,Ciudad Obregón,ND,ND,ND,ND,https://mxfirmas.com/SON-Ciudad-Obregon/Boutiques/page2
Boutique Osiris,Ciudad Obregón,ND,ND,ND,ND,https://mxfirmas.com/SON-Ciudad-Obregon/Boutiques/page2
Boutique Prinsess,Ciudad Obregón,ND,ND,ND,ND,https://mxfirmas.com/SON-Ciudad-Obregon/Boutiques/page2
Boutique Dennise,Ciudad Obregón,ND,ND,ND,ND,https://mxfirmas.com/SON-Ciudad-Obregon/Boutiques/page2
Unica Boutique,Ciudad Obregón,ND,ND,ND,ND,https://mxfirmas.com/SON-Ciudad-Obregon/Boutiques/page2
Marianas Boutique,Ciudad Obregón,ND,ND,ND,ND,https://mxfirmas.com/SON-Ciudad-Obregon/Boutiques/page2
Maggy Boutique,Ciudad Obregón,ND,ND,ND,ND,https://mxfirmas.com/SON-Ciudad-Obregon/Boutiques/page2
Visual Boutique,Ciudad Obregón,ND,ND,ND,ND,https://mxfirmas.com/SON-Ciudad-Obregon/Boutiques/page2
Boutique De Ropa Sin Nombre,Ciudad Obregón,ND,ND,ND,ND,https://mxfirmas.com/SON-Ciudad-Obregon/Boutiques/page2
Boutique Coral,Ciudad Obregón,ND,ND,ND,ND,https://mxfirmas.com/SON-Ciudad-Obregon/Boutiques/page2
Boutique Tienda Ropa De Mujer,Ciudad Obregón,ND,ND,ND,ND,https://mxfirmas.com/SON-Ciudad-Obregon/Boutiques/page2
Style Boutique,Ciudad Obregón,ND,ND,ND,ND,https://mxfirmas.com/SON-Ciudad-Obregon/Boutiques/page2
Promesa Boutique,Ciudad Obregón,ND,ND,ND,ND,https://mxfirmas.com/SON-Ciudad-Obregon/Boutiques/page2
Atenas Boutique,Ciudad Obregón,ND,ND,ND,ND,https://mxfirmas.com/SON-Ciudad-Obregon/Boutiques/page2
Boutique Mónica,Ciudad Obregón,ND,ND,ND,ND,https://mxfirmas.com/SON-Ciudad-Obregon/Boutiques/page2
Boutique Libra,Ciudad Obregón,ND,ND,ND,ND,https://mxfirmas.com/SON-Ciudad-Obregon/Boutiques/page2
Tienda De Ropa Mujer,Ciudad Obregón,ND,ND,ND,ND,https://mxfirmas.com/SON-Ciudad-Obregon/Boutiques/page2
Boutique Mj,Ciudad Obregón,ND,ND,ND,ND,https://mxfirmas.com/SON-Ciudad-Obregon/Boutiques/page2
Urbana Boutique,Ciudad Obregón,ND,ND,ND,ND,https://mxfirmas.com/SON-Ciudad-Obregon/Boutiques/page2
Lourdes Boutique,Ciudad Obregón,ND,ND,ND,ND,https://mxfirmas.com/SON-Ciudad-Obregon/Boutiques/page2
Wendy S Boutique,Ciudad Obregón,ND,ND,ND,ND,https://mxfirmas.com/SON-Ciudad-Obregon/Boutiques/page2
Lorein´S Boutique,Ciudad Obregón,ND,ND,ND,ND,https://mxfirmas.com/SON-Ciudad-Obregon/Boutiques/page2
Libros Y Uniformes Bella Vista,Ciudad Obregón,+52 644 414 3868,ND,ND,ND,https://es.cybo.com/MX-c%C3%B3digo-postal/85130_ciudad-obreg%C3%B3n/tiendas-de-ropa/
Vianney Multimarcas,Ciudad Obregón,+52 644 120 6155,ND,ND,ND,https://es.cybo.com/MX-c%C3%B3digo-postal/85130_ciudad-obreg%C3%B3n/tiendas-de-ropa/
Fashion Zone,Ciudad Obregón,+52 644 414 5473,ND,ND,ND,https://es.cybo.com/MX-c%C3%B3digo-postal/85130_ciudad-obreg%C3%B3n/tiendas-de-ropa/
Pink & Blue Boutique Infantil,Ciudad Obregón,+52 644 121 6444,ND,ND,ND,https://es.cybo.com/MX-c%C3%B3digo-postal/85130_ciudad-obreg%C3%B3n/tiendas-de-ropa/
Diva Fashion Forever,Ciudad Obregón,+52 33 1799 9248,ND,ND,ND,https://es.cybo.com/MX-c%C3%B3digo-postal/85130_ciudad-obreg%C3%B3n/tiendas-de-ropa/
Frego Moda,Ciudad Obregón,ND,ND,ND,ND,https://es.cybo.com/MX-c%C3%B3digo-postal/85130_ciudad-obreg%C3%B3n/tiendas-de-ropa/
Dulce Izaguirre Boutique,Ciudad Obregón,+52 644 139 8729,ND,ND,ND,https://es.cybo.com/MX-c%C3%B3digo-postal/85130_ciudad-obreg%C3%B3n/tiendas-de-ropa/
Ale Outlet,Ciudad Obregón,ND,ND,ND,ND,https://es.cybo.com/MX-c%C3%B3digo-postal/85130_ciudad-obreg%C3%B3n/tiendas-de-ropa/
Zapatería Calzado Para Dama,Ciudad Obregón,+52 644 101 0625,ND,ND,ND,https://es.cybo.com/MX-c%C3%B3digo-postal/85130_ciudad-obreg%C3%B3n/tiendas-de-ropa/
Mukira Boutique,Hermosillo,+52 662 252 1567,ND,ND,ND,https://mxfirmas.com/SON-Hermosillo/Boutiques
Play Boy Boutique,Hermosillo,+52 662 212 3911,ND,ND,ND,https://mxfirmas.com/SON-Hermosillo/Boutiques
Boutique Cuidado Con El Perro Suc 958,Hermosillo,+52 166 221 7306,ND,ND,ND,https://mxfirmas.com/SON-Hermosillo/Boutiques
Egipcia Boutique,Hermosillo,+52 662 212 1254,ND,ND,ND,https://mxfirmas.com/SON-Hermosillo/Boutiques
B&B Boutique,Hermosillo,+52 662 260 3222,ND,ND,ND,https://mxfirmas.com/SON-Hermosillo/Boutiques
Baby Boutique,Hermosillo,+52 662 216 1248,ND,ND,ND,https://mxfirmas.com/SON-Hermosillo/Boutiques
Inercia Boutique,Hermosillo,+52 662 213 6599,ND,ND,ND,https://mxfirmas.com/SON-Hermosillo/Boutiques
Boutique Zayco,Hermosillo,+52 662 212 2616,ND,ND,ND,https://mxfirmas.com/SON-Hermosillo/Boutiques
London Boutique,Hermosillo,+52 662 211 2425,ND,ND,ND,https://mxfirmas.com/SON-Hermosillo/Boutiques
Tin,Hermosillo,+52 662 215 9931,ND,ND,ND,https://mxfirmas.com/SON-Hermosillo/Boutiques
Boutique Quims,Hermosillo,+52 662 214 2347,ND,ND,ND,https://mxfirmas.com/SON-Hermosillo/Boutiques
Bombon Boutique,Hermosillo,+52 662 300 0041,ND,ND,ND,https://mxfirmas.com/SON-Hermosillo/Boutiques
Boutique Michel Modas,Hermosillo,+52 662 212 5826,ND,ND,ND,https://mxfirmas.com/SON-Hermosillo/Boutiques
Michelle boutique,Hermosillo,+52 662 216 7083,ND,ND,ND,https://mxfirmas.com/SON-Hermosillo/Boutiques
Karens Boutique,Hermosillo,+52 662 218 9515,ND,ND,ND,https://mxfirmas.com/SON-Hermosillo/Boutiques
Boutique Skandalo Barnett Pay,Hermosillo,+52 653 534 0088,ND,ND,ND,https://mxfirmas.com/SON-Hermosillo/Boutiques
Boutique Mis Ninos,Hermosillo,+52 662 218 3964,ND,ND,ND,https://mxfirmas.com/SON-Hermosillo/Boutiques
Boutique Sedora,Hermosillo,+52 662 214 1000,ND,ND,ND,https://mxfirmas.com/SON-Hermosillo/Boutiques
Yes Boutique,Hermosillo,+52 662 218 2699,ND,ND,ND,https://mxfirmas.com/SON-Hermosillo/Boutiques
Angelitos,Hermosillo,+52 662 215 3649,ND,ND,ND,https://mxfirmas.com/SON-Hermosillo/Boutiques
Boutique Yaziel,Hermosillo,ND,ND,ND,ND,https://mxfirmas.com/SON-Hermosillo/Boutiques
Try On Boutique,Hermosillo,ND,ND,ND,ND,https://mxfirmas.com/SON-Hermosillo/Boutiques
Boutique Todo Para Ellas,Ciudad Obregón,ND,ND,ND,ND,https://mxfirmas.com/SON-Ciudad-Obregon/Boutiques
Olga´S Boutique,Ciudad Obregón,ND,ND,ND,ND,https://mxfirmas.com/SON-Ciudad-Obregon/Boutiques
Azul Celeste Boutique,Ciudad Obregón,ND,ND,ND,ND,https://mxfirmas.com/SON-Ciudad-Obregon/Boutiques
Tienda De Ropa Yanny´S,Ciudad Obregón,+52 644 412 4952,ND,ND,ND,https://mxfirmas.com/SON-Ciudad-Obregon/Tiendas-de-ropa
Tienda De Ropa Lexa Varon,Ciudad Obregón,ND,ND,ND,ND,https://mxfirmas.com/SON-Ciudad-Obregon/Tiendas-de-ropa
Tienda De Ropa Rosy,San Ignacio Río Muerto,ND,ND,ND,ND,https://mxfirmas.com/Tienda-De-Ropa-Rosy-1867206
Venta De Ropa Sin Nombre,San Ignacio Río Muerto,ND,ND,ND,ND,https://mxfirmas.com/Venta-De-Ropa-Sin-Nombre-1415662
Alanis Jessica,Navojoa,+52 642 421 0976,ND,ND,ND,https://mxfirmas.com/SON-Navojoa/Boutiques
Boutique Diva,Navojoa,ND,ND,ND,ND,https://mxfirmas.com/SON-Navojoa/Boutiques
Valys Boutique,Navojoa,ND,ND,ND,ND,https://mxfirmas.com/SON-Navojoa/Boutiques
Gabrielas Boutique,Navojoa,ND,ND,ND,ND,https://mxfirmas.com/SON-Navojoa/Boutiques
Boutique Chicas Fashion,Navojoa,ND,ND,ND,ND,https://mxfirmas.com/SON-Navojoa/Boutiques
Fiancé Boutique,Navojoa,ND,ND,ND,ND,https://mxfirmas.com/SON-Navojoa/Boutiques
Xl Boutique,Navojoa,ND,ND,ND,ND,https://mxfirmas.com/SON-Navojoa/Boutiques
D Leticia Boutique,Navojoa,ND,ND,ND,ND,https://mxfirmas.com/SON-Navojoa/Boutiques
Anny S Boutique,Navojoa,ND,ND,ND,ND,https://mxfirmas.com/SON-Navojoa/Boutiques
Mnc Boutique,Navojoa,ND,ND,ND,ND,https://mxfirmas.com/SON-Navojoa/Boutiques
Milan Boutique,Navojoa,ND,ND,ND,ND,https://mxfirmas.com/SON-Navojoa/Boutiques
Mens Boutique,Navojoa,ND,ND,ND,ND,https://mxfirmas.com/SON-Navojoa/Boutiques
Grace Moda,Navojoa,ND,ND,ND,ND,https://guiamexican.com/tiendas-de-ropa/navojoa
Tienda De Ropa Little Girls,Navojoa,ND,ND,ND,ND,https://guiamexican.com/tiendas-de-ropa/navojoa
Interjeans,Navojoa,ND,ND,ND,ND,https://guiamexican.com/tiendas-de-ropa/navojoa
Yovar Uniformes,Navojoa,ND,ND,ND,ND,https://guiamexican.com/tiendas-de-ropa/navojoa
Nenitas Modas,Navojoa,ND,ND,ND,ND,https://guiamexican.com/tiendas-de-ropa/navojoa
Tienda De Ropa Payma,Navojoa,ND,ND,ND,ND,https://guiamexican.com/tiendas-de-ropa/navojoa
Byb Boutique,Navojoa,ND,ND,ND,ND,https://guiamexican.com/tiendas-de-ropa/navojoa
Victor'S Elegance,Navojoa,ND,ND,ND,ND,https://guiamexican.com/tiendas-de-ropa/navojoa
Ropa Y Accesorios Jacarandas,Navojoa,ND,ND,ND,ND,https://guiamexican.com/tiendas-de-ropa/navojoa
Bonetería Del Mayo,Navojoa,ND,ND,ND,ND,https://guiamexican.com/tiendas-de-ropa/navojoa
Venta De Ropa Interior Sin Nombre,Navojoa,+52 642 422 6033,ND,ND,ND,https://mxfirmas.com/SON-Navojoa/Tiendas-de-ropa-de-mujer
Tienda De Ropa Intima Coquete,Navojoa,+52 642 422 3599,ND,ND,ND,https://mxfirmas.com/SON-Navojoa/Tiendas-de-ropa-de-mujer
Marquez Camacho Jose Miguel,Navojoa,+52 642 421 5956,ND,ND,ND,https://mxfirmas.com/SON-Navojoa/Tiendas-de-ropa-de-mujer
"AGRIPINO VILLALOBOS V., S.A. DE C.V.",Navojoa,+52 642 422 8001,ND,ND,ND,https://mxfirmas.com/SON-Navojoa/Tiendas-de-ropa-de-mujer
"Grupo Attie, S.A. de C.V.",Navojoa,+52 642 421 3644,ND,ND,ND,https://mxfirmas.com/SON-Navojoa/Tiendas-de-ropa-de-mujer
Quintero Ultimo Julia Elena,Navojoa,+52 642 422 9340,ND,ND,ND,https://mxfirmas.com/SON-Navojoa/Tiendas-de-ropa-de-mujer
Bonetería,Navojoa,ND,ND,ND,ND,https://mxfirmas.com/SON-Navojoa/Tiendas-de-ropa-de-mujer
kissu Kissu,Navojoa,ND,ND,ND,ND,https://mxfirmas.com/SON-Navojoa/Tiendas-de-ropa-de-mujer
Fajas Colombianas Rocío,Navojoa,ND,ND,ND,ND,https://mxfirmas.com/SON-Navojoa/Tiendas-de-ropa-de-mujer
Venta De Ropa De Dama Y Caballero,Huatabampo,ND,ND,ND,ND,https://guiamexican.com/tiendas-de-ropa/huatabampo
La Gran Barata,Huatabampo,ND,ND,ND,ND,https://guiamexican.com/tiendas-de-ropa/huatabampo
Novedades Mari,Huatabampo,ND,ND,ND,ND,https://guiamexican.com/tiendas-de-ropa/huatabampo
Modas Marisela,Huatabampo,ND,ND,ND,ND,https://guiamexican.com/tiendas-de-ropa/huatabampo
Symor'S,Huatabampo,ND,ND,ND,ND,https://guiamexican.com/tiendas-de-ropa/huatabampo
Boutique Kristy,Huatabampo,ND,ND,ND,ND,https://guiamexican.com/tiendas-de-ropa/huatabampo
Boitique Girl,Huatabampo,ND,ND,ND,ND,https://guiamexican.com/tiendas-de-ropa/huatabampo
Jaabs,Huatabampo,ND,ND,ND,ND,https://guiamexican.com/tiendas-de-ropa/huatabampo
Palomas Boutique,Huatabampo,ND,ND,ND,ND,https://guiamexican.com/tiendas-de-ropa/huatabampo
Moda Para Caballero 4x4,Huatabampo,ND,ND,ND,ND,https://guiamexican.com/tiendas-de-ropa/huatabampo
3410 Milano,Huatabampo,ND,ND,ND,ND,https://guiamexican.com/tiendas-de-ropa/huatabampo
Modas California,Huatabampo,ND,ND,ND,ND,https://guiamexican.com/tiendas-de-ropa/huatabampo
Divinas Moda,Huatabampo,ND,ND,ND,ND,https://guiamexican.com/tiendas-de-ropa/huatabampo
Zully Boutique,Huatabampo,ND,ND,ND,ND,https://guiamexican.com/tiendas-de-ropa/huatabampo
Boutique Kitys,Huatabampo,ND,ND,ND,ND,https://guiamexican.com/tiendas-de-ropa/huatabampo
Mr Rabinos,Huatabampo,ND,ND,ND,ND,https://guiamexican.com/tiendas-de-ropa/huatabampo
Violeta Boutique,Huatabampo,ND,ND,ND,ND,https://guiamexican.com/tiendas-de-ropa/huatabampo
Ele'S,Huatabampo,ND,ND,ND,ND,https://guiamexican.com/tiendas-de-ropa/huatabampo
Josas,Agua Prieta,ND,ND,ND,ND,https://guiamexican.com/tiendas-de-ropa/agua-prieta
Bombon,Agua Prieta,ND,ND,ND,ND,https://guiamexican.com/tiendas-de-ropa/agua-prieta
Vava Voom,Agua Prieta,ND,ND,ND,ND,https://guiamexican.com/tiendas-de-ropa/agua-prieta
Voge Outlet,Agua Prieta,ND,ND,ND,ND,https://guiamexican.com/tiendas-de-ropa/agua-prieta
Extasis Departamental,Agua Prieta,ND,ND,ND,ND,https://guiamexican.com/tiendas-de-ropa/agua-prieta
Xelys Modas,Agua Prieta,ND,ND,ND,ND,https://guiamexican.com/tiendas-de-ropa/agua-prieta
Segunda,Agua Prieta,ND,ND,ND,ND,https://guiamexican.com/tiendas-de-ropa/agua-prieta
Infantiles Yesenia,Agua Prieta,ND,ND,ND,ND,https://guiamexican.com/tiendas-de-ropa/agua-prieta
La Lucz,Agua Prieta,ND,ND,ND,ND,https://guiamexican.com/tiendas-de-ropa/agua-prieta
Novedades Kifissia,Agua Prieta,ND,ND,ND,ND,https://guiamexican.com/tiendas-de-ropa/agua-prieta
Men Fashion Boutique,Agua Prieta,ND,ND,ND,ND,https://guiamexican.com/tiendas-de-ropa/agua-prieta
Deportes Y Uniformes Don Chava,Agua Prieta,ND,ND,ND,ND,https://guiamexican.com/tiendas-de-ropa/agua-prieta
Tienda De Ropa Jasda,Agua Prieta,ND,ND,ND,ND,https://guiamexican.com/tiendas-de-ropa/agua-prieta
Novedades Fer Ming,Agua Prieta,ND,ND,ND,ND,https://guiamexican.com/tiendas-de-ropa/agua-prieta
Wcowboys,Agua Prieta,ND,ND,ND,ND,https://guiamexican.com/tiendas-de-ropa/agua-prieta
Novedades Ega,Agua Prieta,ND,ND,ND,ND,https://guiamexican.com/tiendas-de-ropa/agua-prieta
Zepeda Acedo Gabriel,Hermosillo,+52 662 212 6621,ND,ND,ND,https://mxfirmas.com/SON-Hermosillo/Tiendas-de-ropa-de-mujer
Lencería Mujer Bonita,Hermosillo,+52 662 260 0555,ND,ND,ND,https://mxfirmas.com/SON-Hermosillo/Tiendas-de-ropa-de-mujer
Mujercitas Boutique,Hermosillo,+52 662 302 9633,ND,ND,ND,https://mxfirmas.com/SON-Hermosillo/Tiendas-de-ropa-de-mujer
MODA AMIGA,Hermosillo,+52 662 217 3482,ND,ND,ND,https://mxfirmas.com/SON-Hermosillo/Tiendas-de-ropa-de-mujer
Cynthia Mujer y Moda,Hermosillo,+52 662 212 2150,ND,ND,ND,https://mxfirmas.com/SON-Hermosillo/Tiendas-de-ropa-de-mujer
Poesia Lingerie,Hermosillo,+52 662 218 9432,ND,ND,ND,https://mxfirmas.com/SON-Hermosillo/Tiendas-de-ropa-de-mujer
Mi Ilusion Boutique,Hermosillo,+52 662 260 5265,ND,ND,ND,https://mxfirmas.com/SON-Hermosillo/Tiendas-de-ropa-de-mujer
Miss Fantasias,Hermosillo,+52 662 948 8565,ND,ND,ND,https://mxfirmas.com/SON-Hermosillo/Tiendas-de-ropa-de-mujer
Pekes,Hermosillo,+52 662 217 0297,ND,ND,ND,https://mxfirmas.com/SON-Hermosillo/Tiendas-de-ropa-de-mujer
Cynthia Mujer & Moda (sucursal Navarrete),Hermosillo,+52 662 216 6399,ND,ND,ND,https://mxfirmas.com/SON-Hermosillo/Tiendas-de-ropa-de-mujer
American Guess,Hermosillo,+52 662 210 2328,ND,ND,ND,https://mxfirmas.com/SON-Hermosillo/Tiendas-de-ropa-de-mujer
Porte Formal,Hermosillo,ND,ND,ND,ND,https://mxfirmas.com/SON-Hermosillo/Tiendas-de-ropa-de-mujer
Studio F,Hermosillo,ND,ND,ND,ND,https://mxfirmas.com/SON-Hermosillo/Tiendas-de-ropa-de-mujer
Stradivarius,Hermosillo,ND,ND,ND,ND,https://mxfirmas.com/SON-Hermosillo/Tiendas-de-ropa-de-mujer
Etam,Hermosillo,ND,ND,ND,ND,https://mxfirmas.com/SON-Hermosillo/Tiendas-de-ropa-de-mujer
Lencería Vickyform,Ciudad Obregón,+52 644 414 6993,ND,ND,ND,https://mxfirmas.com/SON-Ciudad-Obregon/Tiendas-de-ropa-de-mujer
Lenceria Mundo Medias,Ciudad Obregón,ND,ND,ND,ND,https://mxfirmas.com/SON-Ciudad-Obregon/Tiendas-de-ropa-de-mujer
Novias Yoly,Ciudad Obregón,+52 644 414 3920,ND,ND,ND,https://mxfirmas.com/SON-Ciudad-Obregon/Tiendas-de-ropa-de-mujer
Novias Emily,Ciudad Obregón,+52 644 414 3029,ND,ND,ND,https://mxfirmas.com/SON-Ciudad-Obregon/Tiendas-de-ropa-de-mujer
Novias El Progreso,Ciudad Obregón,+52 644 413 8815,ND,ND,ND,https://mxfirmas.com/SON-Ciudad-Obregon/Tiendas-de-ropa-de-mujer
Very Sexi Lencería Y Accesorios,Ciudad Obregón,+52 644 415 7292,ND,ND,ND,https://mxfirmas.com/SON-Ciudad-Obregon/Tiendas-de-ropa-de-mujer
Mujer Bonita Boutique,Ciudad Obregón,+52 644 413 8331,ND,ND,ND,https://mxfirmas.com/SON-Ciudad-Obregon/Tiendas-de-ropa-de-mujer
Son Chin Textil,Ciudad Obregón,+52 644 415 3636,ND,ND,ND,https://mxfirmas.com/SON-Ciudad-Obregon/Tiendas-de-ropa-de-mujer
Estrella Creaciones,Ciudad Obregón,+52 644 417 8518,ND,ND,ND,https://mxfirmas.com/SON-Ciudad-Obregon/Tiendas-de-ropa-de-mujer
Santory,Ciudad Obregón,+52 644 415 9924,ND,ND,ND,https://mxfirmas.com/SON-Ciudad-Obregon/Tiendas-de-ropa-de-mujer
Esquer Ropa Intima,Ciudad Obregón,+52 644 412 3363,ND,ND,ND,https://mxfirmas.com/SON-Ciudad-Obregon/Tiendas-de-ropa-de-mujer
Ilusión Cd Obregon,Ciudad Obregón,+52 644 415 4070,ND,ND,ND,https://mxfirmas.com/SON-Ciudad-Obregon/Tiendas-de-ropa-de-mujer
Venta De Ropa Interior Para Dama Y Cosméticos,Ciudad Obregón,ND,ND,ND,ND,https://mxfirmas.com/SON-Ciudad-Obregon/Tiendas-de-ropa-de-mujer
Kristal Lencería,Ciudad Obregón,ND,ND,ND,ND,https://mxfirmas.com/SON-Ciudad-Obregon/Tiendas-de-ropa-de-mujer
Kairos Boutique,Ciudad Obregón,ND,ND,ND,ND,https://mxfirmas.com/SON-Ciudad-Obregon/Tiendas-de-ropa-de-mujer
Frederick,Ciudad Obregón,ND,ND,ND,ND,https://mxfirmas.com/SON-Ciudad-Obregon/Tiendas-de-ropa-de-mujer
Coquette,Ciudad Obregón,ND,ND,ND,ND,https://mxfirmas.com/SON-Ciudad-Obregon/Tiendas-de-ropa-de-mujer
Chuy S Moda,Ciudad Obregón,ND,ND,ND,ND,https://mxfirmas.com/SON-Ciudad-Obregon/Tiendas-de-ropa-de-mujer
Tienda De Ropa Delis Boutique Y Cyber,Bácum,ND,ND,ND,ND,https://mxfirmas.com/Venta-De-Ropa-Sin-Nombre-1415662
Venta De Ropa Nueva Sin Nombre,Bácum,ND,ND,ND,ND,https://mxfirmas.com/Venta-De-Ropa-Sin-Nombre-1415662
Los Zayas,Bácum,+52 644 433 0143,ND,ND,ND,https://www.allbiz.mx/los-zayas-644-433-0143
Tienda De Ropa Rigos Western Wear,Benito Juárez,ND,ND,ND,ND,https://mxfirmas.com/Venta-De-Ropa-Sin-Nombre-1415662
Botas Ochoa,Moctezuma,+52 634 243 0840,ND,ND,ND,https://www.ropa.directorio-comercial.com.mx/moctezuma_so/
Modas Maggy,Moctezuma,ND,ND,ND,ND,https://www.ropa.directorio-comercial.com.mx/moctezuma_so/
Tienda De Ropa D Alex,Moctezuma,+52 634 246 7415,ND,ND,ND,https://www.ropa.directorio-comercial.com.mx/moctezuma_so/
Ropa Alex,Moctezuma,+52 662 275 4308,ND,ND,ND,https://www.ropa.directorio-comercial.com.mx/moctezuma_so/
El Satelite,Moctezuma,ND,ND,ND,ND,https://www.ropa.directorio-comercial.com.mx/moctezuma_so/
Emilia,Moctezuma,+52 634 243 0152,ND,ND,ND,https://www.ropa.directorio-comercial.com.mx/moctezuma_so/
Tienda De Ropa Jaquelyn,Moctezuma,ND,ND,ND,ND,https://www.ropa.directorio-comercial.com.mx/moctezuma_so/
Novedades Iltse,Moctezuma,+52 634 243 0803,ND,ND,ND,https://www.ropa.directorio-comercial.com.mx/moctezuma_so/
Cosas Cositas De Moctezuma,Moctezuma,+52 634 243 0536,ND,ND,ND,https://www.ropa.directorio-comercial.com.mx/moctezuma_so/
Reparación De Calzado Moreno,Moctezuma,+52 634 108 8743,ND,ND,ND,https://www.ropa.directorio-comercial.com.mx/moctezuma_so/
Regalos Y Novedades Junior,Moctezuma,+52 634 243 0093,ND,ND,ND,https://www.ropa.directorio-comercial.com.mx/moctezuma_so/
CAMUFLAJE CAMPING Y AVENTURA Y CHIQUIS MUNDO,Moctezuma,ND,ND,ND,ND,https://www.municipiodata.com/municipios/sonora/moctezuma/entreprises
FABRICA DE BOTAS CHICO BOOTS,Moctezuma,ND,ND,ND,ND,https://www.municipiodata.com/municipios/sonora/moctezuma/entreprises
COPPEL CANADA ZAPATERIA MOCTEZUMA 1492,Moctezuma,ND,ND,ND,ND,https://www.municipiodata.com/municipios/sonora/moctezuma/entreprises
Ropa,Hermosillo,+52 662 105 6658,ND,ND,ND,https://es.cybo.com/MX/hermosillo/tiendas-de-ropa
Ropa y accesorios deportivos,Hermosillo,ND,ND,ND,ND,https://es.cybo.com/MX/hermosillo/tiendas-de-ropa
Cowboy House,Hermosillo,+52 662 285 7473,ND,ND,ND,https://es.cybo.com/MX/hermosillo/tiendas-de-ropa
MADU Boutique Online,Hermosillo,+52 662 204 7151,ND,ND,ND,https://es.cybo.com/MX/hermosillo/tiendas-de-ropa
M Boutique - Renta De Vestidos De Noche,Hermosillo,+52 662 165 8947,ND,ND,ND,https://es.cybo.com/MX/hermosillo/tiendas-de-ropa
Charlotte boutique,Hermosillo,ND,ND,ND,ND,https://es.cybo.com/MX/hermosillo/tiendas-de-ropa?p=2
103 Melody,Hermosillo,ND,ND,ND,ND,https://guiamexican.com/tiendas-de-ropa/hermosillo
Tienda De Ropa Escala,Hermosillo,ND,ND,ND,ND,https://guiamexican.com/tiendas-de-ropa/hermosillo
Julians Boutique,Hermosillo,ND,ND,ND,ND,https://guiamexican.com/tiendas-de-ropa/hermosillo
Trendy Chik Boutique,Hermosillo,ND,ND,ND,ND,https://guiamexican.com/tiendas-de-ropa/hermosillo
Esmeralda Zapatería,Hermosillo,ND,ND,ND,ND,https://guiamexican.com/tiendas-de-ropa/hermosillo
Aerocrombie,Hermosillo,ND,ND,ND,ND,https://guiamexican.com/tiendas-de-ropa/hermosillo/page/2
Black,Hermosillo,ND,ND,ND,ND,https://guiamexican.com/tiendas-de-ropa/hermosillo/page/2
Nav Jeans,Hermosillo,ND,ND,ND,ND,https://guiamexican.com/tiendas-de-ropa/hermosillo/page/2
Plus Size,Hermosillo,ND,ND,ND,ND,https://guiamexican.com/tiendas-de-ropa/hermosillo/page/2
Yany,Hermosillo,ND,ND,ND,ND,https://guiamexican.com/tiendas-de-ropa/hermosillo/page/2
Monaco,Hermosillo,ND,ND,ND,ND,https://guiamexican.com/tiendas-de-ropa/hermosillo/page/2
Tnk Kids,Hermosillo,ND,ND,ND,ND,https://guiamexican.com/tiendas-de-ropa/hermosillo/page/2
La Family Moda,Hermosillo,ND,ND,ND,ND,https://guiamexican.com/tiendas-de-ropa/hermosillo/page/2
Venta De Ropa Y Accesorios Varios,Hermosillo,ND,ND,ND,ND,https://guiamexican.com/tiendas-de-ropa/hermosillo/page/2
Venta De Uniformes Moda Escolar,Hermosillo,ND,ND,ND,ND,https://guiamexican.com/tiendas-de-ropa/hermosillo/page/2
"Myka, Boutique",Hermosillo,ND,ND,ND,ND,https://guiamexican.com/tiendas-de-ropa/hermosillo/page/2
Zulé,Hermosillo,ND,ND,ND,ND,https://guiamexican.com/tiendas-de-ropa/hermosillo/page/2
Boruva,Hermosillo,ND,ND,ND,ND,https://guiamexican.com/tiendas-de-ropa/hermosillo/page/2
Tiendas Alka Hermosillo,Hermosillo,ND,ND,ND,ND,https://guiamexican.com/tiendas-de-ropa/hermosillo/page/2
Ropa Infantil Chavos,Hermosillo,ND,ND,ND,ND,https://guiamexican.com/tiendas-de-ropa/hermosillo/page/2
Limon Fashion Store,Hermosillo,ND,ND,ND,ND,https://guiamexican.com/tiendas-de-ropa/hermosillo/page/3
Levi Shop Hermoillo,Hermosillo,ND,ND,ND,ND,https://guiamexican.com/tiendas-de-ropa/hermosillo/page/3
Velvet Boutique,Hermosillo,ND,ND,ND,ND,https://guiamexican.com/tiendas-de-ropa/hermosillo/page/3
Novedades Thania,Hermosillo,ND,ND,ND,ND,https://guiamexican.com/tiendas-de-ropa/hermosillo/page/3
Ciceros Boutique,Hermosillo,ND,ND,ND,ND,https://guiamexican.com/tiendas-de-ropa/hermosillo/page/3
Boutique Egipcia,Hermosillo,ND,ND,ND,ND,https://guiamexican.com/tiendas-de-ropa/hermosillo/page/3
El Y Ella Sandrien Boutique,Hermosillo,ND,ND,ND,ND,https://guiamexican.com/tiendas-de-ropa/hermosillo/page/3
Any Pam Boutique,Hermosillo,ND,ND,ND,ND,https://guiamexican.com/tiendas-de-ropa/hermosillo/page/3
Anypam,Hermosillo,ND,ND,ND,ND,https://guiamexican.com/tiendas-de-ropa/hermosillo/page/3
Bellisima Novias,Hermosillo,ND,ND,ND,ND,https://guiamexican.com/tiendas-de-ropa/hermosillo/page/3
Big Bang Uniformes,Hermosillo,ND,ND,ND,ND,https://guiamexican.com/tiendas-de-ropa/hermosillo/page/3
Bye Dress,Hermosillo,ND,ND,ND,ND,https://guiamexican.com/tiendas-de-ropa/hermosillo/page/3
Dom,Hermosillo,ND,ND,ND,ND,https://guiamexican.com/tiendas-de-ropa/hermosillo/page/3
Jery Mar,Hermosillo,ND,ND,ND,ND,https://guiamexican.com/tiendas-de-ropa/hermosillo/page/3
Kevs Jeans,Hermosillo,ND,ND,ND,ND,https://guiamexican.com/tiendas-de-ropa/hermosillo/page/3
La Blusita,Hermosillo,ND,ND,ND,ND,https://guiamexican.com/tiendas-de-ropa/hermosillo/page/3
Livitza Boutique,Hermosillo,ND,ND,ND,ND,https://guiamexican.com/tiendas-de-ropa/hermosillo/page/3
Los Tres Plebes,Hermosillo,ND,ND,ND,ND,https://guiamexican.com/tiendas-de-ropa/hermosillo/page/3
Lupita Casa De Modas,Hermosillo,ND,ND,ND,ND,https://guiamexican.com/tiendas-de-ropa/hermosillo/page/4
Marias Boutique,Hermosillo,ND,ND,ND,ND,https://guiamexican.com/tiendas-de-ropa/hermosillo/page/4
Marias Tallas Extras,Hermosillo,ND,ND,ND,ND,https://guiamexican.com/tiendas-de-ropa/hermosillo/page/4
Moda Y Accesorios Aquí Está,Hermosillo,ND,ND,ND,ND,https://guiamexican.com/tiendas-de-ropa/hermosillo/page/4
Moda Y Accesorios Kamicssa,Hermosillo,ND,ND,ND,ND,https://guiamexican.com/tiendas-de-ropa/hermosillo/page/4
Modas América,Hermosillo,ND,ND,ND,ND,https://guiamexican.com/tiendas-de-ropa/hermosillo/page/4
Modas Pantalon,Hermosillo,ND,ND,ND,ND,https://guiamexican.com/tiendas-de-ropa/hermosillo/page/4
Tienda De Ropa Galaxia,Hermosillo,ND,ND,ND,ND,https://guiamexican.com/tiendas-de-ropa/hermosillo/page/4
Tienda De Ropa Getzel,Hermosillo,ND,ND,ND,ND,https://guiamexican.com/tiendas-de-ropa/hermosillo/page/4
Uniformes Maru,Hermosillo,ND,ND,ND,ND,https://guiamexican.com/tiendas-de-ropa/hermosillo/page/4
Uniformes Montijo,Hermosillo,ND,ND,ND,ND,https://guiamexican.com/tiendas-de-ropa/hermosillo/page/4
Vasich Boutique,Hermosillo,ND,ND,ND,ND,https://guiamexican.com/tiendas-de-ropa/hermosillo/page/4
Vogue Boutique,Hermosillo,ND,ND,ND,ND,https://guiamexican.com/tiendas-de-ropa/hermosillo/page/4
Yomarvig Niños,Hermosillo,ND,ND,ND,ND,https://guiamexican.com/tiendas-de-ropa/hermosillo/page/4
Yomarving Ceremonias,Hermosillo,ND,ND,ND,ND,https://guiamexican.com/tiendas-de-ropa/hermosillo/page/4
Your Style Tienda De Ropa,Hermosillo,ND,ND,ND,ND,https://guiamexican.com/tiendas-de-ropa/hermosillo/page/4
Infantiles Pequita,Hermosillo,ND,ND,ND,ND,https://guiamexican.com/tiendas-de-ropa/hermosillo/page/4
Boutics Wendys,Hermosillo,ND,ND,ND,ND,https://guiamexican.com/tiendas-de-ropa/hermosillo/page/4
Camisetas Gráficos,Hermosillo,ND,ND,ND,ND,https://guiamexican.com/tiendas-de-ropa/hermosillo/page/4
Inercia 2,Hermosillo,ND,ND,ND,ND,https://guiamexican.com/tiendas-de-ropa/hermosillo/page/5
De Monces Boutique,Hermosillo,ND,ND,ND,ND,https://guiamexican.com/tiendas-de-ropa/hermosillo/page/5
Boutique Nichos,Hermosillo,ND,ND,ND,ND,https://guiamexican.com/tiendas-de-ropa/hermosillo/page/5
Boutique Y Accesorios El Chopo,Hermosillo,ND,ND,ND,ND,https://guiamexican.com/tiendas-de-ropa/hermosillo/page/5
Diseños Montessoro,Hermosillo,ND,ND,ND,ND,https://guiamexican.com/tiendas-de-ropa/hermosillo/page/5
Distribuidora Pesi Uniformes,Hermosillo,ND,ND,ND,ND,https://guiamexican.com/tiendas-de-ropa/hermosillo/page/5
Mc Distribuidora De Uniformes,Hermosillo,ND,ND,ND,ND,https://guiamexican.com/tiendas-de-ropa/hermosillo/page/5
Milo Boutique,Hermosillo,ND,ND,ND,ND,https://guiamexican.com/tiendas-de-ropa/hermosillo/page/5
Mineé Ropa Y Accesorios,Hermosillo,ND,ND,ND,ND,https://guiamexican.com/tiendas-de-ropa/hermosillo/page/5
Ropa Y Acesorios Touch,Hermosillo,ND,ND,ND,ND,https://guiamexican.com/tiendas-de-ropa/hermosillo/page/5
Piccolo Boutique,Hermosillo,ND,ND,ND,ND,https://guiamexican.com/tiendas-de-ropa/hermosillo/page/5
Nine Planet,Hermosillo,ND,ND,ND,ND,https://guiamexican.com/tiendas-de-ropa/hermosillo/page/5
Black Urban Weal,Hermosillo,ND,ND,ND,ND,https://guiamexican.com/tiendas-de-ropa/hermosillo/page/5
Chicos Y Grandes,Hermosillo,ND,ND,ND,ND,https://guiamexican.com/tiendas-de-ropa/hermosillo/page/5
Exclusivas Bibis,Hermosillo,ND,ND,ND,ND,https://guiamexican.com/tiendas-de-ropa/hermosillo/page/5
Tienda De Ropa Moda Bonita,Hermosillo,ND,ND,ND,ND,https://guiamexican.com/tiendas-de-ropa/hermosillo/page/5
Distribuidora Roga,Hermosillo,ND,ND,ND,ND,https://guiamexican.com/tiendas-de-ropa/hermosillo/page/5
Achiu,Hermosillo,66 2413 0155,ND,ND,ND,https://eurek.mx/tiendas-de-ropa/sonora/
Aerocrombie Boutique,Hermosillo,66 2397 0174,ND,ND,ND,https://eurek.mx/tiendas-de-ropa/sonora/
NOVEDADES JOANA,Yécora,ND,ND,ND,ND,https://www.municipiodata.com/municipios/sonora/yecora/entreprises
D LOLYS ROPA CASUAL,Yécora,ND,ND,ND,ND,https://www.municipiodata.com/municipios/sonora/yecora/entreprises
NOVEDADES THANYA DE YECORA,Yécora,ND,ND,ND,ND,https://www.municipiodata.com/municipios/sonora/yecora/entreprises
NOVEDADES YECSON,Yécora,ND,ND,ND,ND,https://www.municipiodata.com/municipios/sonora/yecora/entreprises
NOVEDADES GLORIA,Yécora,ND,ND,ND,ND,https://www.municipiodata.com/municipios/sonora/yecora/entreprises
NOVEDADES JACQUELINE,Yécora,ND,ND,ND,ND,https://www.municipiodata.com/municipios/sonora/yecora/entreprises
AARON NOVEDADES,Magdalena de Kino,ND,ND,ND,ND,https://www.municipiodata.com/municipios/sonora/magdalena/entreprises/commerce-detail
ACCESORIOS EMMA,Magdalena de Kino,ND,ND,ND,ND,https://www.municipiodata.com/municipios/sonora/magdalena/entreprises/commerce-detail
ANAS BOUTIQUE,Magdalena de Kino,ND,ND,ND,ND,https://www.municipiodata.com/municipios/sonora/magdalena/entreprises/commerce-detail
ANGELICA OZUNA MODA Y ACCESORIOS,Magdalena de Kino,ND,ND,ND,ND,https://www.municipiodata.com/municipios/sonora/magdalena/entreprises/commerce-detail
ALEXA BOUTIQUE,Magdalena de Kino,ND,ND,ND,ND,https://www.municipiodata.com/municipios/sonora/magdalena/entreprises/commerce-detail
BOUTIQUE,Magdalena de Kino,ND,ND,ND,ND,https://www.municipiodata.com/municipios/sonora/magdalena/entreprises/commerce-detail
BOUTIQUE CG VITAMINAS Y SUPLEMENTOS CG,Magdalena de Kino,ND,ND,ND,ND,https://www.municipiodata.com/municipios/sonora/magdalena/entreprises/commerce-detail
BOUTIQUE CLARAS,Magdalena de Kino,ND,ND,ND,ND,https://www.municipiodata.com/municipios/sonora/magdalena/entreprises/commerce-detail
BRASHLEY,Magdalena de Kino,ND,ND,ND,ND,https://www.municipiodata.com/municipios/sonora/magdalena/entreprises/commerce-detail
BUQUIVAVA BOUTIQUE,Magdalena de Kino,ND,ND,ND,ND,https://www.municipiodata.com/municipios/sonora/magdalena/entreprises/commerce-detail
BUTIC,Magdalena de Kino,ND,ND,ND,ND,https://www.municipiodata.com/municipios/sonora/magdalena/entreprises/commerce-detail
CA ROPA Y ACCESORIOS,Magdalena de Kino,ND,ND,ND,ND,https://www.municipiodata.com/municipios/sonora/magdalena/entreprises/commerce-detail
VENTA DE ROPA SIN NOMBRE,Magdalena de Kino,ND,ND,ND,ND,https://www.municipiodata.com/municipios/sonora/magdalena/entreprises/commerce-detail
VENTA DE ROPA SEGUNDA SIN NOMBRE,Magdalena de Kino,ND,ND,ND,ND,https://www.municipiodata.com/municipios/sonora/magdalena/entreprises/commerce-detail
DETALLES Y NOVEDADES MACIEL,Magdalena de Kino,ND,ND,ND,ND,https://www.municipiodata.com/municipios/sonora/magdalena/entreprises/4
DH BOUTIQUE,Magdalena de Kino,ND,ND,ND,ND,https://www.municipiodata.com/municipios/sonora/magdalena/entreprises/4
DICKIES,Magdalena de Kino,ND,ND,ND,ND,https://www.municipiodata.com/municipios/sonora/magdalena/entreprises/4
10 MA AVENIDA,Agua Prieta,ND,ND,ND,ND,https://www.municipiodata.com/municipios/sonora/agua-prieta/entreprises/commerce-detail
2023 BOUTIQUE,Agua Prieta,ND,ND,ND,ND,https://www.municipiodata.com/municipios/sonora/agua-prieta/entreprises/commerce-detail
ALI SALON,Agua Prieta,ND,ND,ND,ND,https://www.municipiodata.com/municipios/sonora/agua-prieta/entreprises/commerce-detail
ALIYAH SPA & FASHION BOUTIQUE,Agua Prieta,ND,ND,ND,ND,https://www.municipiodata.com/municipios/sonora/agua-prieta/entreprises/commerce-detail
ACTUALIDADES,Agua Prieta,ND,ND,ND,ND,https://www.municipiodata.com/municipios/sonora/agua-prieta/entreprises/commerce-detail
AMAQ,Agua Prieta,ND,ND,ND,ND,https://www.municipiodata.com/municipios/sonora/agua-prieta/entreprises/commerce-detail
YULISAS BOUTIQUE,Agua Prieta,ND,ND,ND,ND,https://www.municipiodata.com/municipios/sonora/agua-prieta/entreprises/35
ZAPATERIA AMERICA,Agua Prieta,ND,ND,ND,ND,https://www.municipiodata.com/municipios/sonora/agua-prieta/entreprises/35
ZAPATERIA BONHERBEN,Agua Prieta,ND,ND,ND,ND,https://www.municipiodata.com/municipios/sonora/agua-prieta/entreprises/35
ZAPATERIA DEL AHORRO,Agua Prieta,ND,ND,ND,ND,https://www.municipiodata.com/municipios/sonora/agua-prieta/entreprises/35
ZAPATERIA EL CHAPO,Agua Prieta,ND,ND,ND,ND,https://www.municipiodata.com/municipios/sonora/agua-prieta/entreprises/35
ZAPATERIA EMANUEL,Agua Prieta,ND,ND,ND,ND,https://www.municipiodata.com/municipios/sonora/agua-prieta/entreprises/35
ZAPATERIA GUVI,Agua Prieta,ND,ND,ND,ND,https://www.municipiodata.com/municipios/sonora/agua-prieta/entreprises/35
ZAPATERIA LA ECOMINICA,Agua Prieta,ND,ND,ND,ND,https://www.municipiodata.com/municipios/sonora/agua-prieta/entreprises/35
ZAPATERIA LA ECONOMICA,Agua Prieta,ND,ND,ND,ND,https://www.municipiodata.com/municipios/sonora/agua-prieta/entreprises/35
ZAPATERIA LETTY,Agua Prieta,ND,ND,ND,ND,https://www.municipiodata.com/municipios/sonora/agua-prieta/entreprises/35
ZAPATERIA LUZ DE LUNA,Agua Prieta,ND,ND,ND,ND,https://www.municipiodata.com/municipios/sonora/agua-prieta/entreprises/35
ZAPATERIA MOLINA,Agua Prieta,ND,ND,ND,ND,https://www.municipiodata.com/municipios/sonora/agua-prieta/entreprises/35
ARIAS SPORT,Agua Prieta,ND,ND,ND,ND,https://www.municipiodata.com/municipios/sonora/agua-prieta/entreprises/manufacturier
ANNIE ANNIE TIARAS,Agua Prieta,ND,ND,ND,ND,https://www.municipiodata.com/municipios/sonora/agua-prieta/entreprises/manufacturier
AVES TALABARTERIA,Agua Prieta,ND,ND,ND,ND,https://www.municipiodata.com/municipios/sonora/agua-prieta/entreprises/manufacturier
BORDADOS XIMENA,Agua Prieta,ND,ND,ND,ND,https://www.municipiodata.com/municipios/sonora/agua-prieta/entreprises/manufacturier
BOTAS EL AGUILA GONZALEZ,Agua Prieta,ND,ND,ND,ND,https://www.municipiodata.com/municipios/sonora/agua-prieta/entreprises/manufacturier
BAZAR SIN NOMBRE,Agua Prieta,ND,ND,ND,ND,https://www.municipiodata.com/municipios/sonora/agua-prieta/entreprises/6
BELLA FASHION,Agua Prieta,ND,ND,ND,ND,https://www.municipiodata.com/municipios/sonora/agua-prieta/entreprises/6
BELLA,Agua Prieta,ND,ND,ND,ND,https://www.municipiodata.com/municipios/sonora/agua-prieta/entreprises/6
1090 TIENDAS ELECZION,Nogales,ND,ND,ND,ND,https://www.municipiodata.com/municipios/sonora/nogales/entreprises/commerce-detail
11-11 BOUTIQUE,Nogales,ND,ND,ND,ND,https://www.municipiodata.com/municipios/sonora/nogales/entreprises/commerce-detail
3020 MILANO,Nogales,ND,ND,ND,ND,https://www.municipiodata.com/municipios/sonora/nogales/entreprises/commerce-detail
3951 MILANO,Nogales,ND,ND,ND,ND,https://www.municipiodata.com/municipios/sonora/nogales/entreprises/commerce-detail
88 BOUTIQUE,Nogales,ND,ND,ND,ND,https://www.municipiodata.com/municipios/sonora/nogales/entreprises/commerce-detail
3 HERMANOS,Nogales,ND,ND,ND,ND,https://www.municipiodata.com/municipios/sonora/nogales/entreprises/commerce-detail
1085 TIENDAS ELECZION,Caborca,ND,ND,ND,ND,https://www.municipiodata.com/municipios/sonora/caborca/entreprises
3391 MILANO,Caborca,ND,ND,ND,ND,https://www.municipiodata.com/municipios/sonora/caborca/entreprises
3952 MILANO,Caborca,ND,ND,ND,ND,https://www.municipiodata.com/municipios/sonora/caborca/entreprises
BORACO MODA,Caborca,ND,ND,ND,ND,https://www.municipiodata.com/municipios/sonora/caborca/entreprises
CREACIONES MARTHA MENDEZ,Caborca,ND,ND,ND,ND,https://www.municipiodata.com/municipios/sonora/caborca/entreprises
1046 TIENDAS ELECZION,Hermosillo,ND,ND,ND,ND,https://www.municipiodata.com/municipios/sonora/hermosillo/entreprises/commerce-detail
1131 TIENDAS ELECZION,Hermosillo,ND,ND,ND,ND,https://www.municipiodata.com/municipios/sonora/hermosillo/entreprises/commerce-detail
1177 TIENDAS ELECZION,Hermosillo,ND,ND,ND,ND,https://www.municipiodata.com/municipios/sonora/hermosillo/entreprises/commerce-detail
12.04 STORE,Hermosillo,ND,ND,ND,ND,https://www.municipiodata.com/municipios/sonora/hermosillo/entreprises/commerce-detail
1997 MEXICO,Hermosillo,ND,ND,ND,ND,https://www.municipiodata.com/municipios/sonora/hermosillo/entreprises/commerce-detail
3457 MILANO,Hermosillo,ND,ND,ND,ND,https://www.municipiodata.com/municipios/sonora/hermosillo/entreprises/commerce-detail
3494 MILANO,Hermosillo,ND,ND,ND,ND,https://www.municipiodata.com/municipios/sonora/hermosillo/entreprises/commerce-detail
3923 MILANO,Hermosillo,ND,ND,ND,ND,https://www.municipiodata.com/municipios/sonora/hermosillo/entreprises/commerce-detail
3 HERMANOS,Hermosillo,ND,ND,ND,ND,https://www.municipiodata.com/municipios/sonora/hermosillo/entreprises/commerce-detail
A&O ROPA Y REGALOS,Hermosillo,ND,ND,ND,ND,https://www.municipiodata.com/municipios/sonora/hermosillo/entreprises/commerce-detail
2CAP,Hermosillo,ND,ND,ND,ND,https://www.municipiodata.com/municipios/sonora/hermosillo/entreprises/commerce-detail
1164 TIENDAS ELECZION,Navojoa,ND,ND,ND,ND,https://www.municipiodata.com/municipios/sonora/navojoa/entreprises/commerce-detail
1222 TIENDAS ELECZION,Navojoa,ND,ND,ND,ND,https://www.municipiodata.com/municipios/sonora/navojoa/entreprises/commerce-detail
3068 MILANO,Navojoa,ND,ND,ND,ND,https://www.municipiodata.com/municipios/sonora/navojoa/entreprises/commerce-detail
3918 MILANO,Navojoa,ND,ND,ND,ND,https://www.municipiodata.com/municipios/sonora/navojoa/entreprises/commerce-detail
1048 TIENDAS ELECZION,Ciudad Obregón,ND,ND,ND,ND,https://www.municipiodata.com/municipios/sonora/cajeme/entreprises/commerce-detail
1084 TIENDAS ELECZION,Ciudad Obregón,ND,ND,ND,ND,https://www.municipiodata.com/municipios/sonora/cajeme/entreprises/commerce-detail
3216 MILANO,Ciudad Obregón,ND,ND,ND,ND,https://www.municipiodata.com/municipios/sonora/cajeme/entreprises/commerce-detail
3428 MILANO,Ciudad Obregón,ND,ND,ND,ND,https://www.municipiodata.com/municipios/sonora/cajeme/entreprises/commerce-detail
YES BOUTIQUE,Ciudad Obregón,ND,ND,ND,ND,https://www.municipiodata.com/municipios/sonora/cajeme/entreprises/commerce-detail
VYR TUTUS,Ciudad Obregón,ND,ND,ND,ND,https://www.municipiodata.com/en/municipios/sonora/cajeme/entreprises/commerce-detail/61
1071 TIENDAS ELECZION,Guaymas,ND,ND,ND,ND,https://www.municipiodata.com/en/municipios/sonora/guaymas/entreprises
3 HERMANOS,Guaymas,ND,ND,ND,ND,https://www.municipiodata.com/en/municipios/sonora/guaymas/entreprises
ANNAK,Santa Ana,ND,ND,ND,ND,https://www.municipiodata.com/municipios/sonora/santa-ana/entreprises
3324 MILANO,San Luis Río Colorado,ND,ND,ND,ND,https://www.municipiodata.com/en/municipios/sonora/san-luis-rio-colorado/entreprises/commerce-detail
3 HERMANOS,San Luis Río Colorado,ND,ND,ND,ND,https://www.municipiodata.com/en/municipios/sonora/san-luis-rio-colorado/entreprises/commerce-detail
ADELITA CURIOS,Puerto Peñasco,ND,ND,ND,ND,https://www.municipiodata.com/en/municipios/sonora/puerto-penasco/entreprises/2
ANDREAS BOUTIQUE,Puerto Peñasco,ND,ND,ND,ND,https://www.municipiodata.com/en/municipios/sonora/puerto-penasco/entreprises/2
ANA LU,Puerto Peñasco,ND,ND,ND,ND,https://www.municipiodata.com/en/municipios/sonora/puerto-penasco/entreprises/2
ANGELLY BOUTIQUE,Puerto Peñasco,ND,ND,ND,ND,https://www.municipiodata.com/en/municipios/sonora/puerto-penasco/entreprises/2
ANGELS BOUTIQUE,Puerto Peñasco,ND,ND,ND,ND,https://www.municipiodata.com/en/municipios/sonora/puerto-penasco/entreprises/2
ATHENAS DESIGNER BOUTIQUE,Puerto Peñasco,ND,ND,ND,ND,https://www.municipiodata.com/en/municipios/sonora/puerto-penasco/entreprises/2
AV STORE,Benito Juárez,ND,ND,ND,ND,https://www.municipiodata.com/en/municipios/sonora/benito-juarez/entreprises/commerce-detail
BELLAS BOUTIQUE,Benito Juárez,ND,ND,ND,ND,https://www.municipiodata.com/en/municipios/sonora/benito-juarez/entreprises/commerce-detail
BOUTIQUE LINDA,Benito Juárez,ND,ND,ND,ND,https://www.municipiodata.com/en/municipios/sonora/benito-juarez/entreprises/commerce-detail
BOUTIQUE MIRY,Benito Juárez,ND,ND,ND,ND,https://www.municipiodata.com/en/municipios/sonora/benito-juarez/entreprises/commerce-detail
ATICO BOUTIQUE,Álamos,ND,ND,ND,ND,https://www.municipiodata.com/municipios/sonora/alamos/entreprises
BOUTIQUE D SARAH,Álamos,ND,ND,ND,ND,https://www.municipiodata.com/municipios/sonora/alamos/entreprises
BOUTIQUE LAS TRES B,Álamos,ND,ND,ND,ND,https://www.municipiodata.com/municipios/sonora/alamos/entreprises
BOUTIQUE LEONOR MODAS,Álamos,ND,ND,ND,ND,https://www.municipiodata.com/municipios/sonora/alamos/entreprises
CATALYSIS SPORT,Agua Prieta,ND,ND,ND,ND,https://www.municipiodata.com/municipios/sonora/agua-prieta/entreprises/manufacturier
CONFECCIONES VALDEZ,Agua Prieta,ND,ND,ND,ND,https://www.municipiodata.com/municipios/sonora/agua-prieta/entreprises/manufacturier
COSTURA ANGELA,Agua Prieta,ND,ND,ND,ND,https://www.municipiodata.com/municipios/sonora/agua-prieta/entreprises/manufacturier
COSTURAS,Agua Prieta,ND,ND,ND,ND,https://www.municipiodata.com/municipios/sonora/agua-prieta/entreprises/manufacturier
COSTURAS ANITAS,Agua Prieta,ND,ND,ND,ND,https://www.municipiodata.com/municipios/sonora/agua-prieta/entreprises/manufacturier
COSTURAS CLARISA,Agua Prieta,ND,ND,ND,ND,https://www.municipiodata.com/municipios/sonora/agua-prieta/entreprises/manufacturier
COSTURAS ISABEL,Agua Prieta,ND,ND,ND,ND,https://www.municipiodata.com/municipios/sonora/agua-prieta/entreprises/manufacturier
COSTURAS RITA,Agua Prieta,ND,ND,ND,ND,https://www.municipiodata.com/municipios/sonora/agua-prieta/entreprises/manufacturier
COSTURAS ROSITA,Agua Prieta,ND,ND,ND,ND,https://www.municipiodata.com/municipios/sonora/agua-prieta/entreprises/manufacturier
COSTURAS Y ARREGLOS,Agua Prieta,ND,ND,ND,ND,https://www.municipiodata.com/municipios/sonora/agua-prieta/entreprises/manufacturier
DEPORTES ORELLAN,Agua Prieta,ND,ND,ND,ND,https://www.municipiodata.com/municipios/sonora/agua-prieta/entreprises/manufacturier
EDUWIGES MEDINA. MILLANES,Agua Prieta,ND,ND,ND,ND,https://www.municipiodata.com/municipios/sonora/agua-prieta/entreprises/manufacturier
ALTA MODA,Caborca,ND,ND,ND,ND,https://www.municipiodata.com/municipios/sonora/caborca/entreprises/manufacturier
AR UNIFORMES,Caborca,ND,ND,ND,ND,https://www.municipiodata.com/municipios/sonora/caborca/entreprises/manufacturier
CONFECCION DE ROPA SIN NOMBRE,Caborca,ND,ND,ND,ND,https://www.municipiodata.com/municipios/sonora/caborca/entreprises/manufacturier
COSTURAS CONCEPCION,Caborca,ND,ND,ND,ND,https://www.municipiodata.com/municipios/sonora/caborca/entreprises/manufacturier
COSTURAS EXPRESS,Caborca,ND,ND,ND,ND,https://www.municipiodata.com/municipios/sonora/caborca/entreprises/manufacturier
CREACIONES SOFIA,Caborca,ND,ND,ND,ND,https://www.municipiodata.com/municipios/sonora/caborca/entreprises/manufacturier
D ROSS,Caborca,ND,ND,ND,ND,https://www.municipiodata.com/municipios/sonora/caborca/entreprises/manufacturier
COSTURERA MARIA,Caborca,ND,ND,ND,ND,https://www.municipiodata.com/municipios/sonora/caborca/entreprises/manufacturier
MODISTA MONICA,Caborca,ND,ND,ND,ND,https://www.municipiodata.com/municipios/sonora/caborca/entreprises/manufacturier/2
TALLER DE COSTURA,Caborca,ND,ND,ND,ND,https://www.municipiodata.com/municipios/sonora/caborca/entreprises/manufacturier/2
TALLER DE COSTURA DLIZABETH,Caborca,ND,ND,ND,ND,https://www.municipiodata.com/municipios/sonora/caborca/entreprises/manufacturier/2
JACOB FRANCO SASTRERIA,Caborca,ND,ND,ND,ND,https://www.municipiodata.com/municipios/sonora/caborca/entreprises/manufacturier/2
COSTURERA MARIA,General Plutarco Elías Calles,ND,ND,ND,ND,https://www.municipiodata.com/municipios/sonora/caborca/entreprises/manufacturier
COM,Magdalena de Kino,ND,ND,ND,ND,https://www.municipiodata.com/municipios/sonora/magdalena/entreprises/manufacturier
COSTURAS,Magdalena de Kino,ND,ND,ND,ND,https://www.municipiodata.com/municipios/sonora/magdalena/entreprises/manufacturier
COSTURAS SIN NOMBRE,Magdalena de Kino,ND,ND,ND,ND,https://www.municipiodata.com/municipios/sonora/magdalena/entreprises/manufacturier
COSTURERA LETI,Magdalena de Kino,ND,ND,ND,ND,https://www.municipiodata.com/municipios/sonora/magdalena/entreprises/manufacturier
CREACIONES ROMA,Magdalena de Kino,ND,ND,ND,ND,https://www.municipiodata.com/municipios/sonora/magdalena/entreprises/manufacturier
BOTAS 632.COM,Magdalena de Kino,ND,ND,ND,ND,https://www.municipiodata.com/municipios/sonora/magdalena/entreprises/manufacturier
MONTURAS ARTESANALES,Magdalena de Kino,ND,ND,ND,ND,https://www.municipiodata.com/municipios/sonora/magdalena/entreprises/manufacturier
CAPS STORE,Magdalena de Kino,ND,ND,ND,ND,https://www.municipiodata.com/municipios/sonora/magdalena/entreprises/3
EL CLOSET GISELLE,Magdalena de Kino,ND,ND,ND,ND,https://www.municipiodata.com/municipios/sonora/magdalena/entreprises/4
AM ZAPATERIA,Puerto Peñasco,ND,ND,ND,ND,https://www.municipiodata.com/municipios/sonora/puerto-penasco/entreprises/3
YITZIA BOUTIQUE,Puerto Peñasco,ND,ND,ND,ND,https://www.municipiodata.com/en/municipios/sonora/puerto-penasco/entreprises/34
VIUDANEGRA INK,Puerto Peñasco,ND,ND,ND,ND,https://www.municipiodata.com/en/municipios/sonora/puerto-penasco/entreprises/34
BARBIE BOUTIQUE,Puerto Peñasco,ND,ND,ND,ND,https://www.municipiodata.com/en/municipios/sonora/puerto-penasco/entreprises/4
BORDADOS VILLARREAL,Puerto Peñasco,ND,ND,ND,ND,https://www.municipiodata.com/en/municipios/sonora/puerto-penasco/entreprises/manufacturier
CASTILLO EN EL CIELO,Puerto Peñasco,ND,ND,ND,ND,https://www.municipiodata.com/en/municipios/sonora/puerto-penasco/entreprises/manufacturier
COSTURAS SIN NOMBRE,Puerto Peñasco,ND,ND,ND,ND,https://www.municipiodata.com/en/municipios/sonora/puerto-penasco/entreprises/manufacturier
COSTURERA,Puerto Peñasco,ND,ND,ND,ND,https://www.municipiodata.com/en/municipios/sonora/puerto-penasco/entreprises/manufacturier
COSTURERA DOÑA FRANCIS,Puerto Peñasco,ND,ND,ND,ND,https://www.municipiodata.com/en/municipios/sonora/puerto-penasco/entreprises/manufacturier
BETOS SPORT,Álamos,ND,ND,ND,ND,https://www.municipiodata.com/municipios/sonora/alamos/entreprises
BOUTIQUE AZUL TURQUEZA,Álamos,ND,ND,ND,ND,https://www.municipiodata.com/municipios/sonora/alamos/entreprises
ELOHIM BOUTIQUE,Sahuaripa,ND,ND,ND,ND,https://www.municipiodata.com/municipios/sonora/sahuaripa/entreprises
TIENDA DE ROPA GALAZ,Bacerac,ND,ND,ND,ND,https://www.municipiodata.com/en/municipios/sonora/bacerac/entreprises
AE BOUTIQUE,Mazatán,ND,ND,ND,ND,https://www.municipiodata.com/en/municipios/sonora/mazatan/entreprises
LAURAS BOUTIQUE,Yécora,ND,ND,ND,ND,https://www.municipiodata.com/en/municipios/sonora/yecora/entreprises
BORDADOS A MANO Y COSTURA MERCEDES,Navojoa,ND,ND,ND,ND,https://www.municipiodata.com/en/municipios/sonora/navojoa/entreprises/manufacturier
ALTA COSTURA LILIAN,Ciudad Obregón,ND,ND,ND,ND,https://www.municipiodata.com/en/municipios/sonora/cajeme/entreprises/manufacturier/2
AMR HOSPITALARIO,Ciudad Obregón,ND,ND,ND,ND,https://www.municipiodata.com/en/municipios/sonora/cajeme/entreprises/manufacturier/2
ARREGLOS DE COSTURAS,Ciudad Obregón,ND,ND,ND,ND,https://www.municipiodata.com/en/municipios/sonora/cajeme/entreprises/manufacturier/2
BORDADO EN TELA,Ciudad Obregón,ND,ND,ND,ND,https://www.municipiodata.com/en/municipios/sonora/cajeme/entreprises/manufacturier/3
BORDADOS A MANO EN TELA,Ciudad Obregón,ND,ND,ND,ND,https://www.municipiodata.com/en/municipios/sonora/cajeme/entreprises/manufacturier/3
BORDADOS OBSON,Ciudad Obregón,ND,ND,ND,ND,https://www.municipiodata.com/en/municipios/sonora/cajeme/entreprises/manufacturier/3
BOTAS GUAYPARIN,Ciudad Obregón,ND,ND,ND,ND,https://www.municipiodata.com/en/municipios/sonora/cajeme/entreprises/manufacturier/3
BRENDA CAROLINA MODISTA,Ciudad Obregón,ND,ND,ND,ND,https://www.municipiodata.com/en/municipios/sonora/cajeme/entreprises/manufacturier/3
COSTUME LAND VENTA Y RENTA DE DISFRACES,Ciudad Obregón,ND,ND,ND,ND,https://www.municipiodata.com/en/municipios/sonora/cajeme/entreprises/manufacturier/4
CONFECCION DE PRENDAS DE VESTIR SOBRE MEDIDA SIN NOMBRE,Ciudad Obregón,ND,ND,ND,ND,https://www.municipiodata.com/en/municipios/sonora/cajeme/entreprises/manufacturier/4
CONFECCION DE ROPA SIN NOMBRE,Ciudad Obregón,ND,ND,ND,ND,https://www.municipiodata.com/en/municipios/sonora/cajeme/entreprises/manufacturier/4
VENTA DE UNIFORMES Y BORDADOS ORGULLO SONORENSE,Ciudad Obregón,ND,ND,ND,ND,https://www.municipiodata.com/en/municipios/sonora/cajeme/entreprises/manufacturier/23
400 MODATELAS AGUA PRIETA,Agua Prieta,ND,ND,ND,ND,https://www.municipiodata.com/municipios/sonora/agua-prieta/entreprises/commerce-detail
409 MODATELAS NOGALES II,Nogales,ND,ND,ND,ND,https://www.municipiodata.com/municipios/sonora/nogales/entreprises/commerce-detail
273 MODATELAS NAVOJOA,Navojoa,ND,ND,ND,ND,https://www.municipiodata.com/municipios/sonora/navojoa/entreprises/commerce-detail
411 MODATELAS HERMOSILLO III,Hermosillo,ND,ND,ND,ND,https://www.municipiodata.com/en/municipios/sonora/hermosillo/entreprises/commerce-detail
312 MODATELAS SAN LUIS RIO COLORADO,San Luis Río Colorado,ND,ND,ND,ND,https://www.municipiodata.com/en/municipios/sonora/san-luis-rio-colorado/entreprises/commerce-detail
4 IZQUIERDA,San Luis Río Colorado,ND,ND,ND,ND,https://www.municipiodata.com/en/municipios/sonora/san-luis-rio-colorado/entreprises/commerce-detail
MARILUZ NOVEDADES,Granados,ND,ND,ND,ND,https://www.municipiodata.com/en/municipios/sonora/granados/entreprises/commerce-detail
COSTURAS AMY,Benito Juárez,ND,ND,ND,ND,https://www.municipiodata.com/en/municipios/sonora/benito-juarez/entreprises/manufacturier
ACCESORIOS FERKA,Santa Ana,ND,ND,ND,ND,https://www.municipiodata.com/municipios/sonora/santa-ana/entreprises
ACCESORIOS MENALI,Santa Ana,ND,ND,ND,ND,https://www.municipiodata.com/municipios/sonora/santa-ana/entreprises
LA TIENDITA,Sahuaripa,ND,ND,ND,ND,https://www.municipiodata.com/en/municipios/sonora/sahuaripa/entreprises/commerce-detail
AM CONCEPT STORE,Caborca,ND,ND,ND,ND,https://www.municipiodata.com/en/municipios/sonora/caborca/entreprises/3
AMBER BOUTIQUE,Caborca,ND,ND,ND,ND,https://www.municipiodata.com/en/municipios/sonora/caborca/entreprises/3
AMELIA CONCEPT STORE,Caborca,ND,ND,ND,ND,https://www.municipiodata.com/en/municipios/sonora/caborca/entreprises/3
ANDRE BADI,Caborca,ND,ND,ND,ND,https://www.municipiodata.com/en/municipios/sonora/caborca/entreprises/3
ACCESORIOS DANELIN,Caborca,ND,ND,ND,ND,https://www.municipiodata.com/en/municipios/sonora/caborca/entreprises/3
ANELEYDI BOUTIQUE,General Plutarco Elías Calles,ND,ND,ND,ND,https://www.municipiodata.com/en/municipios/sonora/caborca/entreprises/3
CREACION MARISELA,Magdalena de Kino,ND,ND,ND,ND,https://www.municipiodata.com/municipios/sonora/magdalena/entreprises/4
VESTIDOS PALOMA BLANCA,Ciudad Obregón,ND,ND,ND,ND,https://www.municipiodata.com/en/municipios/sonora/cajeme/entreprises/manufacturier/23
ARTICULOS DEL HOGAR ANDY,Magdalena de Kino,ND,ND,ND,ND,https://www.municipiodata.com/municipios/sonora/magdalena/entreprises/2
YIVETTSS MODA,Magdalena de Kino,ND,ND,ND,ND,https://www.municipiodata.com/municipios/sonora/magdalena/entreprises/12
VENTA DE ROPA Y ACCESORIOS,Magdalena de Kino,ND,ND,ND,ND,https://www.municipiodata.com/municipios/sonora/magdalena/entreprises/12
VENTAS FRIDAS,Magdalena de Kino,ND,ND,ND,ND,https://www.municipiodata.com/municipios/sonora/magdalena/entreprises/12
BABY LUNA,Caborca,ND,ND,ND,ND,https://www.municipiodata.com/en/municipios/sonora/caborca/entreprises/4
DIVAS BOUTIQUE,Benito Juárez,ND,ND,ND,ND,https://www.municipiodata.com/en/municipios/sonora/benito-juarez/entreprises/3
EL BUEN VESTIR,Benito Juárez,ND,ND,ND,ND,https://www.municipiodata.com/en/municipios/sonora/benito-juarez/entreprises/3
VENTA DE MOÑOS PARA CABELLO,Ciudad Obregón,ND,ND,ND,ND,https://www.municipiodata.com/en/municipios/sonora/cajeme/entreprises/manufacturier/23
VESTIDOS DE NOVIAS PATRICH,Ciudad Obregón,ND,ND,ND,ND,https://www.municipiodata.com/en/municipios/sonora/cajeme/entreprises/manufacturier/23
VIANEY RODRIGUEZ MODISTA,Ciudad Obregón,ND,ND,ND,ND,https://www.municipiodata.com/en/municipios/sonora/cajeme/entreprises/manufacturier/23
LA GRAN BARATA DE SONORA,Benito Juárez,ND,ND,ND,ND,https://www.municipiodata.com/en/municipios/sonora/benito-juarez/entreprises/4
LIME BOUTIQUE,Benito Juárez,ND,ND,ND,ND,https://www.municipiodata.com/en/municipios/sonora/benito-juarez/entreprises/4
CASA DE DISEÑO Y ALTA COSTURA MADELENE,Ciudad Obregón,ND,ND,ND,ND,https://www.municipiodata.com/en/municipios/sonora/cajeme/entreprises/manufacturier/4
BECKY LENCERIA,Benito Juárez,ND,ND,ND,ND,https://www.municipiodata.com/en/municipios/sonora/benito-juarez/entreprises/2
VIKINGOS STORE,Puerto Peñasco,ND,ND,ND,ND,https://www.municipiodata.com/en/municipios/sonora/puerto-penasco/entreprises/34
VIVA MEXICO SOUVENIRS AND IMPRESIONS T SHIRTS,Puerto Peñasco,ND,ND,ND,ND,https://www.municipiodata.com/en/municipios/sonora/puerto-penasco/entreprises/34
VICTORIA COSTURERA,Ciudad Obregón,ND,ND,ND,ND,https://www.municipiodata.com/en/municipios/sonora/cajeme/entreprises/manufacturier/23
YESENIA MEDINA FLORES,Ciudad Obregón,ND,ND,ND,ND,https://www.municipiodata.com/en/municipios/sonora/cajeme/entreprises/manufacturier/23
WALI ARTICULOS PARA FIESTAS,Ciudad Obregón,ND,ND,ND,ND,https://www.municipiodata.com/en/municipios/sonora/cajeme/entreprises/commerce-detail/61
Patrizia collection,Puerto Peñasco,+52 638 388 6736,ND,ND,ND,https://mxfirmas.com/SON-Puerto-Penasco/Boutiques
Morbos Boutique,Puerto Peñasco,+52 638 383 1946,ND,ND,ND,https://mxfirmas.com/SON-Puerto-Penasco/Boutiques
DULCE Boutique,Puerto Peñasco,+52 638 388 0995,ND,ND,ND,https://mxfirmas.com/SON-Puerto-Penasco/Boutiques
Boutique Zebra,Puerto Peñasco,+52 638 383 3030,ND,ND,ND,https://mxfirmas.com/SON-Puerto-Penasco/Boutiques
Boutique Arcoiris,Puerto Peñasco,+52 638 383 4073,ND,ND,ND,https://mxfirmas.com/SON-Puerto-Penasco/Boutiques
Urban Boutique,Puerto Peñasco,+52 638 110 4835,ND,ND,ND,https://mxfirmas.com/SON-Puerto-Penasco/Boutiques
Boutique Roks Loft De Moda,Puerto Peñasco,+52 638 388 6000,ND,ND,ND,https://mxfirmas.com/SON-Puerto-Penasco/Boutiques
Dianers Boutique,Puerto Peñasco,+52 638 109 6465,ND,ND,ND,https://mxfirmas.com/SON-Puerto-Penasco/Boutiques
Paris Mens & Womans Boutique,Puerto Peñasco,+52 638 108 0035,ND,ND,ND,https://mxfirmas.com/SON-Puerto-Penasco/Boutiques
Quintas San Caarlos,Puerto Peñasco,+52 638 383 1020,ND,ND,ND,https://mxfirmas.com/SON-Puerto-Penasco/Boutiques
Iran Jannett Boutique y Zapateria,Puerto Peñasco,+52 638 383 8499,ND,ND,ND,https://mxfirmas.com/SON-Puerto-Penasco/Boutiques
Chindrens Boutique,Puerto Peñasco,ND,ND,ND,ND,https://mxfirmas.com/SON-Puerto-Penasco/Boutiques
Boutique Baby Shop,Puerto Peñasco,ND,ND,ND,ND,https://mxfirmas.com/SON-Puerto-Penasco/Boutiques
Boutique L A,Puerto Peñasco,ND,ND,ND,ND,https://mxfirmas.com/SON-Puerto-Penasco/Boutiques
Boutique Magdas,Puerto Peñasco,ND,ND,ND,ND,https://mxfirmas.com/SON-Puerto-Penasco/Boutiques
Café Boutique,Puerto Peñasco,ND,ND,ND,ND,https://mxfirmas.com/SON-Puerto-Penasco/Boutiques
Mileydis Boutique,Puerto Peñasco,ND,ND,ND,ND,https://mxfirmas.com/SON-Puerto-Penasco/Boutiques
Glamour Boutique,Puerto Peñasco,ND,ND,ND,ND,https://mxfirmas.com/SON-Puerto-Penasco/Boutiques
Sexi Boutique,Puerto Peñasco,ND,ND,ND,ND,https://mxfirmas.com/SON-Puerto-Penasco/Boutiques
Divinas Boutique,Puerto Peñasco,ND,ND,ND,ND,https://mxfirmas.com/SON-Puerto-Penasco/Boutiques
Boutique Sin Nombre,Puerto Peñasco,ND,ND,ND,ND,https://mxfirmas.com/SON-Puerto-Penasco/Boutiques
Venta De Ropa Y Accesorios Sin Nombre,Puerto Peñasco,+52 638 105 7196,ND,ND,ND,https://mxfirmas.com/SON-Puerto-Penasco/Tiendas-de-ropa
Ropa De Segunda,Puerto Peñasco,+52 638 113 6985,ND,ND,ND,https://mxfirmas.com/SON-Puerto-Penasco/Tiendas-de-ropa
Tienda De Ropa,Puerto Peñasco,+52 638 388 7458,ND,ND,ND,https://mxfirmas.com/SON-Puerto-Penasco/Tiendas-de-ropa
My Yobby Ropa Y Accesorios,Puerto Peñasco,+52 638 383 4794,ND,ND,ND,https://mxfirmas.com/SON-Puerto-Penasco/Tiendas-de-ropa
Venta De Ropa,Puerto Peñasco,+52 638 107 0586,ND,ND,ND,https://mxfirmas.com/SON-Puerto-Penasco/Tiendas-de-ropa
Out Fit Veta Ropa,Puerto Peñasco,+52 638 388 7705,ND,ND,ND,https://mxfirmas.com/SON-Puerto-Penasco/Tiendas-de-ropa
Eleczion,Puerto Peñasco,+52 638 388 8153,ND,ND,ND,https://mxfirmas.com/SON-Puerto-Penasco/Tiendas-de-ropa
New Edition Ropa Casual,Puerto Peñasco,+52 638 383 8800,ND,ND,ND,https://mxfirmas.com/SON-Puerto-Penasco/Tiendas-de-ropa
Local De Artesanías Sin Nombre,Puerto Peñasco,ND,ND,ND,ND,https://mxfirmas.com/SON-Puerto-Penasco/Tiendas-de-ropa
Novedades Licha,Puerto Peñasco,ND,ND,ND,ND,https://mxfirmas.com/SON-Puerto-Penasco/Tiendas-de-ropa
Avenida 33,Puerto Peñasco,ND,ND,ND,ND,https://mxfirmas.com/SON-Puerto-Penasco/Tiendas-de-ropa
Tienda De Accesorios J.C,Puerto Peñasco,ND,ND,ND,ND,https://mxfirmas.com/SON-Puerto-Penasco/Tiendas-de-ropa
Ropa Y Novedades America,Puerto Peñasco,ND,ND,ND,ND,https://mxfirmas.com/SON-Puerto-Penasco/Tiendas-de-ropa
Segunda De Ropa,Puerto Peñasco,ND,ND,ND,ND,https://mxfirmas.com/SON-Puerto-Penasco/Tiendas-de-ropa
Ropa y Novedades la Princesa,Puerto Peñasco,ND,ND,ND,ND,https://mxfirmas.com/SON-Puerto-Penasco/Tiendas-de-ropa
Venta De Ropa Para Caballero,Puerto Peñasco,ND,ND,ND,ND,https://mxfirmas.com/SON-Puerto-Penasco/Tiendas-de-ropa
Venta Y Renta De Disfraces,Puerto Peñasco,ND,ND,ND,ND,https://mxfirmas.com/SON-Puerto-Penasco/Tiendas-de-ropa
Ropa Y Novedades Yusmiglass,Puerto Peñasco,ND,ND,ND,ND,https://mxfirmas.com/SON-Puerto-Penasco/Tiendas-de-ropa
Segunda De Ropa Usada,Puerto Peñasco,ND,ND,ND,ND,https://mxfirmas.com/SON-Puerto-Penasco/Tiendas-de-ropa
Impacto,Puerto Peñasco,ND,ND,ND,ND,https://mxfirmas.com/SON-Puerto-Penasco/Tiendas-de-ropa
White Zabala Brenda Guadalupe,Puerto Peñasco,+52 638 383 5322,ND,ND,ND,https://mxfirmas.com/SON-Puerto-Penasco/Tiendas-de-ropa-deportiva
Romo Romero Adela,Puerto Peñasco,+52 638 383 4309,ND,ND,ND,https://mxfirmas.com/SON-Puerto-Penasco/Tiendas-de-ropa-deportiva
Rocky Deportes,Puerto Peñasco,ND,ND,ND,ND,https://mxfirmas.com/SON-Puerto-Penasco/Tiendas-de-ropa-deportiva
Axian,Puerto Peñasco,+52 638 383 5615,ND,ND,ND,https://mxfirmas.com/SON-Puerto-Penasco/Tiendas-de-ropa-deportiva
Exclusivas Ga,Puerto Peñasco,+52 638 383 6466,ND,ND,ND,https://mxfirmas.com/SON-Puerto-Penasco/Tiendas-de-ropa-deportiva
Creaciones Jimber,Puerto Peñasco,ND,ND,ND,ND,https://mxfirmas.com/SON-Puerto-Penasco/Tiendas-de-ropa-deportiva
Boutique Maylin,Puerto Peñasco,ND,ND,ND,ND,https://mxfirmas.com/SON-Puerto-Penasco/Tiendas-de-ropa-deportiva
Zapateria Fénix Niños,Puerto Peñasco,ND,ND,ND,ND,https://mxfirmas.com/SON-Puerto-Penasco/Tiendas-de-ropa-deportiva
Paky Novedades,Puerto Peñasco,ND,ND,ND,ND,https://mxfirmas.com/SON-Puerto-Penasco/Tiendas-de-ropa-deportiva
Novedades Nataly,Puerto Peñasco,ND,ND,ND,ND,https://mxfirmas.com/SON-Puerto-Penasco/Tiendas-de-ropa-para-ninos
Boukids,Puerto Peñasco,ND,ND,ND,ND,https://mxfirmas.com/SON-Puerto-Penasco/Tiendas-de-ropa-para-ninos
Velarde Acuña Martha Cecilia,Agua Prieta,+52 633 338 7436,ND,ND,ND,https://mxfirmas.com/SON-Agua-Prieta/Boutiques
Mr Cachuchas,Agua Prieta,+52 633 338 3243,ND,ND,ND,https://mxfirmas.com/SON-Agua-Prieta/Tiendas-de-ropa-deportiva
Ms Group,Agua Prieta,+52 633 690 1924,ND,ND,ND,https://mxfirmas.com/SON-Agua-Prieta/Tiendas-de-ropa-deportiva
Auto boutique nogales,Nogales,+52 631 140 4961,ND,ND,ND,https://mxfirmas.com/SON-Nogales/Boutiques
Sanchez Garcia Judith,Nogales,+52 631 319 2043,ND,ND,ND,https://mxfirmas.com/SON-Nogales/Boutiques
Tienda Para Regalos Angelitos Boutique,Nogales,+52 631 319 2043,ND,ND,ND,https://mxfirmas.com/SON-Nogales/Boutiques
Gomez Lerma Noe,Nogales,+52 631 312 3479,ND,ND,ND,https://mxfirmas.com/SON-Nogales/Boutiques
Quinceañeras Boutique,Nogales,+52 631 312 8980,ND,ND,ND,https://mxfirmas.com/SON-Nogales/Boutiques
Scaparatto Boutique de Flores,Nogales,+52 631 314 6315,ND,ND,ND,https://mxfirmas.com/SON-Nogales/Boutiques
Fantasy Boutique,Nogales,+52 631 000 0000,ND,ND,ND,https://mxfirmas.com/SON-Nogales/Boutiques
Foto Boutique Studios,Nogales,ND,ND,ND,ND,https://mxfirmas.com/SON-Nogales/Boutiques
Skandalo Boutique,General Plutarco Elías Calles,+52 651 512 0998,ND,ND,ND,https://mxfirmas.com/SON-Sonoyta/Tiendas-de-ropa
La Doña Detallitos,General Plutarco Elías Calles,+52 651 104 4494,ND,ND,ND,https://mxfirmas.com/SON-Sonoyta/Tiendas-de-ropa
D Suelen Novedades,General Plutarco Elías Calles,+52 651 513 1216,ND,ND,ND,https://mxfirmas.com/SON-Sonoyta/Tiendas-de-ropa
Novedades Y Rehgalos Jayden,General Plutarco Elías Calles,+52 651 102 0440,ND,ND,ND,https://mxfirmas.com/SON-Sonoyta/Tiendas-de-ropa
Regalos Paloma,General Plutarco Elías Calles,+52 651 512 1116,ND,ND,ND,https://mxfirmas.com/SON-Sonoyta/Tiendas-de-ropa
Novedades El Árabe,General Plutarco Elías Calles,+52 651 100 9912,ND,ND,ND,https://mxfirmas.com/SON-Sonoyta/Tiendas-de-ropa
Maritza Lizbeth Ceniceros Flores,General Plutarco Elías Calles,+52 651 513 0116,ND,ND,ND,https://mxfirmas.com/SON-Sonoyta/Tiendas-de-ropa
A y A MODA,General Plutarco Elías Calles,+52 651 104 2898,ND,ND,ND,https://mxfirmas.com/SON-Sonoyta/Tiendas-de-ropa
Rivera Fashion,General Plutarco Elías Calles,+52 651 512 1727,ND,ND,ND,https://mxfirmas.com/SON-Sonoyta/Tiendas-de-ropa
Traviesos,General Plutarco Elías Calles,+52 651 512 1452,ND,ND,ND,https://mxfirmas.com/SON-Sonoyta/Tiendas-de-ropa
Detalles y Regalos Mayrely,General Plutarco Elías Calles,+52 651 102 6661,ND,ND,ND,https://mxfirmas.com/SON-Sonoyta/Tiendas-de-ropa
Tienda De Ropa,Huatabampo,ND,ND,ND,ND,https://mxfirmas.com/SON-Huatabampo/Tiendas-de-ropa
Rocko Moda,Huatabampo,ND,ND,ND,ND,https://mxfirmas.com/SON-Huatabampo/Tiendas-de-ropa
Salas Loya Myriam Guadalupe,Empalme,+52 622 223 1039,ND,ND,ND,https://mxfirmas.com/SON-Empalme/Boutiques
Lopez Cordova Rosa Linda,Santa Ana,+52 641 324 0871,ND,ND,ND,https://mxfirmas.com/SON-Santa-Ana/Boutiques
Boutique Paola´S,Etchojoa,ND,ND,ND,ND,https://mxfirmas.com/SON-Etchojoa/Boutiques
KARLO Boutique,Guaymas,+52 622 222 2175,ND,ND,ND,https://mxfirmas.com/SON-Heroica-Guaymas/Boutiques
Sussan Boutique,Guaymas,+52 622 111 6280,ND,ND,ND,https://mxfirmas.com/SON-Heroica-Guaymas/Boutiques
Boutique Mariela's,Guaymas,+52 622 105 6300,ND,ND,ND,https://mxfirmas.com/SON-Heroica-Guaymas/Boutiques
Forever Boutique,Guaymas,+52 622 224 6051,ND,ND,ND,https://mxfirmas.com/SON-Heroica-Guaymas/Boutiques
Boutique Lavoro,Guaymas,+52 622 224 2766,ND,ND,ND,https://mxfirmas.com/SON-Heroica-Guaymas/Boutiques
Anahis Boutique,Guaymas,+52 622 222 6622,ND,ND,ND,https://mxfirmas.com/SON-Heroica-Guaymas/Boutiques
Fashion Kids Boutique,Guaymas,+52 622 120 2666,ND,ND,ND,https://mxfirmas.com/SON-Heroica-Guaymas/Boutiques
Peques Boutique,Guaymas,+52 622 222 0688,ND,ND,ND,https://mxfirmas.com/SON-Heroica-Guaymas/Boutiques
Boutique Caballero Sin Nombre,Guaymas,+52 622 112 5903,ND,ND,ND,https://mxfirmas.com/SON-Heroica-Guaymas/Boutiques
Macys Boutiqué,Guaymas,ND,ND,ND,ND,https://mxfirmas.com/SON-Heroica-Guaymas/Boutiques
Chocolate Boutique,Guaymas,ND,ND,ND,ND,https://mxfirmas.com/SON-Heroica-Guaymas/Boutiques
Evelin Boutique,Guaymas,ND,ND,ND,ND,https://mxfirmas.com/SON-Heroica-Guaymas/Boutiques
Boutique Moca,Guaymas,ND,ND,ND,ND,https://mxfirmas.com/SON-Heroica-Guaymas/Boutiques
Primavera Boutiqué,Guaymas,ND,ND,ND,ND,https://mxfirmas.com/SON-Heroica-Guaymas/Boutiques
Princyas Boutiqué,Guaymas,ND,ND,ND,ND,https://mxfirmas.com/SON-Heroica-Guaymas/Boutiques
D Lauras Boutique,Guaymas,ND,ND,ND,ND,https://mxfirmas.com/SON-Heroica-Guaymas/Boutiques
Diva Boutique,Guaymas,ND,ND,ND,ND,https://mxfirmas.com/SON-Heroica-Guaymas/Boutiques
Womens Collection,Guaymas,+52 622 222 0068,ND,ND,ND,https://mxfirmas.com/SON-Heroica-Guaymas/Tiendas-de-lenceria
Tienda De Ropa Jeos,Guaymas,ND,ND,ND,ND,https://mxfirmas.com/SON-Heroica-Guaymas/Tiendas-de-lenceria
Tienda De Ropa Fredos,Guaymas,ND,ND,ND,ND,https://mxfirmas.com/SON-Heroica-Guaymas/Tiendas-de-lenceria
Lencería Mia,Guaymas,ND,ND,ND,ND,https://mxfirmas.com/SON-Heroica-Guaymas/Tiendas-de-lenceria
Bershka,Hermosillo,+52 662 212 5113,ND,ND,ND,https://mxfirmas.com/SON-Hermosillo/Boutiques
ANGEL BOUTIQUE DE COMPONENTES Y BISUTERIA,Hermosillo,+52 662 212 1843,ND,ND,ND,https://mxfirmas.com/SON-Hermosillo/Boutiques
Boutique Sin Nombre,Hermosillo,+52 662 218 3158,ND,ND,ND,https://mxfirmas.com/SON-Hermosillo/Boutiques
Central de Uniformes,Ciudad Obregón,+52 644 413 9580,ND,ND,ND,https://mxfirmas.com/SON-Ciudad-Obregon/Tiendas-de-uniformes
Deportes y Uniformes El Siglo,Ciudad Obregón,+52 644 169 4554,ND,ND,ND,https://mxfirmas.com/SON-Ciudad-Obregon/Tiendas-de-uniformes
Uniformes Bayona,Ciudad Obregón,+52 644 417 1380,ND,ND,ND,https://mxfirmas.com/SON-Ciudad-Obregon/Tiendas-de-uniformes
Uniformes Clinik,Ciudad Obregón,+52 644 415 2928,ND,ND,ND,https://mxfirmas.com/SON-Ciudad-Obregon/Tiendas-de-uniformes
Univa,Ciudad Obregón,+52 644 415 2325,ND,ND,ND,https://mxfirmas.com/SON-Ciudad-Obregon/Tiendas-de-uniformes
Grupo Leobe,Ciudad Obregón,+52 644 414 8800,ND,ND,ND,https://mxfirmas.com/SON-Ciudad-Obregon/Tiendas-de-uniformes
Distribuidora Rim,Ciudad Obregón,+52 644 412 3925,ND,ND,ND,https://mxfirmas.com/SON-Ciudad-Obregon/Tiendas-de-uniformes
Uniformes Industriales y Bordados Uriel,Ciudad Obregón,+52 644 416 1612,ND,ND,ND,https://mxfirmas.com/SON-Ciudad-Obregon/Tiendas-de-uniformes
Deportes Y Uniformes Del Siglo S.A. De C.V.,Ciudad Obregón,+52 669 981 2542,ND,ND,ND,https://mxfirmas.com/SON-Ciudad-Obregon/Tiendas-de-uniformes
Uniformes Deportivos Marfer,Ciudad Obregón,+52 644 154 6365,ND,ND,ND,https://mxfirmas.com/SON-Ciudad-Obregon/Tiendas-de-uniformes
Uniformes de Todo Mexico,Ciudad Obregón,+52 644 412 0236,ND,ND,ND,https://mxfirmas.com/SON-Ciudad-Obregon/Tiendas-de-uniformes
"Uniformes Industrializados de Cajeme, S.A. de C.V.",Ciudad Obregón,+52 644 414 2240,ND,ND,ND,https://mxfirmas.com/SON-Ciudad-Obregon/Tiendas-de-uniformes
"Uniformes Rentería, S.A. de C.V.",Ciudad Obregón,+52 644 414 5253,ND,ND,ND,https://mxfirmas.com/SON-Ciudad-Obregon/Tiendas-de-uniformes
Uniformes Hellen Ciudad Obregon,Ciudad Obregón,+52 644 413 4363,ND,ND,ND,https://mxfirmas.com/SON-Ciudad-Obregon/Tiendas-de-uniformes
Uniformes Xpress,Ciudad Obregón,+52 644 413 8151,ND,ND,ND,https://mxfirmas.com/SON-Ciudad-Obregon/Tiendas-de-uniformes
Uniformes Vulcano,Ciudad Obregón,+52 644 413 6038,ND,ND,ND,https://mxfirmas.com/SON-Ciudad-Obregon/Tiendas-de-uniformes
Uniformes Vazquez,Ciudad Obregón,+52 644 413 1803,ND,ND,ND,https://mxfirmas.com/SON-Ciudad-Obregon/Tiendas-de-uniformes
Hanna Uniformes,Ciudad Obregón,+52 644 415 0743,ND,ND,ND,https://mxfirmas.com/SON-Ciudad-Obregon/Tiendas-de-uniformes
V Uniformes,Ciudad Obregón,+52 644 193 1332,ND,ND,ND,https://mxfirmas.com/SON-Ciudad-Obregon/Tiendas-de-uniformes
Uniformes Gloriella,Ciudad Obregón,+52 644 416 5539,ND,ND,ND,https://mxfirmas.com/SON-Ciudad-Obregon/Tiendas-de-uniformes
Uniformes Sin Nombre,Ciudad Obregón,+52 644 413 6258,ND,ND,ND,https://mxfirmas.com/SON-Ciudad-Obregon/Tiendas-de-uniformes
T-shirt Uniformes,Ciudad Obregón,+52 644 169 8730,ND,ND,ND,https://mxfirmas.com/SON-Ciudad-Obregon/Tiendas-de-uniformes
Uniformes De Obregón,Ciudad Obregón,+52 644 415 5292,ND,ND,ND,https://mxfirmas.com/SON-Ciudad-Obregon/Tiendas-de-uniformes
Diery Uniformes Ejecutivos,Ciudad Obregón,+52 644 412 2161,ND,ND,ND,https://mxfirmas.com/SON-Ciudad-Obregon/Tiendas-de-uniformes
Unimed Uniformes Medicos,Ciudad Obregón,+52 644 413 7333,ND,ND,ND,https://mxfirmas.com/SON-Ciudad-Obregon/Tiendas-de-uniformes
MEDICHEF,Ciudad Obregón,+52 644 415 2928,ND,ND,ND,https://mxfirmas.com/SON-Ciudad-Obregon/Tiendas-de-uniformes
Bw Carte,Ciudad Obregón,+52 644 413 6258,ND,ND,ND,https://mxfirmas.com/SON-Ciudad-Obregon/Tiendas-de-uniformes
La Casa Del Uniforme,Ciudad Obregón,+52 644 414 7375,ND,ND,ND,https://mxfirmas.com/SON-Ciudad-Obregon/Tiendas-de-uniformes
D Nelly,Ciudad Obregón,+52 644 417 2273,ND,ND,ND,https://mxfirmas.com/SON-Ciudad-Obregon/Tiendas-de-uniformes
La Silueta,Ciudad Obregón,+52 644 413 8685,ND,ND,ND,https://mxfirmas.com/SON-Ciudad-Obregon/Tiendas-de-uniformes
D Kalex,Ciudad Obregón,+52 644 416 1316,ND,ND,ND,https://mxfirmas.com/SON-Ciudad-Obregon/Tiendas-de-uniformes
D Ale Gar,Ciudad Obregón,+52 644 414 2805,ND,ND,ND,https://mxfirmas.com/SON-Ciudad-Obregon/Tiendas-de-uniformes
Exclusivas D Alegar,Ciudad Obregón,+52 644 413 1400,ND,ND,ND,https://mxfirmas.com/SON-Ciudad-Obregon/Tiendas-de-uniformes
Larissa,Ciudad Obregón,+52 644 417 2454,ND,ND,ND,https://mxfirmas.com/SON-Ciudad-Obregon/Tiendas-de-uniformes
Larissa Classic's,Ciudad Obregón,+52 644 416 3600,ND,ND,ND,https://mxfirmas.com/SON-Ciudad-Obregon/Tiendas-de-uniformes
Fabrica De Uniformes Industriales Sanson,Ciudad Obregón,+52 644 413 6627,ND,ND,ND,https://mxfirmas.com/SON-Ciudad-Obregon/Tiendas-de-uniformes
Uniformes y Batas Woller,Ciudad Obregón,+52 644 417 1245,ND,ND,ND,https://mxfirmas.com/SON-Ciudad-Obregon/Tiendas-de-uniformes
Uniformes Libertad,Ciudad Obregón,+52 644 412 3921,ND,ND,ND,https://mxfirmas.com/SON-Ciudad-Obregon/Tiendas-de-uniformes
Uniformes D'kalex,Ciudad Obregón,+52 644 412 2293,ND,ND,ND,https://mxfirmas.com/SON-Ciudad-Obregon/Tiendas-de-uniformes
Uniformes Tony,Ciudad Obregón,ND,ND,ND,ND,https://mxfirmas.com/SON-Ciudad-Obregon/Tiendas-de-uniformes
Confección En Serie De Uniformes,Ciudad Obregón,ND,ND,ND,ND,https://mxfirmas.com/SON-Ciudad-Obregon/Tiendas-de-uniformes
Bodega De Uniformes Escolares,Ciudad Obregón,ND,ND,ND,ND,https://mxfirmas.com/SON-Ciudad-Obregon/Tiendas-de-uniformes
Costuras Edna,Ciudad Obregón,ND,ND,ND,ND,https://mxfirmas.com/SON-Ciudad-Obregon/Tiendas-de-uniformes
Dg Confecciones Campoy,Ciudad Obregón,ND,ND,ND,ND,https://mxfirmas.com/SON-Ciudad-Obregon/Tiendas-de-uniformes
Tienda de Ropa Intima Para Dama Vicky Form,Navojoa,+52 642 422 3746,ND,ND,ND,https://mxfirmas.com/SON-Navojoa/Tiendas-de-ropa
Tienda de Ropa Para Bautizo y Comunion El Gambito,Navojoa,+52 642 422 4340,ND,ND,ND,https://mxfirmas.com/SON-Navojoa/Tiendas-de-ropa
Tienda De Ropa Sin Nombre,Navojoa,+52 642 424 0202,ND,ND,ND,https://mxfirmas.com/SON-Navojoa/Tiendas-de-ropa
Tienda De Ropa La Flor Del Mayo,Navojoa,+52 642 119 4414,ND,ND,ND,https://mxfirmas.com/SON-Navojoa/Tiendas-de-ropa
Tienda De Ropa Usada Sin Nombre,Navojoa,ND,ND,ND,ND,https://mxfirmas.com/SON-Navojoa/Tiendas-de-ropa
Tienda De Ropa Para Hombre Valvi,Navojoa,ND,ND,ND,ND,https://mxfirmas.com/SON-Navojoa/Tiendas-de-ropa
Tienda De Ropa X Jeans,Navojoa,ND,ND,ND,ND,https://mxfirmas.com/SON-Navojoa/Tiendas-de-ropa
Tienda De Ropa Exclusivo Ariel,Navojoa,ND,ND,ND,ND,https://mxfirmas.com/SON-Navojoa/Tiendas-de-ropa
Diva Tienda De Ropa Para Dama,Navojoa,ND,ND,ND,ND,https://mxfirmas.com/SON-Navojoa/Tiendas-de-ropa
Milano,Navojoa,+52 642 424 2049,ND,ND,ND,https://mxfirmas.com/SON-Navojoa/Tiendas-de-ropa-para-hombres
"Milano Operadora, S.A. de C.V.",Navojoa,+52 642 421 3644,ND,ND,ND,https://mxfirmas.com/SON-Navojoa/Tiendas-de-ropa-para-hombres
"Almacenes del Muro, S.A. de C.V.",Navojoa,+52 642 421 1997,ND,ND,ND,https://mxfirmas.com/SON-Navojoa/Tiendas-de-ropa-para-hombres
Valentinos,Navojoa,+52 642 422 8488,ND,ND,ND,https://mxfirmas.com/SON-Navojoa/Tiendas-de-ropa-para-hombres
"CINCO GARCIA, DOMITILA",Navojoa,+52 642 422 1206,ND,ND,ND,https://mxfirmas.com/SON-Navojoa/Tiendas-de-ropa-para-hombres
Balderrama Lopez Ana Ma,Navojoa,+52 642 422 5503,ND,ND,ND,https://mxfirmas.com/SON-Navojoa/Tiendas-de-ropa-para-hombres
LEVIS BOLA,Navojoa,+52 642 422 1774,ND,ND,ND,https://mxfirmas.com/SON-Navojoa/Tiendas-de-ropa-para-hombres
"Villalobos, Tamuara, Jaime",Navojoa,+52 642 422 1774,ND,ND,ND,https://mxfirmas.com/SON-Navojoa/Tiendas-de-ropa-para-hombres
BOA boutique,San Luis Río Colorado,+52 653 539 5057,ND,ND,ND,https://mxfirmas.com/SON-San-Luis-Rio-Colorado/Boutiques
D' Anhelos,San Luis Río Colorado,+52 653 110 7873,ND,ND,ND,https://mxfirmas.com/SON-San-Luis-Rio-Colorado/Boutiques
Tukko Motel Boutique,San Luis Río Colorado,+52 653 517 0978,ND,ND,ND,https://mxfirmas.com/SON-San-Luis-Rio-Colorado/Boutiques
Boutique Alice,San Luis Río Colorado,+52 653 518 3627,ND,ND,ND,https://mxfirmas.com/SON-San-Luis-Rio-Colorado/Boutiques
Skandalo Boutique,San Luis Río Colorado,+52 653 534 0088,ND,ND,ND,https://mxfirmas.com/SON-San-Luis-Rio-Colorado/Boutiques
EO boutique,San Luis Río Colorado,+52 653 119 4418,ND,ND,ND,https://mxfirmas.com/SON-San-Luis-Rio-Colorado/Boutiques
Mi boutique,San Luis Río Colorado,+52 653 536 4812,ND,ND,ND,https://mxfirmas.com/SON-San-Luis-Rio-Colorado/Boutiques
London Love,San Luis Río Colorado,+52 653 535 1717,ND,ND,ND,https://mxfirmas.com/SON-San-Luis-Rio-Colorado/Boutiques
Zebra Boutique,San Luis Río Colorado,+52 653 536 8199,ND,ND,ND,https://mxfirmas.com/SON-San-Luis-Rio-Colorado/Boutiques
Pretty Woman Boutique,San Luis Río Colorado,+52 653 132 3201,ND,ND,ND,https://mxfirmas.com/SON-San-Luis-Rio-Colorado/Boutiques
Sex Boutique Fantasías Intimas,San Luis Río Colorado,+52 653 534 4653,ND,ND,ND,https://mxfirmas.com/SON-San-Luis-Rio-Colorado/Boutiques
Boutique Sk Man,San Luis Río Colorado,+52 653 535 7586,ND,ND,ND,https://mxfirmas.com/SON-San-Luis-Rio-Colorado/Boutiques
Mirzul Boutique,San Luis Río Colorado,+52 653 536 7369,ND,ND,ND,https://mxfirmas.com/SON-San-Luis-Rio-Colorado/Boutiques
Be Cute -boutique,San Luis Río Colorado,+52 653 536 4782,ND,ND,ND,https://mxfirmas.com/SON-San-Luis-Rio-Colorado/Boutiques
Boutique Eire,San Luis Río Colorado,+52 653 534 3435,ND,ND,ND,https://mxfirmas.com/SON-San-Luis-Rio-Colorado/Boutiques
Oleis Boutique,San Luis Río Colorado,+52 653 535 8400,ND,ND,ND,https://mxfirmas.com/SON-San-Luis-Rio-Colorado/Boutiques
Karis Boutique,San Luis Río Colorado,+52 653 134 9576,ND,ND,ND,https://mxfirmas.com/SON-San-Luis-Rio-Colorado/Boutiques
Forever Boutique,San Luis Río Colorado,+52 653 536 4354,ND,ND,ND,https://mxfirmas.com/SON-San-Luis-Rio-Colorado/Boutiques
Trendy Boutique,San Luis Río Colorado,+52 653 534 0226,ND,ND,ND,https://mxfirmas.com/SON-San-Luis-Rio-Colorado/Boutiques
Alice Boutique & Platería,San Luis Río Colorado,ND,ND,ND,ND,https://mxfirmas.com/SON-San-Luis-Rio-Colorado/Boutiques
Buchones Boutique,San Luis Río Colorado,ND,ND,ND,ND,https://mxfirmas.com/SON-San-Luis-Rio-Colorado/Boutiques
Outlet Boutique,San Luis Río Colorado,ND,ND,ND,ND,https://mxfirmas.com/SON-San-Luis-Rio-Colorado/Boutiques
Boutique Veros Fashion,San Luis Río Colorado,ND,ND,ND,ND,https://mxfirmas.com/SON-San-Luis-Rio-Colorado/Boutiques
Boutique Doriely,San Luis Río Colorado,ND,ND,ND,ND,https://mxfirmas.com/SON-San-Luis-Rio-Colorado/Boutiques
Atondo Boutique,San Luis Río Colorado,ND,ND,ND,ND,https://mxfirmas.com/SON-San-Luis-Rio-Colorado/Boutiques
Boutique Be Loved,San Luis Río Colorado,ND,ND,ND,ND,https://mxfirmas.com/SON-San-Luis-Rio-Colorado/Boutiques
Boutique Marbeyros,San Luis Río Colorado,ND,ND,ND,ND,https://mxfirmas.com/SON-San-Luis-Rio-Colorado/Boutiques
Chulas Boutique 99,San Luis Río Colorado,ND,ND,ND,ND,https://mxfirmas.com/SON-San-Luis-Rio-Colorado/Boutiques
E-O Boutique Beauty Supply Since 1970,San Luis Río Colorado,ND,ND,ND,ND,https://mxfirmas.com/SON-San-Luis-Rio-Colorado/Boutiques
Lupita's Boutique,San Luis Río Colorado,ND,ND,ND,ND,https://mxfirmas.com/SON-San-Luis-Rio-Colorado/Boutiques
Faci Miscelanea,San Luis Río Colorado,+52 653 534 1557,ND,ND,ND,https://mxfirmas.com/SON-San-Luis-Rio-Colorado/Tiendas-de-ropa
Tienda Delta,San Luis Río Colorado,+52 653 518 3632,ND,ND,ND,https://mxfirmas.com/SON-San-Luis-Rio-Colorado/Tiendas-de-ropa
Venta De Calzado Y Ropa Sin Nombre,Nogales,ND,ND,ND,ND,https://mxfirmas.com/SON-Nogales/Tiendas-de-ropa
Venta De Ropa Usada Sin Nombre,Nogales,ND,ND,ND,ND,https://mxfirmas.com/SON-Nogales/Tiendas-de-ropa
Venta De Ropa Y Joyería De Fantasía,Nogales,ND,ND,ND,ND,https://mxfirmas.com/SON-Nogales/Tiendas-de-ropa
Venta de Ropa y Accwsorios,Nogales,ND,ND,ND,ND,https://mxfirmas.com/SON-Nogales/Tiendas-de-ropa
Deportes Navarro,Hermosillo,+52 662 218 2353,ND,ND,ND,https://mxfirmas.com/SON-Hermosillo/Tiendas-de-uniformes
Uniformes Unitam,Hermosillo,+52 662 301 1010,ND,ND,ND,https://mxfirmas.com/SON-Hermosillo/Tiendas-de-uniformes
Uniformes Clinik,Hermosillo,+52 662 216 3593,ND,ND,ND,https://mxfirmas.com/SON-Hermosillo/Tiendas-de-uniformes
Uniformes y Deportes Arrieta,Hermosillo,+52 662 213 2265,ND,ND,ND,https://mxfirmas.com/SON-Hermosillo/Tiendas-de-uniformes
Az Uniformes & Bordados,Hermosillo,+52 662 215 5555,ND,ND,ND,https://mxfirmas.com/SON-Hermosillo/Tiendas-de-uniformes
Compren Uniformes,Hermosillo,+52 662 213 7575,ND,ND,ND,https://mxfirmas.com/SON-Hermosillo/Tiendas-de-uniformes
"Uniformes Clinik del Noroeste, S.A. de C.V.",Hermosillo,+52 662 214 8191,ND,ND,ND,https://mxfirmas.com/SON-Hermosillo/Tiendas-de-uniformes
uniformes clinik - Suc. Hermosillo Plaza Santa Fe,Hermosillo,+52 662 214 8191,ND,ND,ND,https://mxfirmas.com/SON-Hermosillo/Tiendas-de-uniformes
Alicia Loy V. Uniformes Ejecutivos,Hermosillo,+52 662 212 3653,ND,ND,ND,https://mxfirmas.com/SON-Hermosillo/Tiendas-de-uniformes
General de Uniformes,Hermosillo,+52 662 210 3993,ND,ND,ND,https://mxfirmas.com/SON-Hermosillo/Tiendas-de-uniformes
uniformes clinik - Suc. Hermosillo Plaza Dila,Hermosillo,+52 662 211 1057,ND,ND,ND,https://mxfirmas.com/SON-Hermosillo/Tiendas-de-uniformes
Uniformes Y Bordados De Sonora,Hermosillo,+52 662 206 0386,ND,ND,ND,https://mxfirmas.com/SON-Hermosillo/Tiendas-de-uniformes
Tesuco Uniformes,Hermosillo,+52 662 213 0309,ND,ND,ND,https://mxfirmas.com/SON-Hermosillo/Tiendas-de-uniformes
hey uniformes & bordados,Hermosillo,+52 662 310 9303,ND,ND,ND,https://mxfirmas.com/SON-Hermosillo/Tiendas-de-uniformes
Uniformes Satelite,Hermosillo,+52 662 251 0528,ND,ND,ND,https://mxfirmas.com/SON-Hermosillo/Tiendas-de-uniformes
Vima UNinormes Y Bordados,Hermosillo,+52 662 254 0005,ND,ND,ND,https://mxfirmas.com/SON-Hermosillo/Tiendas-de-uniformes
Confecciones Industriales De Sonora,Hermosillo,+52 662 212 3670,ND,ND,ND,https://mxfirmas.com/SON-Hermosillo/Tiendas-de-uniformes
Sonora Ind Sonind,Hermosillo,+52 662 210 4301,ND,ND,ND,https://mxfirmas.com/SON-Hermosillo/Tiendas-de-uniformes
Uniformes Dasica,Hermosillo,+52 662 213 0724,ND,ND,ND,https://mxfirmas.com/SON-Hermosillo/Tiendas-de-uniformes
Venta De Uniformes Boutique Escolar,Hermosillo,+52 662 218 1236,ND,ND,ND,https://mxfirmas.com/SON-Hermosillo/Tiendas-de-uniformes
Duit Distribuidora de Uniformes Industriales y de Trabajo,Hermosillo,+52 662 212 7473,ND,ND,ND,https://mxfirmas.com/SON-Hermosillo/Tiendas-de-uniformes
Venta De Telas Para Uniformes Sin Nombre,Hermosillo,+52 662 213 9226,ND,ND,ND,https://mxfirmas.com/SON-Hermosillo/Tiendas-de-uniformes
Central De Uniformes,Hermosillo,+52 662 212 2248,ND,ND,ND,https://mxfirmas.com/SON-Hermosillo/Tiendas-de-uniformes
Uniformes Valencia,Hermosillo,+52 662 213 4957,ND,ND,ND,https://mxfirmas.com/SON-Hermosillo/Tiendas-de-uniformes
Profelix Uniformes Deportivos,Hermosillo,+52 662 212 7458,ND,ND,ND,https://mxfirmas.com/SON-Hermosillo/Tiendas-de-uniformes
D'ASALIA UNIFORMES EJECUTIVOS E INDUSTRIALES,Hermosillo,+52 662 212 7288,ND,ND,ND,https://mxfirmas.com/SON-Hermosillo/Tiendas-de-uniformes
UNIFORMES DE TODO MEXICO,Hermosillo,+52 662 213 5596,ND,ND,ND,https://mxfirmas.com/SON-Hermosillo/Tiendas-de-uniformes
Uniformes Azul,Hermosillo,+52 662 210 5276,ND,ND,ND,https://mxfirmas.com/SON-Hermosillo/Tiendas-de-uniformes
Uniformes 2000,Hermosillo,+52 662 260 1981,ND,ND,ND,https://mxfirmas.com/SON-Hermosillo/Tiendas-de-uniformes
UNIFORMES JOUANNE Y ARTICULOS PARA LA SEGURIDAD INDUSTRIAL S.R.L DE C.V,Hermosillo,+52 662 215 3041,ND,ND,ND,https://mxfirmas.com/SON-Hermosillo/Tiendas-de-uniformes
Uniformes Kaly,Hermosillo,+52 662 311 1685,ND,ND,ND,https://mxfirmas.com/SON-Hermosillo/Tiendas-de-uniformes
"Pro Uniformes, S. de R.L. de C.V.",Hermosillo,+52 662 216 7108,ND,ND,ND,https://mxfirmas.com/SON-Hermosillo/Tiendas-de-uniformes
Moda Escolar,Hermosillo,+52 662 218 0123,ND,ND,ND,https://mxfirmas.com/SON-Hermosillo/Tiendas-de-uniformes
Uniformes y Bordados Montijo,Hermosillo,+52 662 217 3482,ND,ND,ND,https://mxfirmas.com/SON-Hermosillo/Tiendas-de-uniformes
CONTRERAS RODRIGUEZ PEDRO,Hermosillo,+52 662 212 2173,ND,ND,ND,https://mxfirmas.com/SON-Hermosillo/Tiendas-de-ropa-de-mujer
Moreno Noriega Ma Gloria,Hermosillo,+52 662 212 4140,ND,ND,ND,https://mxfirmas.com/SON-Hermosillo/Tiendas-de-ropa-de-mujer
Bodega De Ropa Interior,Hermosillo,+52 662 233 8730,ND,ND,ND,https://mxfirmas.com/SON-Hermosillo/Tiendas-de-ropa-de-mujer
ESQUIVEL DUEÑAS PEDRO BLAS,Hermosillo,+52 662 212 3934,ND,ND,ND,https://mxfirmas.com/SON-Hermosillo/Tiendas-de-ropa-de-mujer
Yomarving Ceremonias Sa De Cv,Hermosillo,+52 662 216 8356,ND,ND,ND,https://mxfirmas.com/SON-Hermosillo/Tiendas-de-ropa-de-mujer
Martha Concepcion Cervantes Ramos,Hermosillo,+52 662 212 1887,ND,ND,ND,https://mxfirmas.com/SON-Hermosillo/Tiendas-de-ropa-de-mujer
Vargas Serna Irene,Hermosillo,+52 662 212 2098,ND,ND,ND,https://mxfirmas.com/SON-Hermosillo/Tiendas-de-ropa-de-mujer
BELLISIMAS NOVIAS,Hermosillo,+52 662 218 5792,ND,ND,ND,https://mxfirmas.com/SON-Hermosillo/Tiendas-de-ropa-de-mujer
SALCIDO BARCELO LEONOR AURORA,Hermosillo,+52 662 216 4243,ND,ND,ND,https://mxfirmas.com/SON-Hermosillo/Tiendas-de-ropa-de-mujer
MARTINEZ DUARTE SOFIA,Hermosillo,+52 662 218 1033,ND,ND,ND,https://mxfirmas.com/SON-Hermosillo/Tiendas-de-ropa-de-mujer
Rivera Corrales Florencio,Hermosillo,+52 662 212 3730,ND,ND,ND,https://mxfirmas.com/SON-Hermosillo/Tiendas-de-ropa-de-mujer
"Resendiz Zarazua, J. Jesus",Hermosillo,+52 662 236 6047,ND,ND,ND,https://mxfirmas.com/SON-Hermosillo/Tiendas-de-ropa-de-mujer
RUIZ RUIZ ANA REGINA,Hermosillo,+52 662 267 0736,ND,ND,ND,https://mxfirmas.com/SON-Hermosillo/Tiendas-de-ropa-de-mujer
Lupita Rivera,Hermosillo,ND,ND,ND,ND,https://mxfirmas.com/SON-Hermosillo/Tiendas-de-ropa-de-mujer
zig-zag Alta Costura,Hermosillo,ND,ND,ND,ND,https://mxfirmas.com/SON-Hermosillo/Tiendas-de-ropa-de-mujer
Tienda De Ropa Para Caballero Sin Nombre,Hermosillo,+52 662 119 8534,ND,ND,ND,https://mxfirmas.com/SON-Hermosillo/Tiendas-de-ropa
Tienda De Ropa Lizeth,Hermosillo,+52 662 312 6171,ND,ND,ND,https://mxfirmas.com/SON-Hermosillo/Tiendas-de-ropa
Tienda De Ropa De Segunda,Hermosillo,+52 662 218 7746,ND,ND,ND,https://mxfirmas.com/SON-Hermosillo/Tiendas-de-ropa
Venta De Ropa De Segunda,Hermosillo,ND,ND,ND,ND,https://mxfirmas.com/SON-Hermosillo/Tiendas-de-ropa
Tienda De Ropa Y Accesorios Ivete,Hermosillo,ND,ND,ND,ND,https://mxfirmas.com/SON-Hermosillo/Tiendas-de-ropa
Tienda De Ropa Novedades Alondra,Hermosillo,ND,ND,ND,ND,https://mxfirmas.com/SON-Hermosillo/Tiendas-de-ropa
Tienda De Ropa Para Caballer0,Ciudad Obregón,+52 644 101 0625,ND,ND,ND,https://mxfirmas.com/SON-Ciudad-Obregon/Tiendas-de-ropa
Tienda De Ropa D Cibrian,Ciudad Obregón,+52 644 415 2366,ND,ND,ND,https://mxfirmas.com/SON-Ciudad-Obregon/Tiendas-de-ropa
Tienda De Ropa Hombre S/N,Ciudad Obregón,ND,ND,ND,ND,https://mxfirmas.com/SON-Ciudad-Obregon/Tiendas-de-ropa
Tienda De Ropa Para Dama S/N,Ciudad Obregón,ND,ND,ND,ND,https://mxfirmas.com/SON-Ciudad-Obregon/Tiendas-de-ropa
Tienda De Ropa Retros,Ciudad Obregón,ND,ND,ND,ND,https://mxfirmas.com/SON-Ciudad-Obregon/Tiendas-de-ropa
LOS 3 REYES,Tepache,ND,ND,ND,ND,https://www.municipiodata.com/en/municipios/sonora/tepache/entreprises/commerce-detail
BOUTIQUE CG,Santa Ana,ND,ND,ND,ND,https://www.municipiodata.com/en/municipios/sonora/santa-ana/entreprises
ANELEYDI BOUTIQUE,Caborca,ND,ND,ND,ND,https://www.municipiodata.com/municipios/sonora/caborca/entreprises/3
FANCY BOUTIQUE,Benito Juárez,ND,ND,ND,ND,https://www.municipiodata.com/en/municipios/sonora/benito-juarez/entreprises/commerce-detail
Carters l OshKosh,Hermosillo,+52 662 210 4749,ND,ND,ND,https://mxfirmas.com/SON-Hermosillo/Tiendas-de-ropa-para-ninos
Dyck Ramos Irma Dra.,Hermosillo,+52 667 217 4339,ND,ND,ND,https://mxfirmas.com/SON-Hermosillo/Tiendas-de-ropa-para-ninos
"Ilusion/ Tiendas Hexa, S.A. de C.V.",Hermosillo,+52 662 220 8629,ND,ND,ND,https://mxfirmas.com/SON-Hermosillo/Tiendas-de-ropa-para-ninos
Casa Suarez,Hermosillo,+52 662 212 0252,ND,ND,ND,https://mxfirmas.com/SON-Hermosillo/Tiendas-de-ropa-para-ninos
Sophia Regalos Y Detalles,Hermosillo,+52 662 214 2217,ND,ND,ND,https://mxfirmas.com/SON-Hermosillo/Tiendas-de-ropa-para-ninos
Infantiles Mickay,Hermosillo,+52 662 210 4544,ND,ND,ND,https://mxfirmas.com/SON-Hermosillo/Tiendas-de-ropa-para-ninos
Cachetitos,Hermosillo,+52 662 216 6091,ND,ND,ND,https://mxfirmas.com/SON-Hermosillo/Tiendas-de-ropa-para-ninos
"Mungía Romo, Lic. Héctor Francisco",Hermosillo,+52 662 260 3373,ND,ND,ND,https://mxfirmas.com/SON-Hermosillo/Tiendas-de-ropa-para-ninos
Manex,Hermosillo,+52 662 212 2613,ND,ND,ND,https://mxfirmas.com/SON-Hermosillo/Tiendas-de-ropa-para-ninos
Diseñador,Hermosillo,+52 662 216 1847,ND,ND,ND,https://mxfirmas.com/SON-Hermosillo/Tiendas-de-ropa-para-ninos
"ROMERO BERNAL, LYDIA GUADALUPE",Hermosillo,+52 662 218 4497,ND,ND,ND,https://mxfirmas.com/SON-Hermosillo/Tiendas-de-ropa-para-ninos
Tiny Shoes,Hermosillo,+52 662 210 7097,ND,ND,ND,https://mxfirmas.com/SON-Hermosillo/Tiendas-de-ropa-para-ninos
Vico,Hermosillo,+52 662 217 1615,ND,ND,ND,https://mxfirmas.com/SON-Hermosillo/Tiendas-de-ropa-para-ninos
Eli's Diseños y Confecciones,Hermosillo,+52 662 219 5967,ND,ND,ND,https://mxfirmas.com/SON-Hermosillo/Tiendas-de-ropa-para-ninos
COMERCIALIZADORA STO DOMINGO,Hermosillo,+52 662 217 4679,ND,ND,ND,https://mxfirmas.com/SON-Hermosillo/Tiendas-de-ropa-para-ninos
Niños y Niñas S.A.,Hermosillo,+52 662 212 3049,ND,ND,ND,https://mxfirmas.com/SON-Hermosillo/Tiendas-de-ropa-para-ninos
Angelitos Niñas,Hermosillo,+52 662 215 3649,ND,ND,ND,https://mxfirmas.com/SON-Hermosillo/Tiendas-de-ropa-para-ninos
Kidos,Hermosillo,+52 662 210 5580,ND,ND,ND,https://mxfirmas.com/SON-Hermosillo/Tiendas-de-ropa-para-ninos
Ropa Para Niños Y Envoltura De Regalos,Hermosillo,ND,ND,ND,ND,https://mxfirmas.com/SON-Hermosillo/Tiendas-de-ropa-para-ninos
La Cigueña Ropa Para Bebe,Hermosillo,ND,ND,ND,ND,https://mxfirmas.com/SON-Hermosillo/Tiendas-de-ropa-para-ninos
Infantiles Dany,Hermosillo,ND,ND,ND,ND,https://mxfirmas.com/SON-Hermosillo/Tiendas-de-ropa-para-ninos
URBAN Fashion Boutique,Hermosillo,+52 662 212 0230,ND,ND,ND,https://mxfirmas.com/SON-Hermosillo/Tiendas-de-ropa-para-ninos
La Estrella Tienda De Ropa,Hermosillo,+52 662 214 3944,ND,ND,ND,https://mxfirmas.com/SON-Hermosillo/Tiendas-de-ropa-para-ninos
Comercio Al Por Menor De Ropa Excepto De Bebé Y Lencería,Hermosillo,+52 662 210 6645,ND,ND,ND,https://mxfirmas.com/SON-Hermosillo/Tiendas-de-ropa-para-ninos
Arcoiris Tienda De Ropa,Hermosillo,ND,ND,ND,ND,https://mxfirmas.com/SON-Hermosillo/Tiendas-de-ropa-para-ninos
Venta De Ropa Para Dama,Hermosillo,ND,ND,ND,ND,https://mxfirmas.com/SON-Hermosillo/Tiendas-de-ropa-para-ninos
Venta De Ropa Para Niña Y Niño,Hermosillo,ND,ND,ND,ND,https://mxfirmas.com/SON-Hermosillo/Tiendas-de-ropa-para-ninos
Tienda De Ropa Wrangler,Hermosillo,ND,ND,ND,ND,https://mxfirmas.com/SON-Hermosillo/Tiendas-de-ropa-para-ninos
Industrias Unidas Sa De Cv,Hermosillo,+52 662 210 8101,ND,ND,ND,https://mxfirmas.com/SON-Hermosillo/Tiendas-de-trajes
Lupita Rivera Novias,Hermosillo,+52 662 260 0329,ND,ND,ND,https://mxfirmas.com/SON-Hermosillo/Tiendas-de-trajes
Renta Trajes Homme,Hermosillo,+52 662 212 0268,ND,ND,ND,https://mxfirmas.com/SON-Hermosillo/Tiendas-de-trajes
Castillo de Fantasia,Hermosillo,+52 662 214 7160,ND,ND,ND,https://mxfirmas.com/SON-Hermosillo/Tiendas-de-trajes
Trajes de Mexico,Hermosillo,+52 662 213 4300,ND,ND,ND,https://mxfirmas.com/SON-Hermosillo/Tiendas-de-trajes
Tesuco,Hermosillo,+52 662 213 0309,ND,ND,ND,https://mxfirmas.com/SON-Hermosillo/Tiendas-de-trajes
Imagen Grafica,Hermosillo,+52 662 214 1929,ND,ND,ND,https://mxfirmas.com/SON-Hermosillo/Tiendas-de-trajes
Medias Y Medias,Hermosillo,+52 662 216 3486,ND,ND,ND,https://mxfirmas.com/SON-Hermosillo/Tiendas-de-trajes
Banco de Ropa de Hermosillo,Hermosillo,+52 662 212 0333,ND,ND,ND,https://mxfirmas.com/SON-Hermosillo/Ropa
Dickies,Hermosillo,+52 800 509 8649,ND,ND,ND,https://mxfirmas.com/SON-Hermosillo/Ropa
santory,Hermosillo,+52 662 217 3849,ND,ND,ND,https://mxfirmas.com/SON-Hermosillo/Ropa
Comercializadora de Prendas,Hermosillo,+52 662 213 7575,ND,ND,ND,https://mxfirmas.com/SON-Hermosillo/Ropa
SEARS,Hermosillo,+52 662 108 2365,ND,ND,ND,https://mxfirmas.com/SON-Hermosillo/Ropa
Maria Ferré,Hermosillo,+52 662 212 4004,ND,ND,ND,https://mxfirmas.com/SON-Hermosillo/Ropa
Biker Spirit Venta De Ropa Y Accesorios Para Motociclistas,Hermosillo,+52 662 311 1716,ND,ND,ND,https://mxfirmas.com/SON-Hermosillo/Ropa
Ropa nicehermosillo,Hermosillo,+52 662 282 9019,ND,ND,ND,https://mxfirmas.com/SON-Hermosillo/Ropa
Ropa De Sol Sa De Cv,Hermosillo,+52 662 210 6505,ND,ND,ND,https://mxfirmas.com/SON-Hermosillo/Ropa
Embarazo Boutique,Hermosillo,+52 662 217 1720,ND,ND,ND,https://mxfirmas.com/SON-Hermosillo/Ropa
Optima,Hermosillo,+52 662 213 5665,ND,ND,ND,https://mxfirmas.com/SON-Hermosillo/Ropa
Planchado De Ropa Sin Nombre,Hermosillo,+52 662 137 8159,ND,ND,ND,https://mxfirmas.com/SON-Hermosillo/Ropa
Liz Ropa Sport,Hermosillo,+52 662 213 3996,ND,ND,ND,https://mxfirmas.com/SON-Hermosillo/Ropa
Ropa De Segunda,Hermosillo,+52 662 216 1716,ND,ND,ND,https://mxfirmas.com/SON-Hermosillo/Ropa
Fernanda Cañez Alta Moda,Hermosillo,+52 637 372 5600,ND,ND,ND,https://mxfirmas.com/SON-Hermosillo/Ropa
Ropa De Segunda Sin Nombre,Hermosillo,ND,ND,ND,ND,https://mxfirmas.com/SON-Hermosillo/Ropa
Puesto De Ropa Y Artículos De Segunda,Hermosillo,ND,ND,ND,ND,https://mxfirmas.com/SON-Hermosillo/Ropa
Mundo Terra,Hermosillo,+52 662 213 8130,ND,ND,ND,https://mxfirmas.com/SON-Hermosillo/Ropa
Milano T-494,Hermosillo,ND,ND,ND,ND,https://mxfirmas.com/SON-Hermosillo/Ropa
Ropa Y Cosas De Segunda Mano,Hermosillo,ND,ND,ND,ND,https://mxfirmas.com/SON-Hermosillo/Ropa
Ropa Usada,Hermosillo,ND,ND,ND,ND,https://mxfirmas.com/SON-Hermosillo/Ropa
Ropa Y Mas,Hermosillo,ND,ND,ND,ND,https://mxfirmas.com/SON-Hermosillo/Ropa
Ropa Infantil,Hermosillo,ND,ND,ND,ND,https://mxfirmas.com/SON-Hermosillo/Ropa
Sombreros Y Ropa De Niño,Hermosillo,ND,ND,ND,ND,https://mxfirmas.com/SON-Hermosillo/Ropa
Repara Ropa,Hermosillo,ND,ND,ND,ND,https://mxfirmas.com/SON-Hermosillo/Ropa
Noviasyazahares,Hermosillo,+52 662 195 7413,ND,ND,ND,https://mxfirmas.com/SON-Hermosillo/Ropa
Yazbek,Hermosillo,+52 662 260 1445,ND,ND,ND,https://mxfirmas.com/SON-Hermosillo/Ropa
ANDREA,Hermosillo,+52 662 250 6767,ND,ND,ND,https://mxfirmas.com/SON-Hermosillo/Ropa
"Babbie Casuals, S.A. de C.V.",Hermosillo,+52 662 250 2355,ND,ND,ND,https://mxfirmas.com/SON-Hermosillo/Ropa
Mega Plast,Hermosillo,+52 662 215 6388,ND,ND,ND,https://mxfirmas.com/SON-Hermosillo/Ropa
Primera Comunión/Distinción en Detalles,Hermosillo,+52 662 216 2596,ND,ND,ND,https://mxfirmas.com/SON-Hermosillo/Ropa
Costurera Sin Nombre,Hermosillo,+52 662 183 9120,ND,ND,ND,https://mxfirmas.com/SON-Hermosillo/Ropa
LA CASA DEL VAQUERO ORIGINAL SA DE CV,Hermosillo,+52 662 217 1533,ND,ND,ND,https://mxfirmas.com/SON-Hermosillo/Ropa
Cueros Torreon,Hermosillo,+52 618 813 8325,ND,ND,ND,https://mxfirmas.com/SON-Hermosillo/Ropa
Costura,Hermosillo,+52 662 214 3731,ND,ND,ND,https://mxfirmas.com/SON-Hermosillo/Ropa
Costuras Ana Lilia,Hermosillo,+52 622 214 1091,ND,ND,ND,https://mxfirmas.com/SON-Hermosillo/Ropa
New Stilo,Hermosillo,+52 632 101 2383,ND,ND,ND,https://mxfirmas.com/SON-Hermosillo/Ropa
Importacion Yu,Hermosillo,+52 662 213 7357,ND,ND,ND,https://mxfirmas.com/SON-Hermosillo/Ropa
Bikinis Viky,Hermosillo,+52 662 236 6014,ND,ND,ND,https://mxfirmas.com/SON-Hermosillo/Ropa
Taller De Costura,Hermosillo,+52 662 264 6522,ND,ND,ND,https://mxfirmas.com/SON-Hermosillo/Ropa
Leviram Moda Y Alta Costura,Hermosillo,+52 662 211 5585,ND,ND,ND,https://mxfirmas.com/SON-Hermosillo/Ropa
Fabrica Mary Lyy,Hermosillo,+52 662 218 9174,ND,ND,ND,https://mxfirmas.com/SON-Hermosillo/Ropa
Macuh,Hermosillo,+52 662 302 1486,ND,ND,ND,https://mxfirmas.com/SON-Hermosillo/Ropa
Vip-vipboots,Hermosillo,+52 662 118 1492,ND,ND,ND,https://mxfirmas.com/SON-Hermosillo/Ropa
Alta Costura Sjt,Hermosillo,+52 662 284 2302,ND,ND,ND,https://mxfirmas.com/SON-Hermosillo/Ropa
Confección En Serie De Otra Ropa Exterior De Materiales Textiles,Hermosillo,+52 662 210 5800,ND,ND,ND,https://mxfirmas.com/SON-Hermosillo/Ropa
Costufast,Hermosillo,+52 662 215 4539,ND,ND,ND,https://mxfirmas.com/SON-Hermosillo/Ropa
Puppy Bracamonte Diseñadora de Modas,Hermosillo,+52 662 213 7854,ND,ND,ND,https://mxfirmas.com/SON-Hermosillo/Ropa
El Paraiso De La Moda,Hermosillo,+52 662 217 0267,ND,ND,ND,https://mxfirmas.com/SON-Hermosillo/Ropa
Atletica,Hermosillo,+52 662 241 9000,ND,ND,ND,https://mxfirmas.com/SON-Hermosillo/Tienda-de-articulos-deportivos
Innovasport (Galerías Hermosillo),Hermosillo,+52 662 213 9501,ND,ND,ND,https://mxfirmas.com/SON-Hermosillo/Tienda-de-articulos-deportivos
Dp Street,Hermosillo,+52 662 251 5389,ND,ND,ND,https://mxfirmas.com/SON-Hermosillo/Tienda-de-articulos-deportivos
Innova Sport Suc - 56,Hermosillo,+52 181 835 6520,ND,ND,ND,https://mxfirmas.com/SON-Hermosillo/Tienda-de-articulos-deportivos
Taf,Hermosillo,+52 662 212 2613,ND,ND,ND,https://mxfirmas.com/SON-Hermosillo/Tienda-de-articulos-deportivos
Marca,Hermosillo,+52 662 254 0753,ND,ND,ND,https://mxfirmas.com/SON-Hermosillo/Tienda-de-articulos-deportivos
Nauchi Sandboards Store,Hermosillo,+52 662 218 1122,ND,ND,ND,https://mxfirmas.com/SON-Hermosillo/Tienda-de-articulos-deportivos
Rhino Baseball Bats,Hermosillo,ND,ND,ND,ND,https://mxfirmas.com/SON-Hermosillo/Tienda-de-articulos-deportivos
El Norteño,Guaymas,+52 622 222 2564,ND,ND,ND,https://mxfirmas.com/SON-Heroica-Guaymas/Tiendas-de-ropa-de-bebe
Novedades Litzy,Agua Prieta,+52 633 338 6814,ND,ND,ND,https://mxfirmas.com/SON-Agua-Prieta/Tiendas-de-ropa-de-bebe
Tienda De Ropa El Capricho,Agua Prieta,+52 633 109 8752,ND,ND,ND,https://mxfirmas.com/SON-Agua-Prieta/Tiendas-de-ropa-de-bebe
Katias Moda,Agua Prieta,+52 633 106 9632,ND,ND,ND,https://mxfirmas.com/SON-Agua-Prieta/Tiendas-de-ropa-de-bebe
Novedades Yahir,Agua Prieta,ND,ND,ND,ND,https://mxfirmas.com/SON-Agua-Prieta/Tiendas-de-ropa-de-bebe
Ladis Vogue,Agua Prieta,ND,ND,ND,ND,https://mxfirmas.com/SON-Agua-Prieta/Tiendas-de-ropa-de-bebe
Almacenes Ruiz Nogales Mall Tienda De Ropa,Nogales,+52 631 314 8552,ND,ND,ND,https://mxfirmas.com/SON-Nogales/Tiendas-de-ropa-de-bebe
Manto De Guadalupe Tienda De Ropa Para Bautizo Y Comuniones,Nogales,ND,ND,ND,ND,https://mxfirmas.com/SON-Nogales/Tiendas-de-ropa-de-bebe
Venta De Ropa Nueva Y Cosméticos,Nogales,ND,ND,ND,ND,https://mxfirmas.com/SON-Nogales/Tiendas-de-ropa-de-bebe
Venta De Ropa Y Bisutería,Nogales,ND,ND,ND,ND,https://mxfirmas.com/SON-Nogales/Tiendas-de-ropa-de-bebe
GARCIA TORRES JUAN PABLO,Navojoa,+52 642 422 6872,ND,ND,ND,https://mxfirmas.com/SON-Navojoa/Tiendas-de-ropa-para-ninos
TIENDA,Aconchi,ND,ND,ND,ND,https://pymes.org.mx/pyme/tienda-087509d0.html
SENSACION,Bacoachi,ND,ND,ND,ND,https://lasempresas.com.mx/sensacion-bacoachi/
TIENDAS DEL MINERO SA DE CV,Cananea,ND,ND,ND,ND,https://pymes.org.mx/pyme/tiendas-del-minero-sa-de-cv-e2379a5e.html
Aj Jeans Premium Denim,Hermosillo,+52 662 266 2562,ND,ND,ND,https://eurek.mx/tiendas-de-ropa/sonora/
Aranza Tallas Extras,Hermosillo,+52 662 185 6012,ND,ND,ND,https://eurek.mx/tiendas-de-ropa/sonora/
Alees Store,Hermosillo,+52 662 282 7768,ND,ND,ND,https://eurek.mx/tiendas-de-ropa/sonora/
Aria Concept Store,Hermosillo,+52 662 936 2910,ND,ND,ND,https://eurek.mx/tiendas-de-ropa/sonora/
Aurora Pop Up Store,Hermosillo,+52 662 105 3518,ND,ND,ND,https://eurek.mx/tiendas-de-ropa/sonora/
Basicos Pedro,Hermosillo,+52 662 325 9168,ND,ND,ND,https://eurek.mx/tiendas-de-ropa/sonora/
Bazar Black Jeans,Hermosillo,+52 662 411 1357,ND,ND,ND,https://eurek.mx/tiendas-de-ropa/sonora/
Bazar Rosario,Hermosillo,+52 662 317 2407,ND,ND,ND,https://eurek.mx/tiendas-de-ropa/sonora/
Venta De Lencería Sin Nombre,Huatabampo,ND,ND,ND,ND,https://mxfirmas.com/SON-Huatabampo/Tiendas-de-lenceria
El Sueño De Las Niñas,Guaymas,ND,ND,ND,ND,https://mxfirmas.com/SON-Heroica-Guaymas/Tiendas-de-ropa-para-ninos
"Grupo Attie, S.A. de C.V.",Ciudad Obregón,+52 644 415 1430,ND,ND,ND,https://mxfirmas.com/SON-Ciudad-Obregon/Tiendas-de-ropa-de-mujer
Palomares Vazquez Monica Alejandra,Ciudad Obregón,+52 644 414 6993,ND,ND,ND,https://mxfirmas.com/SON-Ciudad-Obregon/Tiendas-de-ropa-de-mujer
CORRAL URQUIDEZ VICTOR HUGO,Ciudad Obregón,+52 644 414 5455,ND,ND,ND,https://mxfirmas.com/SON-Ciudad-Obregon/Tiendas-de-ropa-de-mujer
Corral Maria Piedad Urquidez De,Ciudad Obregón,+52 644 414 5455,ND,ND,ND,https://mxfirmas.com/SON-Ciudad-Obregon/Tiendas-de-ropa-de-mujer
Garcia Sanchez Norma Leticia,Ciudad Obregón,+52 644 415 9029,ND,ND,ND,https://mxfirmas.com/SON-Ciudad-Obregon/Tiendas-de-ropa-de-mujer
FRANCO MIRANDA MA LUISA,Ciudad Obregón,+52 644 413 8331,ND,ND,ND,https://mxfirmas.com/SON-Ciudad-Obregon/Tiendas-de-ropa-de-mujer
Celia Sierra Gutierrez,Ciudad Obregón,+52 644 414 4129,ND,ND,ND,https://mxfirmas.com/SON-Ciudad-Obregon/Tiendas-de-ropa-de-mujer
EGURROLA FELIX JOSE PABLO,Ciudad Obregón,+52 644 413 0398,ND,ND,ND,https://mxfirmas.com/SON-Ciudad-Obregon/Tiendas-de-ropa-de-mujer
De Cibrian Trajes,Ciudad Obregón,+52 644 415 2366,ND,ND,ND,https://mxfirmas.com/SON-Ciudad-Obregon/Tiendas-de-ropa-de-mujer
Pma de Sinaloa,Ciudad Obregón,+52 644 412 6200,ND,ND,ND,https://mxfirmas.com/SON-Ciudad-Obregon/Tiendas-de-ropa-para-hombres
"Coppel, S.A. de C.V.",Ciudad Obregón,+52 644 414 3011,ND,ND,ND,https://mxfirmas.com/SON-Ciudad-Obregon/Tiendas-de-ropa-para-hombres
ZAVALA TOLEDO GUADALUPE,Ciudad Obregón,+52 644 415 0899,ND,ND,ND,https://mxfirmas.com/SON-Ciudad-Obregon/Tiendas-de-ropa-para-hombres
Creaciones Esquer,Ciudad Obregón,+52 644 412 3363,ND,ND,ND,https://mxfirmas.com/SON-Ciudad-Obregon/Tiendas-de-ropa-para-hombres
Salomon Vega Jose Eduardo,Ciudad Obregón,+52 644 415 9450,ND,ND,ND,https://mxfirmas.com/SON-Ciudad-Obregon/Tiendas-de-ropa-para-hombres
Patricia Bloch Valenzuela,Ciudad Obregón,+52 644 413 0095,ND,ND,ND,https://mxfirmas.com/SON-Ciudad-Obregon/Tiendas-de-ropa-para-hombres
Lalos Moda Hombre,Ciudad Obregón,+52 644 413 2086,ND,ND,ND,https://mxfirmas.com/SON-Ciudad-Obregon/Tiendas-de-ropa-para-hombres
Bonanza,Ciudad Obregón,+52 644 413 3693,ND,ND,ND,https://mxfirmas.com/SON-Ciudad-Obregon/Tiendas-de-ropa-para-hombres
Grupo Calzapato,Ciudad Obregón,+52 644 414 7394,ND,ND,ND,https://mxfirmas.com/SON-Ciudad-Obregon/Tiendas-de-ropa-para-hombres
Liverpool Moda Hombre,Ciudad Obregón,ND,ND,ND,ND,https://mxfirmas.com/SON-Ciudad-Obregon/Tiendas-de-ropa-para-hombres
Zapaterías B Hermanos,Ciudad Obregón,ND,ND,ND,ND,https://mxfirmas.com/SON-Ciudad-Obregon/Tiendas-de-ropa-para-hombres
Miss Uñas boutique,Guaymas,+52 622 137 0215,ND,ND,ND,https://mxfirmas.com/SON-Heroica-Guaymas/Boutiques
Ardyss Hermosillo,Hermosillo,+52 662 215 6285,ND,ND,ND,https://mxfirmas.com/SON-Hermosillo/Tiendas-de-lenceria
El Chopo,Hermosillo,+52 662 113 8696,ND,ND,ND,https://mxfirmas.com/SON-Hermosillo/Tiendas-de-lenceria
Intimissima Lencería,Hermosillo,+52 662 111 5554,ND,ND,ND,https://mxfirmas.com/SON-Hermosillo/Tiendas-de-lenceria
Tienda De Ropa Frans,Hermosillo,+52 662 264 3687,ND,ND,ND,https://mxfirmas.com/SON-Hermosillo/Tiendas-de-lenceria
Tienda De Ropa Kvr,Hermosillo,+52 662 212 0789,ND,ND,ND,https://mxfirmas.com/SON-Hermosillo/Tiendas-de-lenceria
Tienda De Ropa Sofia,Hermosillo,+52 662 217 2133,ND,ND,ND,https://mxfirmas.com/SON-Hermosillo/Tiendas-de-lenceria
Tienda De Ropa J Momo,Hermosillo,+52 662 213 3908,ND,ND,ND,https://mxfirmas.com/SON-Hermosillo/Tiendas-de-lenceria
Tienda De Ropa Para Dama,Hermosillo,+52 662 239 2324,ND,ND,ND,https://mxfirmas.com/SON-Hermosillo/Tiendas-de-lenceria
Andre Badi Venta De Abrigos,Hermosillo,ND,ND,ND,ND,https://mxfirmas.com/SON-Hermosillo/Tiendas-de-lenceria
Tienda De Ropa Sin Nombre,Hermosillo,ND,ND,ND,ND,https://mxfirmas.com/SON-Hermosillo/Tiendas-de-lenceria
Fantasy Lencería Fina,Hermosillo,ND,ND,ND,ND,https://mxfirmas.com/SON-Hermosillo/Tiendas-de-lenceria
Tienda De Ropa Diva,Hermosillo,ND,ND,ND,ND,https://mxfirmas.com/SON-Hermosillo/Tiendas-de-lenceria
Ovandos,Hermosillo,+52 662 260 1308,ND,ND,ND,https://mxfirmas.com/SON-Hermosillo/Tiendas-de-ropa-para-hombres
"Grupo Comercial Yazbek, S.A. de C.V.",Hermosillo,+52 662 260 7414,ND,ND,ND,https://mxfirmas.com/SON-Hermosillo/Tiendas-de-ropa-para-hombres
D'PAUL,Hermosillo,+52 662 210 4020,ND,ND,ND,https://mxfirmas.com/SON-Hermosillo/Tiendas-de-ropa-para-hombres
Milano,Hermosillo,+52 662 213 9922,ND,ND,ND,https://mxfirmas.com/SON-Hermosillo/Tiendas-de-ropa-para-hombres
Novedades Goyita,Hermosillo,+52 662 254 0073,ND,ND,ND,https://mxfirmas.com/SON-Hermosillo/Tiendas-de-ropa-para-hombres
HERNANDEZ VEJAR GUADALUPE,Hermosillo,+52 662 218 4304,ND,ND,ND,https://mxfirmas.com/SON-Hermosillo/Tiendas-de-ropa-para-hombres
D Sastre Hombre,Hermosillo,+52 662 260 3096,ND,ND,ND,https://mxfirmas.com/SON-Hermosillo/Tiendas-de-ropa-para-hombres
Zapateria Zapatodos,Hermosillo,+52 662 210 5622,ND,ND,ND,https://mxfirmas.com/SON-Hermosillo/Tiendas-de-ropa-para-hombres
Vazquez Hernandez Hector Javier,Hermosillo,+52 662 213 1193,ND,ND,ND,https://mxfirmas.com/SON-Hermosillo/Tiendas-de-ropa-para-hombres
Eufrocina Robles Pichardo,Hermosillo,+52 662 260 6645,ND,ND,ND,https://mxfirmas.com/SON-Hermosillo/Tiendas-de-ropa-para-hombres
"Encinas Urquidez, Alejandro",Hermosillo,+52 662 217 0327,ND,ND,ND,https://mxfirmas.com/SON-Hermosillo/Tiendas-de-ropa-para-hombres
Sandoval Martinez Mario Alan,Hermosillo,+52 662 118 7007,ND,ND,ND,https://mxfirmas.com/SON-Hermosillo/Tiendas-de-ropa-para-hombres
Aguilar Preciado Fausto,Hermosillo,+52 662 260 9949,ND,ND,ND,https://mxfirmas.com/SON-Hermosillo/Tiendas-de-ropa-para-hombres
"Velderrain Balderrama, Martha Hilda",Hermosillo,+52 662 213 3952,ND,ND,ND,https://mxfirmas.com/SON-Hermosillo/Tiendas-de-ropa-para-hombres
"LUNA MEZA, ELIZABETH",Hermosillo,+52 662 210 8988,ND,ND,ND,https://mxfirmas.com/SON-Hermosillo/Tiendas-de-ropa-para-hombres
"Silva Valencia, Elsa Zulema",Hermosillo,+52 662 217 1533,ND,ND,ND,https://mxfirmas.com/SON-Hermosillo/Tiendas-de-ropa-para-hombres
"Coppel Fierro, Carolina",Hermosillo,+52 662 215 9408,ND,ND,ND,https://mxfirmas.com/SON-Hermosillo/Tiendas-de-ropa-para-hombres
"Castro Alcántar, Mónica",Hermosillo,+52 662 260 0273,ND,ND,ND,https://mxfirmas.com/SON-Hermosillo/Tiendas-de-ropa-para-hombres
COLECCION JEANS,Hermosillo,+52 662 260 0273,ND,ND,ND,https://mxfirmas.com/SON-Hermosillo/Tiendas-de-ropa-para-hombres
Geox Moda Hombre,Hermosillo,ND,ND,ND,ND,https://mxfirmas.com/SON-Hermosillo/Tiendas-de-ropa-para-hombres
Ferrioni,Hermosillo,ND,ND,ND,ND,https://mxfirmas.com/SON-Hermosillo/Tiendas-de-ropa-para-hombres
Purificación Garcia,Hermosillo,ND,ND,ND,ND,https://mxfirmas.com/SON-Hermosillo/Tiendas-de-ropa-para-hombres
Brooks Brothers,Hermosillo,ND,ND,ND,ND,https://mxfirmas.com/SON-Hermosillo/Tiendas-de-ropa-para-hombres
Mala Leche,Hermosillo,ND,ND,ND,ND,https://mxfirmas.com/SON-Hermosillo/Tiendas-de-ropa-para-hombres
Ovando's,Hermosillo,ND,ND,ND,ND,https://mxfirmas.com/SON-Hermosillo/Tiendas-de-ropa-para-hombres
CRUZ MENDIVIL ROGELIO,Hermosillo,+52 662 213 3871,ND,ND,ND,https://mxfirmas.com/SON-Hermosillo/Tiendas-de-ropa-para-ninos
"Almacenes Vazquez de Hermosillo, S.A. de C.V.",Hermosillo,+52 662 212 4935,ND,ND,ND,https://mxfirmas.com/SON-Hermosillo/Tiendas-de-ropa-para-ninos
LEAL ARANDA LILIANA ARACELI,Hermosillo,+52 662 260 6062,ND,ND,ND,https://mxfirmas.com/SON-Hermosillo/Tiendas-de-ropa-para-ninos
ROSAS MIRANDA CLAUDIA ELENA,Hermosillo,+52 662 210 9649,ND,ND,ND,https://mxfirmas.com/SON-Hermosillo/Tiendas-de-ropa-para-ninos
Dany,Hermosillo,+52 662 220 8629,ND,ND,ND,https://mxfirmas.com/SON-Hermosillo/Tiendas-de-ropa-para-ninos
"Distribuidora Pesi, S.A. de C.V.",Hermosillo,+52 662 260 0037,ND,ND,ND,https://mxfirmas.com/SON-Hermosillo/Tiendas-de-uniformes
Bordados Finos,Hermosillo,+52 662 210 4115,ND,ND,ND,https://mxfirmas.com/SON-Hermosillo/Tiendas-de-uniformes
Arrieta,Hermosillo,+52 662 213 2265,ND,ND,ND,https://mxfirmas.com/SON-Hermosillo/Tiendas-de-uniformes
"Uniformes de Todo Mexico, S.A. de C.V.",Hermosillo,+52 662 217 4023,ND,ND,ND,https://mxfirmas.com/SON-Hermosillo/Tiendas-de-uniformes
Fontes Uniformes,Hermosillo,+52 662 213 3669,ND,ND,ND,https://mxfirmas.com/SON-Hermosillo/Tiendas-de-uniformes
Servicio De Bordado Y Costura Express Sin Nombre,Hermosillo,+52 662 237 3718,ND,ND,ND,https://mxfirmas.com/SON-Hermosillo/Tiendas-de-uniformes
Vico Disttribuidora De Calzado Y Uniformes Industriales,Hermosillo,+52 662 254 3844,ND,ND,ND,https://mxfirmas.com/SON-Hermosillo/Tiendas-de-uniformes
Jomasi Boutique,Hermosillo,+52 662 215 6055,ND,ND,ND,https://mxfirmas.com/SON-Hermosillo/Boutiques
Venta De Ropa De Segunda Sin Nombre,Hermosillo,+52 662 163 0806,ND,ND,ND,https://mxfirmas.com/SON-Hermosillo/Tiendas-de-ropa-de-segunda-mano
Bazar Sin Nombre,Hermosillo,+52 662 225 1566,ND,ND,ND,https://mxfirmas.com/SON-Hermosillo/Tiendas-de-ropa-de-segunda-mano
Venta De Ropa Usada,Hermosillo,+52 662 206 0120,ND,ND,ND,https://mxfirmas.com/SON-Hermosillo/Tiendas-de-ropa-de-segunda-mano
Venta De Ropa,Hermosillo,+52 662 184 2017,ND,ND,ND,https://mxfirmas.com/SON-Hermosillo/Tiendas-de-ropa-de-segunda-mano
Compra Venta De Juguetes Ropa Y Artículos Personales,Hermosillo,ND,ND,ND,ND,https://mxfirmas.com/SON-Hermosillo/Tiendas-de-ropa-de-segunda-mano
Venta De Zapato Y Bolsa De Dama Sin Nombre,Hermosillo,ND,ND,ND,ND,https://mxfirmas.com/SON-Hermosillo/Tiendas-de-ropa-de-segunda-mano
Bazar De Ropa Dentro Del Tianguis,Hermosillo,ND,ND,ND,ND,https://mxfirmas.com/SON-Hermosillo/Tiendas-de-ropa-de-segunda-mano
Bazar De Ropa Y Artículos Personales De Segunda,Hermosillo,ND,ND,ND,ND,https://mxfirmas.com/SON-Hermosillo/Tiendas-de-ropa-de-segunda-mano
Venta De Ropa Usada Sin Nombre,Hermosillo,ND,ND,ND,ND,https://mxfirmas.com/SON-Hermosillo/Tiendas-de-ropa-de-segunda-mano
Mariachi los Reyes,Hermosillo,+52 662 211 6169,ND,ND,ND,https://mxfirmas.com/SON-Hermosillo/Tiendas-de-trajes
Ase Master Shield,Hermosillo,+52 662 216 4767,ND,ND,ND,https://mxfirmas.com/SON-Hermosillo/Tiendas-de-trajes
"Cactex, S.A. de C.V.",Hermosillo,+52 662 260 4923,ND,ND,ND,https://mxfirmas.com/SON-Hermosillo/Tiendas-de-trajes
Maint De Mexico Sa De Cv,Hermosillo,+52 662 214 7619,ND,ND,ND,https://mxfirmas.com/SON-Hermosillo/Tiendas-de-trajes
Hayakawa Villa Yaeko Teresita,Hermosillo,+52 662 218 3278,ND,ND,ND,https://mxfirmas.com/SON-Hermosillo/Tiendas-de-trajes
COLABORADORES DE LO MEJOR SACV,Hermosillo,+52 662 260 9312,ND,ND,ND,https://mxfirmas.com/SON-Hermosillo/Tiendas-de-trajes
Bellas Artes Bordados,Hermosillo,+52 662 260 4060,ND,ND,ND,https://mxfirmas.com/SON-Hermosillo/Tiendas-de-trajes
"CACTEX, SA DE CV",Hermosillo,+52 662 213 6715,ND,ND,ND,https://mxfirmas.com/SON-Hermosillo/Tiendas-de-trajes
Maquilas Kino,Hermosillo,+52 662 216 8833,ND,ND,ND,https://mxfirmas.com/SON-Hermosillo/Tiendas-de-trajes
Bordados A Mano,Hermosillo,+52 662 119 7268,ND,ND,ND,https://mxfirmas.com/SON-Hermosillo/Tiendas-de-trajes
Renta de Trajes y Smocking Mexico,Hermosillo,+52 662 212 2232,ND,ND,ND,https://mxfirmas.com/SON-Hermosillo/Tiendas-de-trajes
Trajes de Mexico - Veracruz,Hermosillo,+52 662 218 4304,ND,ND,ND,https://mxfirmas.com/SON-Hermosillo/Tiendas-de-trajes
La Nueva Lagunilla,Hermosillo,+52 662 213 3335,ND,ND,ND,https://mxfirmas.com/SON-Hermosillo/Tiendas-de-trajes
Trapson,Hermosillo,+52 662 310 2534,ND,ND,ND,https://mxfirmas.com/SON-Hermosillo/Tiendas-de-trajes
Trajes Ejecutivos Y Uniformes Empresariales,Hermosillo,+52 662 213 6027,ND,ND,ND,https://mxfirmas.com/SON-Hermosillo/Tiendas-de-trajes
Azara Dress,Hermosillo,+52 662 317 9067,ND,ND,ND,https://mxfirmas.com/SON-Hermosillo/Tiendas-de-trajes
Confección En Serie De Disfraces Y Trajes Típicos,Hermosillo,+52 662 264 0055,ND,ND,ND,https://mxfirmas.com/SON-Hermosillo/Tiendas-de-trajes
El Caballero Elegante,Hermosillo,+52 662 210 0357,ND,ND,ND,https://mxfirmas.com/SON-Hermosillo/Tiendas-de-trajes
QUIÑONEZ ALEJO FRANCISCO JAVIER,Hermosillo,+52 662 216 0601,ND,ND,ND,https://mxfirmas.com/SON-Hermosillo/Tiendas-de-trajes
Pequeños Actores Disfraces,Hermosillo,+52 662 213 4077,ND,ND,ND,https://mxfirmas.com/SON-Hermosillo/Tiendas-de-trajes
Appaloosa Bordados,Hermosillo,+52 662 260 0935,ND,ND,ND,https://mxfirmas.com/SON-Hermosillo/Tiendas-de-trajes
THOME RENTA Y VENTA DE TRAJES,Hermosillo,+52 662 212 1564,ND,ND,ND,https://mxfirmas.com/SON-Hermosillo/Tiendas-de-trajes
Graduaciones Yeni,Hermosillo,ND,ND,ND,ND,https://mxfirmas.com/SON-Hermosillo/Tiendas-de-trajes
Elaboración De Disfraces Y Venta De Ropa Usada,Hermosillo,ND,ND,ND,ND,https://mxfirmas.com/SON-Hermosillo/Tiendas-de-trajes
Uniformes Escolares,Hermosillo,ND,ND,ND,ND,https://mxfirmas.com/SON-Hermosillo/Tiendas-de-trajes
Borditex Ov,Hermosillo,ND,ND,ND,ND,https://mxfirmas.com/SON-Hermosillo/Tiendas-de-trajes
Secretaría De Economía Programa Uniformes Escolares,Hermosillo,+52 662 250 1889,ND,ND,ND,https://mxfirmas.com/SON-Hermosillo/Tiendas-de-uniformes/page2
Lady Moda,Hermosillo,+52 662 215 3542,ND,ND,ND,https://mxfirmas.com/SON-Hermosillo/Tiendas-de-uniformes/page2
Creaciones Andrea,Hermosillo,+52 662 260 6108,ND,ND,ND,https://mxfirmas.com/SON-Hermosillo/Tiendas-de-uniformes/page2
Valdez Rodriguez Jesus Alberto,Hermosillo,+52 662 260 5568,ND,ND,ND,https://mxfirmas.com/SON-Hermosillo/Tiendas-de-uniformes/page2
Uniformes Jouanne,Hermosillo,+52 662 215 3041,ND,ND,ND,https://mxfirmas.com/SON-Hermosillo/Tiendas-de-uniformes/page2
E Uniformes & Bordados,Hermosillo,ND,ND,ND,ND,https://mxfirmas.com/SON-Hermosillo/Tiendas-de-uniformes/page2
Kinder Jose S Healy,Hermosillo,ND,ND,ND,ND,https://mxfirmas.com/SON-Hermosillo/Tiendas-de-uniformes/page2
Confecciones Alta Costura Elvia,Hermosillo,ND,ND,ND,ND,https://mxfirmas.com/SON-Hermosillo/Tiendas-de-uniformes/page2
Taller De Ductos Y Refrigeración Sin Nombre,Hermosillo,ND,ND,ND,ND,https://mxfirmas.com/SON-Hermosillo/Tiendas-de-trajes/page2
Ductos Sin Nombre,Hermosillo,ND,ND,ND,ND,https://mxfirmas.com/SON-Hermosillo/Tiendas-de-trajes/page2
Master Colorstaller De Bordado Y Serigrafía,Hermosillo,ND,ND,ND,ND,https://mxfirmas.com/SON-Hermosillo/Tiendas-de-trajes/page2
Colegio Simón Bolívar - T7 ELIAS CALLES HERMOSILLO,Hermosillo,+52 662 217 2089,ND,ND,ND,https://mxfirmas.com/SON-Hermosillo/Tiendas-de-ropa-deportiva
Colegio Simón Bolívar - T18 PLAZA SAHUARO HERMOSILLO,Hermosillo,+52 662 260 4455,ND,ND,ND,https://mxfirmas.com/SON-Hermosillo/Tiendas-de-ropa-deportiva
Colegio Simón Bolívar - T8 Dr. NORIEGA HERMOSILLO,Hermosillo,+52 662 213 6634,ND,ND,ND,https://mxfirmas.com/SON-Hermosillo/Tiendas-de-ropa-deportiva
Colegio Simón Bolívar - T113 DPSTREET MATAMOROS HERMOSILLO,Hermosillo,+52 662 212 3247,ND,ND,ND,https://mxfirmas.com/SON-Hermosillo/Tiendas-de-ropa-deportiva
"SOUVENIRS DEPORTIVOS E IMPORTACIONES, S.A. de C.V.",Hermosillo,+52 662 214 9485,ND,ND,ND,https://mxfirmas.com/SON-Hermosillo/Tiendas-de-ropa-deportiva
Venta De Bisutería Sin Nombre,Hermosillo,+52 662 124 1033,ND,ND,ND,https://mxfirmas.com/SON-Hermosillo/Tiendas-de-ropa-deportiva
Uniformes Deportivos Profelix,Hermosillo,+52 662 212 7458,ND,ND,ND,https://mxfirmas.com/SON-Hermosillo/Tiendas-de-ropa-deportiva
Uniformes Deportivos Kaly,Hermosillo,+52 662 212 0588,ND,ND,ND,https://mxfirmas.com/SON-Hermosillo/Tiendas-de-ropa-deportiva
"Nueva Lagunilla de Hermosillo, S.A. de C.V.",Hermosillo,+52 662 213 3335,ND,ND,ND,https://mxfirmas.com/SON-Hermosillo/Tiendas-de-ropa-deportiva
Diseños Exclusivos Para Niña Karina Jáuregui,Hermosillo,+52 662 278 0133,ND,ND,ND,https://mxfirmas.com/SON-Hermosillo/Ropa/page2
Taller De Costura Paqui De Rabiela,Hermosillo,+52 662 252 0904,ND,ND,ND,https://mxfirmas.com/SON-Hermosillo/Ropa/page2
Fabrica Botas De Piel Botas Corella,Hermosillo,+52 662 140 5664,ND,ND,ND,https://mxfirmas.com/SON-Hermosillo/Ropa/page2
Ilusion Sa De Cv,Hermosillo,+52 662 210 6405,ND,ND,ND,https://mxfirmas.com/SON-Hermosillo/Ropa/page2
"FAST PRINTERS, S.A. DE C.V.",Hermosillo,+52 662 214 5416,ND,ND,ND,https://mxfirmas.com/SON-Hermosillo/Ropa/page2
Velarde Fabrica de Ductos,Hermosillo,+52 662 215 8690,ND,ND,ND,https://mxfirmas.com/SON-Hermosillo/Ropa/page2
Fashion,Hermosillo,+52 662 214 0906,ND,ND,ND,https://mxfirmas.com/SON-Hermosillo/Ropa/page2
Uniformes Ejecutivos Diueco,Hermosillo,+52 662 217 5760,ND,ND,ND,https://mxfirmas.com/SON-Hermosillo/Ropa/page2
Moda Sport,Hermosillo,+52 662 310 2776,ND,ND,ND,https://mxfirmas.com/SON-Hermosillo/Ropa/page2
Kris Valen,Hermosillo,+52 662 216 4361,ND,ND,ND,https://mxfirmas.com/SON-Hermosillo/Ropa/page2
Bordamax,Hermosillo,+52 662 311 4034,ND,ND,ND,https://mxfirmas.com/SON-Hermosillo/Ropa/page2
THE ONE SA DE CV,Hermosillo,ND,ND,ND,ND,https://mxfirmas.com/SON-Hermosillo/Ropa/page2
Comercializadora Andrea S.A. De C.V.,Hermosillo,ND,ND,ND,ND,https://mxfirmas.com/SON-Hermosillo/Ropa/page2
D´Malena Moda Y Diseño,Hermosillo,ND,ND,ND,ND,https://mxfirmas.com/SON-Hermosillo/Ropa/page2
London,Hermosillo,ND,ND,ND,ND,https://mxfirmas.com/SON-Hermosillo/Ropa/page2
Diseñador De Moda Sin Nombre,Hermosillo,ND,ND,ND,ND,https://mxfirmas.com/SON-Hermosillo/Ropa/page2
Costuras Y Reparación De Ropa Sin Nombre,Hermosillo,ND,ND,ND,ND,https://mxfirmas.com/SON-Hermosillo/Ropa/page2
Millán Rivera Ramón René,Hermosillo,ND,ND,ND,ND,https://mxfirmas.com/SON-Hermosillo/Ropa/page2
Mujer,Hermosillo,ND,ND,ND,ND,https://mxfirmas.com/SON-Hermosillo/Tiendas-de-ropa-de-mujer
Bolsas Y Accesorios Para Mujer,Hermosillo,ND,ND,ND,ND,https://mxfirmas.com/SON-Hermosillo/Tiendas-de-ropa-de-mujer
Puesto De Artículos Personales,Hermosillo,ND,ND,ND,ND,https://mxfirmas.com/SON-Hermosillo/Tiendas-de-ropa-de-mujer
Miss Fantasías - Lencería Y Complementos XXX,Hermosillo,ND,ND,ND,ND,https://mxfirmas.com/SON-Hermosillo/Tiendas-de-ropa-de-mujer
Ardyss,Hermosillo,ND,ND,ND,ND,https://mxfirmas.com/SON-Hermosillo/Tiendas-de-ropa-de-mujer
"Vianney Textil Hogar, S.A. de C.V.",Ciudad Obregón,+52 644 413 5505,ND,ND,ND,https://mxfirmas.com/SON-Ciudad-Obregon/Ropa
Levi Centro Exclusiva,Ciudad Obregón,+52 644 415 0588,ND,ND,ND,https://mxfirmas.com/SON-Ciudad-Obregon/Ropa
Confección De Prendas De Vestir Sobre Medida,Ciudad Obregón,+52 644 416 0592,ND,ND,ND,https://mxfirmas.com/SON-Ciudad-Obregon/Ropa
Cibrian Socorro Cuevas Vda,Ciudad Obregón,+52 644 159 2163,ND,ND,ND,https://mxfirmas.com/SON-Ciudad-Obregon/Ropa
ARMENTA AVENDAÑO SANTIAGO,Ciudad Obregón,+52 644 414 1622,ND,ND,ND,https://mxfirmas.com/SON-Ciudad-Obregon/Ropa
Taller De Costura Sin Nombre,Ciudad Obregón,+52 644 122 2545,ND,ND,ND,https://mxfirmas.com/SON-Ciudad-Obregon/Ropa
Sastreria El Caballero Elegante,Ciudad Obregón,+52 644 414 7472,ND,ND,ND,https://mxfirmas.com/SON-Ciudad-Obregon/Ropa
Impresiones Y Bordados Ib,Ciudad Obregón,+52 644 139 3479,ND,ND,ND,https://mxfirmas.com/SON-Ciudad-Obregon/Ropa
Bordados Esperanza,Ciudad Obregón,+52 644 169 3319,ND,ND,ND,https://mxfirmas.com/SON-Ciudad-Obregon/Ropa
"Joy Textile, S.A. de C.V.",Ciudad Obregón,+52 644 410 8887,ND,ND,ND,https://mxfirmas.com/SON-Ciudad-Obregon/Ropa
Dautt Diseños Creativos,Ciudad Obregón,+52 644 169 3074,ND,ND,ND,https://mxfirmas.com/SON-Ciudad-Obregon/Ropa
Disfraces Costume Land,Ciudad Obregón,+52 644 413 3713,ND,ND,ND,https://mxfirmas.com/SON-Ciudad-Obregon/Ropa
Disfraces Pukuni,Ciudad Obregón,+52 644 100 5353,ND,ND,ND,https://mxfirmas.com/SON-Ciudad-Obregon/Ropa
Novias Paloma Blanca,Ciudad Obregón,+52 644 413 2022,ND,ND,ND,https://mxfirmas.com/SON-Ciudad-Obregon/Ropa
Mora Novias,Ciudad Obregón,+52 644 413 1022,ND,ND,ND,https://mxfirmas.com/SON-Ciudad-Obregon/Ropa
Venus,Ciudad Obregón,+52 644 142 9905,ND,ND,ND,https://mxfirmas.com/SON-Ciudad-Obregon/Ropa
Creaciones Ruby,Ciudad Obregón,+52 644 414 7181,ND,ND,ND,https://mxfirmas.com/SON-Ciudad-Obregon/Ropa
Sastreria La No 1,Ciudad Obregón,+52 644 412 6527,ND,ND,ND,https://mxfirmas.com/SON-Ciudad-Obregon/Ropa
Maria Esther,Ciudad Obregón,+52 644 415 1485,ND,ND,ND,https://mxfirmas.com/SON-Ciudad-Obregon/Ropa
Pintado De Pantalones Sin Nombre,Ciudad Obregón,+52 644 117 5186,ND,ND,ND,https://mxfirmas.com/SON-Ciudad-Obregon/Ropa
501 JEANS,Ciudad Obregón,+52 644 417 3905,ND,ND,ND,https://mxfirmas.com/SON-Ciudad-Obregon/Ropa
Elaboración De Costuras Sin Nombre,Ciudad Obregón,+52 644 416 9276,ND,ND,ND,https://mxfirmas.com/SON-Ciudad-Obregon/Ropa
Ideas Top,Ciudad Obregón,+52 644 415 3600,ND,ND,ND,https://mxfirmas.com/SON-Ciudad-Obregon/Ropa
Taller De Alta Costura Sin Nombre,Ciudad Obregón,+52 644 174 8273,ND,ND,ND,https://mxfirmas.com/SON-Ciudad-Obregon/Ropa
Krissanta confecciones,Ciudad Obregón,+52 644 134 6487,ND,ND,ND,https://mxfirmas.com/SON-Ciudad-Obregon/Ropa
Sastrería Roma,Ciudad Obregón,+52 644 460 7842,ND,ND,ND,https://mxfirmas.com/SON-Ciudad-Obregon/Ropa
Levi Onda,Ciudad Obregón,+52 644 416 7556,ND,ND,ND,https://mxfirmas.com/SON-Ciudad-Obregon/Ropa
Evan's Design,Ciudad Obregón,+52 644 103 7520,ND,ND,ND,https://mxfirmas.com/SON-Ciudad-Obregon/Ropa
"Vázquez Orrantia, Moisés Abraham",Ciudad Obregón,+52 644 415 2325,ND,ND,ND,https://mxfirmas.com/SON-Ciudad-Obregon/Ropa
Costura Y Planchado Express,Ciudad Obregón,+52 644 100 6478,ND,ND,ND,https://mxfirmas.com/SON-Ciudad-Obregon/Ropa
Creaciones Hada,Ciudad Obregón,+52 644 146 4239,ND,ND,ND,https://mxfirmas.com/SON-Ciudad-Obregon/Ropa
Pintan Chamarras De Piel,Ciudad Obregón,+52 644 154 4787,ND,ND,ND,https://mxfirmas.com/SON-Ciudad-Obregon/Ropa
La Guerra Talabartería,Ciudad Obregón,+52 644 415 4946,ND,ND,ND,https://mxfirmas.com/SON-Ciudad-Obregon/Ropa
Tienda Patrichs,Ciudad Obregón,+52 644 415 0305,ND,ND,ND,https://mxfirmas.com/SON-Ciudad-Obregon/Ropa
Fabricas De Calzado Andrea,Guaymas,+52 622 222 2875,ND,ND,ND,https://mxfirmas.com/SON-Heroica-Guaymas/Ropa
Taller De Costura Winnie Pooh,Guaymas,+52 622 103 9603,ND,ND,ND,https://mxfirmas.com/SON-Heroica-Guaymas/Ropa
Taller De Costuras Alma Gloria,Guaymas,+52 622 113 5258,ND,ND,ND,https://mxfirmas.com/SON-Heroica-Guaymas/Ropa
Bordados De Calidad,Guaymas,+52 622 222 5323,ND,ND,ND,https://mxfirmas.com/SON-Heroica-Guaymas/Ropa
Costuras Rapidas,Guaymas,+52 622 222 9649,ND,ND,ND,https://mxfirmas.com/SON-Heroica-Guaymas/Ropa
Modista Daniela Jimenez,Guaymas,+52 622 116 5041,ND,ND,ND,https://mxfirmas.com/SON-Heroica-Guaymas/Ropa
Manuel Rodriguez Covela,Guaymas,+52 622 222 0497,ND,ND,ND,https://mxfirmas.com/SON-Heroica-Guaymas/Ropa
Estilista Angel's,Guaymas,+52 622 108 0956,ND,ND,ND,https://mxfirmas.com/SON-Heroica-Guaymas/Ropa
Costura Industrial,Guaymas,+52 622 224 1303,ND,ND,ND,https://mxfirmas.com/SON-Heroica-Guaymas/Ropa
Taller De Costura Jiak Yaarim,Guaymas,+52 644 173 6552,ND,ND,ND,https://mxfirmas.com/SON-Heroica-Guaymas/Ropa
Bonare Mercería Disfraces Y Novedades,Guaymas,+52 622 222 1428,ND,ND,ND,https://mxfirmas.com/SON-Heroica-Guaymas/Ropa
Uniformes Y Accesorios De México,Guaymas,+52 622 222 4926,ND,ND,ND,https://mxfirmas.com/SON-Heroica-Guaymas/Ropa
Disegno,Guaymas,+52 622 222 0905,ND,ND,ND,https://mxfirmas.com/SON-Heroica-Guaymas/Ropa
CRUZ MORALES CRISTIAN ERIK,Guaymas,+52 622 222 3075,ND,ND,ND,https://mxfirmas.com/SON-Heroica-Guaymas/Ropa
Elizabeth Barrragan Hernandez,Guaymas,+52 622 222 9199,ND,ND,ND,https://mxfirmas.com/SON-Heroica-Guaymas/Ropa
"GRUPO COMERCIAL DEL NOROESTE, S.A. DE C.V.",Guaymas,ND,ND,ND,ND,https://mxfirmas.com/SON-Heroica-Guaymas/Ropa
Wata Group S.A. De C.V.,Guaymas,ND,ND,ND,ND,https://mxfirmas.com/SON-Heroica-Guaymas/Ropa
MARIA GABRIELA TESISTECO ROBLES,Guaymas,ND,ND,ND,ND,https://mxfirmas.com/SON-Heroica-Guaymas/Ropa
Cyber Y Costuras,Guaymas,ND,ND,ND,ND,https://mxfirmas.com/SON-Heroica-Guaymas/Ropa
Botas Michelle,Empalme,+52 622 132 2191,ND,ND,ND,https://mxfirmas.com/SON-Empalme/Ropas
Manualidades Ana,Empalme,+52 622 116 6414,ND,ND,ND,https://mxfirmas.com/SON-Empalme/Ropas
Venta De Ropa,Empalme,+52 622 113 0098,ND,ND,ND,https://mxfirmas.com/SON-Empalme/Ropas
Creaciones Toky poky,Empalme,+52 622 103 2237,ND,ND,ND,https://mxfirmas.com/SON-Empalme/Ropas
Exclusivas Agar,Empalme,+52 622 223 9926,ND,ND,ND,https://mxfirmas.com/SON-Empalme/Ropas
Disfraces Disis,Empalme,+52 622 113 1148,ND,ND,ND,https://mxfirmas.com/SON-Empalme/Ropas
Confección De Prendas De Vestir Sobre Medida,Empalme,+52 622 223 9834,ND,ND,ND,https://mxfirmas.com/SON-Empalme/Ropas
Sporting Sonmex,Empalme,+52 622 223 1036,ND,ND,ND,https://mxfirmas.com/SON-Empalme/Ropas
Fabrica De Botas,Empalme,ND,ND,ND,ND,https://mxfirmas.com/SON-Empalme/Ropas
Venta De Ropa De Segunda Y Cosméticos,Empalme,ND,ND,ND,ND,https://mxfirmas.com/SON-Empalme/Ropas
Ropa Para Jovene Para Niños Damaris,Empalme,ND,ND,ND,ND,https://mxfirmas.com/SON-Empalme/Ropas
Taller De Costuras Sin Nombre,Empalme,ND,ND,ND,ND,https://mxfirmas.com/SON-Empalme/Ropas
Costuras En Casa,Empalme,ND,ND,ND,ND,https://mxfirmas.com/SON-Empalme/Ropas
Creaciones Cleo,Empalme,ND,ND,ND,ND,https://mxfirmas.com/SON-Empalme/Ropas
Talabarteria Higuera,Cananea,+52 645 330 1938,ND,ND,ND,https://mxfirmas.com/SON-Cananea/Ropa
Distribuidora Boga,Cananea,+52 645 109 0189,ND,ND,ND,https://mxfirmas.com/SON-Cananea/Ropa
Confecciones Patty,Cananea,+52 645 104 0017,ND,ND,ND,https://mxfirmas.com/SON-Cananea/Ropa
Rigoberto Garduno Salinas,Cananea,+52 645 332 5916,ND,ND,ND,https://mxfirmas.com/SON-Cananea/Ropa
"Fimbres Leyva, Lorena Enriqueta",Cananea,ND,ND,ND,ND,https://mxfirmas.com/SON-Cananea/Ropa
"SILVAIN DEL RIO, GABRIELA",Santa Ana,+52 641 324 0990,ND,ND,ND,https://mxfirmas.com/SON-Santa-Ana/Ropa
Costurera Sin Nombre,Santa Ana,+52 641 324 1141,ND,ND,ND,https://mxfirmas.com/SON-Santa-Ana/Ropa
"Colchas Mexico, S.A. de C.V.",San Luis Río Colorado,+52 653 535 2301,ND,ND,ND,https://mxfirmas.com/SON-San-Luis-Rio-Colorado/Ropa
Avi De México S.A. De C.V.,San Luis Río Colorado,+52 653 534 7526,ND,ND,ND,https://mxfirmas.com/SON-San-Luis-Rio-Colorado/Ropa
"Manufacturas Meca, S.A. de C.V.",San Luis Río Colorado,+52 653 536 6300,ND,ND,ND,https://mxfirmas.com/SON-San-Luis-Rio-Colorado/Ropa
Gpi Mexicana S.A. De C.V.,San Luis Río Colorado,+52 653 534 1996,ND,ND,ND,https://mxfirmas.com/SON-San-Luis-Rio-Colorado/Ropa
Bordados Y Estampados De Mexico S De RL De CV,San Luis Río Colorado,+52 653 536 8801,ND,ND,ND,https://mxfirmas.com/SON-San-Luis-Rio-Colorado/Ropa
"DEVANSHI DE MEXICO, SA DE CV",San Luis Río Colorado,+52 653 534 0278,ND,ND,ND,https://mxfirmas.com/SON-San-Luis-Rio-Colorado/Ropa
Sociedad Coop Alfredo V Bonfil Lic,San Luis Río Colorado,+52 653 534 7307,ND,ND,ND,https://mxfirmas.com/SON-San-Luis-Rio-Colorado/Ropa
Fantasy Lingerie De Mexico Sa De Cv,San Luis Río Colorado,+52 653 534 7879,ND,ND,ND,https://mxfirmas.com/SON-San-Luis-Rio-Colorado/Ropa
"J. Marcel D`Mexico, S.A. de C.V.",San Luis Río Colorado,+52 653 534 9495,ND,ND,ND,https://mxfirmas.com/SON-San-Luis-Rio-Colorado/Ropa
Skandalo Uniformes Y Bordados,San Luis Río Colorado,+52 653 534 0088,ND,ND,ND,https://mxfirmas.com/SON-San-Luis-Rio-Colorado/Ropa
Bordados Zuñiga,San Luis Río Colorado,+52 653 535 6118,ND,ND,ND,https://mxfirmas.com/SON-San-Luis-Rio-Colorado/Ropa
Talabartería ALEX,San Luis Río Colorado,+52 653 534 5095,ND,ND,ND,https://mxfirmas.com/SON-San-Luis-Rio-Colorado/Ropa
Talabarteria Leather Shop,San Luis Río Colorado,+52 653 121 8962,ND,ND,ND,https://mxfirmas.com/SON-San-Luis-Rio-Colorado/Ropa
Costura,San Luis Río Colorado,+52 653 110 5462,ND,ND,ND,https://mxfirmas.com/SON-San-Luis-Rio-Colorado/Ropa
Taller De Costura,San Luis Río Colorado,+52 653 128 6100,ND,ND,ND,https://mxfirmas.com/SON-San-Luis-Rio-Colorado/Ropa
Costuras Cony,San Luis Río Colorado,+52 653 517 0635,ND,ND,ND,https://mxfirmas.com/SON-San-Luis-Rio-Colorado/Ropa
"PRESTIGIO DE MEXICO, SA DE CV",San Luis Río Colorado,+52 653 534 2009,ND,ND,ND,https://mxfirmas.com/SON-San-Luis-Rio-Colorado/Ropa
"Fenix Manufacturas, S.A.",San Luis Río Colorado,+52 653 534 2051,ND,ND,ND,https://mxfirmas.com/SON-San-Luis-Rio-Colorado/Ropa
Uniform La Casa Del Uniforme,San Luis Río Colorado,+52 653 536 9878,ND,ND,ND,https://mxfirmas.com/SON-San-Luis-Rio-Colorado/Ropa
Surtidora De Calzado Fasagra S,San Luis Río Colorado,+52 653 534 0571,ND,ND,ND,https://mxfirmas.com/SON-San-Luis-Rio-Colorado/Ropa
Diseños Originales,San Luis Río Colorado,+52 653 534 9286,ND,ND,ND,https://mxfirmas.com/SON-San-Luis-Rio-Colorado/Ropa
Confección En Serie De Otra Ropa Exterior De Materiales Textiles,San Luis Río Colorado,+52 653 131 1898,ND,ND,ND,https://mxfirmas.com/SON-San-Luis-Rio-Colorado/Ropa
Costuras Sin Nombre,San Luis Río Colorado,+52 653 106 0057,ND,ND,ND,https://mxfirmas.com/SON-San-Luis-Rio-Colorado/Ropa
"Marees Mex, S.A. de C.V.",San Luis Río Colorado,+52 653 535 7478,ND,ND,ND,https://mxfirmas.com/SON-San-Luis-Rio-Colorado/Ropa
"Daniel Juarez Moda de México, S.A. de C.V.",San Luis Río Colorado,+52 653 536 0460,ND,ND,ND,https://mxfirmas.com/SON-San-Luis-Rio-Colorado/Ropa
Costurera Sin Nombre,San Luis Río Colorado,+52 653 535 2393,ND,ND,ND,https://mxfirmas.com/SON-San-Luis-Rio-Colorado/Ropa
Creaciones Ivonne,San Luis Río Colorado,+52 653 518 2258,ND,ND,ND,https://mxfirmas.com/SON-San-Luis-Rio-Colorado/Ropa
Local Meraz,San Luis Río Colorado,+52 653 132 2059,ND,ND,ND,https://mxfirmas.com/SON-San-Luis-Rio-Colorado/Ropa
Abc Apparel De San Luis S. De R.L. De C.V.,San Luis Río Colorado,+52 653 536 1890,ND,ND,ND,https://mxfirmas.com/SON-San-Luis-Rio-Colorado/Ropa
Creaciones Faby,San Luis Río Colorado,+52 653 535 4337,ND,ND,ND,https://mxfirmas.com/SON-San-Luis-Rio-Colorado/Ropa
"Sejara Mex, S. de R.L. de C.V.",San Luis Río Colorado,+52 653 535 6176,ND,ND,ND,https://mxfirmas.com/SON-San-Luis-Rio-Colorado/Ropa
Costuras Express Sin Nombre,San Luis Río Colorado,ND,ND,ND,ND,https://mxfirmas.com/SON-San-Luis-Rio-Colorado/Ropa
Novedades Esmeralda,San Luis Río Colorado,ND,ND,ND,ND,https://mxfirmas.com/SON-San-Luis-Rio-Colorado/Ropa
Creaciones Periquita,San Luis Río Colorado,ND,ND,ND,ND,https://mxfirmas.com/SON-San-Luis-Rio-Colorado/Ropa
Ilusión,San Luis Río Colorado,+52 653 534 0728,ND,ND,ND,https://mxfirmas.com/SON-San-Luis-Rio-Colorado/Tiendas-de-ropa-de-mujer
Ilusion Tiendas De Lenceria,San Luis Río Colorado,+52 653 534 0779,ND,ND,ND,https://mxfirmas.com/SON-San-Luis-Rio-Colorado/Tiendas-de-ropa-de-mujer
Fajas Y Corselettes Ardyss,San Luis Río Colorado,+52 653 531 2333,ND,ND,ND,https://mxfirmas.com/SON-San-Luis-Rio-Colorado/Tiendas-de-ropa-de-mujer
Ilusión San Luis Río Colorado,San Luis Río Colorado,+52 653 534 6366,ND,ND,ND,https://mxfirmas.com/SON-San-Luis-Rio-Colorado/Tiendas-de-ropa-de-mujer
Creaciones Ashley,Puerto Peñasco,+52 638 380 6268,ND,ND,ND,https://mxfirmas.com/SON-Puerto-Penasco/Ropa
Sastreria Lupita,Puerto Peñasco,+52 638 102 0017,ND,ND,ND,https://mxfirmas.com/SON-Puerto-Penasco/Ropa
Que Puntada,Puerto Peñasco,ND,ND,ND,ND,https://mxfirmas.com/SON-Puerto-Penasco/Ropa
"Colchas México, S.A. de C.V.",Agua Prieta,+52 633 338 7338,ND,ND,ND,https://mxfirmas.com/SON-Agua-Prieta/Ropa
ANDREA,Agua Prieta,+52 633 338 2584,ND,ND,ND,https://mxfirmas.com/SON-Agua-Prieta/Ropa
Gist Silversmiths De Sonora Sa De Cv,Agua Prieta,+52 633 338 4600,ND,ND,ND,https://mxfirmas.com/SON-Agua-Prieta/Ropa
Diseños Lupitas,Agua Prieta,+52 633 109 0490,ND,ND,ND,https://mxfirmas.com/SON-Agua-Prieta/Ropa
Camisas Bahia Kino Sa De Cv,Agua Prieta,+52 633 338 1512,ND,ND,ND,https://mxfirmas.com/SON-Agua-Prieta/Ropa
Todos Uniformes,Agua Prieta,+52 633 338 2316,ND,ND,ND,https://mxfirmas.com/SON-Agua-Prieta/Ropa
Camisetas Impresas Imprex,Hermosillo,+52 662 260 5384,ND,ND,ND,https://mxfirmas.com/SON-Hermosillo/Tiendas-de-camisetas
Imprenta y Promocionales Scorpios-Camisetas y Gorras Impresas,Hermosillo,+52 662 302 9528,ND,ND,ND,https://mxfirmas.com/SON-Hermosillo/Tiendas-de-camisetas
Boutique Vintage,Hermosillo,ND,ND,ND,ND,https://mxfirmas.com/SON-Hermosillo/Tiendas-de-ropa-vintage
Belle Novia,Hermosillo,+52 662 210 6989,ND,ND,ND,https://mxfirmas.com/SON-Hermosillo/Tiendas-para-novias
Bautizo y Primera Comunión/Comunion,Hermosillo,+52 662 216 2596,ND,ND,ND,https://mxfirmas.com/SON-Hermosillo/Tiendas-para-novias
"Bellísima Novias, S.A. de C.V.",Hermosillo,+52 662 216 2292,ND,ND,ND,https://mxfirmas.com/SON-Hermosillo/Tiendas-para-novias
Novias Elegantes,Hermosillo,+52 662 212 4140,ND,ND,ND,https://mxfirmas.com/SON-Hermosillo/Tiendas-para-novias
Novias Lupita Rivera,Hermosillo,+52 662 216 6226,ND,ND,ND,https://mxfirmas.com/SON-Hermosillo/Tiendas-para-novias
D'Class Novias,Hermosillo,+52 662 215 5656,ND,ND,ND,https://mxfirmas.com/SON-Hermosillo/Tiendas-para-novias
Be Dress Novias & Salon,Hermosillo,+52 662 312 9563,ND,ND,ND,https://mxfirmas.com/SON-Hermosillo/Tiendas-para-novias
Vestidos de Novia Hermosillo,Hermosillo,+52 662 183 4919,ND,ND,ND,https://mxfirmas.com/SON-Hermosillo/Tiendas-para-novias
Azael Novias,Hermosillo,+52 662 210 2495,ND,ND,ND,https://mxfirmas.com/SON-Hermosillo/Tiendas-para-novias
Bambino Ceremonias,Hermosillo,+52 662 217 4916,ND,ND,ND,https://mxfirmas.com/SON-Hermosillo/Tiendas-para-novias
Las Glorias,Hermosillo,+52 662 214 8554,ND,ND,ND,https://mxfirmas.com/SON-Hermosillo/Tiendas-para-novias/page2
D Angelo Novias Y Confecciones,Hermosillo,+52 662 212 3332,ND,ND,ND,https://mxfirmas.com/SON-Hermosillo/Tiendas-para-novias/page2
Algo Azul Novias,Hermosillo,ND,ND,ND,ND,https://mxfirmas.com/SON-Hermosillo/Tiendas-para-novias/page2
Smoking Rental's,Hermosillo,+52 662 210 1020,ND,ND,ND,https://mxfirmas.com/SON-Hermosillo/Tiendas-de-esmoquines
Tecno-Plus [TINTORERIA] Y/O Smoking Rentals,Hermosillo,+52 662 210 1020,ND,ND,ND,https://mxfirmas.com/SON-Hermosillo/Tiendas-de-esmoquines
Homme,Hermosillo,+52 662 210 7618,ND,ND,ND,https://mxfirmas.com/SON-Hermosillo/Tiendas-de-esmoquines
Los Portales,Hermosillo,+52 662 203 3703,ND,ND,ND,https://mxfirmas.com/SON-Hermosillo/Tiendas-de-esmoquines
CENTENARIO,Hermosillo,+52 662 212 0699,ND,ND,ND,https://mxfirmas.com/SON-Hermosillo/Tiendas-de-esmoquines
Ropa para Dama,General Plutarco Elías Calles,+52 651 101 2095,ND,ND,ND,https://mxfirmas.com/SON-Sonoyta/Tiendas-de-ropa-para-hombres
Venta De Colchas Y Ropa Para Hombre Y Mujer,Nogales,+52 631 315 7323,ND,ND,ND,https://mxfirmas.com/SON-Nogales/Tiendas-de-ropa-para-hombres
Nogales Boots,Nogales,+52 631 312 4092,ND,ND,ND,https://mxfirmas.com/SON-Nogales/Tiendas-de-ropa-para-hombres
Novedades,Nogales,ND,ND,ND,ND,https://mxfirmas.com/SON-Nogales/Tiendas-de-ropa-para-hombres
Scapino,Nogales,ND,ND,ND,ND,https://mxfirmas.com/SON-Nogales/Tiendas-de-ropa-para-hombres
Venta de Calzado,Nogales,ND,ND,ND,ND,https://mxfirmas.com/SON-Nogales/Tiendas-de-ropa-para-hombres
Novias Cristal,Nogales,+52 631 312 3522,ND,ND,ND,https://mxfirmas.com/SON-Nogales/Tiendas-para-novias
Disfraces Anais,Nogales,+52 631 357 4477,ND,ND,ND,https://mxfirmas.com/SON-Nogales/Tiendas-para-novias
Quevestidos.Com.Mx-Vestidos de Novia,Nogales,+52 631 312 7858,ND,ND,ND,https://mxfirmas.com/SON-Nogales/Tiendas-para-novias
Casa Mónica Vestidos Para Xv Bautizos,Nogales,+52 631 312 2125,ND,ND,ND,https://mxfirmas.com/SON-Nogales/Tiendas-para-novias
Disfraces Anais Regalos Y Accesorios,Nogales,+52 631 139 8653,ND,ND,ND,https://mxfirmas.com/SON-Nogales/Tiendas-para-novias
Angelitos Boutique,Nogales,+52 631 000 0000,ND,ND,ND,https://mxfirmas.com/SON-Nogales/Tiendas-para-novias
Novias y Quinceaneras Óscar,Nogales,ND,ND,ND,ND,https://mxfirmas.com/SON-Nogales/Tiendas-para-novias
La Casa Del Disfráz,Navojoa,+52 642 421 4093,ND,ND,ND,https://mxfirmas.com/SON-Navojoa/Tiendas-para-novias
Ceremonias Sortilegio´s,Navojoa,+52 642 422 5898,ND,ND,ND,https://mxfirmas.com/SON-Navojoa/Tiendas-para-novias
de Novedades,Navojoa,+52 642 424 2038,ND,ND,ND,https://mxfirmas.com/SON-Navojoa/Tiendas-para-novias
Novias De Plata,Navojoa,ND,ND,ND,ND,https://mxfirmas.com/SON-Navojoa/Tiendas-para-novias
Novias Polanco,Navojoa,ND,ND,ND,ND,https://mxfirmas.com/SON-Navojoa/Tiendas-para-novias
RODRIGUEZ FELIX CLARA JANETH,Navojoa,+52 642 421 3015,ND,ND,ND,https://mxfirmas.com/SON-Navojoa/Tiendas-para-novias
"RAMIREZ CARDENAS, SALVADOR",Huatabampo,+52 647 426 3871,ND,ND,ND,https://mxfirmas.com/SON-Huatabampo/Tiendas-de-ropa-para-hombres
Diverty Kids,Puerto Peñasco,+52 638 107 5220,ND,ND,ND,https://mxfirmas.com/SON-Puerto-Penasco/Tiendas-para-novias
SON-CHIN TEXTIL S.A DE C.V.,Ciudad Obregón,+52 644 415 3636,ND,ND,ND,https://mxfirmas.com/SON-Ciudad-Obregon/Tiendas-de-ropa-para-hombres
Milano,Ciudad Obregón,ND,ND,ND,ND,https://mxfirmas.com/SON-Ciudad-Obregon/Tiendas-de-ropa-para-hombres
Tienda De Ropa Sin Nombre,Ciudad Obregón,ND,ND,ND,ND,https://mxfirmas.com/SON-Ciudad-Obregon/Tiendas-de-ropa-para-hombres
GRUPO PARISINA S.A DE C.V,Ciudad Obregón,ND,ND,ND,ND,https://mxfirmas.com/SON-Ciudad-Obregon/Tiendas-de-ropa-para-hombres
AYALA CASTILLO JUAN ADOLFO,Ciudad Obregón,+52 644 413 7122,ND,ND,ND,https://mxfirmas.com/SON-Ciudad-Obregon/Tiendas-de-ropa-para-ninos
"ARTICULOS KAYIANG, S.A. de C.V.",Ciudad Obregón,+52 644 413 2210,ND,ND,ND,https://mxfirmas.com/SON-Ciudad-Obregon/Tiendas-de-ropa-para-ninos
HURTADO BERRELLEZA BELEN,Ciudad Obregón,+52 644 445 4500,ND,ND,ND,https://mxfirmas.com/SON-Ciudad-Obregon/Tiendas-de-ropa-para-ninos
Chiqui & TUCA,Ciudad Obregón,+52 644 171 9055,ND,ND,ND,https://mxfirmas.com/SON-Ciudad-Obregon/Tiendas-de-ropa-para-ninos
"GARCIA MOLINA, ERNESTO",Ciudad Obregón,+52 644 415 4581,ND,ND,ND,https://mxfirmas.com/SON-Ciudad-Obregon/Tiendas-de-ropa-para-ninos
Angels Kid´s Boutique,Ciudad Obregón,+52 644 414 8306,ND,ND,ND,https://mxfirmas.com/SON-Ciudad-Obregon/Tiendas-de-ropa-para-ninos
Baby World,Ciudad Obregón,+52 644 413 8277,ND,ND,ND,https://mxfirmas.com/SON-Ciudad-Obregon/Tiendas-de-ropa-para-ninos
La Cuna Encantada,Ciudad Obregón,+52 644 413 9890,ND,ND,ND,https://mxfirmas.com/SON-Ciudad-Obregon/Tiendas-de-ropa-para-ninos
Littlegirls,Ciudad Obregón,+52 644 413 6650,ND,ND,ND,https://mxfirmas.com/SON-Ciudad-Obregon/Tiendas-de-ropa-para-ninos
Tienda De Ropa Niños Niñas,Ciudad Obregón,ND,ND,ND,ND,https://mxfirmas.com/SON-Ciudad-Obregon/Tiendas-de-ropa-para-ninos
Planet Kid,Ciudad Obregón,ND,ND,ND,ND,https://mxfirmas.com/SON-Ciudad-Obregon/Tiendas-de-ropa-para-ninos
Chavitos,Ciudad Obregón,ND,ND,ND,ND,https://mxfirmas.com/SON-Ciudad-Obregon/Tiendas-de-ropa-para-ninos
D Modas Niños,Ciudad Obregón,ND,ND,ND,ND,https://mxfirmas.com/SON-Ciudad-Obregon/Tiendas-de-ropa-para-ninos
Regalo Y Novedades Dany,Ciudad Obregón,ND,ND,ND,ND,https://mxfirmas.com/SON-Ciudad-Obregon/Tiendas-de-ropa-para-ninos
Tienda De Ropa,Hermosillo,+52 662 212 7049,ND,ND,ND,https://mxfirmas.com/SON-Hermosillo/Tiendas-de-ropa-de-bebe
Venta De Ropa Sin Nombre,Hermosillo,ND,ND,ND,ND,https://mxfirmas.com/SON-Hermosillo/Tiendas-de-ropa-de-bebe
Uniformes Berlin,Hermosillo,+52 662 216 0571,ND,ND,ND,https://mxfirmas.com/SON-Hermosillo/Tiendas-de-ropa-oriental
ESTRELLA ANDREA,Nogales,+52 631 313 1820,ND,ND,ND,https://mxfirmas.com/SON-Nogales/Ropa
"Sistemas Textiles, S.A. de C.V.",Nogales,+52 631 314 2543,ND,ND,ND,https://mxfirmas.com/SON-Nogales/Ropa
Artículos Militares Bordados El Centinela,Nogales,+52 631 352 0027,ND,ND,ND,https://mxfirmas.com/SON-Nogales/Ropa
Costura De Ropa Sin Nombre,Nogales,+52 631 312 8558,ND,ND,ND,https://mxfirmas.com/SON-Nogales/Ropa
"Bordados, Lonas Y Serigrafía Ara",Nogales,+52 631 320 0576,ND,ND,ND,https://mxfirmas.com/SON-Nogales/Ropa
Botas Fernandez,Nogales,+52 631 135 4330,ND,ND,ND,https://mxfirmas.com/SON-Nogales/Ropa
Confecciones Paloma,Nogales,+52 631 312 7499,ND,ND,ND,https://mxfirmas.com/SON-Nogales/Ropa
"Maquiladora Heritage de Mexico, S.A. de C.V.",Nogales,+52 631 314 2593,ND,ND,ND,https://mxfirmas.com/SON-Nogales/Ropa
Confecciones Alejandra,Nogales,+52 631 320 6070,ND,ND,ND,https://mxfirmas.com/SON-Nogales/Ropa
Confecciones Kidushim,Nogales,+52 631 125 3736,ND,ND,ND,https://mxfirmas.com/SON-Nogales/Ropa
Elegancia,Nogales,+52 631 304 3459,ND,ND,ND,https://mxfirmas.com/SON-Nogales/Ropa
"Romanzzino, S.A. de C.V.",Nogales,+52 631 313 8181,ND,ND,ND,https://mxfirmas.com/SON-Nogales/Ropa
Sastrería Sin Nombre,Nogales,+52 631 115 7512,ND,ND,ND,https://mxfirmas.com/SON-Nogales/Ropa
Sastrería Portofino,Nogales,+52 631 312 3450,ND,ND,ND,https://mxfirmas.com/SON-Nogales/Ropa
Mayra Jesus Olguin Avendano,Nogales,+52 631 312 3604,ND,ND,ND,https://mxfirmas.com/SON-Nogales/Ropa
"CALVILLO OROZCO, LUIS ALEJANDRO",Nogales,+52 631 314 2391,ND,ND,ND,https://mxfirmas.com/SON-Nogales/Ropa
Confección De Prendas De Vestir Sobre Medida Sin Nombre,Nogales,+52 631 111 8571,ND,ND,ND,https://mxfirmas.com/SON-Nogales/Ropa
Costuras De Blanca Rabago,Nogales,ND,ND,ND,ND,https://mxfirmas.com/SON-Nogales/Ropa
Costuras Sombras,Nogales,ND,ND,ND,ND,https://mxfirmas.com/SON-Nogales/Ropa
Bordados Z Y Z,Nogales,ND,ND,ND,ND,https://mxfirmas.com/SON-Nogales/Ropa
New Stilos,Nogales,ND,ND,ND,ND,https://mxfirmas.com/SON-Nogales/Ropa
Botas Reyna,Nogales,ND,ND,ND,ND,https://mxfirmas.com/SON-Nogales/Ropa
Taller De Costura,Nogales,ND,ND,ND,ND,https://mxfirmas.com/SON-Nogales/Ropa
Confecciones Maravillas,Nogales,ND,ND,ND,ND,https://mxfirmas.com/SON-Nogales/Ropa
Venta De Calzado Y Mochilas,Nogales,ND,ND,ND,ND,https://mxfirmas.com/SON-Nogales/Ropa
MERCADO DUARTE MARCELA,Nogales,+52 631 319 4119,ND,ND,ND,https://mxfirmas.com/SON-Nogales/Tiendas-de-uniformes
Soto Alvarado Floribeth,Nogales,+52 631 319 2511,ND,ND,ND,https://mxfirmas.com/SON-Nogales/Tiendas-de-uniformes
Central de Uniformes,Nogales,+52 631 319 0851,ND,ND,ND,https://mxfirmas.com/SON-Nogales/Tiendas-de-uniformes
UNIFORMES ESCOLARES PROFR D'ALVA-ROB,Nogales,+52 631 313 2059,ND,ND,ND,https://mxfirmas.com/SON-Nogales/Tiendas-de-uniformes
Uniformes Ramos,Nogales,+52 631 314 0440,ND,ND,ND,https://mxfirmas.com/SON-Nogales/Tiendas-de-uniformes
UNIFORMES Y BORDADOS PROFESIONALES DYEZ,Nogales,+52 631 312 6825,ND,ND,ND,https://mxfirmas.com/SON-Nogales/Tiendas-de-uniformes
VIVA SPORTSWEAR,Nogales,+52 631 316 2442,ND,ND,ND,https://mxfirmas.com/SON-Nogales/Tiendas-de-uniformes
Zavala Montiel Paul Ricardo,Nogales,+52 631 320 6039,ND,ND,ND,https://mxfirmas.com/SON-Nogales/Tiendas-de-uniformes
Navarro Ramirez Raul Edgardo,Nogales,+52 631 314 0608,ND,ND,ND,https://mxfirmas.com/SON-Nogales/Tiendas-de-uniformes
Unigraf,Nogales,+52 631 312 6078,ND,ND,ND,https://mxfirmas.com/SON-Nogales/Tiendas-de-uniformes
Bordados Promocionales Y MAS,Nogales,+52 631 209 9621,ND,ND,ND,https://mxfirmas.com/SON-Nogales/Tiendas-de-uniformes
MONREAL SANCHEZ RAMON ERNESTO,Nogales,+52 631 315 0027,ND,ND,ND,https://mxfirmas.com/SON-Nogales/Tiendas-de-uniformes
Michel's Renta de Trajes,Nogales,+52 631 313 7222,ND,ND,ND,https://mxfirmas.com/SON-Nogales/Tiendas-de-trajes
VALENZUELA OVIEDO ERIKA,Nogales,+52 631 312 1377,ND,ND,ND,https://mxfirmas.com/SON-Nogales/Tiendas-de-trajes
Disfraces Fantasy,Nogales,+52 631 104 1375,ND,ND,ND,https://mxfirmas.com/SON-Nogales/Tiendas-de-trajes
Regalos Estefania,Nogales,+52 631 312 1377,ND,ND,ND,https://mxfirmas.com/SON-Nogales/Tiendas-de-trajes
Venta De Ropa De Segunda Y Accesorios,Nogales,+52 631 999 3354,ND,ND,ND,https://mxfirmas.com/SON-Nogales/Tiendas-de-ropa-de-segunda-mano
Segunda De Ropa,Nogales,+52 631 000 0000,ND,ND,ND,https://mxfirmas.com/SON-Nogales/Tiendas-de-ropa-de-segunda-mano
Refresquería Y Ropa Usada,Nogales,+52 631 000 0000,ND,ND,ND,https://mxfirmas.com/SON-Nogales/Tiendas-de-ropa-de-segunda-mano
Venta De Ropa Y Comida,Nogales,+52 631 000 0000,ND,ND,ND,https://mxfirmas.com/SON-Nogales/Tiendas-de-ropa-de-segunda-mano
Venta De Calzado Deportivo Usado,Nogales,+52 631 319 1811,ND,ND,ND,https://mxfirmas.com/SON-Nogales/Tiendas-de-ropa-de-segunda-mano
Venta De Ropa De Segunda,Nogales,+52 631 313 8796,ND,ND,ND,https://mxfirmas.com/SON-Nogales/Tiendas-de-ropa-de-segunda-mano
Calidad En Segunda Venta De Ropa,Nogales,ND,ND,ND,ND,https://mxfirmas.com/SON-Nogales/Tiendas-de-ropa-de-segunda-mano
Ropa De Segunda Sin Nombre,Nogales,ND,ND,ND,ND,https://mxfirmas.com/SON-Nogales/Tiendas-de-ropa-de-segunda-mano
Venta De Artículos De Segunda Varios Sin Nombre,Nogales,ND,ND,ND,ND,https://mxfirmas.com/SON-Nogales/Tiendas-de-ropa-de-segunda-mano
Venta De Ropa Usada Para Niño Y Niña,Nogales,ND,ND,ND,ND,https://mxfirmas.com/SON-Nogales/Tiendas-de-ropa-de-segunda-mano
Bazar De Ropa Usada,Nogales,ND,ND,ND,ND,https://mxfirmas.com/SON-Nogales/Tiendas-de-ropa-de-segunda-mano
Puesto Venta De Segunda,Nogales,ND,ND,ND,ND,https://mxfirmas.com/SON-Nogales/Tiendas-de-ropa-de-segunda-mano
Puesto Mirtha Venta De Ropa,Nogales,ND,ND,ND,ND,https://mxfirmas.com/SON-Nogales/Tiendas-de-ropa-de-segunda-mano
Venta De Ropa De Segunda Y Artículos Gran Segunda Aqui Conosca,Nogales,ND,ND,ND,ND,https://mxfirmas.com/SON-Nogales/Tiendas-de-ropa-de-segunda-mano
Venta De Rop Apara Niños Y Juguetes,Nogales,ND,ND,ND,ND,https://mxfirmas.com/SON-Nogales/Tiendas-de-ropa-de-bebe
Smoking Junior Renta De Trajes,Nogales,+52 631 298 7843,ND,ND,ND,https://mxfirmas.com/SON-Nogales/Tiendas-de-esmoquines
Sensacion,Cananea,+52 645 101 2428,ND,ND,ND,https://mxfirmas.com/SON-Cananea/Tiendas-de-ropa-de-bebe
Novedades De Karlo,Cananea,+52 645 332 1251,ND,ND,ND,https://mxfirmas.com/SON-Cananea/Tiendas-de-ropa-de-bebe
Novedades Anver S.A. De C.V.,Cananea,+52 645 332 0575,ND,ND,ND,https://mxfirmas.com/SON-Cananea/Tiendas-de-ropa-de-bebe
Jazz Ropa Para Dama Y Caballero,Cananea,ND,ND,ND,ND,https://mxfirmas.com/SON-Cananea/Tiendas-de-ropa-de-bebe
"DIAZ CRUZ, VIOLETA",Cananea,+52 645 332 3752,ND,ND,ND,https://mxfirmas.com/SON-Cananea/Tiendas-de-ropa-oriental
"Icedo Rivera, Rosa Evelia",Cananea,+52 645 332 2660,ND,ND,ND,https://mxfirmas.com/SON-Cananea/Tiendas-de-ropa-oriental
"IDALI PILLADO TREJO, DINORA",Cananea,+52 645 332 4329,ND,ND,ND,https://mxfirmas.com/SON-Cananea/Tiendas-de-ropa-oriental
Tienda De Ropa,Santa Ana,ND,ND,ND,ND,https://mxfirmas.com/SON-Santa-Ana/Tiendas-de-ropa
MOTTA RUBALCAVA DONATO,Huatabampo,+52 647 426 4040,ND,ND,ND,https://mxfirmas.com/SON-Huatabampo/Ropas
The Original Neko Gift Shop,San Luis Río Colorado,+52 653 534 0775,ND,ND,ND,https://mxfirmas.com/SON-San-Luis-Rio-Colorado-Municipio/Tiendas-de-ropa-para-ninos
El Carrusel Ropa y Calzado,San Luis Río Colorado,+52 653 534 2421,ND,ND,ND,https://mxfirmas.com/SON-San-Luis-Rio-Colorado-Municipio/Tiendas-de-ropa-para-ninos
"Uni-Form Son, S.A. de C.V.",San Luis Río Colorado,+52 653 536 9878,ND,ND,ND,https://mxfirmas.com/SON-San-Luis-Rio-Colorado-Municipio/Tiendas-de-ropa-para-ninos
Novedades Isabel,San Luis Río Colorado,ND,ND,ND,ND,https://mxfirmas.com/SON-San-Luis-Rio-Colorado-Municipio/Tiendas-de-ropa-para-ninos
DUO NY,San Luis Río Colorado,+52 653 534 0607,ND,ND,ND,https://mxfirmas.com/SON-San-Luis-Rio-Colorado-Municipio/Tiendas-de-ropa-para-hombres
TUXEDOS JESS RAMOS LOPEZ ELVI,San Luis Río Colorado,+52 653 534 4578,ND,ND,ND,https://mxfirmas.com/SON-San-Luis-Rio-Colorado-Municipio/Tiendas-de-ropa-para-hombres
El Precio,San Luis Río Colorado,+52 653 534 4984,ND,ND,ND,https://mxfirmas.com/SON-San-Luis-Rio-Colorado-Municipio/Tiendas-de-ropa-para-hombres
Zapateria Durango Western,San Luis Río Colorado,+52 653 536 7234,ND,ND,ND,https://mxfirmas.com/SON-San-Luis-Rio-Colorado-Municipio/Tiendas-de-ropa-para-hombres
Sportmania 1,San Luis Río Colorado,+52 653 538 8670,ND,ND,ND,https://mxfirmas.com/SON-San-Luis-Rio-Colorado-Municipio/Tiendas-de-ropa-para-hombres
Zapateria El Zafiro,San Luis Río Colorado,+52 653 534 1837,ND,ND,ND,https://mxfirmas.com/SON-San-Luis-Rio-Colorado-Municipio/Tiendas-de-ropa-para-hombres
Modas y Novedades,San Luis Río Colorado,+52 653 534 6126,ND,ND,ND,https://mxfirmas.com/SON-San-Luis-Rio-Colorado-Municipio/Tiendas-de-ropa-para-hombres
Fajas,San Luis Río Colorado,ND,ND,ND,ND,https://mxfirmas.com/SON-San-Luis-Rio-Colorado-Municipio/Tiendas-de-ropa-para-hombres
Zapateria Iris,San Luis Río Colorado,ND,ND,ND,ND,https://mxfirmas.com/SON-San-Luis-Rio-Colorado-Municipio/Tiendas-de-ropa-para-hombres
Soccer Mania,San Luis Río Colorado,ND,ND,ND,ND,https://mxfirmas.com/SON-San-Luis-Rio-Colorado-Municipio/Tiendas-de-ropa-para-hombres
Zapateria Andy,San Luis Río Colorado,ND,ND,ND,ND,https://mxfirmas.com/SON-San-Luis-Rio-Colorado-Municipio/Tiendas-de-ropa-para-hombres
Zapateria Men,San Luis Río Colorado,ND,ND,ND,ND,https://mxfirmas.com/SON-San-Luis-Rio-Colorado-Municipio/Tiendas-de-ropa-para-hombres
Zapateria San Luis,San Luis Río Colorado,ND,ND,ND,ND,https://mxfirmas.com/SON-San-Luis-Rio-Colorado-Municipio/Tiendas-de-ropa-para-hombres
Modas dela obregon,San Luis Río Colorado,+52 653 129 7882,ND,ND,ND,https://mxfirmas.com/SON-San-Luis-Rio-Colorado/Tiendas-de-lenceria
Escena Tienda De Ropa,San Luis Río Colorado,+52 653 534 3133,ND,ND,ND,https://mxfirmas.com/SON-San-Luis-Rio-Colorado/Tiendas-de-lenceria
Novedades Judith,San Luis Río Colorado,+52 653 123 0129,ND,ND,ND,https://mxfirmas.com/SON-San-Luis-Rio-Colorado/Tiendas-de-lenceria
Mm Maxi Tienda De Ropa,San Luis Río Colorado,ND,ND,ND,ND,https://mxfirmas.com/SON-San-Luis-Rio-Colorado/Tiendas-de-lenceria
Deportes Ibarra,Navojoa,+52 642 422 6346,ND,ND,ND,https://mxfirmas.com/SON-Navojoa-Municipio/Tiendas-de-uniformes
Diseño Fabrica Uniformes Deportivos,Navojoa,+52 642 422 7387,ND,ND,ND,https://mxfirmas.com/SON-Navojoa-Municipio/Tiendas-de-uniformes
Uniformes y Deportes del Mayo,Navojoa,+52 642 422 4353,ND,ND,ND,https://mxfirmas.com/SON-Navojoa-Municipio/Tiendas-de-uniformes
Mas Deportes y Uniformes,Navojoa,+52 642 422 4353,ND,ND,ND,https://mxfirmas.com/SON-Navojoa-Municipio/Tiendas-de-uniformes
Costuras,Navojoa,+52 642 422 8792,ND,ND,ND,https://mxfirmas.com/SON-Navojoa-Municipio/Tiendas-de-uniformes
D-Kalex,Navojoa,+52 644 120 6259,ND,ND,ND,https://mxfirmas.com/SON-Navojoa-Municipio/Tiendas-de-uniformes
AGUILERA AGUIRRE DANIEL,Navojoa,+52 642 422 5210,ND,ND,ND,https://mxfirmas.com/SON-Navojoa-Municipio/Tiendas-de-uniformes
Taller Central De Uniformes,Navojoa,ND,ND,ND,ND,https://mxfirmas.com/SON-Navojoa-Municipio/Tiendas-de-uniformes
Uniformes Diana,Navojoa,ND,ND,ND,ND,https://mxfirmas.com/SON-Navojoa-Municipio/Tiendas-de-uniformes
Detalles Adicionales Hechos Por Rosy,Navojoa,ND,ND,ND,ND,https://mxfirmas.com/SON-Navojoa/Ropa
Diseño En Moda,Navojoa,ND,ND,ND,ND,https://mxfirmas.com/SON-Navojoa/Ropa
Disfraces Paola,Navojoa,ND,ND,ND,ND,https://mxfirmas.com/SON-Navojoa/Ropa
Venta De Tejidos Sin Nombre,Navojoa,ND,ND,ND,ND,https://mxfirmas.com/SON-Navojoa/Ropa
Costurera Carmen,Navojoa,ND,ND,ND,ND,https://mxfirmas.com/SON-Navojoa/Ropa
THE ONE SA DE CV,Navojoa,ND,ND,ND,ND,https://mxfirmas.com/SON-Navojoa/Ropa
Costurera Sin Nombre,Navojoa,ND,ND,ND,ND,https://mxfirmas.com/SON-Navojoa/Ropa
Mjs,Imuris,+52 632 106 3883,ND,ND,ND,https://mjs-3.ueniweb.com/
Tienda De Ropa Navaes,Imuris,+52 632 327 3896,ND,ND,ND,https://amp.mexicoo.mx/tienda-de-ropa-navaes-7183682
Azul Uniformes,Hermosillo,+52 662 220 15200,ND,ND,ND,https://eurek.mx/tiendas-de-ropa/sonora/
Fabrica de Calzado Andrea Sucursal Hermosillo,Hermosillo,+52 662 221 03171,ND,ND,ND,https://eurek.mx/zapaterias/sonora/
El Negro Hats,Hermosillo,+52 662 293 77734,ND,ND,ND,https://eurek.mx/zapaterias/sonora/
Botas el Zaino,Hermosillo,+52 662 221 37694,ND,ND,ND,https://eurek.mx/zapaterias/sonora/
Botas Emiliano,Hermosillo,+52 662 211 90505,ND,ND,ND,https://eurek.mx/zapaterias/sonora/
Brockman Boots,Hermosillo,+52 662 222 90619,ND,ND,ND,https://eurek.mx/zapaterias/sonora/
Calzado Merry,Hermosillo,+52 662 211 11401,ND,ND,ND,https://eurek.mx/zapaterias/sonora/
Ciara Zapateria,Hermosillo,+52 662 216 66463,ND,ND,ND,https://eurek.mx/zapaterias/sonora/
Dabal de Liz Zapateria,Hermosillo,+52 662 241 43342,ND,ND,ND,https://eurek.mx/zapaterias/sonora/
Esade Zapateria Bodega,Hermosillo,+52 662 214 60778,ND,ND,ND,https://eurek.mx/zapaterias/sonora/
Adalbertos Zapateria,Hermosillo,+52 663 132 6030,ND,ND,ND,https://eurek.mx/zapaterias/sonora/
Aria Shoes,Hermosillo,+52 662 235 96894,ND,ND,ND,https://eurek.mx/zapaterias/sonora/
Botas y Novedades Vizcarra,Hermosillo,+52 662 260 2999,ND,ND,ND,https://eurek.mx/zapaterias/sonora/
Borda Nova,Hermosillo,+52 662 246 10181,ND,ND,ND,https://eurek.mx/sastrerias/sonora/
Bordados Sr,Hermosillo,+52 662 222 98806,ND,ND,ND,https://eurek.mx/sastrerias/sonora/
Bordados y Mas,Hermosillo,+52 662 234 1117,ND,ND,ND,https://eurek.mx/sastrerias/sonora/
Bordados y Uniformes Hermosillo,Hermosillo,+52 662 214 06292,ND,ND,ND,https://eurek.mx/sastrerias/sonora/
Bordarte Uniformes,Hermosillo,+52 662 221 51501,ND,ND,ND,https://eurek.mx/sastrerias/sonora/
Borditex,Hermosillo,+52 662 222 40212,ND,ND,ND,https://eurek.mx/sastrerias/sonora/
Boutique Yesi,Hermosillo,+52 662 231 77247,ND,ND,ND,https://eurek.mx/sastrerias/sonora/
Claudia Rodriguez Xv Novias,Hermosillo,+52 662 215 72826,ND,ND,ND,https://eurek.mx/sastrerias/sonora/
Confección de Prendas de Vestir Sobre Medida,Hermosillo,+52 662 222 45726,ND,ND,ND,https://eurek.mx/sastrerias/sonora/
Costura Express,Hermosillo,+52 662 214 86225,ND,ND,ND,https://eurek.mx/sastrerias/sonora/
Costuras Express Gloria,Hermosillo,+52 662 211 93946,ND,ND,ND,https://eurek.mx/sastrerias/sonora/
Conejo Sport Uniformes Hermosillo,Hermosillo,+52 662 210 19170,ND,ND,ND,https://eurek.mx/tiendas-de-deportes/sonora/
Dportenis Dr Noriega,Hermosillo,+52 669 915 5300,ND,ND,ND,https://eurek.mx/tiendas-de-deportes/sonora/
Dportenis Elias Calles Hermosillo,Hermosillo,+52 669 915 5300,ND,ND,ND,https://eurek.mx/tiendas-de-deportes/sonora/
Dportenis Plaza Ley Sahuaro,Hermosillo,+52 669 915 5300,ND,ND,ND,https://eurek.mx/tiendas-de-deportes/sonora/
Dportenis Sendero Hermosillo,Hermosillo,+52 669 915 5300,ND,ND,ND,https://eurek.mx/tiendas-de-deportes/sonora/
Dpstreet Monterrey Hermosillo,Hermosillo,+52 669 915 5300,ND,ND,ND,https://eurek.mx/tiendas-de-deportes/sonora/
El Fisher Stone,Hermosillo,+52 662 238 63650,ND,ND,ND,https://eurek.mx/tiendas-de-deportes/sonora/
Anzueleando Pesca y Mas,Hermosillo,+52 662 218 02212,ND,ND,ND,https://eurek.mx/tiendas-de-deportes/sonora/
Central Pickleball Club,Hermosillo,+52 662 282 6262,ND,ND,ND,https://eurek.mx/tiendas-de-deportes/sonora/
Fisher Store,Hermosillo,+52 662 238 63650,ND,ND,ND,https://eurek.mx/tiendas-de-deportes/sonora/
Gorilas Esport Uniformes Deportivos Suursal Norte,Hermosillo,+52 662 241 07342,ND,ND,ND,https://eurek.mx/tiendas-de-deportes/sonora/
Annel Sports Wear,Hermosillo,+52 662 212 40862,ND,ND,ND,https://eurek.mx/tiendas-de-deportes/sonora/
Novedades Richel,Nacozari de García,ND,ND,ND,ND,https://guiamexican.com/actividad-economica/comercio-al-por-menor/nacozari-de-garcia
Retro Style,Nacozari de García,ND,ND,ND,ND,https://guiamexican.com/actividad-economica/comercio-al-por-menor/nacozari-de-garcia
Boutique 501,Nacozari de García,ND,ND,ND,ND,https://guiamexican.com/actividad-economica/comercio-al-por-menor/nacozari-de-garcia
Ady's Boutique,Hermosillo,ND,ND,ND,ND,https://www.zonacomercial.com.mx/hermosillo/categoria/ropa-y-boutiques/
JA Boutique,Hermosillo,ND,ND,ND,ND,https://www.zonacomercial.com.mx/hermosillo/categoria/ropa-y-boutiques/
MAHA,Hermosillo,ND,ND,ND,ND,https://www.zonacomercial.com.mx/hermosillo/categoria/ropa-y-boutiques/
Ce Boutique fábrica de ropa,Hermosillo,ND,ND,ND,ND,https://www.zonacomercial.com.mx/hermosillo/categoria/ropa-y-boutiques/
Catalina by Moonac Boutique,Hermosillo,ND,ND,ND,ND,https://www.zonacomercial.com.mx/hermosillo/categoria/ropa-y-boutiques/
GALAXIA,Hermosillo,ND,ND,ND,ND,https://www.zonacomercial.com.mx/hermosillo/categoria/ropa-y-boutiques/
La Roca,Hermosillo,ND,ND,ND,ND,https://www.zonacomercial.com.mx/hermosillo/categoria/ropa-y-boutiques/
Koko Boutique,Hermosillo,ND,ND,ND,ND,https://www.zonacomercial.com.mx/hermosillo/categoria/ropa-y-boutiques/
El Rinconcito Boutique,Hermosillo,ND,ND,ND,ND,https://www.zonacomercial.com.mx/hermosillo/categoria/ropa-y-boutiques/
Mundo americano,Hermosillo,ND,ND,ND,ND,https://www.zonacomercial.com.mx/hermosillo/categoria/ropa-y-boutiques/
Balanna México,Hermosillo,ND,ND,ND,ND,https://www.zonacomercial.com.mx/hermosillo/categoria/ropa-y-boutiques/
GatoNegro.ConceptStore,Hermosillo,ND,ND,ND,ND,https://www.zonacomercial.com.mx/hermosillo/categoria/ropa-y-boutiques/
Valma Show Room,Hermosillo,ND,ND,ND,ND,https://www.zonacomercial.com.mx/hermosillo/categoria/ropa-y-boutiques/
Luma Collection,Hermosillo,ND,ND,ND,ND,https://www.zonacomercial.com.mx/hermosillo/categoria/ropa-y-boutiques/
Tzaira Villegas Boutique,Hermosillo,ND,ND,ND,ND,https://www.zonacomercial.com.mx/hermosillo/categoria/ropa-y-boutiques/
My Secret boutique,Hermosillo,ND,ND,ND,ND,https://www.zonacomercial.com.mx/hermosillo/categoria/ropa-y-boutiques/
Magnolia Concept Store Hermosillo,Hermosillo,ND,ND,ND,ND,https://www.zonacomercial.com.mx/hermosillo/categoria/ropa-y-boutiques/
Sanfri Le Femme,Hermosillo,ND,ND,ND,ND,https://www.zonacomercial.com.mx/hermosillo/categoria/ropa-y-boutiques/
Pretty Woman Boutique,Nogales,ND,ND,ND,ND,https://www.zonacomercial.com.mx/nogales/categoria/ropa-y-boutiques/
Angie Fashionista Boutique,Nogales,ND,ND,ND,ND,https://www.zonacomercial.com.mx/nogales/categoria/ropa-y-boutiques/
Richard’s tienda de ropa,Nogales,ND,ND,ND,ND,https://www.zonacomercial.com.mx/nogales/categoria/ropa-y-boutiques/
i love pink,Nogales,ND,ND,ND,ND,https://www.zonacomercial.com.mx/nogales/categoria/ropa-y-boutiques/
Mode Bolsas y Mas,Nogales,ND,ND,ND,ND,https://www.zonacomercial.com.mx/nogales/categoria/ropa-y-boutiques/
D&D boutique,Nogales,ND,ND,ND,ND,https://www.zonacomercial.com.mx/nogales/categoria/ropa-y-boutiques/
TrendyBags Boutique,Nogales,ND,ND,ND,ND,https://www.zonacomercial.com.mx/nogales/categoria/ropa-y-boutiques/
GGS boutiquee,Nogales,ND,ND,ND,ND,https://www.zonacomercial.com.mx/nogales/categoria/ropa-y-boutiques/
Magnolia Concept Store,Nogales,ND,ND,ND,ND,https://www.zonacomercial.com.mx/nogales/categoria/ropa-y-boutiques/
Boutique celaya's one,Nogales,ND,ND,ND,ND,https://www.zonacomercial.com.mx/nogales/categoria/ropa-y-boutiques/
MC BOUTIQUE,Nogales,ND,ND,ND,ND,https://www.zonacomercial.com.mx/nogales/categoria/ropa-y-boutiques/
Marian´s Martínez,Nogales,ND,ND,ND,ND,https://www.zonacomercial.com.mx/nogales/categoria/ropa-y-boutiques/
Deluxe Concept Store,Nogales,ND,ND,ND,ND,https://www.zonacomercial.com.mx/nogales/categoria/ropa-y-boutiques/
Valencia by Shangel,Nogales,ND,ND,ND,ND,https://www.zonacomercial.com.mx/nogales/categoria/ropa-y-boutiques/
Roluv Nogales,Nogales,ND,ND,ND,ND,https://www.zonacomercial.com.mx/nogales/categoria/ropa-y-boutiques/
Wiwis Recuerdos y Ropones,Nogales,ND,ND,ND,ND,https://www.zonacomercial.com.mx/nogales/categoria/ropa-y-boutiques/
G & P Boutique,Nogales,ND,ND,ND,ND,https://www.zonacomercial.com.mx/nogales/categoria/ropa-y-boutiques/
El Baúl de Sebastian,Nogales,ND,ND,ND,ND,https://www.zonacomercial.com.mx/nogales/categoria/ropa-y-boutiques/
Tienda Opalo's,Nogales,ND,ND,ND,ND,https://www.zonacomercial.com.mx/nogales/categoria/ropa-y-boutiques/
Mary's boutique y mas,Nogales,ND,ND,ND,ND,https://www.zonacomercial.com.mx/nogales/categoria/ropa-y-boutiques/
Frederick Internacional Fajas y Brassier,Ciudad Obregón,ND,ND,ND,ND,https://www.zonacomercial.com.mx/ciudad-obregon/categoria/ropa-y-boutiques/
Costura Express,Ciudad Obregón,ND,ND,ND,ND,https://www.zonacomercial.com.mx/ciudad-obregon/categoria/ropa-y-boutiques/
Botas el MEZQUITE,Ciudad Obregón,ND,ND,ND,ND,https://www.zonacomercial.com.mx/ciudad-obregon/categoria/ropa-y-boutiques/
SexySex,Ciudad Obregón,ND,ND,ND,ND,https://www.zonacomercial.com.mx/ciudad-obregon/categoria/ropa-y-boutiques/
La Casa del Vaquero,Ciudad Obregón,ND,ND,ND,ND,https://www.zonacomercial.com.mx/ciudad-obregon/categoria/ropa-y-boutiques/
CEREMONIAS BOUTIQUE Y BABYS BAZAR,Ciudad Obregón,ND,ND,ND,ND,https://www.zonacomercial.com.mx/ciudad-obregon/categoria/ropa-y-boutiques/
Pantalones de dama y caballero y mas San Luis R.C (ANDEL),San Luis Río Colorado,ND,ND,ND,ND,https://www.zonacomercial.com.mx/san-luis-rio-colorado/categoria/ropa-y-boutiques/
Ig Boutique,San Luis Río Colorado,ND,ND,ND,ND,https://www.zonacomercial.com.mx/san-luis-rio-colorado/categoria/ropa-y-boutiques/
Lexa boutique,San Luis Río Colorado,ND,ND,ND,ND,https://www.zonacomercial.com.mx/san-luis-rio-colorado/categoria/ropa-y-boutiques/
Karina jeans y más san Luis,San Luis Río Colorado,ND,ND,ND,ND,https://www.zonacomercial.com.mx/san-luis-rio-colorado/categoria/ropa-y-boutiques/
Boutique De Todo Un Poco,San Luis Río Colorado,ND,ND,ND,ND,https://www.zonacomercial.com.mx/san-luis-rio-colorado/categoria/ropa-y-boutiques/
Monadely store,San Luis Río Colorado,ND,ND,ND,ND,https://www.zonacomercial.com.mx/san-luis-rio-colorado/categoria/ropa-y-boutiques/
Fetch Boutique,San Luis Río Colorado,ND,ND,ND,ND,https://www.zonacomercial.com.mx/san-luis-rio-colorado/categoria/ropa-y-boutiques/
Modas Y Novedades - Tienda de Ropa,San Luis Río Colorado,ND,ND,ND,ND,https://www.zonacomercial.com.mx/san-luis-rio-colorado/categoria/ropa-y-boutiques/
SS SAN LUIS RIO COLORADO SONORA,San Luis Río Colorado,ND,ND,ND,ND,https://www.zonacomercial.com.mx/san-luis-rio-colorado/categoria/ropa-y-boutiques/
San Luis Centro,San Luis Río Colorado,ND,ND,ND,ND,https://www.zonacomercial.com.mx/san-luis-rio-colorado/categoria/ropa-y-boutiques/
AMOR A LO MEXICANO BOUTIQUE,San Luis Río Colorado,ND,ND,ND,ND,https://www.zonacomercial.com.mx/san-luis-rio-colorado/categoria/ropa-y-boutiques/
isijara boutique,San Luis Río Colorado,ND,ND,ND,ND,https://www.zonacomercial.com.mx/san-luis-rio-colorado/categoria/ropa-y-boutiques/
The Rock Shop,San Luis Río Colorado,ND,ND,ND,ND,https://www.zonacomercial.com.mx/san-luis-rio-colorado/categoria/ropa-y-boutiques/
Urban San Luis,San Luis Río Colorado,ND,ND,ND,ND,https://www.zonacomercial.com.mx/san-luis-rio-colorado/categoria/ropa-y-boutiques/
Bonetería El Baratero,San Luis Río Colorado,ND,ND,ND,ND,https://www.zonacomercial.com.mx/san-luis-rio-colorado/categoria/ropa-y-boutiques/
No'Ash Boutique,San Luis Río Colorado,ND,ND,ND,ND,https://www.zonacomercial.com.mx/san-luis-rio-colorado/categoria/ropa-y-boutiques/
Camisetas Lamanita,San Luis Río Colorado,ND,ND,ND,ND,https://www.zonacomercial.com.mx/san-luis-rio-colorado/categoria/ropa-y-boutiques/
Colectivo Tierra Sonora,San Luis Río Colorado,ND,ND,ND,ND,https://www.zonacomercial.com.mx/san-luis-rio-colorado/categoria/ropa-y-boutiques/
Solana boutique,San Luis Río Colorado,ND,ND,ND,ND,https://www.zonacomercial.com.mx/san-luis-rio-colorado/categoria/ropa-y-boutiques/
Sherman Morgan Navojoa,Navojoa,ND,ND,ND,ND,https://www.zonacomercial.com.mx/navojoa/ropa-y-boutiques/mapa/
Emma Boutique,Navojoa,ND,ND,ND,ND,https://www.zonacomercial.com.mx/navojoa/ropa-y-boutiques/mapa/
Gabriella’s Boutique,Navojoa,ND,ND,ND,ND,https://www.zonacomercial.com.mx/navojoa/ropa-y-boutiques/mapa/
M & M Isabel,Navojoa,ND,ND,ND,ND,https://www.zonacomercial.com.mx/navojoa/ropa-y-boutiques/mapa/
Angar Concept Store,Navojoa,ND,ND,ND,ND,https://www.zonacomercial.com.mx/navojoa/ropa-y-boutiques/mapa/
K&G FASHION STORE CENTRO,Navojoa,ND,ND,ND,ND,https://www.zonacomercial.com.mx/navojoa/ropa-y-boutiques/mapa/
Gavas Boutique,Navojoa,ND,ND,ND,ND,https://www.zonacomercial.com.mx/navojoa/ropa-y-boutiques/mapa/
K&G FASHION STORE,Navojoa,ND,ND,ND,ND,https://www.zonacomercial.com.mx/navojoa/ropa-y-boutiques/mapa/
dpstreet Guerrero,Navojoa,ND,ND,ND,ND,https://www.zonacomercial.com.mx/navojoa/ropa-y-boutiques/mapa/
New Era Navojoa,Navojoa,ND,ND,ND,ND,https://www.zonacomercial.com.mx/navojoa/ropa-y-boutiques/mapa/
Forever Pink,Navojoa,ND,ND,ND,ND,https://www.zonacomercial.com.mx/navojoa/ropa-y-boutiques/mapa/
Ana Lindas Boutique,Navojoa,ND,ND,ND,ND,https://www.zonacomercial.com.mx/navojoa/ropa-y-boutiques/mapa/
Ana'S,Guaymas,ND,ND,ND,ND,https://www.zonacomercial.com.mx/guaymas/ropa-y-boutiques/mapa/
Cklass,Guaymas,ND,ND,ND,ND,https://www.zonacomercial.com.mx/guaymas/ropa-y-boutiques/mapa/
Winky,Guaymas,ND,ND,ND,ND,https://www.zonacomercial.com.mx/guaymas/ropa-y-boutiques/mapa/
oem boutique,Guaymas,ND,ND,ND,ND,https://www.zonacomercial.com.mx/guaymas/ropa-y-boutiques/mapa/
PerraModa,Guaymas,ND,ND,ND,ND,https://www.zonacomercial.com.mx/guaymas/ropa-y-boutiques/mapa/
El Arte del Moño,Guaymas,ND,ND,ND,ND,https://www.zonacomercial.com.mx/guaymas/ropa-y-boutiques/mapa/
Princess Boutique,Guaymas,ND,ND,ND,ND,https://www.zonacomercial.com.mx/guaymas/ropa-y-boutiques/mapa/
AMOUR - Concept store and Beauty,Guaymas,ND,ND,ND,ND,https://www.zonacomercial.com.mx/guaymas/ropa-y-boutiques/mapa/
RENTA DE VESTIDOS LAS FLORES,Guaymas,ND,ND,ND,ND,https://www.zonacomercial.com.mx/guaymas/ropa-y-boutiques/mapa/
Costuras Gema,Guaymas,ND,ND,ND,ND,https://www.zonacomercial.com.mx/guaymas/ropa-y-boutiques/mapa/
Aj Jeans Guaymas,Guaymas,ND,ND,ND,ND,https://www.zonacomercial.com.mx/guaymas/ropa-y-boutiques/mapa/
Bonare,Guaymas,ND,ND,ND,ND,https://www.zonacomercial.com.mx/guaymas/ropa-y-boutiques/mapa/
All In Concept Store,Guaymas,ND,ND,ND,ND,https://www.zonacomercial.com.mx/guaymas/ropa-y-boutiques/mapa/
Mexsa Tenis Boutique,Guaymas,ND,ND,ND,ND,https://www.zonacomercial.com.mx/guaymas/ropa-y-boutiques/mapa/
Ilusión Women's Fashions,Puerto Peñasco,ND,ND,ND,ND,https://www.zonacomercial.com.mx/puerto-penasco/ropa-y-boutiques/mapa/
BREEZY BOHEMIAN,Puerto Peñasco,ND,ND,ND,ND,https://www.zonacomercial.com.mx/puerto-penasco/ropa-y-boutiques/mapa/
Ab Modaculichii,Puerto Peñasco,ND,ND,ND,ND,https://www.zonacomercial.com.mx/puerto-penasco/ropa-y-boutiques/mapa/
Petite boutique,Puerto Peñasco,ND,ND,ND,ND,https://www.zonacomercial.com.mx/puerto-penasco/ropa-y-boutiques/mapa/
LIFE FOX,Puerto Peñasco,ND,ND,ND,ND,https://www.zonacomercial.com.mx/puerto-penasco/ropa-y-boutiques/mapa/
BOUTIQUE MIS BERRINCHES,Puerto Peñasco,ND,ND,ND,ND,https://www.zonacomercial.com.mx/puerto-penasco/ropa-y-boutiques/mapa/
DHASLANI,Puerto Peñasco,ND,ND,ND,ND,https://www.zonacomercial.com.mx/puerto-penasco/ropa-y-boutiques/mapa/
Athena’s Designer Boutique,Puerto Peñasco,ND,ND,ND,ND,https://www.zonacomercial.com.mx/puerto-penasco/ropa-y-boutiques/mapa/
glo boutique,Puerto Peñasco,ND,ND,ND,ND,https://www.zonacomercial.com.mx/puerto-penasco/ropa-y-boutiques/mapa/
D'Gala Renta de Vestidos,Puerto Peñasco,ND,ND,ND,ND,https://www.zonacomercial.com.mx/puerto-penasco/ropa-y-boutiques/mapa/
Creaciones & ceremonias Monserrat's,Puerto Peñasco,ND,ND,ND,ND,https://www.zonacomercial.com.mx/puerto-penasco/ropa-y-boutiques/mapa/
Plaza Fabiola Boutique,Puerto Peñasco,ND,ND,ND,ND,https://www.zonacomercial.com.mx/puerto-penasco/ropa-y-boutiques/mapa/
Dulce Boutique Infantil,Puerto Peñasco,ND,ND,ND,ND,https://www.zonacomercial.com.mx/puerto-penasco/ropa-y-boutiques/mapa/
KIDS PLACE,Puerto Peñasco,ND,ND,ND,ND,https://www.zonacomercial.com.mx/puerto-penasco/ropa-y-boutiques/mapa/
La H Ropa Para Hombre,Hermosillo,ND,ND,ND,ND,https://www.zonacomercial.com.mx/top/ropa-y-boutiques/en/hermosillo/
Grand Kino Hermosillo,Hermosillo,ND,ND,ND,ND,https://www.zonacomercial.com.mx/top/ropa-y-boutiques/en/hermosillo/
Botas Del Pitic,Hermosillo,ND,ND,ND,ND,https://www.zonacomercial.com.mx/top/ropa-y-boutiques/en/hermosillo/
MODA BONITA,Hermosillo,ND,ND,ND,ND,https://www.zonacomercial.com.mx/top/ropa-y-boutiques/en/hermosillo/
Inercia Boutique Sucursal Morelos,Hermosillo,ND,ND,ND,ND,https://www.zonacomercial.com.mx/top/ropa-y-boutiques/en/hermosillo/
Club Fiesta,Hermosillo,ND,ND,ND,ND,https://www.zonacomercial.com.mx/top/ropa-y-boutiques/en/hermosillo/
Cuidado Con el Perro Hermosillo Centro,Hermosillo,ND,ND,ND,ND,https://www.zonacomercial.com.mx/top/ropa-y-boutiques/en/hermosillo/
Vertiche Hermosillo,Hermosillo,ND,ND,ND,ND,https://www.zonacomercial.com.mx/top/ropa-y-boutiques/en/hermosillo/
City Center PITIC,Hermosillo,ND,ND,ND,ND,https://www.zonacomercial.com.mx/top/ropa-y-boutiques/en/hermosillo/
Woolworth,Hermosillo,ND,ND,ND,ND,https://www.zonacomercial.com.mx/top/ropa-y-boutiques/en/hermosillo/
Coppel Camino del Seri,Hermosillo,ND,ND,ND,ND,https://www.zonacomercial.com.mx/top/ropa-y-boutiques/en/hermosillo/
Bodega de Ropa SONTEX,Hermosillo,ND,ND,ND,ND,https://www.zonacomercial.com.mx/top/ropa-y-boutiques/en/hermosillo/
Plaza D'Ale-Gar,Hermosillo,ND,ND,ND,ND,https://www.zonacomercial.com.mx/top/ropa-y-boutiques/en/hermosillo/
C&A,Hermosillo,ND,ND,ND,ND,https://www.zonacomercial.com.mx/top/ropa-y-boutiques/en/hermosillo/
Pull&Bear,Hermosillo,ND,ND,ND,ND,https://www.zonacomercial.com.mx/top/ropa-y-boutiques/en/hermosillo/
MANTOVA,Hermosillo,ND,ND,ND,ND,https://www.zonacomercial.com.mx/top/ropa-y-boutiques/en/hermosillo/
Yazbek Hermosillo,Hermosillo,ND,ND,ND,ND,https://www.zonacomercial.com.mx/top/ropa-y-boutiques/en/hermosillo/
La Casa del Vaquero,Hermosillo,ND,ND,ND,ND,https://www.zonacomercial.com.mx/top/ropa-y-boutiques/en/hermosillo/
UNIFORMES D'Ale-Gar,Hermosillo,ND,ND,ND,ND,https://www.zonacomercial.com.mx/top/ropa-y-boutiques/en/hermosillo/
DIVA FASHION BOUTIQUE,Hermosillo,ND,ND,ND,ND,https://www.zonacomercial.com.mx/hermosillo/diva-fashion-boutique/
dpstreet,Hermosillo,ND,ND,ND,ND,https://www.zonacomercial.com.mx/hermosillo/dpstreet/
SHOES ZONE NAVOJOA,Navojoa,ND,ND,ND,ND,https://www.zonacomercial.com.mx/navojoa/shoes-zone-navojoa/
D Ocasiones,San Luis Río Colorado,ND,ND,ND,ND,https://www.zonacomercial.com.mx/san-luis-rio-colorado/d-ocasiones/
ZERO Concept Store,Guaymas,ND,ND,ND,ND,https://www.zonacomercial.com.mx/guaymas/zero-concept-store/
Occasions Boutique,Hermosillo,ND,ND,ND,ND,https://www.zonacomercial.com.mx/top/ropa-y-boutiques/en/hermosillo/
Mayoreo Textil,Hermosillo,ND,ND,ND,ND,https://www.zonacomercial.com.mx/top/ropa-y-boutiques/en/hermosillo/
General de Uniformes - Matriz,Hermosillo,ND,ND,ND,ND,https://www.zonacomercial.com.mx/top/ropa-y-boutiques/en/hermosillo/
dportenis Elias Calles,Hermosillo,ND,ND,ND,ND,https://www.zonacomercial.com.mx/top/ropa-y-boutiques/en/hermosillo/
Uniformes Hermosillo UNITAM,Hermosillo,ND,ND,ND,ND,https://www.zonacomercial.com.mx/top/ropa-y-boutiques/en/hermosillo/
General De Uniformes Suc. Hermosillo,Hermosillo,ND,ND,ND,ND,https://www.zonacomercial.com.mx/top/ropa-y-boutiques/en/hermosillo/
dportenis Miguel Alemán,Guaymas,ND,ND,ND,ND,https://www.zonacomercial.com.mx/guaymas/ropa-y-boutiques/mapa/
RA SHOP,Guaymas,ND,ND,ND,ND,https://www.zonacomercial.com.mx/guaymas/ropa-y-boutiques/mapa/
Mercado Táctico,Guaymas,ND,ND,ND,ND,https://www.zonacomercial.com.mx/guaymas/ropa-y-boutiques/mapa/
Junior's Boutique,Guaymas,ND,ND,ND,ND,https://www.zonacomercial.com.mx/guaymas/ropa-y-boutiques/mapa/
Ovandos,Guaymas,ND,ND,ND,ND,https://www.zonacomercial.com.mx/guaymas/ropa-y-boutiques/mapa/
Playeras Manolo,Guaymas,ND,ND,ND,ND,https://www.zonacomercial.com.mx/guaymas/ropa-y-boutiques/mapa/
UNIMEX,Guaymas,ND,ND,ND,ND,https://www.zonacomercial.com.mx/guaymas/ropa-y-boutiques/mapa/
Woolworth,Guaymas,ND,ND,ND,ND,https://www.zonacomercial.com.mx/guaymas/ropa-y-boutiques/mapa/
Ilusión,Guaymas,ND,ND,ND,ND,https://www.zonacomercial.com.mx/guaymas/ropa-y-boutiques/mapa/
Trajes y Uniformes Zavala,Guaymas,ND,ND,ND,ND,https://www.zonacomercial.com.mx/guaymas/ropa-y-boutiques/mapa/
Taggers,Guaymas,ND,ND,ND,ND,https://www.zonacomercial.com.mx/guaymas/ropa-y-boutiques/mapa/
Cuidado Con Las Curvas,Guaymas,ND,ND,ND,ND,https://www.zonacomercial.com.mx/guaymas/ropa-y-boutiques/mapa/
Plaza de Hierro,Navojoa,ND,ND,ND,ND,https://www.zonacomercial.com.mx/top/ropa-y-boutiques/en/navojoa/
Cuidado Con el Perro Navojoa Centro,Navojoa,ND,ND,ND,ND,https://www.zonacomercial.com.mx/top/ropa-y-boutiques/en/navojoa/
Suburbia,Navojoa,ND,ND,ND,ND,https://www.zonacomercial.com.mx/top/ropa-y-boutiques/en/navojoa/
C&A,Navojoa,ND,ND,ND,ND,https://www.zonacomercial.com.mx/top/ropa-y-boutiques/en/navojoa/
Woolworth,Navojoa,ND,ND,ND,ND,https://www.zonacomercial.com.mx/top/ropa-y-boutiques/en/navojoa/
dportenis No Reelección,Navojoa,ND,ND,ND,ND,https://www.zonacomercial.com.mx/top/ropa-y-boutiques/en/navojoa/
Emmanuel Jacott Ropa y Accesorios,Navojoa,ND,ND,ND,ND,https://www.zonacomercial.com.mx/top/ropa-y-boutiques/en/navojoa/
FashionRose,Navojoa,ND,ND,ND,ND,https://www.zonacomercial.com.mx/top/ropa-y-boutiques/en/navojoa/
Metropolitan,Navojoa,ND,ND,ND,ND,https://www.zonacomercial.com.mx/top/ropa-y-boutiques/en/navojoa/
BAZAR Sanchez,Navojoa,ND,ND,ND,ND,https://www.zonacomercial.com.mx/top/ropa-y-boutiques/en/navojoa/
Paulette Boutique,Hermosillo,ND,ND,ND,ND,https://www.zonacomercial.com.mx/hermosillo/ropa-y-boutiques/mapa/
LA TIA AMEIZING,Hermosillo,ND,ND,ND,ND,https://www.zonacomercial.com.mx/hermosillo/ropa-y-boutiques/mapa/
Monett Boutique & Art,Hermosillo,ND,ND,ND,ND,https://www.zonacomercial.com.mx/hermosillo/ropa-y-boutiques/mapa/
MAMBA BOUTIQUE,Hermosillo,ND,ND,ND,ND,https://www.zonacomercial.com.mx/hermosillo/ropa-y-boutiques/mapa/
Uniformes y Bordados HMO193,Hermosillo,ND,ND,ND,ND,https://www.zonacomercial.com.mx/hermosillo/ropa-y-boutiques/mapa/
Angelitos Boutique,Hermosillo,ND,ND,ND,ND,https://www.zonacomercial.com.mx/hermosillo/ropa-y-boutiques/mapa/
PEPS Saldos Y Remates Suc. Olvera 24,Hermosillo,ND,ND,ND,ND,https://www.zonacomercial.com.mx/hermosillo/ropa-y-boutiques/mapa/
TALLER DE COSTURA YESI VZLA,Hermosillo,ND,ND,ND,ND,https://www.zonacomercial.com.mx/hermosillo/ropa-y-boutiques/mapa/
Van Dis Boutique,Hermosillo,ND,ND,ND,ND,https://www.zonacomercial.com.mx/hermosillo/ropa-y-boutiques/mapa/
Ropa tallas grandes Hermosillo XL OUTFIT,Hermosillo,ND,ND,ND,ND,https://www.zonacomercial.com.mx/hermosillo/ropa-y-boutiques/mapa/
Botas El Nogalense,Hermosillo,ND,ND,ND,ND,https://www.zonacomercial.com.mx/hermosillo/ropa-y-boutiques/mapa/
MILO BOUTIQUE COLOSIO,Hermosillo,ND,ND,ND,ND,https://www.zonacomercial.com.mx/hermosillo/ropa-y-boutiques/mapa/
Chocolate Boutique Sucursal Guerrero,Hermosillo,ND,ND,ND,ND,https://www.zonacomercial.com.mx/hermosillo/ropa-y-boutiques/mapa/
excess,Hermosillo,ND,ND,ND,ND,https://www.zonacomercial.com.mx/hermosillo/ropa-y-boutiques/mapa/
Mónica bencomo BOUTIQUE,Hermosillo,ND,ND,ND,ND,https://www.zonacomercial.com.mx/hermosillo/ropa-y-boutiques/mapa/
TIENDA EL PASO,Hermosillo,ND,ND,ND,ND,https://www.zonacomercial.com.mx/hermosillo/ropa-y-boutiques/mapa/
Balam Guayaberas,Hermosillo,ND,ND,ND,ND,https://www.zonacomercial.com.mx/hermosillo/ropa-y-boutiques/mapa/
Ivanna Great Closet Centro,Hermosillo,ND,ND,ND,ND,https://www.zonacomercial.com.mx/hermosillo/ropa-y-boutiques/mapa/
Frida Kahlo 01,Hermosillo,ND,ND,ND,ND,https://www.zonacomercial.com.mx/hermosillo/ropa-y-boutiques/mapa/
Trajes de México (San Benito),Hermosillo,ND,ND,ND,ND,https://www.zonacomercial.com.mx/hermosillo/ropa-y-boutiques/mapa/
GH FASHION,Hermosillo,ND,ND,ND,ND,https://www.zonacomercial.com.mx/hermosillo/ropa-y-boutiques/mapa/
Bartolinis outfit rental y accesorios,Hermosillo,ND,ND,ND,ND,https://www.zonacomercial.com.mx/hermosillo/ropa-y-boutiques/mapa/
Luna BoutiqueHMO,Hermosillo,ND,ND,ND,ND,https://www.zonacomercial.com.mx/hermosillo/ropa-y-boutiques/mapa/
Jailyne moda en linea Bodega mayorista,Hermosillo,ND,ND,ND,ND,https://www.zonacomercial.com.mx/hermosillo/ropa-y-boutiques/mapa/
Eclectishop,Hermosillo,ND,ND,ND,ND,https://www.zonacomercial.com.mx/hermosillo/ropa-y-boutiques/mapa/
ROPA MAYOREO KAREM,Hermosillo,ND,ND,ND,ND,https://www.zonacomercial.com.mx/hermosillo/ropa-y-boutiques/mapa/
Gorramania,Hermosillo,ND,ND,ND,ND,https://www.zonacomercial.com.mx/hermosillo/ropa-y-boutiques/mapa/
Sfera,Hermosillo,ND,ND,ND,ND,https://www.zonacomercial.com.mx/hermosillo/ropa-y-boutiques/mapa/
LOB - Galerías Sonora,Hermosillo,ND,ND,ND,ND,https://www.zonacomercial.com.mx/hermosillo/ropa-y-boutiques/mapa/
Cuidado con las Curvas HMO,Hermosillo,ND,ND,ND,ND,https://www.zonacomercial.com.mx/hermosillo/ropa-y-boutiques/mapa/
Los trapitos de mi closet,Hermosillo,ND,ND,ND,ND,https://www.zonacomercial.com.mx/hermosillo/ropa-y-boutiques/mapa/
Sonora Boutique Flor de Capomo Matriz,Hermosillo,ND,ND,ND,ND,https://www.zonacomercial.com.mx/hermosillo/ropa-y-boutiques/mapa/
BOUTIQUE ENIGMA,Hermosillo,ND,ND,ND,ND,https://www.zonacomercial.com.mx/hermosillo/ropa-y-boutiques/mapa/
KIARA,Hermosillo,ND,ND,ND,ND,https://www.zonacomercial.com.mx/hermosillo/ropa-y-boutiques/mapa/
D’Karen Boutique,Hermosillo,ND,ND,ND,ND,https://www.zonacomercial.com.mx/hermosillo/ropa-y-boutiques/mapa/
Aliah Dress Room,Hermosillo,ND,ND,ND,ND,https://www.zonacomercial.com.mx/hermosillo/ropa-y-boutiques/mapa/
1997 Vintage Hermosillo,Hermosillo,ND,ND,ND,ND,https://www.zonacomercial.com.mx/hermosillo/ropa-y-boutiques/mapa/
Excess Boutique Plaza Ley Sahuaro,Hermosillo,ND,ND,ND,ND,https://www.zonacomercial.com.mx/hermosillo/ropa-y-boutiques/mapa/
Como la Flor Boutique,Hermosillo,ND,ND,ND,ND,https://www.zonacomercial.com.mx/hermosillo/ropa-y-boutiques/mapa/
"Distribuidora de Ropa Hermosillo - Burton Flores, Juan Alberto",Hermosillo,ND,ND,ND,ND,https://www.zonacomercial.com.mx/hermosillo/ropa-y-boutiques/mapa/
Urbanna,Hermosillo,ND,ND,ND,ND,https://www.zonacomercial.com.mx/hermosillo/ropa-y-boutiques/mapa/
Ropa de los chinos,Hermosillo,ND,ND,ND,ND,https://www.zonacomercial.com.mx/hermosillo/ropa-y-boutiques/mapa/
BANCO DE ROPA DE HERMOSILLO IAP,Hermosillo,ND,ND,ND,ND,https://www.zonacomercial.com.mx/hermosillo/ropa-y-boutiques/mapa/
15.52 OUTLET STORE,Hermosillo,ND,ND,ND,ND,https://www.zonacomercial.com.mx/hermosillo/ropa-y-boutiques/mapa/
OK Uniformes,Hermosillo,ND,ND,ND,ND,https://www.zonacomercial.com.mx/hermosillo/ropa-y-boutiques/mapa/
Snap Uniformes,Hermosillo,ND,ND,ND,ND,https://www.zonacomercial.com.mx/hermosillo/ropa-y-boutiques/mapa/
Vélum Bridal Atelier,Hermosillo,ND,ND,ND,ND,https://www.zonacomercial.com.mx/hermosillo/ropa-y-boutiques/mapa/
JOPER,Hermosillo,ND,ND,ND,ND,https://www.zonacomercial.com.mx/hermosillo/ropa-y-boutiques/mapa/
Juventus Designs,Hermosillo,ND,ND,ND,ND,https://www.zonacomercial.com.mx/hermosillo/ropa-y-boutiques/mapa/
ZONJA,Hermosillo,ND,ND,ND,ND,https://www.zonacomercial.com.mx/hermosillo/ropa-y-boutiques/mapa/
Paoomar boutique,Hermosillo,ND,ND,ND,ND,https://www.zonacomercial.com.mx/hermosillo/ropa-y-boutiques/mapa/
Shasa,Hermosillo,ND,ND,ND,ND,https://www.zonacomercial.com.mx/hermosillo/ropa-y-boutiques/mapa/
Inercia Boutique Sucursal Matamoros,Hermosillo,ND,ND,ND,ND,https://www.zonacomercial.com.mx/hermosillo/ropa-y-boutiques/mapa/
ACHIU Sucursal Morelia,Hermosillo,ND,ND,ND,ND,https://www.zonacomercial.com.mx/hermosillo/ropa-y-boutiques/mapa/
Optima-Hermosillo,Hermosillo,ND,ND,ND,ND,https://www.zonacomercial.com.mx/hermosillo/ropa-y-boutiques/mapa/
Elsa Boutique,Hermosillo,ND,ND,ND,ND,https://www.zonacomercial.com.mx/hermosillo/ropa-y-boutiques/mapa/
Optima Playeras - Hermosillo,Hermosillo,ND,ND,ND,ND,https://www.zonacomercial.com.mx/hermosillo/ropa-y-boutiques/mapa/
ALMACENES Camarena,Hermosillo,ND,ND,ND,ND,https://www.zonacomercial.com.mx/hermosillo/ropa-y-boutiques/mapa/
Uniformes Gallantdale Hermosillo,Hermosillo,ND,ND,ND,ND,https://www.zonacomercial.com.mx/hermosillo/ropa-y-boutiques/mapa/
Sombreros El Chero,Hermosillo,ND,ND,ND,ND,https://www.zonacomercial.com.mx/hermosillo/ropa-y-boutiques/mapa/
El Chero Tienda de ropa Vaquera,Hermosillo,ND,ND,ND,ND,https://www.zonacomercial.com.mx/hermosillo/ropa-y-boutiques/mapa/
GLAMOUR Boutique,Hermosillo,ND,ND,ND,ND,https://www.zonacomercial.com.mx/hermosillo/ropa-y-boutiques/mapa/
Botas Old - West,Hermosillo,ND,ND,ND,ND,https://www.zonacomercial.com.mx/hermosillo/ropa-y-boutiques/mapa/
Cynthia Mujeres & Moda,Hermosillo,ND,ND,ND,ND,https://www.zonacomercial.com.mx/hermosillo/ropa-y-boutiques/mapa/
Kelder,Hermosillo,ND,ND,ND,ND,https://www.zonacomercial.com.mx/hermosillo/ropa-y-boutiques/mapa/
LA LAGUNILLA DE SONORA,Hermosillo,ND,ND,ND,ND,https://www.zonacomercial.com.mx/hermosillo/ropa-y-boutiques/mapa/
Gorras Alamos Hermosillo,Hermosillo,ND,ND,ND,ND,https://www.zonacomercial.com.mx/hermosillo/ropa-y-boutiques/mapa/
MAJA Galerías Hermosillo,Hermosillo,ND,ND,ND,ND,https://www.zonacomercial.com.mx/hermosillo/ropa-y-boutiques/mapa/
Mona,Hermosillo,ND,ND,ND,ND,https://www.zonacomercial.com.mx/hermosillo/ropa-y-boutiques/mapa/
YoLoQuieroTallasExtras,Hermosillo,ND,ND,ND,ND,https://www.zonacomercial.com.mx/hermosillo/ropa-y-boutiques/mapa/
Airman Hermosillo,Hermosillo,ND,ND,ND,ND,https://www.zonacomercial.com.mx/hermosillo/ropa-y-boutiques/mapa/
EL GORDO,Hermosillo,ND,ND,ND,ND,https://www.zonacomercial.com.mx/hermosillo/ropa-y-boutiques/mapa/
ESCRUPULOS BOUTIQUE,Hermosillo,ND,ND,ND,ND,https://www.zonacomercial.com.mx/hermosillo/ropa-y-boutiques/mapa/
Cocó Jolie renta y venta de vestidos,Hermosillo,ND,ND,ND,ND,https://www.zonacomercial.com.mx/hermosillo/ropa-y-boutiques/mapa/
Maru.K Dress,Hermosillo,ND,ND,ND,ND,https://www.zonacomercial.com.mx/hermosillo/ropa-y-boutiques/mapa/
Mr boutique maria regina,Hermosillo,ND,ND,ND,ND,https://www.zonacomercial.com.mx/hermosillo/ropa-y-boutiques/mapa/
Inercia Boutique Sucursal Galerias,Hermosillo,ND,ND,ND,ND,https://www.zonacomercial.com.mx/hermosillo/ropa-y-boutiques/mapa/
Pavi Italy,Hermosillo,ND,ND,ND,ND,https://www.zonacomercial.com.mx/hermosillo/ropa-y-boutiques/mapa/
Stephany Fe Ro,Hermosillo,ND,ND,ND,ND,https://www.zonacomercial.com.mx/hermosillo/ropa-y-boutiques/mapa/
Second Shop,Hermosillo,ND,ND,ND,ND,https://www.zonacomercial.com.mx/hermosillo/ropa-y-boutiques/mapa/
Cuadra,Hermosillo,ND,ND,ND,ND,https://www.zonacomercial.com.mx/hermosillo/ropa-y-boutiques/mapa/
Aldo Conti,Hermosillo,ND,ND,ND,ND,https://www.zonacomercial.com.mx/hermosillo/ropa-y-boutiques/mapa/
trueKiDS,Hermosillo,ND,ND,ND,ND,https://www.zonacomercial.com.mx/hermosillo/ropa-y-boutiques/mapa/
Outlet Levi's® Hermosillo,Hermosillo,ND,ND,ND,ND,https://www.zonacomercial.com.mx/hermosillo/ropa-y-boutiques/mapa/
TORNADO,Hermosillo,ND,ND,ND,ND,https://www.zonacomercial.com.mx/hermosillo/ropa-y-boutiques/mapa/
Lady Selenes Ropa Interior,Hermosillo,ND,ND,ND,ND,https://www.zonacomercial.com.mx/hermosillo/ropa-y-boutiques/mapa/
ELECZION Tu decides,Hermosillo,ND,ND,ND,ND,https://www.zonacomercial.com.mx/hermosillo/ropa-y-boutiques/mapa/
RENTA Y VENTA DE VESTIDOS Danya Colecciones,Hermosillo,ND,ND,ND,ND,https://www.zonacomercial.com.mx/hermosillo/ropa-y-boutiques/mapa/
Velvet Clothing,Hermosillo,ND,ND,ND,ND,https://www.zonacomercial.com.mx/hermosillo/ropa-y-boutiques/mapa/
dpstreet Hermosillo Matamoros,Hermosillo,ND,ND,ND,ND,https://www.zonacomercial.com.mx/hermosillo/ropa-y-boutiques/mapa/
Makakos Clothing Hermosillo,Hermosillo,ND,ND,ND,ND,https://www.zonacomercial.com.mx/hermosillo/ropa-y-boutiques/mapa/
Myrnelli Boutique,Hermosillo,ND,ND,ND,ND,https://www.zonacomercial.com.mx/hermosillo/ropa-y-boutiques/mapa/
Springfield,Hermosillo,ND,ND,ND,ND,https://www.zonacomercial.com.mx/hermosillo/ropa-y-boutiques/mapa/
adidas Store Hermosillo,Hermosillo,ND,ND,ND,ND,https://www.zonacomercial.com.mx/hermosillo/ropa-y-boutiques/mapa/
Vianey boutique HMO,Hermosillo,ND,ND,ND,ND,https://www.zonacomercial.com.mx/hermosillo/ropa-y-boutiques/mapa/
Boga·Mx Tendencias Match,Hermosillo,ND,ND,ND,ND,https://www.zonacomercial.com.mx/hermosillo/ropa-y-boutiques/mapa/
Aprils Look,Hermosillo,ND,ND,ND,ND,https://www.zonacomercial.com.mx/hermosillo/ropa-y-boutiques/mapa/
Ilusión,Hermosillo,ND,ND,ND,ND,https://www.zonacomercial.com.mx/hermosillo/ropa-y-boutiques/mapa/
Secretos Lencería,Hermosillo,ND,ND,ND,ND,https://www.zonacomercial.com.mx/hermosillo/ropa-y-boutiques/mapa/
La wrangler,Hermosillo,ND,ND,ND,ND,https://www.zonacomercial.com.mx/hermosillo/ropa-y-boutiques/mapa/
Suburbia,Hermosillo,ND,ND,ND,ND,https://www.zonacomercial.com.mx/hermosillo/ropa-y-boutiques/mapa/
EGAR ROPA PARA HOMBRE,Hermosillo,ND,ND,ND,ND,https://www.zonacomercial.com.mx/hermosillo/ropa-y-boutiques/mapa/
Quinta Avenida,Hermosillo,ND,ND,ND,ND,https://www.zonacomercial.com.mx/hermosillo/ropa-y-boutiques/mapa/
Casa Toledo,Hermosillo,ND,ND,ND,ND,https://www.zonacomercial.com.mx/hermosillo/ropa-y-boutiques/mapa/
Uniformes Florence,San Luis Río Colorado,ND,ND,ND,ND,https://www.zonacomercial.com.mx/san-luis-rio-colorado/ropa-y-boutiques/mapa/
LA MEJOR,San Luis Río Colorado,ND,ND,ND,ND,https://www.zonacomercial.com.mx/san-luis-rio-colorado/ropa-y-boutiques/mapa/
Vertiche,San Luis Río Colorado,ND,ND,ND,ND,https://www.zonacomercial.com.mx/san-luis-rio-colorado/ropa-y-boutiques/mapa/
DKEY BOUTIQUE,San Luis Río Colorado,ND,ND,ND,ND,https://www.zonacomercial.com.mx/san-luis-rio-colorado/ropa-y-boutiques/mapa/
El Carrusel,San Luis Río Colorado,ND,ND,ND,ND,https://www.zonacomercial.com.mx/san-luis-rio-colorado/ropa-y-boutiques/mapa/
UTOPIA,San Luis Río Colorado,ND,ND,ND,ND,https://www.zonacomercial.com.mx/san-luis-rio-colorado/ropa-y-boutiques/mapa/
London Love Tienda De Ropa,San Luis Río Colorado,ND,ND,ND,ND,https://www.zonacomercial.com.mx/san-luis-rio-colorado/ropa-y-boutiques/mapa/
El Armario De Ana,San Luis Río Colorado,ND,ND,ND,ND,https://www.zonacomercial.com.mx/san-luis-rio-colorado/ropa-y-boutiques/mapa/
Marca Patito,San Luis Río Colorado,ND,ND,ND,ND,https://www.zonacomercial.com.mx/san-luis-rio-colorado/ropa-y-boutiques/mapa/
Utopía Boutique,San Luis Río Colorado,ND,ND,ND,ND,https://www.zonacomercial.com.mx/san-luis-rio-colorado/ropa-y-boutiques/mapa/
SK Men,San Luis Río Colorado,ND,ND,ND,ND,https://www.zonacomercial.com.mx/san-luis-rio-colorado/ropa-y-boutiques/mapa/
Coppel Canada Fco. I. Madero,San Luis Río Colorado,ND,ND,ND,ND,https://www.zonacomercial.com.mx/san-luis-rio-colorado/ropa-y-boutiques/mapa/
Maximoda Dama y Caballero,San Luis Río Colorado,ND,ND,ND,ND,https://www.zonacomercial.com.mx/san-luis-rio-colorado/ropa-y-boutiques/mapa/
Dianas Fashion,San Luis Río Colorado,ND,ND,ND,ND,https://www.zonacomercial.com.mx/san-luis-rio-colorado/ropa-y-boutiques/mapa/
Bazar El Arabe,San Luis Río Colorado,ND,ND,ND,ND,https://www.zonacomercial.com.mx/san-luis-rio-colorado/ropa-y-boutiques/mapa/
Infantiles Alicia,San Luis Río Colorado,ND,ND,ND,ND,https://www.zonacomercial.com.mx/san-luis-rio-colorado/ropa-y-boutiques/mapa/
La Especial,San Luis Río Colorado,ND,ND,ND,ND,https://www.zonacomercial.com.mx/san-luis-rio-colorado/ropa-y-boutiques/mapa/
GLAM KIDS,San Luis Río Colorado,ND,ND,ND,ND,https://www.zonacomercial.com.mx/san-luis-rio-colorado/ropa-y-boutiques/mapa/
E Glamour,San Luis Río Colorado,ND,ND,ND,ND,https://www.zonacomercial.com.mx/san-luis-rio-colorado/ropa-y-boutiques/mapa/
Milano San Luis Rio Colorado,San Luis Río Colorado,ND,ND,ND,ND,https://www.zonacomercial.com.mx/san-luis-rio-colorado/ropa-y-boutiques/mapa/
TODO SHEIN (TS SHOWROOM),San Luis Río Colorado,ND,ND,ND,ND,https://www.zonacomercial.com.mx/san-luis-rio-colorado/ropa-y-boutiques/mapa/
Mi Showroom mx,San Luis Río Colorado,ND,ND,ND,ND,https://www.zonacomercial.com.mx/san-luis-rio-colorado/ropa-y-boutiques/mapa/
Any pam,Hermosillo,ND,ND,ND,ND,https://www.zonacomercial.com.mx/hermosillo/ropa-y-boutiques/mapa/
Outlet Levis Hermosillo,Hermosillo,ND,ND,ND,ND,https://www.zonacomercial.com.mx/hermosillo/ropa-y-boutiques/mapa/
Happy kids boutique,Navojoa,ND,ND,ND,ND,https://www.zonacomercial.com.mx/navojoa/ropa-y-boutiques/mapa/
V Outfit,Navojoa,ND,ND,ND,ND,https://www.zonacomercial.com.mx/navojoa/ropa-y-boutiques/mapa/
KALÉ mx,Navojoa,ND,ND,ND,ND,https://www.zonacomercial.com.mx/navojoa/ropa-y-boutiques/mapa/
MAJA Navojoa,Navojoa,ND,ND,ND,ND,https://www.zonacomercial.com.mx/navojoa/ropa-y-boutiques/mapa/
Magic Boutique Para Niños,Navojoa,ND,ND,ND,ND,https://www.zonacomercial.com.mx/navojoa/ropa-y-boutiques/mapa/
Fiance Boutique de Novias y Quinceañeras,Navojoa,ND,ND,ND,ND,https://www.zonacomercial.com.mx/navojoa/ropa-y-boutiques/mapa/
Moditex Navojoa,Navojoa,ND,ND,ND,ND,https://www.zonacomercial.com.mx/navojoa/ropa-y-boutiques/mapa/
Yaya Bazar,Navojoa,ND,ND,ND,ND,https://www.zonacomercial.com.mx/navojoa/ropa-y-boutiques/mapa/
Importación buways,Navojoa,ND,ND,ND,ND,https://www.zonacomercial.com.mx/navojoa/ropa-y-boutiques/mapa/
Atria Concept Store,Navojoa,ND,ND,ND,ND,https://www.zonacomercial.com.mx/navojoa/ropa-y-boutiques/mapa/
El Armario de Lou,Navojoa,ND,ND,ND,ND,https://www.zonacomercial.com.mx/navojoa/ropa-y-boutiques/mapa/
Metropolitan Morelos,Navojoa,ND,ND,ND,ND,https://www.zonacomercial.com.mx/navojoa/ropa-y-boutiques/mapa/
Almacenes García de México,Navojoa,ND,ND,ND,ND,https://www.zonacomercial.com.mx/navojoa/ropa-y-boutiques/mapa/
Fashion Paradise,Navojoa,ND,ND,ND,ND,https://www.zonacomercial.com.mx/navojoa/ropa-y-boutiques/mapa/
Deportes Olimpia,Navojoa,ND,ND,ND,ND,https://www.zonacomercial.com.mx/navojoa/ropa-y-boutiques/mapa/
Milano 2,Navojoa,ND,ND,ND,ND,https://www.zonacomercial.com.mx/navojoa/ropa-y-boutiques/mapa/
Romo renta de vestidos,Navojoa,ND,ND,ND,ND,https://www.zonacomercial.com.mx/navojoa/ropa-y-boutiques/mapa/
Liverpool Express,Navojoa,ND,ND,ND,ND,https://www.zonacomercial.com.mx/navojoa/ropa-y-boutiques/mapa/
El Vaquero Elegante,Navojoa,ND,ND,ND,ND,https://www.zonacomercial.com.mx/navojoa/ropa-y-boutiques/mapa/
KABA SHOWROOM,Navojoa,ND,ND,ND,ND,https://www.zonacomercial.com.mx/navojoa/ropa-y-boutiques/mapa/
Elegance,Navojoa,ND,ND,ND,ND,https://www.zonacomercial.com.mx/navojoa/ropa-y-boutiques/mapa/
beky's fashion,Navojoa,ND,ND,ND,ND,https://www.zonacomercial.com.mx/navojoa/ropa-y-boutiques/mapa/
MV SHOP,Navojoa,ND,ND,ND,ND,https://www.zonacomercial.com.mx/navojoa/ropa-y-boutiques/mapa/
Ximena Ropa Y Calzad0,Caborca,ND,ND,ND,ND,https://guiamexican.com/tiendas-de-ropa/caborca
Venta De Ropa Y Elaboración Y Venta De Comida,Caborca,ND,ND,ND,ND,https://guiamexican.com/tiendas-de-ropa/caborca
Maximodas,Caborca,ND,ND,ND,ND,https://guiamexican.com/tiendas-de-ropa/caborca
Tienda Mass,Caborca,ND,ND,ND,ND,https://rankeando.com/municipios/caborca-son/industrias/ropa
Sensacion,Caborca,ND,ND,ND,ND,https://rankeando.com/municipios/caborca-son/industrias/ropa
Puesto de Ropa,Caborca,ND,ND,ND,ND,https://rankeando.com/municipios/caborca-son/industrias/ropa
Quinta Avenida Boutique,Caborca,ND,ND,ND,ND,https://rankeando.com/municipios/caborca-son/industrias/ropa
Tienda de Ropa,Caborca,ND,ND,ND,ND,https://rankeando.com/municipios/caborca-son/industrias/ropa
Top Shop,Caborca,ND,ND,ND,ND,https://rankeando.com/municipios/caborca-son/industrias/ropa
La Moda Boutique,Caborca,ND,ND,ND,ND,https://rankeando.com/municipios/caborca-son/industrias/ropa
Novedades Alondra,Caborca,ND,ND,ND,ND,https://rankeando.com/municipios/caborca-son/industrias/ropa
Novedades Chelys,Caborca,ND,ND,ND,ND,https://rankeando.com/municipios/caborca-son/industrias/ropa
Novedades Jhocker´s,Caborca,ND,ND,ND,ND,https://rankeando.com/municipios/caborca-son/industrias/ropa
Novedades y Regalos Karla,Caborca,ND,ND,ND,ND,https://rankeando.com/municipios/caborca-son/industrias/ropa
Anas Venta de Ropa,Caborca,ND,ND,ND,ND,https://rankeando.com/municipios/caborca-son/industrias/ropa
Roki Import,Caborca,ND,ND,ND,ND,https://rankeando.com/municipios/caborca-son/industrias/ropa
Stilos,Caborca,ND,ND,ND,ND,https://rankeando.com/municipios/caborca-son/industrias/ropa
Venta de Pacas,Caborca,ND,ND,ND,ND,https://rankeando.com/municipios/caborca-son/industrias/ropa
Codigo Jjj,Caborca,ND,ND,ND,ND,https://rankeando.com/municipios/caborca-son/industrias/ropa
D Fashion,Caborca,ND,ND,ND,ND,https://rankeando.com/municipios/caborca-son/industrias/ropa
Fiive Boutique,Caborca,ND,ND,ND,ND,https://rankeando.com/municipios/caborca-son/industrias/ropa
Foxs,Caborca,ND,ND,ND,ND,https://rankeando.com/municipios/caborca-son/industrias/ropa
Novedades de Angel,Caborca,ND,ND,ND,ND,https://rankeando.com/municipios/caborca-son/industrias/ropa
Novedades Karines,Caborca,ND,ND,ND,ND,https://rankeando.com/municipios/caborca-son/industrias/ropa
Novedades Lupita,Caborca,ND,ND,ND,ND,https://rankeando.com/municipios/caborca-son/industrias/ropa
Novedades Lupitas,Caborca,ND,ND,ND,ND,https://rankeando.com/municipios/caborca-son/industrias/ropa
Novedades Tavitas,Caborca,ND,ND,ND,ND,https://rankeando.com/municipios/caborca-son/industrias/ropa
Ropa para Dama Niños y Caballeros,Caborca,ND,ND,ND,ND,https://rankeando.com/municipios/caborca-son/industrias/ropa
Stefany Boutique,Caborca,ND,ND,ND,ND,https://rankeando.com/municipios/caborca-son/industrias/ropa
Trends,Caborca,ND,ND,ND,ND,https://rankeando.com/municipios/caborca-son/industrias/ropa
El Caballero Elegante,Caborca,ND,ND,ND,ND,https://rankeando.com/municipios/caborca-son/industrias/ropa
Fashion Frayda,Caborca,ND,ND,ND,ND,https://rankeando.com/municipios/caborca-son/industrias/ropa
Bárbaras Boutique,Agua Prieta,ND,ND,ND,ND,https://mx.eldirectorio.co/empresas/agua%2Bprieta/tienda%2Bde%2Bropa
Ropa Para Niños,Agua Prieta,ND,ND,ND,ND,https://mx.eldirectorio.co/empresas/agua%2Bprieta/tienda%2Bde%2Bropa
Ardyss Internacional,Agua Prieta,ND,ND,ND,ND,https://mx.eldirectorio.co/empresas/agua%2Bprieta/tienda%2Bde%2Bropa
S Luxury Boutique,Cananea,ND,ND,ND,ND,https://encuentre-abierto.com.mx/cananea-cananea/venta-de-ropa-y-accesorios
Little Baby Todo Para Bebes,Cananea,ND,ND,ND,ND,https://encuentre-abierto.com.mx/cananea-cananea/venta-de-ropa-y-accesorios
Myla Greene Boutique,Cananea,ND,ND,ND,ND,https://encuentre-abierto.com.mx/cananea-cananea/venta-de-ropa-y-accesorios
Kalzapato,Cananea,ND,ND,ND,ND,https://encuentre-abierto.com.mx/cananea-cananea/venta-de-ropa-y-accesorios
Expo Zapatera d’ León Gto.,Cananea,ND,ND,ND,ND,https://www.findglocal.com/MX/Cananea/155884-6
Ddorly sthephany ventas,Cananea,ND,ND,ND,ND,https://www.findglocal.com/MX/Cananea/155884-6
Little Boutique,Cananea,ND,ND,ND,ND,https://www.findglocal.com/MX/Cananea/155884-6
Felpa,Cananea,ND,ND,ND,ND,https://www.findglocal.com/MX/Cananea/155884-6
My Dress Cananea,Cananea,ND,ND,ND,ND,https://www.findglocal.com/MX/Cananea/155884-6
Mi bazarcito,Cananea,ND,ND,ND,ND,https://www.findglocal.com/MX/Cananea/155884-6
Boutique Saida Valles,Cananea,ND,ND,ND,ND,https://www.findglocal.com/MX/Cananea/155884-6
Bella boutique,Cananea,ND,ND,ND,ND,https://www.findglocal.com/MX/Cananea/155884-6
Vaquero Caps,Cananea,ND,ND,ND,ND,https://www.findglocal.com/MX/Cananea/155884-6
Kayros SHOES,Cananea,ND,ND,ND,ND,https://www.findglocal.com/MX/Cananea/155884-6
New Concept Store,Cananea,ND,ND,ND,ND,https://www.findglocal.com/MX/Cananea/155884-6
EGOZ Moda,Cananea,ND,ND,ND,ND,https://www.findglocal.com/MX/Cananea/155884-6
Andelii renta de vestidos,Cananea,ND,ND,ND,ND,https://www.findglocal.com/MX/Cananea/155884-6
Paolaa's Clothing Cananea,Cananea,ND,ND,ND,ND,https://www.findglocal.com/MX/Cananea/155884-6
ZenAris Store,Cananea,ND,ND,ND,ND,https://www.findglocal.com/MX/Cananea/155884-6
Ventas Jireh,Cananea,ND,ND,ND,ND,https://www.findglocal.com/MX/Cananea/155884-6
Segunda JIREH,Cananea,ND,ND,ND,ND,https://www.findglocal.com/MX/Cananea/155884-6
Lilii's Ropa & Accesorios Unisex,Cananea,ND,ND,ND,ND,https://www.findglocal.com/MX/Cananea/155884-6
Arleth renta de vestidos,Cananea,ND,ND,ND,ND,https://www.findglocal.com/MX/Cananea/155884-6
The Sock Store - Cananea,Cananea,ND,ND,ND,ND,https://www.findglocal.com/MX/Cananea/155884-6
Beta Moda,Cananea,ND,ND,ND,ND,https://www.findglocal.com/MX/Cananea/155884-6
Supernova Cananea,Cananea,ND,ND,ND,ND,https://www.findglocal.com/MX/Cananea/155884-6
Cananea Jeans,Cananea,ND,ND,ND,ND,https://www.findglocal.com/MX/Cananea/155884-6
Meow Bazar,Cananea,ND,ND,ND,ND,https://www.findglocal.com/MX/Cananea/155884-6
Amaïa Sosa Moda Femenina,Cananea,ND,ND,ND,ND,https://www.findglocal.com/MX/Cananea/155884-6
Tienda Susy,Nacozari de García,ND,ND,ND,ND,https://mexicoo.mx/empresas/sonora/nacozari-de-garcia
Alexa Boutique,Huatabampo,ND,ND,ND,ND,https://guiamexican.com/tiendas-de-ropa/huatabampo/page/2
Boutique Bonita,Huatabampo,ND,ND,ND,ND,https://guiamexican.com/tiendas-de-ropa/huatabampo/page/2
Boutique Divas,Huatabampo,ND,ND,ND,ND,https://guiamexican.com/tiendas-de-ropa/huatabampo/page/2
Boutique Fanny,Huatabampo,ND,ND,ND,ND,https://guiamexican.com/tiendas-de-ropa/huatabampo/page/2
Boutique Margaritas,Huatabampo,ND,ND,ND,ND,https://guiamexican.com/tiendas-de-ropa/huatabampo/page/2
Crom,Huatabampo,ND,ND,ND,ND,https://guiamexican.com/tiendas-de-ropa/huatabampo/page/2
La Tiendita,Huatabampo,ND,ND,ND,ND,https://guiamexican.com/tiendas-de-ropa/huatabampo/page/2
Mercy,Huatabampo,ND,ND,ND,ND,https://guiamexican.com/tiendas-de-ropa/huatabampo/page/2
Novedades Jazmin,Huatabampo,ND,ND,ND,ND,https://guiamexican.com/tiendas-de-ropa/huatabampo/page/2
Novedades Lupita,Huatabampo,ND,ND,ND,ND,https://guiamexican.com/tiendas-de-ropa/huatabampo/page/2
Novedades Rocio,Huatabampo,ND,ND,ND,ND,https://guiamexican.com/tiendas-de-ropa/huatabampo/page/2
Novedades Rosita,Huatabampo,ND,ND,ND,ND,https://guiamexican.com/tiendas-de-ropa/huatabampo/page/2
Modas Grecia,Huatabampo,ND,ND,ND,ND,https://guiamexican.com/tiendas-de-ropa/huatabampo/page/2
Novedades Aleyda,Huatabampo,ND,ND,ND,ND,https://guiamexican.com/tiendas-de-ropa/huatabampo/page/2
Detalles Diana,Huatabampo,ND,ND,ND,ND,https://guiamexican.com/tiendas-de-ropa/huatabampo/page/2
Novedades Luzma,Huatabampo,ND,ND,ND,ND,https://guiamexican.com/tiendas-de-ropa/huatabampo/page/2
Super Modas Niños,Huatabampo,ND,ND,ND,ND,https://guiamexican.com/tiendas-de-ropa/huatabampo/page/2
Tienda De Ropa Con Estelita,Huatabampo,ND,ND,ND,ND,https://guiamexican.com/tiendas-de-ropa/huatabampo/page/2
Novadades Lula,Huatabampo,ND,ND,ND,ND,https://guiamexican.com/tiendas-de-ropa/huatabampo/page/2
Puesto L Y Ll Regalos Rosita,Huatabampo,ND,ND,ND,ND,https://guiamexican.com/tiendas-de-ropa/huatabampo/page/3
203 Sensacion,Huatabampo,ND,ND,ND,ND,https://guiamexican.com/tiendas-de-ropa/huatabampo/page/3
Vaqueros Y Vaqueritos,Huatabampo,ND,ND,ND,ND,https://guiamexican.com/tiendas-de-ropa/huatabampo/page/3
Boys,Huatabampo,ND,ND,ND,ND,https://guiamexican.com/tiendas-de-ropa/huatabampo/page/3
Magnolias,Huatabampo,ND,ND,ND,ND,https://guiamexican.com/tiendas-de-ropa/huatabampo/page/3
Modas Bruth,Huatabampo,ND,ND,ND,ND,https://guiamexican.com/tiendas-de-ropa/huatabampo/page/3
Detalles,Huatabampo,ND,ND,ND,ND,https://guiamexican.com/tiendas-de-ropa/huatabampo/page/3
Tienda De Ropa Y Accesorios,Huatabampo,ND,ND,ND,ND,https://guiamexican.com/tiendas-de-ropa/huatabampo/page/3
Levivola,Huatabampo,ND,ND,ND,ND,https://guiamexican.com/tiendas-de-ropa/huatabampo/page/3
El Adorno,Huatabampo,ND,ND,ND,ND,https://guiamexican.com/tiendas-de-ropa/huatabampo/page/3
Babys Fashion,Huatabampo,ND,ND,ND,ND,https://guiamexican.com/tiendas-de-ropa/huatabampo/page/3
Comercial H,Huatabampo,ND,ND,ND,ND,https://guiamexican.com/tiendas-de-ropa/huatabampo/page/3
Ika-Shop,Huatabampo,ND,ND,ND,ND,https://guiamexican.com/tiendas-de-ropa/huatabampo/page/3
Leydys Boutique,Huatabampo,ND,ND,ND,ND,https://guiamexican.com/tiendas-de-ropa/huatabampo/page/4
Pavichas Boutique,Huatabampo,ND,ND,ND,ND,https://guiamexican.com/tiendas-de-ropa/huatabampo/page/4
Casa Toledo,Huatabampo,ND,ND,ND,ND,https://guiamexican.com/tiendas-de-ropa/huatabampo/page/4
Chic Boutique,Huatabampo,ND,ND,ND,ND,https://guiamexican.com/tiendas-de-ropa/huatabampo/page/4
Francely Boutique,Huatabampo,ND,ND,ND,ND,https://guiamexican.com/tiendas-de-ropa/huatabampo/page/4
Tiendas Eleczion,Huatabampo,ND,ND,ND,ND,https://guiamexican.com/tiendas-de-ropa/huatabampo/page/4
Uniformes Esmeralda,Huatabampo,ND,ND,ND,ND,https://guiamexican.com/tiendas-de-ropa/huatabampo/page/4
Xl Boutique,Huatabampo,ND,ND,ND,ND,https://guiamexican.com/tiendas-de-ropa/huatabampo/page/4
Tienda,Huatabampo,ND,ND,ND,ND,https://guiamexican.com/tiendas-de-ropa/huatabampo/page/4
Novedades Shabel,Huatabampo,ND,ND,ND,ND,https://guiamexican.com/tiendas-de-ropa/huatabampo/page/4
"Comercio Al Por Menor De Ropa, Excepto De Bebé Y Lencería",Huatabampo,ND,ND,ND,ND,https://guiamexican.com/tiendas-de-ropa/huatabampo/page/4
Todo Moda,Huatabampo,ND,ND,ND,ND,https://guiamexican.com/tiendas-de-ropa/huatabampo/page/4
Novedades Karla,Nacozari de García,ND,ND,ND,ND,https://guiamexican.com/tiendas-de-ropa/nacozari-de-garcia
Dc Shoes & Bags,Nacozari de García,ND,ND,ND,ND,https://guiamexican.com/tiendas-de-ropa/nacozari-de-garcia
Kikos Boutique,Nacozari de García,ND,ND,ND,ND,https://guiamexican.com/tiendas-de-ropa/nacozari-de-garcia
La Bella Fashion,Nacozari de García,ND,ND,ND,ND,https://guiamexican.com/tiendas-de-ropa/nacozari-de-garcia
Tienda De Ropa Goretty'S,Nacozari de García,ND,ND,ND,ND,https://guiamexican.com/tiendas-de-ropa/nacozari-de-garcia
Novedades Faustino,Nacozari de García,ND,ND,ND,ND,https://guiamexican.com/tiendas-de-ropa/nacozari-de-garcia
Dannias Boutique,Nacozari de García,ND,ND,ND,ND,https://guiamexican.com/tiendas-de-ropa/nacozari-de-garcia
Anna'S Boutique,Nacozari de García,ND,ND,ND,ND,https://guiamexican.com/tiendas-de-ropa/nacozari-de-garcia
Novedades Yaxaira,Nacozari de García,ND,ND,ND,ND,https://guiamexican.com/tiendas-de-ropa/nacozari-de-garcia
Ropa Y Calzado México,Nacozari de García,ND,ND,ND,ND,https://guiamexican.com/tiendas-de-ropa/nacozari-de-garcia
Boutique Chichi,Nacozari de García,ND,ND,ND,ND,https://guiamexican.com/tiendas-de-ropa/nacozari-de-garcia
Boutique Dayana,Nacozari de García,ND,ND,ND,ND,https://guiamexican.com/tiendas-de-ropa/nacozari-de-garcia
Caprichos,Nacozari de García,ND,ND,ND,ND,https://guiamexican.com/tiendas-de-ropa/nacozari-de-garcia
Novedades Mary,Nacozari de García,ND,ND,ND,ND,https://guiamexican.com/tiendas-de-ropa/nacozari-de-garcia
Novedades Vivanco,Nacozari de García,ND,ND,ND,ND,https://guiamexican.com/tiendas-de-ropa/nacozari-de-garcia
Venta De Ropa,Nacozari de García,ND,ND,ND,ND,https://guiamexican.com/tiendas-de-ropa/nacozari-de-garcia
Venta De Ropa Y Zapatos,Nacozari de García,ND,ND,ND,ND,https://guiamexican.com/tiendas-de-ropa/nacozari-de-garcia
Ropa Y Zapatos Nuevos,Nacozari de García,ND,ND,ND,ND,https://guiamexican.com/tiendas-de-ropa/nacozari-de-garcia
Novedades Eustolia,Nacozari de García,ND,ND,ND,ND,https://guiamexican.com/tiendas-de-ropa/nacozari-de-garcia
Novedades Dorita,Nacozari de García,ND,ND,ND,ND,https://guiamexican.com/tiendas-de-ropa/nacozari-de-garcia/page/2
Sn,Nacozari de García,ND,ND,ND,ND,https://guiamexican.com/tiendas-de-ropa/nacozari-de-garcia/page/2
Dannias Boutique 2,Nacozari de García,ND,ND,ND,ND,https://guiamexican.com/tiendas-de-ropa/nacozari-de-garcia/page/2
Carol Boutique,Nacozari de García,ND,ND,ND,ND,https://guiamexican.com/tiendas-de-ropa/nacozari-de-garcia/page/2
I<3bb,Nacozari de García,ND,ND,ND,ND,https://guiamexican.com/tiendas-de-ropa/nacozari-de-garcia/page/2
Novedades Jazmin,Nacozari de García,ND,ND,ND,ND,https://guiamexican.com/tiendas-de-ropa/nacozari-de-garcia/page/2
Comercial Orsa,Huatabampo,ND,ND,ND,ND,https://guiamexican.com/disfraces-vestimenta-regional-vestidos-de-novia/huatabampo
Ilusiones Lara,Huatabampo,ND,ND,ND,ND,https://guiamexican.com/disfraces-vestimenta-regional-vestidos-de-novia/huatabampo
Ceremonias Charito,Huatabampo,ND,ND,ND,ND,https://guiamexican.com/disfraces-vestimenta-regional-vestidos-de-novia/huatabampo
Venta De Ropa Ramirez,Altar,ND,ND,ND,ND,https://guiamexican.com/tiendas-de-ropa/altar
Tienda De Ropa Julia,Altar,ND,ND,ND,ND,https://guiamexican.com/tiendas-de-ropa/altar
Artemoda,Altar,ND,ND,ND,ND,https://guiamexican.com/tiendas-de-ropa/altar
Novedaqdes Lupita,Altar,ND,ND,ND,ND,https://guiamexican.com/tiendas-de-ropa/altar
Puesto De Ropa Juanita,Altar,ND,ND,ND,ND,https://guiamexican.com/tiendas-de-ropa/altar
Puesto De Ropa4,Altar,ND,ND,ND,ND,https://guiamexican.com/tiendas-de-ropa/altar
Tienda De Ropa Moraga,Altar,ND,ND,ND,ND,https://guiamexican.com/tiendas-de-ropa/altar
Tienda De Ropa Mundo Pequeño,Altar,ND,ND,ND,ND,https://guiamexican.com/tiendas-de-ropa/altar
Sobeida Boutique,Altar,ND,ND,ND,ND,https://guiamexican.com/tiendas-de-ropa/altar
Novedades Elia,Altar,ND,ND,ND,ND,https://guiamexican.com/tiendas-de-ropa/altar
Novedades Alma,Altar,ND,ND,ND,ND,https://guiamexican.com/tiendas-de-ropa/altar
Tienda De Ropa Chicas,Altar,ND,ND,ND,ND,https://guiamexican.com/tiendas-de-ropa/altar
Tienda De Ropa Abdalas,Altar,ND,ND,ND,ND,https://guiamexican.com/tiendas-de-ropa/altar
Tienda De Ropa,Altar,ND,ND,ND,ND,https://guiamexican.com/tiendas-de-ropa/altar
"Comercio Al Por Menor De Ropa, Excepto De Bebé Y Lencería",Altar,ND,ND,ND,ND,https://guiamexican.com/tiendas-de-ropa/altar
Venta De Ropa,Altar,ND,ND,ND,ND,https://guiamexican.com/tiendas-de-ropa/altar
Segunda,Altar,ND,ND,ND,ND,https://guiamexican.com/tiendas-de-ropa/altar
Puesto De Ropa,Altar,ND,ND,ND,ND,https://guiamexican.com/tiendas-de-ropa/altar
Zapatería Le Petite,Huatabampo,ND,ND,ND,ND,https://guiamexican.com/calzado/huatabampo
Daniels Zapatería,Huatabampo,ND,ND,ND,ND,https://guiamexican.com/calzado/huatabampo
Zapatería B Hermanos Huatabampo,Huatabampo,ND,ND,ND,ND,https://guiamexican.com/calzado/huatabampo
Huaracheria Ley,Huatabampo,ND,ND,ND,ND,https://guiamexican.com/calzado/huatabampo
Sports Shoes,Huatabampo,ND,ND,ND,ND,https://guiamexican.com/calzado/huatabampo
Zapatería Canadas,Huatabampo,ND,ND,ND,ND,https://guiamexican.com/calzado/huatabampo
Calza-Par,Huatabampo,ND,ND,ND,ND,https://guiamexican.com/calzado/huatabampo
Zapatería Canaditas,Huatabampo,ND,ND,ND,ND,https://guiamexican.com/calzado/huatabampo
Zapatería Andrea,Huatabampo,ND,ND,ND,ND,https://guiamexican.com/calzado/huatabampo
Zapatería Jf,Huatabampo,ND,ND,ND,ND,https://guiamexican.com/calzado/huatabampo
Zapatería Linda,Huatabampo,ND,ND,ND,ND,https://guiamexican.com/calzado/huatabampo
Zapatería Tres Hermanos,Huatabampo,ND,ND,ND,ND,https://guiamexican.com/calzado/huatabampo
Zapatería El Padrino,Huatabampo,ND,ND,ND,ND,https://guiamexican.com/calzado/huatabampo
Zapeteria Rous,Huatabampo,ND,ND,ND,ND,https://guiamexican.com/calzado/huatabampo
Calzzapato Huatabampo Sonora,Huatabampo,ND,ND,ND,ND,https://guiamexican.com/calzado/huatabampo
Fabricas De Calzado Andrea,Huatabampo,ND,ND,ND,ND,https://guiamexican.com/calzado/huatabampo
Zapatería Guadalajara,Huatabampo,ND,ND,ND,ND,https://guiamexican.com/calzado/huatabampo
Zapatería Napoles,Huatabampo,ND,ND,ND,ND,https://guiamexican.com/calzado/huatabampo
Huaracheria,Huatabampo,ND,ND,ND,ND,https://guiamexican.com/calzado/huatabampo
Zapatería Mecalza,Huatabampo,ND,ND,ND,ND,https://guiamexican.com/calzado/huatabampo/page/2
Ferach Boutique,Santa Ana,ND,ND,ND,ND,https://guiamexican.com/tiendas-de-ropa/santa-ana-sonora
227 Sensacion,Santa Ana,ND,ND,ND,ND,https://guiamexican.com/tiendas-de-ropa/santa-ana-sonora
Campas Ropa Casual,Santa Ana,ND,ND,ND,ND,https://guiamexican.com/tiendas-de-ropa/santa-ana-sonora
Victoria'S Fashion,Santa Ana,ND,ND,ND,ND,https://guiamexican.com/tiendas-de-ropa/santa-ana-sonora
Comercial Am,Santa Ana,ND,ND,ND,ND,https://guiamexican.com/tiendas-de-ropa/santa-ana-sonora
"Comercio Al Por Menor De Ropa, Excepto De Bebé Y Lencería",Santa Ana,ND,ND,ND,ND,https://guiamexican.com/tiendas-de-ropa/santa-ana-sonora
Boutique Del Río,Santa Ana,ND,ND,ND,ND,https://guiamexican.com/tiendas-de-ropa/santa-ana-sonora
Sensacion,Santa Ana,ND,ND,ND,ND,https://guiamexican.com/tiendas-de-ropa/santa-ana-sonora
Zapatería,Santa Ana,ND,ND,ND,ND,https://guiamexican.com/calzado/santa-ana-sonora
Zapatería Abdala,Santa Ana,ND,ND,ND,ND,https://guiamexican.com/calzado/santa-ana-sonora
Zapatería Zaragoza,Santa Ana,ND,ND,ND,ND,https://guiamexican.com/calzado/santa-ana-sonora
Calzapar,Santa Ana,ND,ND,ND,ND,https://guiamexican.com/calzado/santa-ana-sonora
Lencería Y Accesorios Tentaciones,Santa Ana,ND,ND,ND,ND,https://guiamexican.com/lenceria/santa-ana-sonora
Tienda De Ropa,Pitiquito,ND,ND,ND,ND,https://amp.mexicoo.mx/tienda-de-ropa-en-puerto-libertad-pitiquito-sonora-8860371
Novedades El Roperito,Pitiquito,ND,ND,ND,ND,https://amp.mexicoo.mx/tienda-de-ropa-en-puerto-libertad-pitiquito-sonora-8860371
Ropa El Chiapaneco,Pitiquito,ND,ND,ND,ND,https://amp.mexicoo.mx/tienda-de-ropa-en-puerto-libertad-pitiquito-sonora-8860371
Decoracion Y Moda Keewee,Pitiquito,ND,ND,ND,ND,https://amp.mexicoo.mx/tienda-de-ropa-en-puerto-libertad-pitiquito-sonora-8860371
Angela's Boutique,Ures,623 238 9580,ND,ND,ND,https://www.allbiz.mx/angelas-boutique_1o-623-238-9580
Milenas Boutique,Naco,633 334 0064,ND,ND,ND,https://milenas-boutique.ueniweb.com/
Davmo,Moctezuma,634 112 5820,ND,ND,ND,https://www.allbiz.mx/davmo-634-112-5820
"Grupo Vanity, S.A. De C.V.",Moctezuma,55 5687 0884,ND,ND,ND,https://www.allbiz.mx/grupo-vanity-s-a-de-c-v_18S-55-5687-0884
Torres Soto Maria Dolores,Moctezuma,715 153 1153,ND,ND,ND,https://www.allbiz.mx/torres-soto-maria-dolores-715-153-1153
Chick Accesorios y mas,Magdalena de Kino,632 318 8512,ND,ND,ND,https://www.allbiz.mx/chick-accesorios-y-mas-632-318-8512
Sensación,Magdalena de Kino,632 322 2906,ND,ND,ND,https://www.allbiz.mx/sensaci%C3%B3n_111M-632-322-2906
Venta De Ropa De Dama,Hermosillo,ND,ND,ND,ND,https://guiamexican.com/tiendas-de-ropa/hermosillo/page/2
Venta De Ropa De Mujer,Hermosillo,ND,ND,ND,ND,https://guiamexican.com/tiendas-de-ropa/hermosillo/page/2
Accesorios Candiani,Hermosillo,ND,ND,ND,ND,https://guiamexican.com/tiendas-de-ropa/hermosillo/page/3
Mercería Y Regalos Papelería Y Copias,Hermosillo,ND,ND,ND,ND,https://guiamexican.com/tiendas-de-ropa/hermosillo/page/4
Ropa Y Eletrónicos,Hermosillo,ND,ND,ND,ND,https://guiamexican.com/tiendas-de-ropa/hermosillo/page/5
Ropa Y Ferretería,Hermosillo,ND,ND,ND,ND,https://guiamexican.com/tiendas-de-ropa/hermosillo/page/5
Mundo Del Comic,Hermosillo,ND,ND,ND,ND,https://guiamexican.com/tiendas-de-ropa/hermosillo/page/5
Novedades Cordova,Hermosillo,ND,ND,ND,ND,https://guiamexican.com/tiendas-de-ropa/hermosillo/page/6
America Guess Mujer,Hermosillo,ND,ND,ND,ND,https://guiamexican.com/tiendas-de-ropa/hermosillo/page/6
Kachitos,Hermosillo,ND,ND,ND,ND,https://guiamexican.com/tiendas-de-ropa/hermosillo/page/6
Ropa Para Caballero La Costa,Hermosillo,ND,ND,ND,ND,https://guiamexican.com/tiendas-de-ropa/hermosillo/page/6
Ropa Y Calzado Ana,Hermosillo,ND,ND,ND,ND,https://guiamexican.com/tiendas-de-ropa/hermosillo/page/6
Brisas Boutique,Hermosillo,ND,ND,ND,ND,https://guiamexican.com/tiendas-de-ropa/hermosillo/page/6
Casa Del Roquero,Hermosillo,ND,ND,ND,ND,https://guiamexican.com/tiendas-de-ropa/hermosillo/page/6
Cherries Boutique,Hermosillo,ND,ND,ND,ND,https://guiamexican.com/tiendas-de-ropa/hermosillo/page/6
Cherris Boutique,Hermosillo,ND,ND,ND,ND,https://guiamexican.com/tiendas-de-ropa/hermosillo/page/6
Cinthya Mujer Y Moda,Hermosillo,ND,ND,ND,ND,https://guiamexican.com/tiendas-de-ropa/hermosillo/page/6
De´Gravity,Hermosillo,ND,ND,ND,ND,https://guiamexican.com/tiendas-de-ropa/hermosillo/page/6
Inercia,Hermosillo,ND,ND,ND,ND,https://guiamexican.com/tiendas-de-ropa/hermosillo/page/6
Inercia Tallas Extras,Hermosillo,ND,ND,ND,ND,https://guiamexican.com/tiendas-de-ropa/hermosillo/page/6
Kleek,Hermosillo,ND,ND,ND,ND,https://guiamexican.com/tiendas-de-ropa/hermosillo/page/6
Kler Boutique,Hermosillo,ND,ND,ND,ND,https://guiamexican.com/tiendas-de-ropa/hermosillo/page/6
La Ropa Bonita 549,Hermosillo,ND,ND,ND,ND,https://guiamexican.com/tiendas-de-ropa/hermosillo/page/6
Olivas Moda Económica,Hermosillo,ND,ND,ND,ND,https://guiamexican.com/tiendas-de-ropa/hermosillo/page/6
Uniformes Alicia Loy V,Hermosillo,ND,ND,ND,ND,https://guiamexican.com/tiendas-de-ropa/hermosillo/page/7
"Reyes Tienda Vaquera, S.A. De C.V.",Hermosillo,ND,ND,ND,ND,https://guiamexican.com/tiendas-de-ropa/hermosillo/page/7
Coco Y Miel Baby Boutique,Hermosillo,ND,ND,ND,ND,https://guiamexican.com/tiendas-de-ropa/hermosillo/page/7
Duo Mens Warz,Hermosillo,ND,ND,ND,ND,https://guiamexican.com/tiendas-de-ropa/hermosillo/page/7
Egipcia,Hermosillo,ND,ND,ND,ND,https://guiamexican.com/tiendas-de-ropa/hermosillo/page/7
"El Chopo Venta De Accesorios, Ropa Y Aplicación De Tatuajes",Hermosillo,ND,ND,ND,ND,https://guiamexican.com/tiendas-de-ropa/hermosillo/page/7
Fiorela Boutique,Hermosillo,ND,ND,ND,ND,https://guiamexican.com/tiendas-de-ropa/hermosillo/page/7
Fiorella Boutique,Hermosillo,ND,ND,ND,ND,https://guiamexican.com/tiendas-de-ropa/hermosillo/page/7
Gonna Boutique,Hermosillo,ND,ND,ND,ND,https://guiamexican.com/tiendas-de-ropa/hermosillo/page/7
Kimica Boutique,Hermosillo,ND,ND,ND,ND,https://guiamexican.com/tiendas-de-ropa/hermosillo/page/7
Novedades La Costa,Hermosillo,ND,ND,ND,ND,https://guiamexican.com/tiendas-de-ropa/hermosillo/page/7
Novedades Mygde,Hermosillo,ND,ND,ND,ND,https://guiamexican.com/tiendas-de-ropa/hermosillo/page/7
Novedades Tiempla,Hermosillo,ND,ND,ND,ND,https://guiamexican.com/tiendas-de-ropa/hermosillo/page/7
Postale,Hermosillo,ND,ND,ND,ND,https://guiamexican.com/tiendas-de-ropa/hermosillo/page/7
Puesto De Ropa Josefina,Hermosillo,ND,ND,ND,ND,https://guiamexican.com/tiendas-de-ropa/hermosillo/page/7
Puesto De Tianguis No. 39,Hermosillo,ND,ND,ND,ND,https://guiamexican.com/tiendas-de-ropa/hermosillo/page/7
Reina Diaz Boutique,Hermosillo,ND,ND,ND,ND,https://guiamexican.com/tiendas-de-ropa/hermosillo/page/7
Ropa Y Calzado La Cuevita,Hermosillo,ND,ND,ND,ND,https://guiamexican.com/tiendas-de-ropa/hermosillo/page/7
Puesto De Ropa Blanca,Hermosillo,ND,ND,ND,ND,https://guiamexican.com/tiendas-de-ropa/hermosillo/page/9
Boutique Expresions,Hermosillo,ND,ND,ND,ND,https://guiamexican.com/tiendas-de-ropa/hermosillo/page/9
Boutique Francheska,Hermosillo,ND,ND,ND,ND,https://guiamexican.com/tiendas-de-ropa/hermosillo/page/9
Boutique Postale,Hermosillo,ND,ND,ND,ND,https://guiamexican.com/tiendas-de-ropa/hermosillo/page/9
Conexión Boutique,Hermosillo,ND,ND,ND,ND,https://guiamexican.com/tiendas-de-ropa/hermosillo/page/9
Conexión Con La Moda,Hermosillo,ND,ND,ND,ND,https://guiamexican.com/tiendas-de-ropa/hermosillo/page/9
Corfitex,Hermosillo,ND,ND,ND,ND,https://guiamexican.com/tiendas-de-ropa/hermosillo/page/9
Demoses Boutique,Hermosillo,ND,ND,ND,ND,https://guiamexican.com/tiendas-de-ropa/hermosillo/page/9
Fdbordados,Hermosillo,ND,ND,ND,ND,https://guiamexican.com/tiendas-de-ropa/hermosillo/page/9
"Inercia Boutique, S.A. De C.V.",Hermosillo,ND,ND,ND,ND,https://guiamexican.com/tiendas-de-ropa/hermosillo/page/9
Mom And Me,Hermosillo,ND,ND,ND,ND,https://guiamexican.com/tiendas-de-ropa/hermosillo/page/9
Onlymen,Hermosillo,ND,ND,ND,ND,https://guiamexican.com/tiendas-de-ropa/hermosillo/page/9
Prettywoman Boutique,Hermosillo,ND,ND,ND,ND,https://guiamexican.com/tiendas-de-ropa/hermosillo/page/9
Tienda De Ropa Y Accesorios De Caballero,Hermosillo,ND,ND,ND,ND,https://guiamexican.com/tiendas-de-ropa/hermosillo/page/9
Unlimite,Hermosillo,ND,ND,ND,ND,https://guiamexican.com/tiendas-de-ropa/hermosillo/page/9
Venta De Calzado Shalom,Hermosillo,ND,ND,ND,ND,https://guiamexican.com/tiendas-de-ropa/hermosillo/page/9
Velvet Plus Size,Hermosillo,ND,ND,ND,ND,https://guiamexican.com/tiendas-de-ropa/hermosillo/page/9
Puesto De Ropa Femenina,Hermosillo,ND,ND,ND,ND,https://guiamexican.com/tiendas-de-ropa/hermosillo/page/9
Piccadilly Circus,Hermosillo,ND,ND,ND,ND,https://guiamexican.com/tiendas-de-ropa/hermosillo/page/9
Airman,Hermosillo,ND,ND,ND,ND,https://guiamexican.com/tiendas-de-ropa/hermosillo/page/10
Novedades La Blusita,Hermosillo,ND,ND,ND,ND,https://guiamexican.com/tiendas-de-ropa/hermosillo/page/10
Novedades Hernán,Hermosillo,ND,ND,ND,ND,https://guiamexican.com/tiendas-de-ropa/hermosillo/page/10
Mone Boutique,Hermosillo,ND,ND,ND,ND,https://guiamexican.com/tiendas-de-ropa/hermosillo/page/10
Boutique Blue,Hermosillo,ND,ND,ND,ND,https://guiamexican.com/tiendas-de-ropa/hermosillo/page/10
Alexia Boutique,Hermosillo,ND,ND,ND,ND,https://guiamexican.com/tiendas-de-ropa/hermosillo/page/10
Aeropostale,Hermosillo,ND,ND,ND,ND,https://guiamexican.com/tiendas-de-ropa/hermosillo/page/10
Blue & White,Hermosillo,ND,ND,ND,ND,https://guiamexican.com/tiendas-de-ropa/hermosillo/page/10
Bazar Conchita,Hermosillo,ND,ND,ND,ND,https://guiamexican.com/tiendas-de-ropa/hermosillo/page/10
Bazar De Ropa Para Dama Y Caballero,Hermosillo,ND,ND,ND,ND,https://guiamexican.com/tiendas-de-ropa/hermosillo/page/10
Bodega De Tienda De Ropa,Hermosillo,ND,ND,ND,ND,https://guiamexican.com/tiendas-de-ropa/hermosillo/page/10
Boutique Angelica,Hermosillo,ND,ND,ND,ND,https://guiamexican.com/tiendas-de-ropa/hermosillo/page/10
Boutique Chocolate,Hermosillo,ND,ND,ND,ND,https://guiamexican.com/tiendas-de-ropa/hermosillo/page/10
Boutique De Caballero,Hermosillo,ND,ND,ND,ND,https://guiamexican.com/tiendas-de-ropa/hermosillo/page/10
Boutique De Ropa,Hermosillo,ND,ND,ND,ND,https://guiamexican.com/tiendas-de-ropa/hermosillo/page/10
Boutique Isabella,Hermosillo,ND,ND,ND,ND,https://guiamexican.com/tiendas-de-ropa/hermosillo/page/10
Boutique Ross,Hermosillo,ND,ND,ND,ND,https://guiamexican.com/tiendas-de-ropa/hermosillo/page/10
Boutique Sofia,Hermosillo,ND,ND,ND,ND,https://guiamexican.com/tiendas-de-ropa/hermosillo/page/10
Talabarteria Y Tapiceria J Guajardo,Fronteras,866 633 5855,ND,ND,ND,https://www.allbiz.mx/talabarteria-y-tapiceria-j-guajardo-866-633-5855
Calderon Espejos Cuitlahuac,Fronteras,866 635 2470,ND,ND,ND,https://www.allbiz.mx/calderon-espejos-cuitlahuac_1c-866-635-2470
Piel & Piel,Fronteras,866 633 6156,ND,ND,ND,https://www.allbiz.mx/piel-piel_3l-866-633-6156
Grupo Industrial Aryla S. De R. L. Mi,Fronteras,866 633 3379,ND,ND,ND,https://www.allbiz.mx/grupo-industrial-aryla-s-de-r-l-mi_1V-866-633-3379
Disedo De Ropa Casual E Industrial De Puebla,Fronteras,222 891 4236,ND,ND,ND,https://www.allbiz.mx/disedo-de-ropa-casual-e-industrial-de-222-891-4236
Talabateria La Industrial,Fronteras,866 633 5855,ND,ND,ND,https://www.allbiz.mx/talabateria-la-industrial-866-633-5855
Jesi Uniformes,Fronteras,866 635 2862,ND,ND,ND,https://www.allbiz.mx/jesi-uniformes_1N-866-635-2862
Deportes Universal Monclova,Fronteras,866 633 9577,ND,ND,ND,https://www.allbiz.mx/deportes-universal-monclova-866-633-9577
Uniformes Jatziry,Fronteras,866 632 8640,ND,ND,ND,https://www.allbiz.mx/uniformes-jatziry_1u-866-632-8640
Uniformes Huitzil,Fronteras,866 635 1689,ND,ND,ND,https://www.allbiz.mx/uniformes-huitzil-866-635-1689
Piel Bronceada,Fronteras,866 633 6156,ND,ND,ND,https://www.allbiz.mx/piel-bronceada-866-633-6156
Maxitenis,Fronteras,866 632 4901,ND,ND,ND,https://www.allbiz.mx/maxitenis_1b-866-632-4901
Boutique Stylos,Hermosillo,ND,ND,ND,ND,https://guiamexican.com/tiendas-de-ropa/hermosillo/page/11
Boutique Victoria,Hermosillo,ND,ND,ND,ND,https://guiamexican.com/tiendas-de-ropa/hermosillo/page/11
C&Ampa,Hermosillo,ND,ND,ND,ND,https://guiamexican.com/tiendas-de-ropa/hermosillo/page/11
Chicas Fashion,Hermosillo,ND,ND,ND,ND,https://guiamexican.com/tiendas-de-ropa/hermosillo/page/11
Chic Boutique,Hermosillo,ND,ND,ND,ND,https://guiamexican.com/tiendas-de-ropa/hermosillo/page/11
Eleczion,Hermosillo,ND,ND,ND,ND,https://guiamexican.com/tiendas-de-ropa/hermosillo/page/11
Enigma Boutique,Hermosillo,ND,ND,ND,ND,https://guiamexican.com/tiendas-de-ropa/hermosillo/page/11
Dash,Hermosillo,ND,ND,ND,ND,https://guiamexican.com/tiendas-de-ropa/hermosillo/page/11
Fashion Place,Hermosillo,ND,ND,ND,ND,https://guiamexican.com/tiendas-de-ropa/hermosillo/page/11
Forasteros,Hermosillo,ND,ND,ND,ND,https://guiamexican.com/tiendas-de-ropa/hermosillo/page/11
Jr Boutique,Hermosillo,ND,ND,ND,ND,https://guiamexican.com/tiendas-de-ropa/hermosillo/page/11
La Gran Barata De Sonora Sa De Cv,Hermosillo,ND,ND,ND,ND,https://guiamexican.com/tiendas-de-ropa/hermosillo/page/11
Liz Collection,Hermosillo,ND,ND,ND,ND,https://guiamexican.com/tiendas-de-ropa/hermosillo/page/11
Lob,Hermosillo,ND,ND,ND,ND,https://guiamexican.com/tiendas-de-ropa/hermosillo/page/11
Lola Boutique,Hermosillo,ND,ND,ND,ND,https://guiamexican.com/tiendas-de-ropa/hermosillo/page/11
Mascara De Latex,Hermosillo,ND,ND,ND,ND,https://guiamexican.com/tiendas-de-ropa/hermosillo/page/11
Novedades Arroyo,Hermosillo,ND,ND,ND,ND,https://guiamexican.com/tiendas-de-ropa/hermosillo/page/11
Novedades Dary,Hermosillo,ND,ND,ND,ND,https://guiamexican.com/tiendas-de-ropa/hermosillo/page/12
Novedades Guille,Hermosillo,ND,ND,ND,ND,https://guiamexican.com/tiendas-de-ropa/hermosillo/page/12
Novedades Karely,Hermosillo,ND,ND,ND,ND,https://guiamexican.com/tiendas-de-ropa/hermosillo/page/12
Novedades La Pasadita,Hermosillo,ND,ND,ND,ND,https://guiamexican.com/tiendas-de-ropa/hermosillo/page/12
Novedades Leos,Hermosillo,ND,ND,ND,ND,https://guiamexican.com/tiendas-de-ropa/hermosillo/page/12
Novedades Marina,Hermosillo,ND,ND,ND,ND,https://guiamexican.com/tiendas-de-ropa/hermosillo/page/12
Novedades Mily,Hermosillo,ND,ND,ND,ND,https://guiamexican.com/tiendas-de-ropa/hermosillo/page/12
Novedades Nora,Hermosillo,ND,ND,ND,ND,https://guiamexican.com/tiendas-de-ropa/hermosillo/page/12
Novedades Paula,Hermosillo,ND,ND,ND,ND,https://guiamexican.com/tiendas-de-ropa/hermosillo/page/12
Novedades Rosy,Hermosillo,ND,ND,ND,ND,https://guiamexican.com/tiendas-de-ropa/hermosillo/page/12
Novedades Sarita,Hermosillo,ND,ND,ND,ND,https://guiamexican.com/tiendas-de-ropa/hermosillo/page/12
Novedades Sofía,Hermosillo,ND,ND,ND,ND,https://guiamexican.com/tiendas-de-ropa/hermosillo/page/12
Orange Boutique,Hermosillo,ND,ND,ND,ND,https://guiamexican.com/tiendas-de-ropa/hermosillo/page/12
Mistik,Hermosillo,ND,ND,ND,ND,https://guiamexican.com/tiendas-de-ropa/hermosillo/page/12
Moda Infantil,Hermosillo,ND,ND,ND,ND,https://guiamexican.com/tiendas-de-ropa/hermosillo/page/12
Modas Kimberly,Hermosillo,ND,ND,ND,ND,https://guiamexican.com/tiendas-de-ropa/hermosillo/page/12
Modas Lili,Hermosillo,ND,ND,ND,ND,https://guiamexican.com/tiendas-de-ropa/hermosillo/page/12
Modas Sofia,Hermosillo,ND,ND,ND,ND,https://guiamexican.com/tiendas-de-ropa/hermosillo/page/12
Moda Y Belleza,Hermosillo,ND,ND,ND,ND,https://guiamexican.com/tiendas-de-ropa/hermosillo/page/12
Monse Boutique,Hermosillo,ND,ND,ND,ND,https://guiamexican.com/tiendas-de-ropa/hermosillo/page/13
Ropa Y Novedades Diana,Hermosillo,ND,ND,ND,ND,https://guiamexican.com/tiendas-de-ropa/hermosillo/page/13
Ropa Y Novedades Estrellita,Hermosillo,ND,ND,ND,ND,https://guiamexican.com/tiendas-de-ropa/hermosillo/page/13
Ropa Y Novedades Jesica,Hermosillo,ND,ND,ND,ND,https://guiamexican.com/tiendas-de-ropa/hermosillo/page/13
Ropa Y Novedades Lupita,Hermosillo,ND,ND,ND,ND,https://guiamexican.com/tiendas-de-ropa/hermosillo/page/13
Runway,Hermosillo,ND,ND,ND,ND,https://guiamexican.com/tiendas-de-ropa/hermosillo/page/13
Queen Boutique,Hermosillo,ND,ND,ND,ND,https://guiamexican.com/tiendas-de-ropa/hermosillo/page/13
Silvias Boutique,Hermosillo,ND,ND,ND,ND,https://guiamexican.com/tiendas-de-ropa/hermosillo/page/13
Steven Fantasy,Hermosillo,ND,ND,ND,ND,https://guiamexican.com/tiendas-de-ropa/hermosillo/page/13
The Closet Boutique,Hermosillo,ND,ND,ND,ND,https://guiamexican.com/tiendas-de-ropa/hermosillo/page/13
Tienda De Camisas,Hermosillo,ND,ND,ND,ND,https://guiamexican.com/tiendas-de-ropa/hermosillo/page/13
Tienda De Regalos Y Mas,Hermosillo,ND,ND,ND,ND,https://guiamexican.com/tiendas-de-ropa/hermosillo/page/13
Tienda De Ropa Para Mujer,Hermosillo,ND,ND,ND,ND,https://guiamexican.com/tiendas-de-ropa/hermosillo/page/13
Tienda De Ropa Y Accesorios,Hermosillo,ND,ND,ND,ND,https://guiamexican.com/tiendas-de-ropa/hermosillo/page/13
Unika,Hermosillo,ND,ND,ND,ND,https://guiamexican.com/tiendas-de-ropa/hermosillo/page/13
Us Polo Assn,Hermosillo,ND,ND,ND,ND,https://guiamexican.com/tiendas-de-ropa/hermosillo/page/14
Valeria Boutique,Hermosillo,ND,ND,ND,ND,https://guiamexican.com/tiendas-de-ropa/hermosillo/page/14
Venta De Bolsas Y Ropa,Hermosillo,ND,ND,ND,ND,https://guiamexican.com/tiendas-de-ropa/hermosillo/page/14
Venta De Ropa Para Caballero Y Niño,Hermosillo,ND,ND,ND,ND,https://guiamexican.com/tiendas-de-ropa/hermosillo/page/14
Venta De Ropa Y Calzado,Hermosillo,ND,ND,ND,ND,https://guiamexican.com/tiendas-de-ropa/hermosillo/page/14
Tiendas Eleczion,Hermosillo,ND,ND,ND,ND,https://guiamexican.com/tiendas-de-ropa/hermosillo/page/14
Almacenes Domínguez,Hermosillo,ND,ND,ND,ND,https://guiamexican.com/tiendas-de-ropa/hermosillo/page/14
Boutique,Hermosillo,ND,ND,ND,ND,https://guiamexican.com/tiendas-de-ropa/hermosillo/page/14
Chocolate Boutique,Hermosillo,ND,ND,ND,ND,https://guiamexican.com/tiendas-de-ropa/hermosillo/page/14
Diva Boutique,Hermosillo,ND,ND,ND,ND,https://guiamexican.com/tiendas-de-ropa/hermosillo/page/14
Uniformes Jennifer,Fronteras,866 632 8640,ND,ND,ND,https://www.allbiz.mx/uniformes-jennifer_2u-866-632-8640
Uniformes Imagen Hospitalaria,Fronteras,866 635 1689,ND,ND,ND,https://www.allbiz.mx/uniformes-imagen-hospitalaria_1y-866-635-1689
HOYOS QUIROZ SOLEDAD,Cumpas,634 346 0024,ND,ND,ND,https://www.seccionamarilla.com.mx/resultados/vestidos-para-dama-confeccion-y-diseo-sobre-medid/sonora/cumpas/1
Estética D´Matty,Caborca,ND,ND,ND,ND,https://guiamexican.com/tiendas-de-ropa/caborca
Markas Exclusivo,Puerto Peñasco,ND,ND,ND,ND,https://guiamexican.com/tiendas-de-ropa/puerto-penasco
Miscelánea Crisymar,Puerto Peñasco,ND,ND,ND,ND,https://guiamexican.com/tiendas-de-ropa/puerto-penasco
Miscélanea Estévez,Puerto Peñasco,ND,ND,ND,ND,https://guiamexican.com/tiendas-de-ropa/puerto-penasco
Plaza Don Patricio,Puerto Peñasco,ND,ND,ND,ND,https://guiamexican.com/tiendas-de-ropa/puerto-penasco
Happy Corlner,Puerto Peñasco,ND,ND,ND,ND,https://guiamexican.com/tiendas-de-ropa/puerto-penasco
Curios Carlos Omar,Puerto Peñasco,ND,ND,ND,ND,https://guiamexican.com/tiendas-de-ropa/puerto-penasco
Curios De Joyería,Puerto Peñasco,ND,ND,ND,ND,https://guiamexican.com/tiendas-de-ropa/puerto-penasco
Curios Ulises,Puerto Peñasco,ND,ND,ND,ND,https://guiamexican.com/tiendas-de-ropa/puerto-penasco
Ruby Place,Puerto Peñasco,ND,ND,ND,ND,https://guiamexican.com/tiendas-de-ropa/puerto-penasco
Dianer´S Boutique,Puerto Peñasco,ND,ND,ND,ND,https://guiamexican.com/tiendas-de-ropa/puerto-penasco
Cristian Distribuidara Del Rey,Puerto Peñasco,ND,ND,ND,ND,https://guiamexican.com/tiendas-de-ropa/puerto-penasco
Vent De Ropa Y Accesorios,Puerto Peñasco,ND,ND,ND,ND,https://guiamexican.com/tiendas-de-ropa/puerto-penasco
Venta De Ropa,Navojoa,ND,ND,ND,ND,https://guiamexican.com/tiendas-de-ropa/navojoa
Tienda De Ropa,Navojoa,ND,ND,ND,ND,https://guiamexican.com/tiendas-de-ropa/navojoa
Vica Y Emanualla,Álamos,ND,ND,ND,ND,https://guiamexican.com/region/alamos
CAMPAS COSS ANGEL ALBERTO,Álamos,ND,ND,ND,ND,https://guiamexican.com/region/alamos
Edelato,Cananea,ND,ND,ND,ND,https://guiamexican.com/tiendas-de-ropa/cananea
609 Sensacion,Cananea,ND,ND,ND,ND,https://guiamexican.com/tiendas-de-ropa/cananea
Novedades México,Cananea,ND,ND,ND,ND,https://guiamexican.com/tiendas-de-ropa/cananea
Nice Clothes,Cananea,ND,ND,ND,ND,https://guiamexican.com/tiendas-de-ropa/cananea
Uniformes Dasica,Cananea,ND,ND,ND,ND,https://guiamexican.com/tiendas-de-ropa/cananea
Uniformes Emmanuel,Cananea,ND,ND,ND,ND,https://guiamexican.com/tiendas-de-ropa/cananea
205b Sensacion,Cananea,ND,ND,ND,ND,https://guiamexican.com/tiendas-de-ropa/cananea
El Profeta,Cananea,ND,ND,ND,ND,https://guiamexican.com/tiendas-de-ropa/cananea
Conocido,Cananea,ND,ND,ND,ND,https://guiamexican.com/tiendas-de-ropa/cananea/page/2
Boutique D Angel,Cananea,ND,ND,ND,ND,https://guiamexican.com/tiendas-de-ropa/cananea/page/2
Mango Plus,Cananea,ND,ND,ND,ND,https://guiamexican.com/tiendas-de-ropa/cananea/page/2
"Boulun, S.A. De C.V.",Navojoa,ND,ND,ND,ND,https://guiamexican.com/tiendas-de-ropa/navojoa/page/2
Tienda De Ropa Borda Xpress,Navojoa,ND,ND,ND,ND,https://guiamexican.com/tiendas-de-ropa/navojoa/page/2
Ani S Moda Ropa Para Dama,Navojoa,ND,ND,ND,ND,https://guiamexican.com/tiendas-de-ropa/navojoa/page/2
"Ropa Para Dama Y Accesorios Le Petite, S.A. De C.V.",Navojoa,ND,ND,ND,ND,https://guiamexican.com/tiendas-de-ropa/navojoa/page/2
Desseo Navojoa,Navojoa,ND,ND,ND,ND,https://guiamexican.com/tiendas-de-ropa/navojoa/page/2
El Closet De Regina,Navojoa,ND,ND,ND,ND,https://guiamexican.com/tiendas-de-ropa/navojoa/page/2
Sonora Jeans,Navojoa,ND,ND,ND,ND,https://guiamexican.com/tiendas-de-ropa/navojoa/page/2
Marion´S,Navojoa,ND,ND,ND,ND,https://guiamexican.com/tiendas-de-ropa/navojoa/page/2
"Alimentos Y Farmacéuticos, S.A. De C.V.",Navojoa,ND,ND,ND,ND,https://guiamexican.com/tiendas-de-ropa/navojoa/page/2
Boutique De Alicia Fashion,Navojoa,ND,ND,ND,ND,https://guiamexican.com/tiendas-de-ropa/navojoa/page/2
"Diva Company, S.A. De C.V.",Navojoa,ND,ND,ND,ND,https://guiamexican.com/tiendas-de-ropa/navojoa/page/2
La Gran Bota,Navojoa,ND,ND,ND,ND,https://guiamexican.com/tiendas-de-ropa/navojoa/page/3
La Nueva Florencia,Navojoa,ND,ND,ND,ND,https://guiamexican.com/tiendas-de-ropa/navojoa/page/3
Miscelánea,Navojoa,ND,ND,ND,ND,https://guiamexican.com/tiendas-de-ropa/navojoa/page/3
Novedades Coco,Navojoa,ND,ND,ND,ND,https://guiamexican.com/tiendas-de-ropa/navojoa/page/3
Novedades De México,Navojoa,ND,ND,ND,ND,https://guiamexican.com/tiendas-de-ropa/navojoa/page/3
Novedades La Chiquita,Navojoa,ND,ND,ND,ND,https://guiamexican.com/tiendas-de-ropa/navojoa/page/3
Novedades Lupita,Navojoa,ND,ND,ND,ND,https://guiamexican.com/tiendas-de-ropa/navojoa/page/3
Sport Casual,Navojoa,ND,ND,ND,ND,https://guiamexican.com/tiendas-de-ropa/navojoa/page/3
Venta De Ropa Seminueva,Navojoa,ND,ND,ND,ND,https://guiamexican.com/tiendas-de-ropa/navojoa/page/3
De Todo,Navojoa,ND,ND,ND,ND,https://guiamexican.com/tiendas-de-ropa/navojoa/page/3
Incógnito,Navojoa,ND,ND,ND,ND,https://guiamexican.com/tiendas-de-ropa/navojoa/page/3
Cecys Fhashion,Navojoa,ND,ND,ND,ND,https://guiamexican.com/tiendas-de-ropa/navojoa/page/4
"Comercio Al Por Menor De Ropa, Excepto De Bebé Y Lencería",Navojoa,ND,ND,ND,ND,https://guiamexican.com/tiendas-de-ropa/navojoa/page/4
L Jeans,Navojoa,ND,ND,ND,ND,https://guiamexican.com/tiendas-de-ropa/navojoa/page/4
Boutique,Navojoa,ND,ND,ND,ND,https://guiamexican.com/tiendas-de-ropa/navojoa/page/4
D Caché,Navojoa,ND,ND,ND,ND,https://guiamexican.com/tiendas-de-ropa/navojoa/page/4
Novedades La Moda,Navojoa,ND,ND,ND,ND,https://guiamexican.com/tiendas-de-ropa/navojoa/page/5
Novedades Santa,Navojoa,ND,ND,ND,ND,https://guiamexican.com/tiendas-de-ropa/navojoa/page/5
Tienda De Ropa Para Niños,Navojoa,ND,ND,ND,ND,https://guiamexican.com/tiendas-de-ropa/navojoa/page/5
Mi Closet Kid,Navojoa,ND,ND,ND,ND,https://guiamexican.com/tiendas-de-ropa/navojoa/page/5
Bodega De Levibola,Navojoa,ND,ND,ND,ND,https://guiamexican.com/tiendas-de-ropa/navojoa/page/5
88 Melody,Navojoa,ND,ND,ND,ND,https://guiamexican.com/tiendas-de-ropa/navojoa/page/5
D´Ruby,Navojoa,ND,ND,ND,ND,https://guiamexican.com/tiendas-de-ropa/navojoa/page/5
Tienda De Ropa Y Accesorios Nortek,Navojoa,ND,ND,ND,ND,https://guiamexican.com/tiendas-de-ropa/navojoa/page/5
Casa Toledo,Navojoa,ND,ND,ND,ND,https://guiamexican.com/tiendas-de-ropa/navojoa/page/5
Novedades Rodríguez,Navojoa,ND,ND,ND,ND,https://guiamexican.com/tiendas-de-ropa/navojoa/page/6
Tiendas Eleczion,Navojoa,ND,ND,ND,ND,https://guiamexican.com/tiendas-de-ropa/navojoa/page/6
Novedades,Navojoa,ND,ND,ND,ND,https://guiamexican.com/tiendas-de-ropa/navojoa/page/6
Zapatería,Navojoa,ND,ND,ND,ND,https://guiamexican.com/tiendas-de-ropa/navojoa/page/6
Venta De Ropa Nueva,Navojoa,ND,ND,ND,ND,https://guiamexican.com/tiendas-de-ropa/navojoa/page/6
Boutique Marielas,Guaymas,ND,ND,ND,ND,https://guiamexican.com/tiendas-de-ropa/guaymas
Khoss,Guaymas,ND,ND,ND,ND,https://guiamexican.com/tiendas-de-ropa/guaymas
Ropa Bonita,Guaymas,ND,ND,ND,ND,https://guiamexican.com/tiendas-de-ropa/guaymas
Cosas Bonitas,Guaymas,ND,ND,ND,ND,https://guiamexican.com/tiendas-de-ropa/guaymas
Kiss Me,Guaymas,ND,ND,ND,ND,https://guiamexican.com/tiendas-de-ropa/guaymas
Xtreme Boutique,Guaymas,ND,ND,ND,ND,https://guiamexican.com/tiendas-de-ropa/guaymas
Be Aquas Boutique,Guaymas,ND,ND,ND,ND,https://guiamexican.com/tiendas-de-ropa/guaymas
La Lagunilla De Vicam,Guaymas,ND,ND,ND,ND,https://guiamexican.com/tiendas-de-ropa/guaymas
Arte Grafica Tienda De Ropa De Playa,Guaymas,ND,ND,ND,ND,https://guiamexican.com/tiendas-de-ropa/guaymas
Piccolin Kids,Guaymas,ND,ND,ND,ND,https://guiamexican.com/tiendas-de-ropa/guaymas
Limite Boutique,Guaymas,ND,ND,ND,ND,https://guiamexican.com/tiendas-de-ropa/guaymas
Miss Elegant,Guaymas,ND,ND,ND,ND,https://guiamexican.com/tiendas-de-ropa/guaymas
Natalias Boutique,Guaymas,ND,ND,ND,ND,https://guiamexican.com/tiendas-de-ropa/guaymas/page/2
Mariela'S Boutique,Guaymas,ND,ND,ND,ND,https://guiamexican.com/tiendas-de-ropa/guaymas/page/2
Novedades Winky,Guaymas,ND,ND,ND,ND,https://guiamexican.com/tiendas-de-ropa/guaymas/page/2
La Boutique De Los Uniformes,Guaymas,ND,ND,ND,ND,https://guiamexican.com/tiendas-de-ropa/guaymas/page/2
Bershkaa,Guaymas,ND,ND,ND,ND,https://guiamexican.com/tiendas-de-ropa/guaymas/page/2
Ecko Playeras,Guaymas,ND,ND,ND,ND,https://guiamexican.com/tiendas-de-ropa/guaymas/page/2
Playeras Angel,Guaymas,ND,ND,ND,ND,https://guiamexican.com/tiendas-de-ropa/guaymas/page/2
Regalos Lu,Guaymas,ND,ND,ND,ND,https://guiamexican.com/tiendas-de-ropa/guaymas/page/2
Tienda De Ropa Arellano,Guaymas,ND,ND,ND,ND,https://guiamexican.com/tiendas-de-ropa/guaymas/page/2
Naimy Shop Girl,Guaymas,ND,ND,ND,ND,https://guiamexican.com/tiendas-de-ropa/guaymas/page/2
Chinos Boutique,Guaymas,ND,ND,ND,ND,https://guiamexican.com/tiendas-de-ropa/guaymas/page/2
Men´S Collection,Guaymas,ND,ND,ND,ND,https://guiamexican.com/tiendas-de-ropa/guaymas/page/2
Mercado Moroleon,Guaymas,ND,ND,ND,ND,https://guiamexican.com/tiendas-de-ropa/guaymas/page/2
37 Sensacion,Guaymas,ND,ND,ND,ND,https://guiamexican.com/tiendas-de-ropa/guaymas/page/2
Boutique Fashion,Guaymas,ND,ND,ND,ND,https://guiamexican.com/tiendas-de-ropa/guaymas/page/2
D Moda,Guaymas,ND,ND,ND,ND,https://guiamexican.com/tiendas-de-ropa/guaymas/page/3
Granada,Guaymas,ND,ND,ND,ND,https://guiamexican.com/tiendas-de-ropa/guaymas/page/3
Love Boutique,Guaymas,ND,ND,ND,ND,https://guiamexican.com/tiendas-de-ropa/guaymas/page/3
Novedades Gloria,Guaymas,ND,ND,ND,ND,https://guiamexican.com/tiendas-de-ropa/guaymas/page/3
Novedades Ross,Guaymas,ND,ND,ND,ND,https://guiamexican.com/tiendas-de-ropa/guaymas/page/3
Novedades Sanchez,Guaymas,ND,ND,ND,ND,https://guiamexican.com/tiendas-de-ropa/guaymas/page/3
Tienda De Ropa Norma,Guaymas,ND,ND,ND,ND,https://guiamexican.com/tiendas-de-ropa/guaymas/page/3
Tienda Ropa,Guaymas,ND,ND,ND,ND,https://guiamexican.com/tiendas-de-ropa/guaymas/page/3
Juniors Boutique,Guaymas,ND,ND,ND,ND,https://guiamexican.com/tiendas-de-ropa/guaymas/page/3
Forever,Guaymas,ND,ND,ND,ND,https://guiamexican.com/tiendas-de-ropa/guaymas/page/3
81 Sensacion,Guaymas,ND,ND,ND,ND,https://guiamexican.com/tiendas-de-ropa/guaymas/page/3
Mercería,Guaymas,ND,ND,ND,ND,https://guiamexican.com/tiendas-de-ropa/guaymas/page/3
La tiendita de el Chavo,San Miguel de Horcasitas,+52 662 181 5005,ND,ND,ND,https://www.allbiz.mx/la-tiendita-de-el-chavo-662-181-5005
Encinas Encias Moises Agustin,San Pedro de la Cueva,+52 623 232 1310,ND,ND,ND,https://www.allbiz.mx/encinas-encias-moises-agustin-623-232-1310
Martha Boutique,Hermosillo,+52 637 372 1813,ND,ND,ND,https://www.allbiz.mx/martha-boutique_1q-637-372-1813
MaxiUniformes,Cananea,+52 645 331 2260,ND,ND,ND,https://www.allbiz.mx/maxiuniformes_2T-645-331-2260
Uniformes AS,Caborca,+52 662 169 8029,ND,ND,ND,https://www.allbiz.mx/uniformes-as-662-169-8029
Fontes Uniformes - Suc Garmendia,Hermosillo,+52 662 213 3669,ND,ND,ND,https://www.allbiz.mx/fontes-uniformes-suc-garmendia-662-213-3669
Ultra Tex,Hermosillo,+52 662 437 6629,ND,ND,ND,https://www.allbiz.mx/ultra-tex-662-437-6629
Uniformes Arrieta,Hermosillo,+52 662 213 2265,ND,ND,ND,https://www.allbiz.mx/uniformes-arrieta-662-213-2265
Sonora Boutique,Navojoa,+52 642 120 1386,ND,ND,ND,https://www.allbiz.mx/sonora-boutique_1B-642-120-1386
Milly's Boutique,Nogales,+52 631 197 5489,ND,ND,ND,https://www.allbiz.mx/millys-boutique
Diseño de alta costura Gloria's,Navojoa,+52 642 141 2222,ND,ND,ND,https://www.allbiz.mx/dise%C3%B1o-de-alta-costura-glorias-642-141-2222
Los 3 Angelitos,Caborca,+52 637 372 3833,ND,ND,ND,https://www.allbiz.mx/los-angelitos_46T-637-372-3833
Clothiing Mode Nogales,Nogales,+52 631 318 7701,ND,ND,ND,https://www.allbiz.mx/clothiing-mode-nogales-631-318-7701
Forever Boutique San Luis R.C.,San Luis Río Colorado,+52 653 536 4354,ND,ND,ND,https://www.allbiz.mx/forever-boutique-san-luis-r-c-653-536-4354
Venta de Ropa para Caballero y Dama,San Luis Río Colorado,+52 653 105 4990,ND,ND,ND,https://www.allbiz.mx/venta-de-ropa-para-caballero-y-dama-653-105-4990
El Baúl Bazar,San Luis Río Colorado,+52 653 127 3682,ND,ND,ND,https://www.allbiz.mx/el-ba%C3%BAl-bazar_2C-653-127-3682
The Garden Kids Boutique,San Luis Río Colorado,+52 653 121 3445,ND,ND,ND,https://www.allbiz.mx/the-garden-kids-boutique-653-121-3445
Ladys Boutique,Huatabampo,+52 647 426 4081,ND,ND,ND,https://www.allbiz.mx/ladys-boutique_1M-647-426-4081
Jacob's boutique,Puerto Peñasco,+52 638 105 9342,ND,ND,ND,https://www.allbiz.mx/jacobs-boutique-638-105-9342
LIRO Accesorios,Agua Prieta,+52 633 113 6049,ND,ND,ND,https://www.allbiz.mx/liro-accesorios-633-113-6049
Boutique Alice,Ciudad Obregón,+52 644 413 3737,ND,ND,ND,https://www.allbiz.mx/boutique-alice_5j-644-413-3737
Samsara Boutique,Ciudad Obregón,+52 644 169 8224,ND,ND,ND,https://www.allbiz.mx/samsara-boutique-644-169-8224
Charlotte Boutique,San Luis Río Colorado,+52 653 129 1386,ND,ND,ND,https://www.allbiz.mx/charlotte-boutique_112-653-129-1386
Keyshus Clothes,Ciudad Obregón,+52 644 108 7487,ND,ND,ND,https://www.allbiz.mx/keyshus-clothes-644-108-7487
Alfa Store,Caborca,+52 637 113 0492,ND,ND,ND,https://www.allbiz.mx/fashion-styles_4G-637-113-0492
Zona MODA Y KIDS,Nogales,+52 631 999 4554,ND,ND,ND,https://www.allbiz.mx/zona-moda-y-kids-631-999-4554
Confeccione maravilla taller de costura,Nogales,+52 631 108 9356,ND,ND,ND,https://www.allbiz.mx/confeccione-maravilla-taller-de-costura-631-108-9356
Eros Moda,Navojoa,+52 642 136 5908,ND,ND,ND,https://www.allbiz.mx/eros-moda-642-136-5908
Artegrafica Tienda de Ropa de Playa,Guaymas,+52 622 226 0217,ND,ND,ND,https://www.allbiz.mx/artegrafica-tienda-de-ropa-de-playa-622-226-0217
Trendy & Chic,Ciudad Obregón,ND,ND,ND,ND,https://www.allbiz.mx/trendy-chic
Venta De Ropa,Ciudad Obregón,+52 452 524 5020,ND,ND,ND,https://www.allbiz.mx/venta-de-ropa_18f-452-524-5020
Guseli boutique,Ciudad Obregón,+52 644 413 1979,ND,ND,ND,https://www.allbiz.mx/guseli-boutique-644-413-1979
Katiria Cruz,Ciudad Obregón,+52 644 119 0227,ND,ND,ND,https://www.allbiz.mx/katias-bazar-644-119-0227
Tridente ROCK STORE Obregon,Ciudad Obregón,+52 644 167 4817,ND,ND,ND,https://www.allbiz.mx/tridente-rock-store-obregon-644-167-4817
Shein Obregon,Ciudad Obregón,+52 644 126 7415,ND,ND,ND,https://www.allbiz.mx/shein-obregon-644-126-7415
Regina Fashion,Ciudad Obregón,+52 644 201 0241,ND,ND,ND,https://www.allbiz.mx/regina-fashion_24-644-201-0241
Xplora Boutique,Hermosillo,ND,ND,ND,ND,https://www.allbiz.mx/xplora-boutique_4T
MI Online boutique,San Luis Río Colorado,+52 653 103 1985,ND,ND,ND,https://www.allbiz.mx/mi-online-boutique-653-103-1985
Love Tree,San Luis Río Colorado,+52 653 690 1197,ND,ND,ND,https://www.allbiz.mx/love-tree-653-690-1197
Prestigio Modas y Novias,Ciudad Obregón,+52 644 415 3529,ND,ND,ND,https://www.allbiz.mx/prestigio-modas-y-novias-644-415-3529
Fiu Fiuuu Boutique,Hermosillo,+52 662 146 5651,ND,ND,ND,https://www.allbiz.mx/fiu-fiuuu-boutique-662-146-5651
Boutique Orly,Guaymas,+52 622 222 1314,ND,ND,ND,https://www.allbiz.mx/boutique-orly-622-222-1314
Stylo's Boutique,Nogales,+52 631 120 7053,ND,ND,ND,https://www.allbiz.mx/stylos-boutique_2g-631-120-7053
MIRANDA IZAGUIRRE CECILIA,Navojoa,+52 642 421 5783,ND,ND,ND,https://www.guiatel.com.mx/empresas/navojoa-sonora/boutiques
ALMADA FABELA MARISOL,Navojoa,+52 642 424 2257,ND,ND,ND,https://www.guiatel.com.mx/empresas/navojoa-sonora/boutiques
INTER-JEANS,Navojoa,+52 642 421 3544,ND,ND,ND,https://www.guiatel.com.mx/empresas/navojoa-sonora/boutiques
VILLALOBOS CASTRO GUADALUPE,Navojoa,+52 642 422 4737,ND,ND,ND,https://www.guiatel.com.mx/empresas/navojoa-sonora/boutiques
Almacenes Garcia de Mexico,Nogales,+52 631 312 7065,ND,ND,ND,https://planetanogales.com/nogales-ventas/ropa-y-calzado/
Deseprosa,Nogales,+52 631 313 9337,ND,ND,ND,https://planetanogales.com/nogales-ventas/ropa-y-calzado/
Elektra del Milenio,Nogales,+52 631 312 3528,ND,ND,ND,https://planetanogales.com/nogales-ventas/ropa-y-calzado/
Novedades In,Nogales,+52 631 312 0569,ND,ND,ND,https://planetanogales.com/nogales-ventas/ropa-y-calzado/
Novelties,Nogales,+52 631 312 0569,ND,ND,ND,https://planetanogales.com/nogales-ventas/ropa-y-calzado/
Por Distinción,Nogales,+52 631 312 6679,ND,ND,ND,https://planetanogales.com/nogales-ventas/ropa-y-calzado/
Santana Sport Wear,Nogales,+52 631 612 5665,ND,ND,ND,https://planetanogales.com/nogales-ventas/ropa-y-calzado/
Triple AAA Centro de Descuento,Nogales,+52 631 287 7472,ND,ND,ND,https://planetanogales.com/nogales-ventas/ropa-y-calzado/
Via Veneto,Nogales,+52 631 312 0033,ND,ND,ND,https://planetanogales.com/nogales-ventas/ropa-y-calzado/
ESPINOZA DOMINGUEZ ADRIANA,Hermosillo,+52 662 213 4246,ND,ND,ND,https://www.guiatel.com.mx/empresas/hermosillo-sonora/boutiques
SAC BOUTIQUE PANTALON COLOMBIANO,Hermosillo,+52 662 216 3383,ND,ND,ND,https://www.guiatel.com.mx/empresas/hermosillo-sonora/boutiques
ELEGANZA BOUTIQUE,Hermosillo,+52 662 127 0003,ND,ND,ND,https://www.guiatel.com.mx/empresas/hermosillo-sonora/boutiques
BUSTAMANTE REYES YADIRA LETICIA,Hermosillo,+52 662 210 4749,ND,ND,ND,https://www.guiatel.com.mx/empresas/hermosillo-sonora/boutiques
CORTES FIGUEROA ALEJANDRA,Hermosillo,+52 662 688 1555,ND,ND,ND,https://www.guiatel.com.mx/empresas/hermosillo-sonora/boutiques
GARCIA SANTIAGO MIGUEL ANGEL,Hermosillo,+52 662 135 8496,ND,ND,ND,https://www.guiatel.com.mx/empresas/hermosillo-sonora/boutiques
MARTINEZ JUVERA MA LEONOR,Hermosillo,+52 662 210 4673,ND,ND,ND,https://www.guiatel.com.mx/empresas/hermosillo-sonora/boutiques
RAMIREZ MANJARREZ ERICK GALDINO,Hermosillo,+52 662 216 6492,ND,ND,ND,https://www.guiatel.com.mx/empresas/hermosillo-sonora/boutiques
CELAYA MORALEZ LEYDA SULEMA,Hermosillo,+52 662 211 1237,ND,ND,ND,https://www.guiatel.com.mx/empresas/hermosillo-sonora/boutiques
DOMINGUEZ VASQUEZ MARTIN ALONSO,Hermosillo,+52 662 212 5810,ND,ND,ND,https://www.guiatel.com.mx/empresas/hermosillo-sonora/boutiques
IBARRA AMAYA ARTURO ISIDRO,Hermosillo,+52 662 688 2330,ND,ND,ND,https://www.guiatel.com.mx/empresas/hermosillo-sonora/boutiques
SIERRA VASQUEZ MA GUADALUPE,Hermosillo,+52 662 218 6198,ND,ND,ND,https://www.guiatel.com.mx/empresas/hermosillo-sonora/boutiques
VALDEZ LOPEZ KRYSTAL SOFIA,Hermosillo,+52 662 210 1638,ND,ND,ND,https://www.guiatel.com.mx/empresas/hermosillo-sonora/boutiques
BURPRO DE SONORA,Hermosillo,+52 662 267 2415,ND,ND,ND,https://www.guiatel.com.mx/empresas/hermosillo-sonora/boutiques
ARTURO ISIDRO IBARRA AMAYA,Hermosillo,+52 662 219 9501,ND,ND,ND,https://www.guiatel.com.mx/empresas/hermosillo-sonora/boutiques
CRUZ LOPEZ GISEL,Hermosillo,+52 662 264 8099,ND,ND,ND,https://www.guiatel.com.mx/empresas/hermosillo-sonora/boutiques
GIL ORTEGA MARCO ANTONIO,Hermosillo,+52 662 214 3196,ND,ND,ND,https://www.guiatel.com.mx/empresas/hermosillo-sonora/boutiques
MIRANDA SINOHUI RAMIRO,Hermosillo,+52 662 260 5223,ND,ND,ND,https://www.guiatel.com.mx/empresas/hermosillo-sonora/boutiques
TARAZON SIN MANUEL,Hermosillo,+52 662 217 1432,ND,ND,ND,https://www.guiatel.com.mx/empresas/hermosillo-sonora/boutiques
VASQUEZ ROMERO ELSA EMILIA,Hermosillo,+52 662 211 6226,ND,ND,ND,https://www.guiatel.com.mx/empresas/hermosillo-sonora/boutiques
DISTRIBUIDORA PESI,Hermosillo,+52 662 260 0037,ND,ND,ND,https://www.guiatel.com.mx/empresas/hermosillo-sonora/uniformes-en-general
PESI UNIFORMES,Hermosillo,+52 662 260 0037,ND,ND,ND,https://www.guiatel.com.mx/empresas/hermosillo-sonora/uniformes-en-general
OK,Hermosillo,+52 662 215 9522,ND,ND,ND,https://www.guiatel.com.mx/empresas/hermosillo-sonora/uniformes-en-general
BORD ARTE,Hermosillo,+52 662 215 1501,ND,ND,ND,https://www.guiatel.com.mx/empresas/hermosillo-sonora/uniformes-en-general
D'ASALIA TRAJES EJECUTIVOS Y UNIFORMES EMPRESARIALES,Hermosillo,+52 662 213 6027,ND,ND,ND,https://www.guiatel.com.mx/empresas/hermosillo-sonora/uniformes-en-general
IBARRA IRIARTE FRANCISCA,Hermosillo,+52 662 212 7458,ND,ND,ND,https://www.guiatel.com.mx/empresas/hermosillo-sonora/uniformes-en-general
IMAGEN CORPORATIVA UNIFORMES EJECUTIVOS,Hermosillo,+52 662 214 4164,ND,ND,ND,https://www.guiatel.com.mx/empresas/hermosillo-sonora/uniformes-en-general
MARTINEZ VALENCIA ADRIANAALEJANDRA,Hermosillo,+52 662 215 8758,ND,ND,ND,https://www.guiatel.com.mx/empresas/hermosillo-sonora/uniformes-en-general
MEDI LINE,Hermosillo,+52 662 310 5642,ND,ND,ND,https://www.guiatel.com.mx/empresas/hermosillo-sonora/uniformes-en-general
MC UNIFORMES,Hermosillo,+52 662 216 3123,ND,ND,ND,https://www.guiatel.com.mx/empresas/hermosillo-sonora/uniformes-en-general
MODA EMPRESARIAL,Hermosillo,+52 662 210 0170,ND,ND,ND,https://www.guiatel.com.mx/empresas/hermosillo-sonora/uniformes-en-general
UNDO SKIN,Hermosillo,+52 662 218 3657,ND,ND,ND,https://www.guiatel.com.mx/empresas/hermosillo-sonora/uniformes-en-general
UNIFORMES DE TODO MEX,Hermosillo,+52 662 212 1673,ND,ND,ND,https://www.guiatel.com.mx/empresas/hermosillo-sonora/uniformes-en-general
BORDADOS & MÁS,Hermosillo,+52 662 216 3691,ND,ND,ND,https://www.guiatel.com.mx/empresas/hermosillo-sonora/uniformes-en-general
EA LINGERIE,Hermosillo,+52 662 216 5880,ND,ND,ND,https://www.guiatel.com.mx/empresas/hermosillo-sonora/lencerias
FELIX COLORES JUDITH,Hermosillo,+52 662 211 0201,ND,ND,ND,https://www.guiatel.com.mx/empresas/hermosillo-sonora/lencerias
JULIETA SARAHI GOMEZ VILLALOBOS,Hermosillo,+52 662 219 2286,ND,ND,ND,https://www.guiatel.com.mx/empresas/hermosillo-sonora/lencerias
RED MEXICANA DE PRODUCTOS SERVS,Hermosillo,+52 662 210 3683,ND,ND,ND,https://www.guiatel.com.mx/empresas/hermosillo-sonora/lencerias
NORMA CRISTINA AMAYA YAÑEZ,Hermosillo,+52 662 215 9326,ND,ND,ND,https://www.guiatel.com.mx/empresas/hermosillo-sonora/lencerias
PRECIADO HURTADO MARIO,Hermosillo,+52 662 217 0046,ND,ND,ND,https://www.guiatel.com.mx/empresas/hermosillo-sonora/zapaterias
HERMOSILLO SHUTTLES,Hermosillo,+52 662 215 8826,ND,ND,ND,https://www.guiatel.com.mx/empresas/hermosillo-sonora/zapaterias
BAROCHI,Hermosillo,+52 662 212 7772,ND,ND,ND,https://www.guiatel.com.mx/empresas/hermosillo-sonora/zapaterias
BELTRAN VALENZUELA ALVARO,Hermosillo,+52 662 211 2244,ND,ND,ND,https://www.guiatel.com.mx/empresas/hermosillo-sonora/zapaterias
CALZADO ESPECIALIZADO PRIMOROSSA,Hermosillo,+52 662 216 5566,ND,ND,ND,https://www.guiatel.com.mx/empresas/hermosillo-sonora/zapaterias
CESAR VARGAS MARTINEZ,Hermosillo,+52 662 213 7184,ND,ND,ND,https://www.guiatel.com.mx/empresas/hermosillo-sonora/zapaterias
CALZZAPATO,Hermosillo,+52 662 217 0510,ND,ND,ND,https://www.guiatel.com.mx/empresas/hermosillo-sonora/zapaterias
FLOR DE LIZAPATERIA,Hermosillo,+52 662 212 1343,ND,ND,ND,https://www.guiatel.com.mx/empresas/hermosillo-sonora/zapaterias
GERARDO CARMONA PRESCIADO,Hermosillo,+52 662 212 1907,ND,ND,ND,https://www.guiatel.com.mx/empresas/hermosillo-sonora/zapaterias
GRUPO CALZAPATO,Hermosillo,+52 662 264 7175,ND,ND,ND,https://www.guiatel.com.mx/empresas/hermosillo-sonora/zapaterias
MADRIGAL MENDEZ CARLOS SALVADOR,Hermosillo,+52 662 213 1475,ND,ND,ND,https://www.guiatel.com.mx/empresas/hermosillo-sonora/zapaterias
NENA MARQUEZ B & ZAPATERIAS,Hermosillo,+52 662 348 3916,ND,ND,ND,https://www.guiatel.com.mx/empresas/hermosillo-sonora/zapaterias
OMAR ALEJANDRO CORDOVA ARVIZU,Hermosillo,+52 662 213 1379,ND,ND,ND,https://www.guiatel.com.mx/empresas/hermosillo-sonora/zapaterias
ROCHIN PADILLA LIZETH,Hermosillo,+52 662 213 3996,ND,ND,ND,https://www.guiatel.com.mx/empresas/hermosillo-sonora/zapaterias
ZAMATZON,Hermosillo,+52 662 213 2430,ND,ND,ND,https://www.guiatel.com.mx/empresas/hermosillo-sonora/zapaterias
RIVERA GONZALEZ ARTURO,Hermosillo,+52 662 214 1459,ND,ND,ND,https://www.guiatel.com.mx/empresas/hermosillo-sonora/zapaterias
ROMAN GARCIA DENISSE TRINIDAD,Hermosillo,+52 662 217 3401,ND,ND,ND,https://www.guiatel.com.mx/empresas/hermosillo-sonora/zapaterias
WATA GROUP,Hermosillo,+52 662 212 5528,ND,ND,ND,https://www.guiatel.com.mx/empresas/hermosillo-sonora/zapaterias
ZAPATERIA NOELIA COLLECTION,Hermosillo,+52 662 260 1300,ND,ND,ND,https://www.guiatel.com.mx/empresas/hermosillo-sonora/zapaterias
ZAPATERIA DABALDE LIZ,Hermosillo,+52 662 214 1831,ND,ND,ND,https://www.guiatel.com.mx/empresas/hermosillo-sonora/zapaterias
ZAPATERIA EL SOL,Hermosillo,+52 662 213 3349,ND,ND,ND,https://www.guiatel.com.mx/empresas/hermosillo-sonora/zapaterias
BELTRAN SALCEDO YOLANDA SILVIA,Hermosillo,+52 662 260 6883,ND,ND,ND,https://www.guiatel.com.mx/empresas/hermosillo-sonora/zapaterias
ZAPAHERMO,Hermosillo,+52 662 212 5365,ND,ND,ND,https://www.guiatel.com.mx/empresas/hermosillo-sonora/zapaterias
PASARELLA SHOES,Hermosillo,+52 662 213 0096,ND,ND,ND,https://www.guiatel.com.mx/empresas/hermosillo-sonora/zapaterias
NOVEDADES KAREN,Nogales,+52 631 313 2615,ND,ND,ND,https://www.guiatel.com.mx/empresas/nogales-sonora/boutiques
DENNIS SOLIS SILVIA,Nogales,+52 631 312 2021,ND,ND,ND,https://www.guiatel.com.mx/empresas/nogales-sonora/boutiques
ORNELAS SAAVEDRA MA JACQUELINE,Nogales,+52 631 312 8233,ND,ND,ND,https://www.guiatel.com.mx/empresas/nogales-sonora/boutiques
QUINTERO OLIVAS ALICIA,Nogales,+52 631 326 2734,ND,ND,ND,https://www.guiatel.com.mx/empresas/nogales-sonora/boutiques
MONTES RAMOS BRENDA ANGELICA,Nogales,+52 631 313 7359,ND,ND,ND,https://www.guiatel.com.mx/empresas/nogales-sonora/boutiques
VIVA UNIFORMES,Nogales,+52 631 316 2442,ND,ND,ND,https://www.guiatel.com.mx/empresas/nogales-sonora/uniformes-en-general
CENTRAL DE UNIFORMES DE NOGALES,Nogales,+52 631 319 0709,ND,ND,ND,https://www.guiatel.com.mx/empresas/nogales-sonora/uniformes-en-general
DISEPROSA,Nogales,+52 631 313 9337,ND,ND,ND,https://www.guiatel.com.mx/empresas/nogales-sonora/uniformes-en-general
BORDADOS PROMOCIONALES Y MAS Z Y Z,Nogales,+52 631 209 9621,ND,ND,ND,https://www.guiatel.com.mx/empresas/nogales-sonora/uniformes-en-general
VILLELA GRANILLO GUADALUPE MA,Nogales,+52 631 316 2280,ND,ND,ND,https://www.guiatel.com.mx/empresas/nogales-sonora/uniformes-en-general
BARNETT PAYAN GILDARDO ALFONSO,San Luis Río Colorado,+52 653 535 7586,ND,ND,ND,https://www.guiatel.com.mx/empresas/san-luis-rio-colorado-sonora/boutiques
CASTRO LOPEZ CARLOS ALBERTO,San Luis Río Colorado,+52 653 536 7369,ND,ND,ND,https://www.guiatel.com.mx/empresas/san-luis-rio-colorado-sonora/boutiques
MORALES SOLANO HERLINDA ELOISA,San Luis Río Colorado,+52 653 534 2008,ND,ND,ND,https://www.guiatel.com.mx/empresas/san-luis-rio-colorado-sonora/boutiques
BOTIQUE MITA,San Luis Río Colorado,+52 653 536 7387,ND,ND,ND,https://www.guiatel.com.mx/empresas/san-luis-rio-colorado-sonora/boutiques
CARMONA OCHOA SERGIO ANDREY,San Luis Río Colorado,+52 653 515 1488,ND,ND,ND,https://www.guiatel.com.mx/empresas/san-luis-rio-colorado-sonora/boutiques
UNIFORMES Y BORDADOS GILS,San Luis Río Colorado,+52 653 536 1444,ND,ND,ND,https://www.guiatel.com.mx/empresas/san-luis-rio-colorado-sonora/uniformes-en-general
ANDREA,San Luis Río Colorado,+52 653 534 6429,ND,ND,ND,https://www.guiatel.com.mx/empresas/san-luis-rio-colorado-sonora/zapaterias
LOPEZ REYNA ESMERALDA,San Luis Río Colorado,+52 653 534 0719,ND,ND,ND,https://www.guiatel.com.mx/empresas/san-luis-rio-colorado-sonora/zapaterias
ESPARZA REYES ALICIA,San Luis Río Colorado,+52 653 534 1794,ND,ND,ND,https://www.guiatel.com.mx/empresas/san-luis-rio-colorado-sonora/zapaterias
SAN PATAS ZAPATERIA,San Luis Río Colorado,+52 653 534 4388,ND,ND,ND,https://www.guiatel.com.mx/empresas/san-luis-rio-colorado-sonora/zapaterias
COPPEL,San Luis Río Colorado,+52 653 534 1767,ND,ND,ND,https://www.guiatel.com.mx/empresas/san-luis-rio-colorado-sonora/zapaterias
BORDAXPRESS,Navojoa,+52 642 422 9087,ND,ND,ND,https://www.guiatel.com.mx/empresas/navojoa-sonora/uniformes-en-general
Da-Ela accesorios,San Luis Río Colorado,+52 653 109 2917,ND,ND,ND,https://www.allbiz.mx/da-ela-accesorios-653-109-2917
Lenceria San Luis,San Luis Río Colorado,+52 653 117 7013,ND,ND,ND,https://www.allbiz.mx/lenceria-san-luis-653-117-7013
GARCIA ALVAREZ DIANA CAROLINA,Hermosillo,+52 662 136 0928,ND,ND,ND,https://www.guiatel.com.mx/empresas/hermosillo-sonora/ropa-para-damas
MILANO OPER,Hermosillo,+52 662 212 4024,ND,ND,ND,https://www.guiatel.com.mx/empresas/hermosillo-sonora/ropa-para-damas
ARGELIA CORELLA AGUILAR,Hermosillo,+52 662 688 1126,ND,ND,ND,https://www.guiatel.com.mx/empresas/hermosillo-sonora/ropa-para-damas
GUERRERO BUERAS EDNA,Hermosillo,+52 662 213 0732,ND,ND,ND,https://www.guiatel.com.mx/empresas/hermosillo-sonora/ropa-para-damas
MARISCAL MONGE JOSE ANTONIO,Hermosillo,+52 662 210 1037,ND,ND,ND,https://www.guiatel.com.mx/empresas/hermosillo-sonora/ropa-para-damas
MONGE MADA BARBARA LUZ,Hermosillo,+52 662 216 6399,ND,ND,ND,https://www.guiatel.com.mx/empresas/hermosillo-sonora/ropa-para-damas
TERESITA DE J FAZ RIVAS,Hermosillo,+52 662 212 3396,ND,ND,ND,https://www.guiatel.com.mx/empresas/hermosillo-sonora/ropa-para-damas
VEGA PEREZ MARTHA MA,Hermosillo,+52 662 212 1738,ND,ND,ND,https://www.guiatel.com.mx/empresas/hermosillo-sonora/ropa-para-damas
NUEVA LAGUNILLA DE HERMOSILLO,Hermosillo,+52 662 213 1565,ND,ND,ND,https://www.guiatel.com.mx/empresas/hermosillo-sonora/ropa-para-damas
IBARRA ISLAS ERIKA LETICIA,Hermosillo,+52 662 212 6101,ND,ND,ND,https://www.guiatel.com.mx/empresas/hermosillo-sonora/ropa-para-damas
NUEVA LAGUNILLA DE HERMOSILLO SA DE CV,Hermosillo,+52 662 213 3335,ND,ND,ND,https://www.guiatel.com.mx/empresas/hermosillo-sonora/ropa-para-damas
MI HUELLITA,Nogales,+52 631 314 5593,ND,ND,ND,https://www.guiatel.com.mx/empresas/nogales-sonora/zapaterias
GALLARDO ROJAS ENRIQUE ALFONSO,Nogales,+52 631 314 6050,ND,ND,ND,https://www.guiatel.com.mx/empresas/nogales-sonora/zapaterias
NOGALZAPA,Nogales,+52 631 312 4944,ND,ND,ND,https://www.guiatel.com.mx/empresas/nogales-sonora/zapaterias
GUERRERO ROBLES MA SOLEDAD,Nogales,+52 631 314 5550,ND,ND,ND,https://www.guiatel.com.mx/empresas/nogales-sonora/zapaterias
PEREA SANCHEZ AURELIO,Nogales,+52 631 312 4092,ND,ND,ND,https://www.guiatel.com.mx/empresas/nogales-sonora/zapaterias
SONOGALZA,Nogales,+52 631 312 2043,ND,ND,ND,https://www.guiatel.com.mx/empresas/nogales-sonora/zapaterias
SILVERADO BOOT S,Nogales,+52 631 313 4100,ND,ND,ND,https://www.guiatel.com.mx/empresas/nogales-sonora/zapaterias
VALDEZ MONTOYA NOE RICARDO,Nogales,+52 631 314 8666,ND,ND,ND,https://www.guiatel.com.mx/empresas/nogales-sonora/zapaterias
NIKMA,Nogales,+52 631 312 0090,ND,ND,ND,https://www.guiatel.com.mx/empresas/nogales-sonora/zapaterias
PATADURA,Nogales,+52 631 312 3388,ND,ND,ND,https://www.guiatel.com.mx/empresas/nogales-sonora/zapaterias
VERDUGO ROJAS BARBARA MONICA,Nogales,+52 631 312 2125,ND,ND,ND,https://www.guiatel.com.mx/empresas/nogales-sonora/vestidos-y-equipos-para-novias
CABANILLA ENCARNACION NORMA AL,Nogales,+52 631 313 8376,ND,ND,ND,https://www.guiatel.com.mx/empresas/nogales-sonora/vestidos-y-equipos-para-novias
GRUPO COMERCIAL DEL MURO,Hermosillo,+52 662 210 8565,ND,ND,ND,https://www.guiatel.com.mx/empresas/hermosillo-sonora/ropa-para-caballeros
CRUZ DE CORDOVA GUADALUPE,Hermosillo,+52 662 217 4979,ND,ND,ND,https://www.guiatel.com.mx/empresas/hermosillo-sonora/ropa-para-caballeros
Fashion Rose Boutique,Navojoa,ND,ND,ND,ND,https://fashionroseboutique.com/pages/nosotros
Fashion Rose Boutique,Huatabampo,ND,ND,ND,ND,https://fashionroseboutique.com/pages/nosotros
Fashion Rose Boutique,Ciudad Obregón,ND,ND,ND,ND,https://fashionroseboutique.com/pages/nosotros
Sonora Boutique,Hermosillo,+52 662 210 2640,ND,ND,ND,https://www.sonoraboutique.com.mx/pages/contact
Punto de Encuentro - Showroom,Ciudad Obregón,+52 644 260 7441,ND,ND,ND,https://www.allbiz.mx/punto-de-encuentro-showroom-644-260-7441
Adilene Coronado Boutique,Ciudad Obregón,+52 644 102 0642,ND,ND,ND,https://www.allbiz.mx/adilene-coronado-boutique-644-102-0642
Natalia Boutique's Y Algo Más,Cananea,+52 634 347 0900,ND,ND,ND,https://mxfirmas.com/SON-Cananea/Boutiques
Motivos Boutique De Regalos,Ciudad Obregón,+52 644 414 6501,ND,ND,ND,https://mxfirmas.com/SON-Ciudad-Obregon/Boutiques
La Gardenia Boutique Floral,Ciudad Obregón,+52 644 180 3938,ND,ND,ND,https://mxfirmas.com/SON-Ciudad-Obregon/Boutiques
BOUTIQUE LAS COMADRES,Álamos,ND,ND,ND,ND,https://www.municipiodata.com/municipios/sonora/alamos/entreprises
BOUTIQUE SHEIN ALAMOS,Álamos,ND,ND,ND,ND,https://www.municipiodata.com/municipios/sonora/alamos/entreprises
BAZAR DE ROPA DE SEGUNDA GONZALEZ,Álamos,ND,ND,ND,ND,https://www.municipiodata.com/municipios/sonora/alamos/entreprises
BOUTIQUE LAS 3 B,Álamos,+52 674 404 5457,ND,ND,ND,https://www.municipiodata.com/municipios/sonora/alamos/entreprises
BOTAS Y TALABARTERIA EL GUTY JR,Moctezuma,ND,ND,ND,ND,https://www.municipiodata.com/municipios/sonora/moctezuma/entreprises
COSAS Y COSITAS DE MOCTEZUMA,Moctezuma,ND,ND,ND,ND,https://www.municipiodata.com/municipios/sonora/moctezuma/entreprises
AIXELAS BOUTIQUE,Agua Prieta,ND,ND,ND,ND,https://www.municipiodata.com/municipios/sonora/agua-prieta/entreprises/commerce-detail
"Colchas México, S.A. de C.V.",Navojoa,+52 642 421 2070,ND,ND,ND,https://mxfirmas.com/SON-Navojoa/Ropa
Cklass Express - Wata Group,Navojoa,+52 642 422 1609,ND,ND,ND,https://mxfirmas.com/SON-Navojoa/Ropa
Lonas Expres,Navojoa,+52 642 427 3024,ND,ND,ND,https://mxfirmas.com/SON-Navojoa/Ropa
"Comercial Huatabampo, S. A. de C. V.",Navojoa,+52 642 422 5021,ND,ND,ND,https://mxfirmas.com/SON-Navojoa/Ropa
Recsa,Navojoa,+52 642 422 5852,ND,ND,ND,https://mxfirmas.com/SON-Navojoa/Ropa
Lonas T,Navojoa,+52 642 427 2678,ND,ND,ND,https://mxfirmas.com/SON-Navojoa/Ropa
Elaboración De Mochis,Navojoa,+52 642 439 4372,ND,ND,ND,https://mxfirmas.com/SON-Navojoa/Ropa
Costuras Sin Nombre,Navojoa,+52 642 421 0719,ND,ND,ND,https://mxfirmas.com/SON-Navojoa/Ropa
Taller De Costura Maria Irene,Navojoa,+52 642 421 5075,ND,ND,ND,https://mxfirmas.com/SON-Navojoa/Ropa
Tg Magia,Navojoa,+52 642 109 2970,ND,ND,ND,https://mxfirmas.com/SON-Navojoa/Ropa
Talabartería Sin Nombre,Navojoa,+52 642 104 4493,ND,ND,ND,https://mxfirmas.com/SON-Navojoa/Ropa
Imardi Serigraficos,Navojoa,+52 642 422 9143,ND,ND,ND,https://mxfirmas.com/SON-Navojoa/Ropa
Souvenirs,Navojoa,+52 642 422 9051,ND,ND,ND,https://mxfirmas.com/SON-Navojoa/Ropa
Norma Costurera,Navojoa,+52 642 482 6151,ND,ND,ND,https://mxfirmas.com/SON-Navojoa/Ropa
Costurera Doña María,Navojoa,+52 642 106 8020,ND,ND,ND,https://mxfirmas.com/SON-Navojoa/Ropa
de Gala,Navojoa,+52 642 120 0373,ND,ND,ND,https://mxfirmas.com/SON-Navojoa/Tiendas-de-trajes
Cindirela,Navojoa,+52 642 426 8427,ND,ND,ND,https://mxfirmas.com/SON-Navojoa/Tiendas-de-trajes
Tienda De Ropa Querubines,Navojoa,ND,ND,ND,ND,https://mxfirmas.com/SON-Navojoa/Tiendas-de-trajes
Nicolett Ceremonias,Navojoa,ND,ND,ND,ND,https://mxfirmas.com/SON-Navojoa/Tiendas-de-trajes
BAZAR VENTA DE ROPA Y ZAPATOS,Benito Juárez,ND,ND,ND,ND,https://www.municipiodata.com/en/municipios/sonora/benito-juarez/entreprises/commerce-detail
BOUTIQUE KAREN COCA,Benito Juárez,ND,ND,ND,ND,https://www.municipiodata.com/en/municipios/sonora/benito-juarez/entreprises/commerce-detail
622 CAPS AND MORE,Guaymas,ND,ND,ND,ND,https://www.municipiodata.com/en/municipios/sonora/guaymas/entreprises
LENAS'S BOUTIQUE,Hermosillo,ND,ND,ND,ND,https://www.seccionamarilla.com.mx/resultados/boutiques/sonora/hermosillo/1
ALCAYDE OLGUIN ERSYLA ABIGAIL,Hermosillo,ND,ND,ND,ND,https://www.seccionamarilla.com.mx/resultados/boutiques/sonora/hermosillo/1
CARRILLO LEON ALEJANDRO,Hermosillo,ND,ND,ND,ND,https://www.seccionamarilla.com.mx/resultados/boutiques/sonora/hermosillo/1
HAUSKLEID RENTA DE VESTIDOS,Hermosillo,ND,ND,ND,ND,https://www.seccionamarilla.com.mx/resultados/boutiques/sonora/hermosillo/1
BOUTIQUE SKANDALO,Hermosillo,ND,ND,ND,ND,https://www.seccionamarilla.com.mx/resultados/boutiques/sonora/hermosillo/1
DISEÑOS Y DETALLES,Hermosillo,ND,ND,ND,ND,https://www.seccionamarilla.com.mx/resultados/ropa-para-damas/sonora/hermosillo/1
PADILLA ESPINOZA JUAN ANTONIO,Hermosillo,ND,ND,ND,ND,https://www.seccionamarilla.com.mx/resultados/ropa-para-damas/sonora/hermosillo/1
RODRIGUEZ GONZALEZ MARIAFERNANDA,Hermosillo,ND,ND,ND,ND,https://www.seccionamarilla.com.mx/resultados/ropa-para-damas/sonora/hermosillo/1
SALAZAR GONZALEZ MARTA CECILIA,Hermosillo,ND,ND,ND,ND,https://www.seccionamarilla.com.mx/resultados/ropa-para-damas/sonora/hermosillo/1
KREO SERIGRAFÍA BORDADO,Hermosillo,ND,ND,ND,ND,https://www.seccionamarilla.com.mx/resultados/playeras/sonora/hermosillo/1
PLAYERAS DE SONORA S RL CV,Hermosillo,ND,ND,ND,ND,https://www.seccionamarilla.com.mx/resultados/playeras/sonora/hermosillo/1
BOUTIQUE DIVAS,Ciudad Obregón,ND,ND,ND,ND,https://www.seccionamarilla.com.mx/resultados/boutique-de-ropa/sonora/1
FABRICAS DE FRANCIA,Ciudad Obregón,ND,ND,ND,ND,https://www.seccionamarilla.com.mx/resultados/boutique-de-ropa/sonora/1
BOUTIQUE DIVAS,San Luis Río Colorado,ND,ND,ND,ND,https://www.seccionamarilla.com.mx/resultados/boutique-de-ropa/sonora/1
BOUTIQUE LA MEJOR,San Luis Río Colorado,ND,ND,ND,ND,https://www.seccionamarilla.com.mx/resultados/boutique-de-ropa/sonora/1
LUIS ALFONSO ZAENZ ACOSTA,Nacozari de García,ND,ND,ND,ND,https://www.seccionamarilla.com.mx/resultados/boutique-de-ropa/sonora/12
MA DEL CARMEN PAYAN MONTES,Huatabampo,ND,ND,ND,ND,https://www.seccionamarilla.com.mx/resultados/boutique-de-ropa/sonora/12
LUNA HARO ADELAIDO,Ciudad Obregón,ND,ND,ND,ND,https://www.seccionamarilla.com.mx/resultados/boutique-de-ropa/sonora/12
MATERNIDAD SAN GERARDO,Ciudad Obregón,ND,ND,ND,ND,https://www.seccionamarilla.com.mx/resultados/boutique-de-ropa/sonora/12
MEZA BAZUA ELIZABETH,Ciudad Obregón,ND,ND,ND,ND,https://www.seccionamarilla.com.mx/resultados/boutique-de-ropa/sonora/12
MENDIVIL ESTRADA KENIA JANETH,Caborca,ND,ND,ND,ND,https://www.seccionamarilla.com.mx/resultados/boutique-de-ropa/sonora/12
MICHEL PELAYO LORENA,Nogales,ND,ND,ND,ND,https://www.seccionamarilla.com.mx/resultados/boutique-de-ropa/sonora/12
MODA PLEBES AL 100,Navojoa,ND,ND,ND,ND,https://www.seccionamarilla.com.mx/resultados/boutique-de-ropa/sonora/12
POR DISTINCION,Navojoa,ND,ND,ND,ND,https://www.seccionamarilla.com.mx/resultados/ropa-almacenes-y-tiendas-de-departamentos/sonora/navojoa/1
COPPEL,Navojoa,ND,ND,ND,ND,https://www.seccionamarilla.com.mx/resultados/ropa-almacenes-y-tiendas-de-departamentos/sonora/navojoa/1
BORSA BOUTIQUE,Hermosillo,ND,ND,ND,ND,https://www.seccionamarilla.com.mx/resultados/vestidos-para-dama-confeccion-y-diseo-sobre-medid/sonora/hermosillo/1
TORRES VALENZUELA JUAN ERNESTO,Nogales,+52 631 688 5695,ND,ND,ND,https://www.seccionamarilla.com.mx/resultados/boutiques/sonora/nogales/1
BELLA NATURA BOUTIQUE FLORAL,Nogales,+52 631 313 6691,ND,ND,ND,https://www.seccionamarilla.com.mx/resultados/boutiques/sonora/nogales/1
FREGOSO FUENTES CARLOS GERARDO,Nogales,ND,ND,ND,ND,https://www.seccionamarilla.com.mx/resultados/ropa-almacenes-y-tiendas-de-departamentos/sonora/nogales/1
JAIDAR REMPENING FARID ALFREDO,Nogales,ND,ND,ND,ND,https://www.seccionamarilla.com.mx/resultados/ropa-almacenes-y-tiendas-de-departamentos/sonora/nogales/1
ALMACENES CAMARENA,Nogales,ND,ND,ND,ND,https://www.seccionamarilla.com.mx/resultados/ropa-almacenes-y-tiendas-de-departamentos/sonora/nogales/1
PERALTA VEGA MARCO ANTONIO,Nogales,ND,ND,ND,ND,https://www.seccionamarilla.com.mx/resultados/uniformes-en-generaluniformes-en-general/sonora/nogales/1
PERALTA VEGA RENE,Nogales,ND,ND,ND,ND,https://www.seccionamarilla.com.mx/resultados/uniformes-en-generaluniformes-en-general/sonora/nogales/1
ACOSTA RIVERA ADRIAN EDUARDO,Nogales,ND,ND,ND,ND,https://www.seccionamarilla.com.mx/resultados/vestidos-para-dama-confeccion-y-diseo-sobre-medid/sonora/nogales/1
ESCOBAR CARDENAS SALVADOR,Nogales,ND,ND,ND,ND,https://www.seccionamarilla.com.mx/resultados/vestidos-para-dama-confeccion-y-diseo-sobre-medid/sonora/nogales/1
IMPORTACIONES SONORA CALIFORNIA,Nogales,ND,ND,ND,ND,https://www.seccionamarilla.com.mx/resultados/vestidos-para-dama-confeccion-y-diseo-sobre-medid/sonora/nogales/1
LOPEZ PORTILLO GAMEZ GIRCEL SABRINA,Nogales,ND,ND,ND,ND,https://www.seccionamarilla.com.mx/resultados/vestidos-para-dama-confeccion-y-diseo-sobre-medid/sonora/nogales/1
MORALES MORA DULCE MA,Nogales,ND,ND,ND,ND,https://www.seccionamarilla.com.mx/resultados/vestidos-para-dama-confeccion-y-diseo-sobre-medid/sonora/nogales/1
PAYAN JAQUEZ ARTURO,Nogales,ND,ND,ND,ND,https://www.seccionamarilla.com.mx/resultados/vestidos-para-dama-confeccion-y-diseo-sobre-medid/sonora/nogales/1
SENBIS,Nogales,ND,ND,ND,ND,https://www.seccionamarilla.com.mx/resultados/vestidos-para-dama-confeccion-y-diseo-sobre-medid/sonora/nogales/1
SMOKING JUNIOR,Nogales,ND,ND,ND,ND,https://www.seccionamarilla.com.mx/resultados/vestidos-para-dama-confeccion-y-diseo-sobre-medid/sonora/nogales/1
ANA'S ROPA PARA TI,Caborca,ND,ND,ND,ND,https://www.seccionamarilla.com.mx/resultados/ropa-para-damas/sonora/1
FEDERICO VALLE GEORGINA,Caborca,ND,ND,ND,ND,https://www.seccionamarilla.com.mx/resultados/ropa-para-damas/sonora/1
GARCIA BORQUEZ LUIS ALFONSO,Caborca,ND,ND,ND,ND,https://www.seccionamarilla.com.mx/resultados/ropa-para-damas/sonora/1
EMIGDIA GUTIERREZ RUIZ,Huatabampo,ND,ND,ND,ND,https://www.seccionamarilla.com.mx/resultados/ropa-para-damas/sonora/1
FRANCELLY ANDREA DIAZ ALCANTAR,Huatabampo,ND,ND,ND,ND,https://www.seccionamarilla.com.mx/resultados/ropa-para-damas/sonora/1
GABRIELA GUADALUPE ARCE POLANCO,Huatabampo,ND,ND,ND,ND,https://www.seccionamarilla.com.mx/resultados/ropa-para-damas/sonora/1
FANTASIAS INTIMAS-ROPA INTIMA,San Luis Río Colorado,ND,ND,ND,ND,https://www.seccionamarilla.com.mx/resultados/ropa-para-damas/sonora/1
ANTONIO MURILLOGONZALEZ,San Luis Río Colorado,ND,ND,ND,ND,https://www.seccionamarilla.com.mx/resultados/ropa-para-damas/sonora/1
ESQUIVIAS BARREDA STEPHANIE,San Luis Río Colorado,ND,ND,ND,ND,https://www.seccionamarilla.com.mx/resultados/ropa-para-damas/sonora/1
ENCANTO,Nogales,ND,ND,ND,ND,https://www.seccionamarilla.com.mx/resultados/tienda-ropa/sonora/1
ANGULO ARROYO ROSA ISELA,San Luis Río Colorado,ND,ND,ND,ND,https://www.seccionamarilla.com.mx/resultados/boutiques/sonora/san-luis-rio-colorado/1
ORTEGA CHAVEZ CRISTINA,San Luis Río Colorado,ND,ND,ND,ND,https://www.seccionamarilla.com.mx/resultados/boutiques/sonora/san-luis-rio-colorado/1
BOUTIQUE DIVAS,Cajeme,ND,ND,ND,ND,https://www.seccionamarilla.com.mx/resultados/boutique-de-ropa/sonora/1
DEL REAL GRIJALVA PATRICIA IRENE,Guaymas,ND,ND,ND,ND,https://www.seccionamarilla.com.mx/resultados/uniformes-en-general/sonora/guaymas/1
DIAZ ROBLES SANDY PAOLA,Guaymas,ND,ND,ND,ND,https://www.seccionamarilla.com.mx/resultados/uniformes-en-general/sonora/guaymas/1
RUELAS MEDINA DIANA GUADALUPE,Guaymas,ND,ND,ND,ND,https://www.seccionamarilla.com.mx/resultados/uniformes-en-general/sonora/guaymas/1
LUIS ALFONSO ZAENZ ACOSTA,Nacozari,ND,ND,ND,ND,https://www.seccionamarilla.com.mx/resultados/boutique-de-ropa/sonora/12
LUNA HARO ADELAIDO,Cajeme,ND,ND,ND,ND,https://www.seccionamarilla.com.mx/resultados/boutique-de-ropa/sonora/12
MA DE LOS ANGELES VAZQUEZ SALAZAR,Hermosillo,ND,ND,ND,ND,https://www.seccionamarilla.com.mx/resultados/boutique-de-ropa/sonora/12
MARKITIAN,Hermosillo,ND,ND,ND,ND,https://www.seccionamarilla.com.mx/resultados/boutique-de-ropa/sonora/12
MAJUL SEADE MA LUISA,Guaymas,ND,ND,ND,ND,https://www.seccionamarilla.com.mx/resultados/boutique-de-ropa/sonora/12
MALO GONZALEZ OLIVER,San Luis Río Colorado,ND,ND,ND,ND,https://www.seccionamarilla.com.mx/resultados/boutique-de-ropa/sonora/12
MARQUEZ SANDOVAL CARLOS ISAI,Navojoa,ND,ND,ND,ND,https://www.seccionamarilla.com.mx/resultados/boutique-de-ropa/sonora/12
UNIFORMES TROFEOS Y ARTÍCULOS DEPORTIVOS CONEJO SPORT,Navojoa,ND,ND,ND,ND,https://www.seccionamarilla.com.mx/resultados/uniformes-escolares/sonora/navojoa/1
CORONA ACOSTA MAURO,Cajeme,ND,ND,ND,ND,https://www.seccionamarilla.com.mx/resultados/ropa-compra-venta/sonora/cajeme/1
SENBIS,Cajeme,ND,ND,ND,ND,https://www.seccionamarilla.com.mx/resultados/ropa-compra-venta/sonora/cajeme/1
AMPARO CABALLERO RENTA DE VESTIDOS,Cajeme,ND,ND,ND,ND,https://www.seccionamarilla.com.mx/resultados/ropa-compra-venta/sonora/cajeme/1
ATSER TIENDA DE ROPA COLOMBIANA,Cajeme,ND,ND,ND,ND,https://www.seccionamarilla.com.mx/resultados/ropa-compra-venta/sonora/cajeme/1
RENTA TRAJES TERESITA,Cajeme,ND,ND,ND,ND,https://www.seccionamarilla.com.mx/resultados/ropa-compra-venta/sonora/cajeme/1
SHINE RENTA DE VESTIDOS,Cajeme,ND,ND,ND,ND,https://www.seccionamarilla.com.mx/resultados/ropa-compra-venta/sonora/cajeme/1
ALICE BERTE NOVIAS,Cajeme,ND,ND,ND,ND,https://www.seccionamarilla.com.mx/resultados/ropa-compra-venta/sonora/cajeme/1
DIEGO'S,Cajeme,ND,ND,ND,ND,https://www.seccionamarilla.com.mx/resultados/ropa-compra-venta/sonora/cajeme/1
EMILY'S,Cajeme,ND,ND,ND,ND,https://www.seccionamarilla.com.mx/resultados/ropa-compra-venta/sonora/cajeme/1
LABORATORIO DE DISEÑO PROGRESIVO,Cajeme,ND,ND,ND,ND,https://www.seccionamarilla.com.mx/resultados/ropa-compra-venta/sonora/cajeme/1
LADIES PLUS TALLAS EXTRAS PLUS,Cajeme,ND,ND,ND,ND,https://www.seccionamarilla.com.mx/resultados/ropa-compra-venta/sonora/cajeme/1
MATERNIDAD SAN GERARDO,Cajeme,ND,ND,ND,ND,https://www.seccionamarilla.com.mx/resultados/ropa-compra-venta/sonora/cajeme/1
MEGA UNIFORMES,Caborca,ND,ND,ND,ND,https://www.seccionamarilla.com.mx/resultados/uniformes-en-general/sonora/caborca/1
ALANIZ S SPORT,Caborca,ND,ND,ND,ND,https://www.seccionamarilla.com.mx/resultados/uniformes-en-general/sonora/caborca/1
O H INTERNACIONAL,Caborca,ND,ND,ND,ND,https://www.seccionamarilla.com.mx/resultados/uniformes-en-general/sonora/caborca/1
OH INTERNACIONAL,Caborca,ND,ND,ND,ND,https://www.seccionamarilla.com.mx/resultados/uniformes-en-general/sonora/caborca/1
BIG BANG,Hermosillo,ND,ND,ND,ND,https://www.seccionamarilla.com.mx/resultados/overoles-uniformes/sonora/1
STAR BORDADOS DIGITALES,Hermosillo,ND,ND,ND,ND,https://www.seccionamarilla.com.mx/resultados/overoles-uniformes/sonora/1
MAC DISTRIBUCION,Hermosillo,ND,ND,ND,ND,https://www.seccionamarilla.com.mx/resultados/overoles-uniformes/sonora/1
MEDICHEF,Cajeme,ND,ND,ND,ND,https://www.seccionamarilla.com.mx/resultados/overoles-uniformes/sonora/1
UNIFORMES Y BATAS WOLLER,Cajeme,ND,ND,ND,ND,https://www.seccionamarilla.com.mx/resultados/overoles-uniformes/sonora/1
UNIVOGA LA CASA DEL UNIFORME,Caborca,ND,ND,ND,ND,https://www.univoga.com/contactus
BLANCO MARTINEZ CARLOTA ELVIRA,Puerto Peñasco,ND,ND,ND,ND,https://www.seccionamarilla.com.mx/resultados/vestidos-para-dama-confeccion-y-diseo-sobre-medid/sonora/puerto-penasco/1
CASTRO GARCIA LUCIO GIANCARLO,Puerto Peñasco,ND,ND,ND,ND,https://www.seccionamarilla.com.mx/resultados/vestidos-para-dama-confeccion-y-diseo-sobre-medid/sonora/puerto-penasco/1
ORTEGA MORALES MARCIA JAZMIN,Puerto Peñasco,ND,ND,ND,ND,https://www.seccionamarilla.com.mx/resultados/vestidos-para-dama-confeccion-y-diseo-sobre-medid/sonora/puerto-penasco/1
PACHECO CORONADO MARI DEL REFUGIO,Puerto Peñasco,ND,ND,ND,ND,https://www.seccionamarilla.com.mx/resultados/vestidos-para-dama-confeccion-y-diseo-sobre-medid/sonora/puerto-penasco/1
TIENDA DE ROPAMAS,Puerto Peñasco,ND,ND,ND,ND,https://www.seccionamarilla.com.mx/resultados/vestidos-para-dama-confeccion-y-diseo-sobre-medid/sonora/puerto-penasco/1
TURATI HERNANDEZ GUSTAVO ANTONIO,Puerto Peñasco,ND,ND,ND,ND,https://www.seccionamarilla.com.mx/resultados/vestidos-para-dama-confeccion-y-diseo-sobre-medid/sonora/puerto-penasco/1
GALINDO BARRAZA CARLOS MANUEL,Agua Prieta,ND,ND,ND,ND,https://www.seccionamarilla.com.mx/resultados/ropa-compra-venta/sonora/agua-prieta/1
ALMA PATRICIA ARMENDARIZ GASTELUM,Agua Prieta,ND,ND,ND,ND,https://www.seccionamarilla.com.mx/resultados/ropa-compra-venta/sonora/agua-prieta/1
CAMARGO ARAGON JOSE LUIS,Agua Prieta,ND,ND,ND,ND,https://www.seccionamarilla.com.mx/resultados/ropa-compra-venta/sonora/agua-prieta/1
ERNESTO FLORES MARTINEZ,Agua Prieta,ND,ND,ND,ND,https://www.seccionamarilla.com.mx/resultados/ropa-compra-venta/sonora/agua-prieta/1
FIGUEROA SANTILLANEZ FRANCISCO JAVIER,Agua Prieta,ND,ND,ND,ND,https://www.seccionamarilla.com.mx/resultados/ropa-compra-venta/sonora/agua-prieta/1
IMPORTACIONES SONORA CALIFORNIA,Agua Prieta,ND,ND,ND,ND,https://www.seccionamarilla.com.mx/resultados/ropa-compra-venta/sonora/agua-prieta/1
SIERRA MORENO ELIZABETH,Agua Prieta,ND,ND,ND,ND,https://www.seccionamarilla.com.mx/resultados/ropa-compra-venta/sonora/agua-prieta/1
VELASCO VELAZQUEZ JUAN CARLOS,Agua Prieta,ND,ND,ND,ND,https://www.seccionamarilla.com.mx/resultados/ropa-compra-venta/sonora/agua-prieta/1
COMERCIALIZADORA BTYN,Hermosillo,ND,ND,ND,ND,https://www.seccionamarilla.com.mx/resultados/uniformes-industriales/sonora/hermosillo/1
JOSE FELIPE CARRILLO VALDERRAIN,Hermosillo,ND,ND,ND,ND,https://www.seccionamarilla.com.mx/resultados/uniformes-industriales/sonora/hermosillo/1
DISTRIBUIDORA D MAGNO DE SONORA,Hermosillo,ND,ND,ND,ND,https://www.seccionamarilla.com.mx/resultados/uniformes-industriales/sonora/hermosillo/1
SERVINSUMOS INDUSTRIALES,Hermosillo,ND,ND,ND,ND,https://www.seccionamarilla.com.mx/resultados/uniformes-industriales/sonora/hermosillo/1
UNIFORMES Y BORDADOS ONEIDA,Hermosillo,ND,ND,ND,ND,https://www.seccionamarilla.com.mx/resultados/overoles-uniformes/sonora/3
ARTE BORDADO HERMOSILLO,Hermosillo,ND,ND,ND,ND,https://www.seccionamarilla.com.mx/resultados/overoles-uniformes/sonora/3
UNIFORMES INDUSTRIALIZADOS DE CAJEME,Cajeme,ND,ND,ND,ND,https://www.seccionamarilla.com.mx/resultados/overoles-uniformes/sonora/3
ARTICULOS KA YIANG SA DE CV,Cajeme,ND,ND,ND,ND,https://www.seccionamarilla.com.mx/resultados/overoles-uniformes/sonora/3
MEZA QUIJANO FRANCISCA BEATRIZ,Cananea,ND,ND,ND,ND,https://www.seccionamarilla.com.mx/resultados/vestidos-para-dama-confeccion-y-diseo-sobre-medid/sonora/cananea/1
VINDIOLA SICRE SOPHIA,Cananea,ND,ND,ND,ND,https://www.seccionamarilla.com.mx/resultados/vestidos-para-dama-confeccion-y-diseo-sobre-medid/sonora/cananea/1
BLACK BELL,Hermosillo,ND,ND,ND,ND,https://www.seccionamarilla.com.mx/resultados/uniformes-en-general/sonora/hermosillo/2
BORDYTEX,Hermosillo,ND,ND,ND,ND,https://www.seccionamarilla.com.mx/resultados/uniformes-en-general/sonora/hermosillo/2
BRAVO QUINTANA IRMA HILDA,Hermosillo,ND,ND,ND,ND,https://www.seccionamarilla.com.mx/resultados/uniformes-en-general/sonora/hermosillo/2
BUSTAMANTE MENDEZ NORMA ALICIA,Hermosillo,ND,ND,ND,ND,https://www.seccionamarilla.com.mx/resultados/uniformes-en-general/sonora/hermosillo/2
FONTES MUÑOZ JOSE FERNANDO,Hermosillo,ND,ND,ND,ND,https://www.seccionamarilla.com.mx/resultados/uniformes-en-general/sonora/hermosillo/2
JIMENEZ MONTAÑO JESUS ANGEL,Hermosillo,ND,ND,ND,ND,https://www.seccionamarilla.com.mx/resultados/uniformes-en-general/sonora/hermosillo/2
UNIFORMES PITIC,Hermosillo,ND,ND,ND,ND,https://www.seccionamarilla.com.mx/resultados/general-de-uniformes/sonora/4
VIMA UNIFORMES Y BORDADOS,Hermosillo,ND,ND,ND,ND,https://www.seccionamarilla.com.mx/resultados/general-de-uniformes/sonora/4
UNIFORMES Y DEPORTES ZICO,Santa Ana,ND,ND,ND,ND,https://www.seccionamarilla.com.mx/resultados/general-de-uniformes/sonora/4
JOSE HUMBERTO MEDINA CARRAZCO,Hermosillo,ND,ND,ND,ND,https://www.seccionamarilla.com.mx/resultados/uniformes-en-general/sonora/hermosillo/3
MA LILIANA SERRANO MUGICA,Hermosillo,ND,ND,ND,ND,https://www.seccionamarilla.com.mx/resultados/uniformes-en-general/sonora/hermosillo/3
MARTINEZ VALENCIA ADRIANA ALEJANDRA,Hermosillo,ND,ND,ND,ND,https://www.seccionamarilla.com.mx/resultados/uniformes-en-general/sonora/hermosillo/3
NAVARRETE BAÑUELOS HILDA,Hermosillo,ND,ND,ND,ND,https://www.seccionamarilla.com.mx/resultados/uniformes-en-general/sonora/hermosillo/3
NORMA CONSUELO FONTES MARTINEZ,Hermosillo,ND,ND,ND,ND,https://www.seccionamarilla.com.mx/resultados/uniformes-en-general/sonora/hermosillo/3
SONORA SPORTS,Hermosillo,ND,ND,ND,ND,https://www.seccionamarilla.com.mx/resultados/uniformes-en-general/sonora/hermosillo/3
SOUVENIRS DEPORTIVOS E IMP,Hermosillo,ND,ND,ND,ND,https://www.seccionamarilla.com.mx/resultados/uniformes-en-general/sonora/hermosillo/3
VELEZ VALENZUELA DIANA CAROLINA,Hermosillo,ND,ND,ND,ND,https://www.seccionamarilla.com.mx/resultados/uniformes-en-general/sonora/hermosillo/3
VICKY FORM,Nogales,ND,ND,ND,ND,https://www.seccionamarilla.com.mx/resultados/ropa-para-damas/sonora/1
VIERA VILLEGAS TERESA,San Luis Río Colorado,ND,ND,ND,ND,https://www.seccionamarilla.com.mx/resultados/ropa-para-damas/sonora/1
VILLA LAUTERIO MIRIAM PAULINA,Hermosillo,ND,ND,ND,ND,https://www.seccionamarilla.com.mx/resultados/ropa-para-damas/sonora/1
VILLANUEVA SARMIENTO KATYNA,Hermosillo,ND,ND,ND,ND,https://www.seccionamarilla.com.mx/resultados/ropa-para-damas/sonora/1
ZHEN WEIQUAN,Navojoa,ND,ND,ND,ND,https://www.seccionamarilla.com.mx/resultados/ropa-para-damas/sonora/1
MEZA BAZUA ELIZABETH,Cajeme,ND,ND,ND,ND,https://www.seccionamarilla.com.mx/resultados/ropa-para-damas/sonora/1
Punto Artesano,Cananea,ND,ND,ND,ND,https://es.cybo.com/MX-codigo-postal/84620_cananea/tiendas-de-ropa/
La Monarca Seguridad Industrial,Cananea,ND,ND,ND,ND,https://es.cybo.com/MX-codigo-postal/84620_cananea/tiendas-de-ropa/
Zapateria Mireya,Cananea,ND,ND,ND,ND,https://es.cybo.com/MX-codigo-postal/84620_cananea/tiendas-de-ropa/
D Angel,Cananea,ND,ND,ND,ND,https://es.cybo.com/MX-codigo-postal/84620_cananea/tiendas-de-ropa/
Sencaciones,Cananea,ND,ND,ND,ND,https://es.cybo.com/MX-codigo-postal/84620_cananea/tiendas-de-ropa/
Uniformes Emanuel,Cananea,ND,ND,ND,ND,https://es.cybo.com/MX-codigo-postal/84620_cananea/tiendas-de-ropa/
Paolaa Clothing Cananea,Cananea,ND,ND,ND,ND,https://www.findglocal.com/MX/Cananea/155884-6
Taller de Costuras Miranda,Empalme,ND,ND,ND,ND,https://amp.mexicoo.mx/empresas/sonora/empalme/confeccion-de-prendas-de-vestir-sobre-medida
Euforia,Guaymas,ND,ND,ND,ND,https://euforia-2.ueniweb.com/
La Venta Cananea,Cananea,ND,ND,ND,ND,https://www.findglocal.com/MX/Cananea/155884-6
Costuras Calle Sahuaros,Empalme,ND,ND,ND,ND,https://amp.mexicoo.mx/empresas/sonora/empalme/confeccion-de-prendas-de-vestir-sobre-medida
Costuras Calle Guillermo Prieto,Empalme,ND,ND,ND,ND,https://amp.mexicoo.mx/empresas/sonora/empalme/confeccion-de-prendas-de-vestir-sobre-medida
Costuras Calle Libertad,Empalme,ND,ND,ND,ND,https://amp.mexicoo.mx/empresas/sonora/empalme/confeccion-de-prendas-de-vestir-sobre-medida
Confeccion de Prendas de Vestir Sobre Medida Avenida Arnulfo Rojo Gomez,Empalme,ND,ND,ND,ND,https://amp.mexicoo.mx/empresas/sonora/empalme/confeccion-de-prendas-de-vestir-sobre-medida
Boutique Celular Sin Nombre,Guaymas,ND,ND,ND,ND,https://mxfirmas.com/SON-Heroica-Guaymas/Boutiques
D Robert Boutique,Empalme,ND,ND,ND,ND,https://mxfirmas.com/SON-Empalme/Boutiques
ACCESORIOS MIRANDA,Empalme,ND,ND,ND,ND,https://www.seccionamarilla.com.mx/resultados/vestidos-para-dama-confeccion-y-diseo-sobre-medid/sonora/empalme/1
CAMPA ZAMORANO KARLA ZUZETH,Empalme,ND,ND,ND,ND,https://www.seccionamarilla.com.mx/resultados/vestidos-para-dama-confeccion-y-diseo-sobre-medid/sonora/empalme/1
CAZARES CASTRO ROBERTO,Empalme,ND,ND,ND,ND,https://www.seccionamarilla.com.mx/resultados/vestidos-para-dama-confeccion-y-diseo-sobre-medid/sonora/empalme/1
D GOYCO,Empalme,ND,ND,ND,ND,https://www.seccionamarilla.com.mx/resultados/vestidos-para-dama-confeccion-y-diseo-sobre-medid/sonora/empalme/1
LOPEZ DELGADO JESUS JANETH,Empalme,ND,ND,ND,ND,https://www.seccionamarilla.com.mx/resultados/vestidos-para-dama-confeccion-y-diseo-sobre-medid/sonora/empalme/1
Divas Boutique,Huatabampo,ND,ND,ND,ND,https://mxfirmas.com/SON-Huatabampo/Boutiques
Payan Montes Ma Del Carmen,Huatabampo,ND,ND,ND,ND,https://mxfirmas.com/SON-Huatabampo/Boutiques
Robles Vazquez Trinidad,Huatabampo,ND,ND,ND,ND,https://mxfirmas.com/SON-Huatabampo/Boutiques
Lender s Boutique,Huatabampo,ND,ND,ND,ND,https://mxfirmas.com/SON-Huatabampo/Boutiques
Vianney Textil Hogar,Hermosillo,ND,ND,ND,ND,https://mxfirmas.com/SON-Hermosillo/Ropa
Babbie Casuals,Hermosillo,ND,ND,ND,ND,https://mxfirmas.com/SON-Hermosillo/Ropa
Telas Y Ropa De Obregon,Cajeme,ND,ND,ND,ND,https://mxfirmas.com/SON-Ciudad-Obregon/Ropas
Tienda De Ropa D Cibrian,Cajeme,ND,ND,ND,ND,https://mxfirmas.com/SON-Ciudad-Obregon/Ropas
Lalos Ropa Para Caballero,Cajeme,ND,ND,ND,ND,https://mxfirmas.com/SON-Ciudad-Obregon/Ropas
Originales de Ropa,Cajeme,ND,ND,ND,ND,https://mxfirmas.com/SON-Ciudad-Obregon/Ropas
Esquer Ropa Intima,Cajeme,ND,ND,ND,ND,https://mxfirmas.com/SON-Ciudad-Obregon/Ropas
Tienda De Ropa Mujer,Cajeme,ND,ND,ND,ND,https://mxfirmas.com/SON-Ciudad-Obregon/Ropas
Tienda De Ropa Hombre,Cajeme,ND,ND,ND,ND,https://mxfirmas.com/SON-Ciudad-Obregon/Ropas
Preciosa Moda Tienda De Ropa Para Dama,Cajeme,ND,ND,ND,ND,https://mxfirmas.com/SON-Ciudad-Obregon/Ropas
Tienda De Ropa Para Caballero,Cajeme,ND,ND,ND,ND,https://mxfirmas.com/SON-Ciudad-Obregon/Ropas
Comercial Huatabampo SA de CV,Etchojoa,ND,ND,ND,ND,https://mxfirmas.com/SON-Etchojoa/Ropa
Taller De Alta Costura Feliche,Etchojoa,ND,ND,ND,ND,https://mxfirmas.com/SON-Etchojoa/Ropa
Taller De Costuras Sin Nombre,Etchojoa,ND,ND,ND,ND,https://mxfirmas.com/SON-Etchojoa/Ropa
Confeccion De Prendas De Vestir Sobre Medida,Etchojoa,ND,ND,ND,ND,https://mxfirmas.com/SON-Etchojoa/Ropa
Tienda De Ropa,Alamos,ND,ND,ND,ND,https://mxfirmas.com/Tienda-De-Ropa-999449
Tienda De Ropa Soraya,Alamos,ND,ND,ND,ND,https://mxfirmas.com/Tienda-De-Ropa-999449
Venta De Ropa,Alamos,ND,ND,ND,ND,https://mxfirmas.com/Tienda-De-Ropa-999449
Marsella s,Alamos,ND,ND,ND,ND,https://marsella-s.ueniweb.com/
Venta De Ropa,Etchojoa,ND,ND,ND,ND,https://www.allbiz.mx/venta-de-ropa_137-642-424-0202
Venta De Ropa Y Calzado Maria Bonita,Etchojoa,ND,ND,ND,ND,https://www.allbiz.mx/venta-de-ropa_137-642-424-0202
Tienda de Ropa Y Calzado,Aconchi,ND,ND,ND,ND,https://mexicoo.mx/tienda-de-ropa-y-calzado-3946473
Taller de Costura,Yécora,ND,ND,ND,ND,https://mexicoo.mx/empresas/sonora/yecora/confeccion-de-prendas-de-vestir-sobre-medida
Costuras Dulce,Yécora,ND,ND,ND,ND,https://mexicoo.mx/empresas/sonora/yecora/confeccion-de-prendas-de-vestir-sobre-medida
Puesto Lupita,San Miguel de Horcasitas,ND,ND,ND,ND,https://mxfirmas.com/Puesto-Lupita-104711
SENSACION Bacoachi,Bacoachi,ND,ND,ND,ND,https://lasempresas.com.mx/sensacion-bacoachi/
AP 3 BORDADOS Y MAS,Agua Prieta,ND,ND,ND,ND,https://mxfirmas.com/SON-Agua-Prieta/Tiendas-de-bordados
Uniformes X10,Agua Prieta,ND,ND,ND,ND,https://mxfirmas.com/SON-Agua-Prieta/Tiendas-de-bordados
Ap3 Bordados,Agua Prieta,ND,ND,ND,ND,https://mxfirmas.com/SON-Agua-Prieta/Tiendas-de-bordados
Princes Uniformes Escolares,Agua Prieta,ND,ND,ND,ND,https://mxfirmas.com/SON-Agua-Prieta/Tiendas-de-uniformes
Uniforme y Deportes Don Chava,Agua Prieta,ND,ND,ND,ND,https://mxfirmas.com/SON-Agua-Prieta/Tiendas-de-uniformes
Taller Costura,Agua Prieta,ND,ND,ND,ND,https://mexicoo.mx/empresas/sonora/agua-prieta/confeccion-en-serie-de-uniformes
Willi Sport,Agua Prieta,ND,ND,ND,ND,https://mexicoo.mx/empresas/sonora/agua-prieta/confeccion-en-serie-de-uniformes
Novedades Ayme,Agua Prieta,ND,ND,ND,ND,https://novedadesayme.com/
Milenas Boutique Bazar,Naco,ND,ND,ND,ND,https://www.bizarchivo.mx/milenas-boutique
Los Barateros,Naco,ND,ND,ND,ND,https://mxfirmas.com/Los-Barateros-949507
La Jaula Novedades,General Plutarco Elías Calles,ND,ND,ND,ND,https://mxfirmas.com/SON-Sonoyta/Ropas
Novedades Lupita,General Plutarco Elías Calles,ND,ND,ND,ND,https://mxfirmas.com/SON-Sonoyta/Ropas
Novedades Toño,General Plutarco Elías Calles,ND,ND,ND,ND,https://mxfirmas.com/SON-Sonoyta/Ropas
Yosiris Pineda Pineda,General Plutarco Elías Calles,ND,ND,ND,ND,https://mxfirmas.com/SON-Sonoyta/Ropas
Macys Boutiqué,Heroica Guaymas,ND,ND,ND,ND,https://mxfirmas.com/SON-Heroica-Guaymas/Ropas
For You,Heroica Guaymas,ND,ND,ND,ND,https://mxfirmas.com/SON-Heroica-Guaymas/Ropas
Vitrina,Heroica Guaymas,ND,ND,ND,ND,https://mxfirmas.com/SON-Heroica-Guaymas/Ropas
Distribuidora de Ropa y Calzado Guaymas,Heroica Guaymas,ND,ND,ND,ND,https://mxfirmas.com/SON-Heroica-Guaymas/Ropas
Fucuy Cha Maria Enriqueta,Cananea,ND,ND,ND,ND,https://mxfirmas.com/SON-Cananea/Ropas
Comercializadora Kamaki,Cananea,ND,ND,ND,ND,https://mxfirmas.com/SON-Cananea/Ropas
Patrik'S Tienda De Ropa,Cananea,ND,ND,ND,ND,https://mxfirmas.com/SON-Cananea/Tiendas-de-ropa-oriental
Comercial Huatabampo S.A. de C.V.,Etchojoa,ND,ND,ND,ND,https://mxfirmas.com/SON-Etchojoa/Ropa
Boutique One,General Plutarco Elías Calles,ND,ND,ND,ND,https://mxfirmas.com/SON-Sonoyta/Ropas
Boutique Ml,General Plutarco Elías Calles,ND,ND,ND,ND,https://mxfirmas.com/SON-Sonoyta/Ropas
Boutique Yesenias,General Plutarco Elías Calles,ND,ND,ND,ND,https://mxfirmas.com/SON-Sonoyta/Ropas
Ximena Ropa Y Calzado,Caborca,ND,ND,ND,ND,https://guiamexican.com/tiendas-de-ropa/caborca
Deysi Store,Caborca,ND,ND,ND,ND,https://guiamexican.com/tiendas-de-ropa/caborca
E&M - Tienda de ropa,Caborca,ND,ND,ND,ND,https://guiamexican.com/tiendas-de-ropa/caborca
Colchas Concord,Heroica Guaymas,ND,ND,ND,ND,https://mxfirmas.com/SON-Heroica-Guaymas/Ropas
Cachetitos Ropa Infantil,Heroica Guaymas,ND,ND,ND,ND,https://mxfirmas.com/SON-Heroica-Guaymas/Ropas
Uniformes Deportivos De Sonora,Heroica Guaymas,ND,ND,ND,ND,https://mxfirmas.com/SON-Heroica-Guaymas/Ropas
Costuras Todo Tipo,Heroica Guaymas,ND,ND,ND,ND,https://mxfirmas.com/SON-Heroica-Guaymas/Ropas
Taller De Costura Winnie Pooh,Heroica Guaymas,ND,ND,ND,ND,https://mxfirmas.com/SON-Heroica-Guaymas/Ropas
Divertimex,Heroica Guaymas,ND,ND,ND,ND,https://mxfirmas.com/SON-Heroica-Guaymas/Ropas
Taller De Costuras Alma Gloria,Heroica Guaymas,ND,ND,ND,ND,https://mxfirmas.com/SON-Heroica-Guaymas/Ropas
Bordados De Calidad,Heroica Guaymas,ND,ND,ND,ND,https://mxfirmas.com/SON-Heroica-Guaymas/Ropas
Costuras Rapidas,Heroica Guaymas,ND,ND,ND,ND,https://mxfirmas.com/SON-Heroica-Guaymas/Ropas
Modista Daniela Jimenez,Heroica Guaymas,ND,ND,ND,ND,https://mxfirmas.com/SON-Heroica-Guaymas/Ropas
La Boutique de Uniformes,Heroica Guaymas,ND,ND,ND,ND,https://mxfirmas.com/SON-Heroica-Guaymas/Ropas
Glamour Boutique Plus,Heroica Guaymas,ND,ND,ND,ND,https://mxfirmas.com/SON-Heroica-Guaymas/Ropas
Machos,Heroica Guaymas,ND,ND,ND,ND,https://mxfirmas.com/SON-Heroica-Guaymas/Ropas
Lavoro Boutique,Heroica Guaymas,ND,ND,ND,ND,https://mxfirmas.com/SON-Heroica-Guaymas/Ropas
Blessing Boutique,Heroica Guaymas,ND,ND,ND,ND,https://mxfirmas.com/SON-Heroica-Guaymas/Ropas
El Ropero Boutique,Heroica Guaymas,ND,ND,ND,ND,https://mxfirmas.com/SON-Heroica-Guaymas/Ropas
Boutique Vicky,Heroica Guaymas,ND,ND,ND,ND,https://mxfirmas.com/SON-Heroica-Guaymas/Ropas
Divas Boutique,Heroica Guaymas,ND,ND,ND,ND,https://mxfirmas.com/SON-Heroica-Guaymas/Ropas
Enchanté,Heroica Guaymas,ND,ND,ND,ND,https://mxfirmas.com/SON-Heroica-Guaymas/Ropas
Orly,Heroica Guaymas,ND,ND,ND,ND,https://mxfirmas.com/SON-Heroica-Guaymas/Ropas
Eros Boutique,Heroica Guaymas,ND,ND,ND,ND,https://mxfirmas.com/SON-Heroica-Guaymas/Ropas
Ilusión Guaymas,Heroica Guaymas,ND,ND,ND,ND,https://mxfirmas.com/SON-Heroica-Guaymas/Ropas
Vianney Textil Hogar,Ciudad Obregón,ND,ND,ND,ND,https://mxfirmas.com/SON-Ciudad-Obregon/Ropa
Tienda De Ropa Y Papelería,Nogales,ND,ND,ND,ND,https://mxfirmas.com/SON-Nogales/Tiendas-de-ropa
Distribuidor Independiente De Cklass Y Terra,Nogales,ND,ND,ND,ND,https://mxfirmas.com/SON-Nogales/Tiendas-de-ropa
Tienda De Uniformes Deportivos Y Escolares,Nogales,ND,ND,ND,ND,https://mxfirmas.com/SON-Nogales/Tiendas-de-ropa
Uniformes Deportivos Escolares e Industriales,Nogales,ND,ND,ND,ND,https://mxfirmas.com/SON-Nogales/Tiendas-de-ropa
Novedades Dana,Nogales,ND,ND,ND,ND,https://mxfirmas.com/SON-Nogales/Tiendas-de-ropa
KARLO Boutique,Heroica Guaymas,ND,ND,ND,ND,https://mxfirmas.com/SON-Heroica-Guaymas/Boutiques
Sussan Boutique,Heroica Guaymas,ND,ND,ND,ND,https://mxfirmas.com/SON-Heroica-Guaymas/Boutiques
Boutique Mariela's,Heroica Guaymas,ND,ND,ND,ND,https://mxfirmas.com/SON-Heroica-Guaymas/Boutiques
Forever Boutique,Heroica Guaymas,ND,ND,ND,ND,https://mxfirmas.com/SON-Heroica-Guaymas/Boutiques
Boutique Iam,Heroica Guaymas,ND,ND,ND,ND,https://mxfirmas.com/SON-Heroica-Guaymas/Boutiques
Anahis Boutique,Heroica Guaymas,ND,ND,ND,ND,https://mxfirmas.com/SON-Heroica-Guaymas/Boutiques
Fashion Kids Boutique,Heroica Guaymas,ND,ND,ND,ND,https://mxfirmas.com/SON-Heroica-Guaymas/Boutiques
Peques Boutique,Heroica Guaymas,ND,ND,ND,ND,https://mxfirmas.com/SON-Heroica-Guaymas/Boutiques
Chocolate Boutique,Heroica Guaymas,ND,ND,ND,ND,https://mxfirmas.com/SON-Heroica-Guaymas/Boutiques
Evelin Boutique,Heroica Guaymas,ND,ND,ND,ND,https://mxfirmas.com/SON-Heroica-Guaymas/Boutiques
Boutique Moca,Heroica Guaymas,ND,ND,ND,ND,https://mxfirmas.com/SON-Heroica-Guaymas/Boutiques
Primavera Boutiqué,Heroica Guaymas,ND,ND,ND,ND,https://mxfirmas.com/SON-Heroica-Guaymas/Boutiques
Princyas Boutiqué,Heroica Guaymas,ND,ND,ND,ND,https://mxfirmas.com/SON-Heroica-Guaymas/Boutiques
D Lauras Boutique,Heroica Guaymas,ND,ND,ND,ND,https://mxfirmas.com/SON-Heroica-Guaymas/Boutiques
Diva Boutique,Heroica Guaymas,ND,ND,ND,ND,https://mxfirmas.com/SON-Heroica-Guaymas/Boutiques
Tienda De Ropa Abelardo Rodriguez,Heroica Guaymas,ND,ND,ND,ND,https://mxfirmas.com/SON-Heroica-Guaymas/Ropas
Tienda De Pieles,Heroica Guaymas,ND,ND,ND,ND,https://mxfirmas.com/SON-Heroica-Guaymas/Ropas
Zapateria y Accesorios de Marys,Heroica Guaymas,ND,ND,ND,ND,https://mxfirmas.com/SON-Heroica-Guaymas/Ropas
Venta de Camisetas,Heroica Guaymas,ND,ND,ND,ND,https://mxfirmas.com/SON-Heroica-Guaymas/Ropas
Tienda De Disfraces Y Regalos,Heroica Guaymas,ND,ND,ND,ND,https://mxfirmas.com/SON-Heroica-Guaymas/Ropas
Fabricas De Calzado Andrea,Heroica Guaymas,ND,ND,ND,ND,https://mxfirmas.com/SON-Heroica-Guaymas/Ropas
Disegno,Heroica Guaymas,ND,ND,ND,ND,https://mxfirmas.com/SON-Heroica-Guaymas/Ropas
Bonare Mercería Disfraces Y Novedades,Heroica Guaymas,ND,ND,ND,ND,https://mxfirmas.com/SON-Heroica-Guaymas/Ropas
Uniformes Y Accesorios De México,Heroica Guaymas,ND,ND,ND,ND,https://mxfirmas.com/SON-Heroica-Guaymas/Ropas
Costura Industrial,Heroica Guaymas,ND,ND,ND,ND,https://mxfirmas.com/SON-Heroica-Guaymas/Ropas
Taller De Costura Jiak Yaarim,Heroica Guaymas,ND,ND,ND,ND,https://mxfirmas.com/SON-Heroica-Guaymas/Ropas
TH E ONE SA DE CV,Nogales,ND,ND,ND,ND,https://mxfirmas.com/SON-Nogales/Ropa
Sastreria Fernandos,Nogales,ND,ND,ND,ND,https://mxfirmas.com/SON-Nogales/Ropa
Costuras Simples,Nogales,ND,ND,ND,ND,https://mxfirmas.com/SON-Nogales/Ropa
Boutique Infantil Dulces Momentos,Caborca,ND,ND,ND,ND,https://guiamexican.com/tiendas-de-ropa/caborca
Lupita Modas Y Detalles,Caborca,ND,ND,ND,ND,https://guiamexican.com/tiendas-de-ropa/caborca
Marthas Boutique,Caborca,ND,ND,ND,ND,https://guiamexican.com/tiendas-de-ropa/caborca
Mm Boutique,Caborca,ND,ND,ND,ND,https://guiamexican.com/tiendas-de-ropa/caborca
Sexy Shop,Caborca,ND,ND,ND,ND,https://guiamexican.com/directorio/3892790/fiive-boutique
Novedades,Caborca,ND,ND,ND,ND,https://guiamexican.com/directorio/3892790/fiive-boutique
Angels,Magdalena de Kino,ND,ND,ND,ND,https://es.cybo.com/MX/magdalena-de-kino/tiendas-de-ropa/
Danias Boutique,Nacozari de García,ND,ND,ND,ND,https://guiamexican.com/actividad-economica/comercio-al-por-menor/nacozari-de-garcia
Boutique Viviana,Nacozari de García,ND,ND,ND,ND,https://guiamexican.com/actividad-economica/comercio-al-por-menor/nacozari-de-garcia
Sastreria Salinas,Nacozari de García,ND,ND,ND,ND,https://guiamexican.com/actividad-economica/comercio-al-por-menor/nacozari-de-garcia
Talabarteria El Guty,Moctezuma,ND,ND,ND,ND,https://www.allbiz.mx/davmo-634-112-5820
Boutique Garigol,Moctezuma,ND,ND,ND,ND,https://www.allbiz.mx/davmo-634-112-5820
Talle De Costuras,Nacozari de García,ND,ND,ND,ND,https://guiamexican.com/actividad-economica/comercio-al-por-menor/nacozari-de-garcia
Alexca Boutique,Nacozari de García,ND,ND,ND,ND,https://guiamexican.com/actividad-economica/comercio-al-por-menor/nacozari-de-garcia
Venta De Ropa Y Mas,Nacozari de García,ND,ND,ND,ND,https://guiamexican.com/directorio/3899963/venta-de-ropa-y-zapatos
Imac Uniformes Y Equipos De Protección Personal,Nacozari de García,ND,ND,ND,ND,https://guiamexican.com/directorio/3899963/venta-de-ropa-y-zapatos
Uni-Form Son,San Luis Río Colorado,ND,ND,ND,ND,https://mxfirmas.com/SON-San-Luis-Rio-Colorado/Tiendas-de-ropa
Sex Boutique,San Luis Río Colorado,ND,ND,ND,ND,https://mxfirmas.com/SON-San-Luis-Rio-Colorado/Ropa
Boutique Sin Nombre,San Luis Río Colorado,ND,ND,ND,ND,https://mxfirmas.com/SON-San-Luis-Rio-Colorado/Ropa
Novedades Yusmiglass,Puerto Peñasco,ND,ND,ND,ND,https://guiamexican.com/tiendas-de-ropa/puerto-penasco
I3bb,Nacozari de García,ND,ND,ND,ND,https://guiamexican.com/directorio/3899963/tienda-de-ropa-y-juguetes-yadira
Casa de Modas Mari Sand,San Luis Río Colorado,ND,ND,ND,ND,https://mxfirmas.com/SON-San-Luis-Rio-Colorado/Boutiques
Taller La Herradura,San Luis Río Colorado,ND,ND,ND,ND,https://mxfirmas.com/SON-San-Luis-Rio-Colorado/Boutiques
Milano T-324,San Luis Río Colorado,ND,ND,ND,ND,https://mxfirmas.com/SON-San-Luis-Rio-Colorado/Tiendas-de-trajes
Casa de Novias Oyuqui,San Luis Río Colorado,ND,ND,ND,ND,https://mxfirmas.com/SON-San-Luis-Rio-Colorado/Tiendas-de-trajes
Casa De Novias Kyoto,San Luis Río Colorado,ND,ND,ND,ND,https://mxfirmas.com/SON-San-Luis-Rio-Colorado/Tiendas-de-trajes
Novias Originales,San Luis Río Colorado,ND,ND,ND,ND,https://mxfirmas.com/SON-San-Luis-Rio-Colorado/Tiendas-de-trajes
Fesabry Manualidades,San Luis Río Colorado,ND,ND,ND,ND,https://mxfirmas.com/SON-San-Luis-Rio-Colorado/Tiendas-de-trajes
Oro Blanco Del Río Colorado,San Luis Río Colorado,ND,ND,ND,ND,https://mxfirmas.com/SON-San-Luis-Rio-Colorado/Tiendas-de-trajes
Bodega De Telas El Fuerte,San Luis Río Colorado,ND,ND,ND,ND,https://mxfirmas.com/SON-San-Luis-Rio-Colorado/Tiendas-de-trajes
La Casita Bazar De Ropa,San Luis Río Colorado,ND,ND,ND,ND,https://mxfirmas.com/SON-San-Luis-Rio-Colorado/Tiendas-de-trajes
Moncada Vizcarra Casandra,Caborca,ND,ND,ND,ND,https://mxfirmas.com/Esencias-Boutique-1533571
La Roperia,Caborca,ND,ND,ND,ND,https://mxfirmas.com/Esencias-Boutique-1533571
La Perla Boutique,Caborca,ND,ND,ND,ND,https://mxfirmas.com/Esencias-Boutique-1533571
Martha's Boutique,Caborca,ND,ND,ND,ND,https://mxfirmas.com/Esencias-Boutique-1533571
Confección De Uniformes,Guaymas,+52 622 146 6620,ND,ND,ND,https://mxfirmas.com/SON-Heroica-Guaymas/Tiendas-de-uniformes
Uniformes Industriales y Escolares Zavala,Guaymas,+52 622 222 3352,ND,ND,ND,https://mxfirmas.com/SON-Heroica-Guaymas/Tiendas-de-uniformes
UNIFORMES DE TODO MEXICO,Guaymas,+52 622 222 9220,ND,ND,ND,https://mxfirmas.com/SON-Heroica-Guaymas/Tiendas-de-uniformes
Uniformes Escolares,Puerto Peñasco,ND,ND,ND,ND,https://mxfirmas.com/SON-Puerto-Penasco/Tiendas-de-uniformes
