nombre,municipio,teléfono,correo,WhatsApp,sitio_red,url_fuente
Antonella Boutique,Ahome,+52 66 8233 6984,juanjochemontoya@gmail.com,https://wa.me/526682336984,https://WWW.ANTONELLA.COM.MX/,"https://www.google.com/maps/search/?api=1&query=25.78646652,-108.9970581"
Arcam Boutique,Ahome,+52 66 8192 3037,camarena.payan123@gmail.com,https://wa.me/526681923037,https://www.facebook.com/search/pages/?q=Arcam%20Boutique%20Ahome,"https://www.google.com/maps/search/?api=1&query=25.79009707,-108.9946958"
Boutique Creaciones Monse,Ahome,+52 66 8812 0219,samaclau@hotmail.com,https://wa.me/526688120219,https://www.facebook.com/search/pages/?q=Boutique%20Creaciones%20Monse%20Ahome,"https://www.google.com/maps/search/?api=1&query=25.782974,-108.998523"
Boutique Grecia,Ahome,+52 66 8396 2174,judith2476@hotmail.com,https://wa.me/526683962174,https://www.facebook.com/search/pages/?q=Boutique%20Grecia%20Ahome,"https://www.google.com/maps/search/?api=1&query=25.79274709,-108.9970942"
Boutique Jenifer,Ahome,+52 66 8116 0933,jennifer2109@hotmail.com,https://wa.me/526681160933,https://www.facebook.com/search/pages/?q=Boutique%20Jenifer%20Ahome,"https://www.google.com/maps/search/?api=1&query=25.78966112,-108.9931563"
Childrens Boutique,Ahome,+52 66 8815 8799,ibonne_iza@hotmail.com,https://wa.me/526688158799,https://www.facebook.com/search/pages/?q=Childrens%20Boutique%20Ahome,"https://www.google.com/maps/search/?api=1&query=25.79155858,-108.9991479"
Closet De Lizette,Ahome,+52 66 8125 0732,brendal_14@hotmail.com,https://wa.me/526681250732,https://www.facebook.com/search/pages/?q=Closet%20De%20Lizette%20Ahome,"https://www.google.com/maps/search/?api=1&query=25.78111826,-108.9741038"
Colectivo Shop,Ahome,+52 66 8139 5256,colectivosholm@gmail.com,https://wa.me/526681395256,https://www.facebook.com/search/pages/?q=Colectivo%20Shop%20Ahome,"https://www.google.com/maps/search/?api=1&query=25.79343661,-108.9938347"
Dorias Boutique,Ahome,+52 66 8125 0831,elreymita@hotmail.com,https://wa.me/526681250831,https://www.facebook.com/search/pages/?q=Dorias%20Boutique%20Ahome,"https://www.google.com/maps/search/?api=1&query=25.78870892,-108.9922331"
Duo Collection Boutique,Ahome,+52 66 8812 4690,duocontabilidad@duo.com.mx,https://wa.me/526688124690,https://www.facebook.com/search/pages/?q=Duo%20Collection%20Boutique%20Ahome,"https://www.google.com/maps/search/?api=1&query=25.79058862,-109.0001168"
Fashion Paradiselos Mochis,Ahome,+52 66 7784 2334,adaldguez@hotmail.com,https://wa.me/526677842334,https://HTTPS://FASHIONPARADISE.COM.MX/,"https://www.google.com/maps/search/?api=1&query=25.80055322,-108.9845364"
Fralsil Store,Ahome,+52 66 8395 5598,fralsitstore@hotmail.com,https://wa.me/526683955598,https://www.facebook.com/search/pages/?q=Fralsil%20Store%20Ahome,"https://www.google.com/maps/search/?api=1&query=25.78974794,-108.9918285"
Itzel Mendivil Fashion Style,Ahome,+52 66 8820 7409,ND,https://wa.me/526688207409,https://WWW.FSHIONSTYLE.COM/,"https://www.google.com/maps/search/?api=1&query=25.78815024,-108.9952216"
Joema Boutique,Ahome,+52 66 8243 4681,joemaboutique@gmail.com,https://wa.me/526682434681,https://www.facebook.com/search/pages/?q=Joema%20Boutique%20Ahome,"https://www.google.com/maps/search/?api=1&query=25.8061363,-108.9947071"
Nina Boutique,Ahome,+52 66 8818 0550,doucontabilidad@duo.com.mx,https://wa.me/526688180550,https://www.facebook.com/search/pages/?q=Nina%20Boutique%20Ahome,"https://www.google.com/maps/search/?api=1&query=25.78912152,-109.0010828"
Secretarial Boutique,Ahome,+52 66 8812 3878,secretarialboutique@hotmail.com,https://wa.me/526688123878,https://www.facebook.com/search/pages/?q=Secretarial%20Boutique%20Ahome,"https://www.google.com/maps/search/?api=1&query=25.78892837,-109.0012183"
Tienda De Ropa Coco Jeans,Ahome,+52 66 8103 0291,ND,https://wa.me/526681030291,https://WWW.COCOJEANS.COM.MX/,"https://www.google.com/maps/search/?api=1&query=25.78854955,-108.9924678"
Your Lucky Store,Ahome,+52 66 8138 2881,yourlokystourlm@gmail.com,https://wa.me/526681382881,https://www.facebook.com/search/pages/?q=Your%20Lucky%20Store%20Ahome,"https://www.google.com/maps/search/?api=1&query=25.79653218,-108.9926958"
Alin Boutique,Ahome,+52 66 8117 6987,ND,https://wa.me/526681176987,https://www.facebook.com/search/pages/?q=Alin%20Boutique%20Ahome,"https://www.google.com/maps/search/?api=1&query=25.96779874,-109.2964538"
Alle Colection Boutique,Ahome,+52 66 8163 6076,ND,https://wa.me/526681636076,https://www.facebook.com/search/pages/?q=Alle%20Colection%20Boutique%20Ahome,"https://www.google.com/maps/search/?api=1&query=25.76226003,-108.9940472"
Alondras Boutique,Ahome,+52 66 8861 9685,ND,https://wa.me/526688619685,https://www.facebook.com/search/pages/?q=Alondras%20Boutique%20Ahome,"https://www.google.com/maps/search/?api=1&query=25.80381919,-109.0010609"
Anabel Boutique,Ahome,+52 66 8227 5549,ND,https://wa.me/526682275549,https://www.facebook.com/search/pages/?q=Anabel%20Boutique%20Ahome,"https://www.google.com/maps/search/?api=1&query=25.96656292,-109.2971472"
Baldos Jeans,Ahome,+52 66 8200 8575,ND,https://wa.me/526682008575,https://www.facebook.com/search/pages/?q=Baldos%20Jeans%20Ahome,"https://www.google.com/maps/search/?api=1&query=25.77676253,-108.9812037"
Bianca Boutique,Ahome,+52 66 8135 3250,ND,https://wa.me/526681353250,https://www.facebook.com/search/pages/?q=Bianca%20Boutique%20Ahome,"https://www.google.com/maps/search/?api=1&query=25.79390053,-109.0054503"
Boutique Arizona Outlet,Ahome,+52 66 8125 4469,ND,https://wa.me/526681254469,https://www.facebook.com/search/pages/?q=Boutique%20Arizona%20Outlet%20Ahome,"https://www.google.com/maps/search/?api=1&query=25.81404696,-109.0113166"
Boutique Chadelier,Ahome,+52 66 8191 4116,ND,https://wa.me/526681914116,https://www.facebook.com/search/pages/?q=Boutique%20Chadelier%20Ahome,"https://www.google.com/maps/search/?api=1&query=25.80384927,-109.0129389"
Boutique Eunice,Ahome,+52 66 8124 0925,ND,https://wa.me/526681240925,https://www.facebook.com/search/pages/?q=Boutique%20Eunice%20Ahome,"https://www.google.com/maps/search/?api=1&query=25.7570668,-108.9968266"
Boutique For Men,Ahome,+52 66 8265 6628,ND,https://wa.me/526682656628,https://www.facebook.com/search/pages/?q=Boutique%20For%20Men%20Ahome,"https://www.google.com/maps/search/?api=1&query=25.77143581,-109.0071986"
Boutique Hadasa,Ahome,+52 66 8146 3609,ND,https://wa.me/526681463609,https://www.facebook.com/search/pages/?q=Boutique%20Hadasa%20Ahome,"https://www.google.com/maps/search/?api=1&query=25.78673111,-108.9957161"
Boutique Iris,Ahome,+52 66 8172 8400,ND,https://wa.me/526681728400,https://www.facebook.com/search/pages/?q=Boutique%20Iris%20Ahome,"https://www.google.com/maps/search/?api=1&query=25.94837749,-109.048483"
Boutique La Escondida Store,Ahome,+52 66 8238 3562,ND,https://wa.me/526682383562,https://www.facebook.com/search/pages/?q=Boutique%20La%20Escondida%20Store%20Ahome,"https://www.google.com/maps/search/?api=1&query=25.76358967,-108.9853733"
Boutique La Galeria,Ahome,+52 66 8144 9696,ND,https://wa.me/526681449696,https://www.facebook.com/search/pages/?q=Boutique%20La%20Galeria%20Ahome,"https://www.google.com/maps/search/?api=1&query=25.79100088,-108.9922475"
Boutique Luna,Ahome,+52 66 8249 1176,ND,https://wa.me/526682491176,https://www.facebook.com/search/pages/?q=Boutique%20Luna%20Ahome,"https://www.google.com/maps/search/?api=1&query=25.81148492,-109.0149752"
Boutique Mariana,Ahome,+52 66 8226 8473,ND,https://wa.me/526682268473,https://www.facebook.com/search/pages/?q=Boutique%20Mariana%20Ahome,"https://www.google.com/maps/search/?api=1&query=26.26861919,-109.0394008"
Boutique Martina,Ahome,+52 66 8113 9995,ND,https://wa.me/526681139995,https://www.facebook.com/search/pages/?q=Boutique%20Martina%20Ahome,"https://www.google.com/maps/search/?api=1&query=25.79268641,-108.9879039"
Boutique Mimosa,Ahome,+52 66 8818 1804,ND,https://wa.me/526688181804,https://www.facebook.com/search/pages/?q=Boutique%20Mimosa%20Ahome,"https://www.google.com/maps/search/?api=1&query=25.79479385,-109.0070227"
Boutique Mujer Bonita,Ahome,+52 66 8194 8187,ND,https://wa.me/526681948187,https://www.facebook.com/search/pages/?q=Boutique%20Mujer%20Bonita%20Ahome,"https://www.google.com/maps/search/?api=1&query=25.78885235,-108.9921576"
Boutique Para Damas,Ahome,+52 66 8150 2315,ND,https://wa.me/526681502315,https://www.facebook.com/search/pages/?q=Boutique%20Para%20Damas%20Ahome,"https://www.google.com/maps/search/?api=1&query=25.78437273,-108.9924304"
Boutique Sandya Showrrom,Ahome,+52 66 8819 0863,ND,https://wa.me/526688190863,https://www.facebook.com/search/pages/?q=Boutique%20Sandya%20Showrrom%20Ahome,"https://www.google.com/maps/search/?api=1&query=25.79208682,-108.9916821"
Boutique Yadalu Moda Y Accesorios,Ahome,+52 66 8101 2020,ND,https://wa.me/526681012020,https://www.facebook.com/search/pages/?q=Boutique%20Yadalu%20Moda%20Y%20Accesorios%20Ahome,"https://www.google.com/maps/search/?api=1&query=25.76013154,-108.9802339"
Charlym Boutique,Ahome,+52 63 1299 5534,ND,https://wa.me/526312995534,https://www.facebook.com/search/pages/?q=Charlym%20Boutique%20Ahome,"https://www.google.com/maps/search/?api=1&query=25.79596133,-109.0047066"
Classic Boutique,Ahome,+52 66 8817 3997,ND,https://wa.me/526688173997,https://www.facebook.com/search/pages/?q=Classic%20Boutique%20Ahome,"https://www.google.com/maps/search/?api=1&query=25.78288472,-108.998365"
D Far Boutique,Ahome,+52 66 8224 1448,ND,https://wa.me/526682241448,https://www.facebook.com/search/pages/?q=D%20Far%20Boutique%20Ahome,"https://www.google.com/maps/search/?api=1&query=25.81759221,-108.9868128"
Daniela Ceballos Concepto Store,Ahome,+52 66 8162 5476,ND,https://wa.me/526681625476,https://www.facebook.com/search/pages/?q=Daniela%20Ceballos%20Concepto%20Store%20Ahome,"https://www.google.com/maps/search/?api=1&query=25.79275199,-108.9880193"
Designer Closet,Ahome,+52 66 8250 4416,ND,https://wa.me/526682504416,https://www.facebook.com/search/pages/?q=Designer%20Closet%20Ahome,"https://www.google.com/maps/search/?api=1&query=25.79854275,-108.9945577"
Diva Fashion,Ahome,+52 66 8243 2117,ND,https://wa.me/526682432117,https://www.facebook.com/search/pages/?q=Diva%20Fashion%20Ahome,"https://www.google.com/maps/search/?api=1&query=25.78859495,-108.9911936"
Dl Boutique,Ahome,+52 66 8219 5937,ND,https://wa.me/526682195937,https://www.facebook.com/search/pages/?q=Dl%20Boutique%20Ahome,"https://www.google.com/maps/search/?api=1&query=25.76442471,-108.9868414"
Dylans Store,Ahome,+52 66 8112 6324,ND,https://wa.me/526681126324,https://www.facebook.com/search/pages/?q=Dylans%20Store%20Ahome,"https://www.google.com/maps/search/?api=1&query=25.9665067,-109.29404"
El Y Ella Boutique,Ahome,+52 66 8215 6407,ND,https://wa.me/526682156407,https://www.facebook.com/search/pages/?q=El%20Y%20Ella%20Boutique%20Ahome,"https://www.google.com/maps/search/?api=1&query=25.784233,-108.9796568"
Ella Estilo Y Moda,Ahome,+52 66 8150 9181,ND,https://wa.me/526681509181,https://www.facebook.com/search/pages/?q=Ella%20Estilo%20Y%20Moda%20Ahome,"https://www.google.com/maps/search/?api=1&query=26.26885846,-109.0359085"
Enzza Boutique,Ahome,+52 66 8221 5030,ND,https://wa.me/526682215030,https://www.facebook.com/search/pages/?q=Enzza%20Boutique%20Ahome,"https://www.google.com/maps/search/?api=1&query=25.76822967,-108.9760872"
Florenza Boutique,Ahome,+52 66 8197 8949,ND,https://wa.me/526681978949,https://www.facebook.com/search/pages/?q=Florenza%20Boutique%20Ahome,"https://www.google.com/maps/search/?api=1&query=25.78400345,-109.0042949"
Frida Sofia Boutique,Ahome,+52 66 8219 3974,ND,https://wa.me/526682193974,https://www.facebook.com/search/pages/?q=Frida%20Sofia%20Boutique%20Ahome,"https://www.google.com/maps/search/?api=1&query=25.78400345,-109.0042949"
Greys Boutique,Ahome,+52 66 8116 1585,ND,https://wa.me/526681161585,https://www.facebook.com/search/pages/?q=Greys%20Boutique%20Ahome,"https://www.google.com/maps/search/?api=1&query=25.77503415,-108.9796263"
Ibt Boutique,Ahome,+52 66 8157 5562,ND,https://wa.me/526681575562,https://www.facebook.com/search/pages/?q=Ibt%20Boutique%20Ahome,"https://www.google.com/maps/search/?api=1&query=25.82324156,-108.985857"
Irenes Boutique,Ahome,+52 66 8137 7376,ND,https://wa.me/526681377376,https://www.facebook.com/search/pages/?q=Irenes%20Boutique%20Ahome,"https://www.google.com/maps/search/?api=1&query=25.78456529,-109.0157891"
Jenni Modas,Ahome,+52 66 8171 0712,ND,https://wa.me/526681710712,https://www.facebook.com/search/pages/?q=Jenni%20Modas%20Ahome,"https://www.google.com/maps/search/?api=1&query=25.78610974,-108.9955636"
Jrcm Shop,Ahome,+52 66 8142 7816,ND,https://wa.me/526681427816,https://www.facebook.com/search/pages/?q=Jrcm%20Shop%20Ahome,"https://www.google.com/maps/search/?api=1&query=25.7853715,-108.9754091"
Karizma La Gran Boutique,Ahome,+52 66 8815 3262,ND,https://wa.me/526688153262,https://www.facebook.com/search/pages/?q=Karizma%20La%20Gran%20Boutique%20Ahome,"https://www.google.com/maps/search/?api=1&query=25.7902422,-109.0003376"
Karly Boutique,Ahome,+52 66 8190 8807,ND,https://wa.me/526681908807,https://www.facebook.com/search/pages/?q=Karly%20Boutique%20Ahome,"https://www.google.com/maps/search/?api=1&query=25.94674833,-109.0487635"
Kate Boutique,Ahome,+52 66 8829 9841,ND,https://wa.me/526688299841,https://www.facebook.com/search/pages/?q=Kate%20Boutique%20Ahome,"https://www.google.com/maps/search/?api=1&query=25.79672993,-109.0247323"
Kellys Shop Venta De Ropa,Ahome,+52 66 8169 6858,ND,https://wa.me/526681696858,https://www.facebook.com/search/pages/?q=Kellys%20Shop%20Venta%20De%20Ropa%20Ahome,"https://www.google.com/maps/search/?api=1&query=25.78314792,-108.9769695"
Kelus Moda Familiar,Ahome,+52 66 8143 8290,ND,https://wa.me/526681438290,https://www.facebook.com/search/pages/?q=Kelus%20Moda%20Familiar%20Ahome,"https://www.google.com/maps/search/?api=1&query=25.79990766,-109.0287672"
Lorenz Boutique,Ahome,+52 66 8201 9892,ND,https://wa.me/526682019892,https://www.facebook.com/search/pages/?q=Lorenz%20Boutique%20Ahome,"https://www.google.com/maps/search/?api=1&query=25.80635743,-109.0052701"
Lou Boutique,Ahome,+52 66 8250 0872,ND,https://wa.me/526682500872,https://www.facebook.com/search/pages/?q=Lou%20Boutique%20Ahome,"https://www.google.com/maps/search/?api=1&query=25.78374601,-109.0040081"
Luckin Shop,Ahome,+52 66 8168 3902,ND,https://wa.me/526681683902,https://www.facebook.com/search/pages/?q=Luckin%20Shop%20Ahome,"https://www.google.com/maps/search/?api=1&query=25.75946094,-108.9985617"
M Moncheri Moda,Ahome,+52 66 8157 3112,ND,https://wa.me/526681573112,https://www.facebook.com/search/pages/?q=M%20Moncheri%20Moda%20Ahome,"https://www.google.com/maps/search/?api=1&query=25.81678745,-108.9788468"
Marcela Moda En Blusas,Ahome,+52 66 8245 1533,ND,https://wa.me/526682451533,https://www.facebook.com/search/pages/?q=Marcela%20Moda%20En%20Blusas%20Ahome,"https://www.google.com/maps/search/?api=1&query=25.78610974,-108.9955636"
Mariposa Lashes Y Boutique,Ahome,+52 62 4212 9548,ND,https://wa.me/526242129548,https://www.facebook.com/search/pages/?q=Mariposa%20Lashes%20Y%20Boutique%20Ahome,"https://www.google.com/maps/search/?api=1&query=25.94724115,-109.052536"
Marken Fashion,Ahome,+52 66 8212 5266,ND,https://wa.me/526682125266,https://www.facebook.com/search/pages/?q=Marken%20Fashion%20Ahome,"https://www.google.com/maps/search/?api=1&query=25.80984246,-109.0321309"
Melisa Cuadras Outfit Shop,Ahome,+52 66 8233 3189,ND,https://wa.me/526682333189,https://www.facebook.com/search/pages/?q=Melisa%20Cuadras%20Outfit%20Shop%20Ahome,"https://www.google.com/maps/search/?api=1&query=25.96645948,-109.2938669"
Mia Boutique,Ahome,+52 66 8145 6682,ND,https://wa.me/526681456682,https://www.facebook.com/search/pages/?q=Mia%20Boutique%20Ahome,"https://www.google.com/maps/search/?api=1&query=25.96719343,-109.2964265"
Mich Boutique,Ahome,+52 66 8244 2436,ND,https://wa.me/526682442436,https://www.facebook.com/search/pages/?q=Mich%20Boutique%20Ahome,"https://www.google.com/maps/search/?api=1&query=25.91962923,-109.1758188"
Moda Carlos,Ahome,+52 66 8812 2761,ND,https://wa.me/526688122761,https://www.facebook.com/search/pages/?q=Moda%20Carlos%20Ahome,"https://www.google.com/maps/search/?api=1&query=25.78731149,-108.9933424"
Moda Carr,Ahome,+52 66 8856 5992,ND,https://wa.me/526688565992,https://www.facebook.com/search/pages/?q=Moda%20Carr%20Ahome,"https://www.google.com/maps/search/?api=1&query=25.78610974,-108.9955636"
Moma Boutique,Ahome,+52 66 8822 2799,ND,https://wa.me/526688222799,https://www.facebook.com/search/pages/?q=Moma%20Boutique%20Ahome,"https://www.google.com/maps/search/?api=1&query=25.79407709,-108.9905366"
Mr King Shop,Ahome,+52 66 8172 2689,ND,https://wa.me/526681722689,https://www.facebook.com/search/pages/?q=Mr%20King%20Shop%20Ahome,"https://www.google.com/maps/search/?api=1&query=25.7662001,-109.0037834"
Nice- Nice Boutique,Ahome,+52 66 8815 8611,ND,https://wa.me/526688158611,https://www.facebook.com/search/pages/?q=Nice-%20Nice%20Boutique%20Ahome,"https://www.google.com/maps/search/?api=1&query=25.79494628,-109.0072911"
Osorio Boutique,Ahome,+52 66 8102 5291,ND,https://wa.me/526681025291,https://www.facebook.com/search/pages/?q=Osorio%20Boutique%20Ahome,"https://www.google.com/maps/search/?api=1&query=25.94675111,-109.0487034"
Outlet Boutique D Marcas,Ahome,+52 66 8323 5469,ND,https://wa.me/526683235469,https://www.facebook.com/search/pages/?q=Outlet%20Boutique%20D%20Marcas%20Ahome,"https://www.google.com/maps/search/?api=1&query=25.75798496,-108.9818064"
Pd El Rey De La Moda,Ahome,+52 66 8152 1505,ND,https://wa.me/526681521505,https://www.facebook.com/search/pages/?q=Pd%20El%20Rey%20De%20La%20Moda%20Ahome,"https://www.google.com/maps/search/?api=1&query=25.91975292,-109.1731745"
Poninas Shop,Ahome,+52 66 8235 6701,ND,https://wa.me/526682356701,https://www.facebook.com/search/pages/?q=Poninas%20Shop%20Ahome,"https://www.google.com/maps/search/?api=1&query=25.79348848,-108.9812726"
Red Boutique,Ahome,+52 66 8246 9005,ND,https://wa.me/526682469005,https://www.facebook.com/search/pages/?q=Red%20Boutique%20Ahome,"https://www.google.com/maps/search/?api=1&query=25.8189965,-108.9860448"
Romi Store,Ahome,+52 66 8244 8037,ND,https://wa.me/526682448037,https://www.facebook.com/search/pages/?q=Romi%20Store%20Ahome,"https://www.google.com/maps/search/?api=1&query=25.78360782,-109.0159491"
Ropa Shopping Ross,Ahome,+52 66 8134 4060,ND,https://wa.me/526681344060,https://www.facebook.com/search/pages/?q=Ropa%20Shopping%20Ross%20Ahome,"https://www.google.com/maps/search/?api=1&query=26.26867815,-109.0375311"
Sandoval Fashion,Ahome,+52 66 8865 0002,ND,https://wa.me/526688650002,https://www.facebook.com/search/pages/?q=Sandoval%20Fashion%20Ahome,"https://www.google.com/maps/search/?api=1&query=26.26910464,-109.0367905"
Tienda De Ropa Higuera Shop,Ahome,+52 66 8198 6015,ND,https://wa.me/526681986015,https://www.facebook.com/search/pages/?q=Tienda%20De%20Ropa%20Higuera%20Shop%20Ahome,"https://www.google.com/maps/search/?api=1&query=25.96755807,-109.2965503"
Usa Boutique,Ahome,+52 66 8145 2800,ND,https://wa.me/526681452800,https://www.facebook.com/search/pages/?q=Usa%20Boutique%20Ahome,"https://www.google.com/maps/search/?api=1&query=25.78857761,-108.9780148"
Venta De Pantalones,Ahome,+52 66 8836 0424,ND,https://wa.me/526688360424,https://www.facebook.com/search/pages/?q=Venta%20De%20Pantalones%20Ahome,"https://www.google.com/maps/search/?api=1&query=25.77702367,-108.9810257"
Yunive Boutique,Ahome,+52 66 8230 0463,ND,https://wa.me/526682300463,https://www.facebook.com/search/pages/?q=Yunive%20Boutique%20Ahome,"https://www.google.com/maps/search/?api=1&query=25.7703478,-108.9961772"
Zaira Chavez Boutique,Ahome,+52 66 8129 1869,ND,https://wa.me/526681291869,https://www.facebook.com/search/pages/?q=Zaira%20Chavez%20Boutique%20Ahome,"https://www.google.com/maps/search/?api=1&query=25.78815024,-108.9952216"
Zoys Boutique,Ahome,+52 66 8245 4332,ND,https://wa.me/526682454332,https://www.facebook.com/search/pages/?q=Zoys%20Boutique%20Ahome,"https://www.google.com/maps/search/?api=1&query=25.7724439,-108.999369"
Al Tiro Shop,Angostura,+52 66 7215 0752,altiroshop@gmail.com,https://wa.me/526672150752,https://www.facebook.com/search/pages/?q=Al%20Tiro%20Shop%20Angostura,"https://www.google.com/maps/search/?api=1&query=25.08104157,-108.0540747"
Estrellas Boutique,Angostura,+52 69 7114 7075,bettystar_78@hotmail.com,https://wa.me/526971147075,https://www.facebook.com/search/pages/?q=Estrellas%20Boutique%20Angostura,"https://www.google.com/maps/search/?api=1&query=25.36528105,-108.1564461"
Boutique Selenes,Angostura,+52 67 3120 3630,ND,https://wa.me/526731203630,https://www.facebook.com/search/pages/?q=Boutique%20Selenes%20Angostura,"https://www.google.com/maps/search/?api=1&query=25.06270765,-107.91235"
Casa Corona Boutique,Angostura,+52 66 7419 4583,ND,https://wa.me/526674194583,https://www.facebook.com/search/pages/?q=Casa%20Corona%20Boutique%20Angostura,"https://www.google.com/maps/search/?api=1&query=25.05405536,-107.9077443"
Fashion Fantasy Boutique,Angostura,+52 69 7109 0808,ND,https://wa.me/526971090808,https://www.facebook.com/search/pages/?q=Fashion%20Fantasy%20Boutique%20Angostura,"https://www.google.com/maps/search/?api=1&query=25.05629112,-107.9149019"
Jr Boutique,Angostura,+52 67 3472 3095,ND,https://wa.me/526734723095,https://www.facebook.com/search/pages/?q=Jr%20Boutique%20Angostura,"https://www.google.com/maps/search/?api=1&query=25.08521859,-108.0552062"
Mejias Boutique,Angostura,+52 69 7115 8258,ND,https://wa.me/526971158258,https://www.facebook.com/search/pages/?q=Mejias%20Boutique%20Angostura,"https://www.google.com/maps/search/?api=1&query=25.07998104,-108.059554"
Boutique,Badiraguato,+52 66 7306 2944,ND,https://wa.me/526673062944,https://www.facebook.com/search/pages/?q=Boutique%20Badiraguato,"https://www.google.com/maps/search/?api=1&query=25.36705471,-107.5506052"
Boutique De Ropa,Badiraguato,+52 69 7104 5749,ND,https://wa.me/526971045749,https://www.facebook.com/search/pages/?q=Boutique%20De%20Ropa%20Badiraguato,"https://www.google.com/maps/search/?api=1&query=25.36174334,-107.5495609"
Boutique De Ropa Paa Dama Y Caballero,Badiraguato,+52 66 7576 4424,ND,https://wa.me/526675764424,https://www.facebook.com/search/pages/?q=Boutique%20De%20Ropa%20Paa%20Dama%20Y%20Caballero%20Badiraguato,"https://www.google.com/maps/search/?api=1&query=25.36357047,-107.5500319"
Boutique Erica,Badiraguato,+52 66 7785 5624,ND,https://wa.me/526677855624,https://www.facebook.com/search/pages/?q=Boutique%20Erica%20Badiraguato,"https://www.google.com/maps/search/?api=1&query=25.36242143,-107.5493914"
Boutique Fashion Grace,Badiraguato,+52 66 7401 3635,ND,https://wa.me/526674013635,https://www.facebook.com/search/pages/?q=Boutique%20Fashion%20Grace%20Badiraguato,"https://www.google.com/maps/search/?api=1&query=25.36864958,-107.5534017"
Jimmy.S Boutique,Badiraguato,+52 66 7751 0426,ND,https://wa.me/526677510426,https://www.facebook.com/search/pages/?q=Jimmy.S%20Boutique%20Badiraguato,"https://www.google.com/maps/search/?api=1&query=25.36204151,-107.549256"
Sury-S Boutique Exclusivas Fransue,Badiraguato,+52 69 7741 0007,ND,https://wa.me/526977410007,https://www.facebook.com/search/pages/?q=Sury-S%20Boutique%20Exclusivas%20Fransue%20Badiraguato,"https://www.google.com/maps/search/?api=1&query=25.36327915,-107.5522659"
Best Fashion,Choix,+52 69 8112 7319,ND,https://wa.me/526981127319,https://www.facebook.com/search/pages/?q=Best%20Fashion%20Choix,"https://www.google.com/maps/search/?api=1&query=26.70850976,-108.3230182"
Boutique,Choix,+52 69 8117 3859,ND,https://wa.me/526981173859,https://www.facebook.com/search/pages/?q=Boutique%20Choix,"https://www.google.com/maps/search/?api=1&query=26.70868138,-108.3230365"
Boutique,Choix,+52 69 8106 6656,ND,https://wa.me/526981066656,https://www.facebook.com/search/pages/?q=Boutique%20Choix,"https://www.google.com/maps/search/?api=1&query=26.70865063,-108.3229006"
Boutique Shaddai,Choix,+52 69 8110 0590,ND,https://wa.me/526981100590,https://www.facebook.com/search/pages/?q=Boutique%20Shaddai%20Choix,"https://www.google.com/maps/search/?api=1&query=26.70736689,-108.3227931"
Carmen Jeans,Choix,+52 66 8228 3398,ND,https://wa.me/526682283398,https://www.facebook.com/search/pages/?q=Carmen%20Jeans%20Choix,"https://www.google.com/maps/search/?api=1&query=26.70958238,-108.3231906"
Ely Boutique,Choix,+52 66 8133 8111,ND,https://wa.me/526681338111,https://www.facebook.com/search/pages/?q=Ely%20Boutique%20Choix,"https://www.google.com/maps/search/?api=1&query=26.71290328,-108.3281446"
Lupitas Jeans,Choix,+52 64 6260 6248,ND,https://wa.me/526462606248,https://www.facebook.com/search/pages/?q=Lupitas%20Jeans%20Choix,"https://www.google.com/maps/search/?api=1&query=26.70780097,-108.3228249"
Carmelitas Boutique,Concordia,+52 69 4138 4112,ND,https://wa.me/526941384112,https://www.facebook.com/search/pages/?q=Carmelitas%20Boutique%20Concordia,"https://www.google.com/maps/search/?api=1&query=23.28741772,-106.0618617"
Moda Naiwuin,Concordia,+52 66 9224 2205,ND,https://wa.me/526692242205,https://www.facebook.com/search/pages/?q=Moda%20Naiwuin%20Concordia,"https://www.google.com/maps/search/?api=1&query=23.28786712,-106.0605173"
Vaquero Guero,Concordia,+52 66 9115 1516,ND,https://wa.me/526691151516,https://www.facebook.com/search/pages/?q=Vaquero%20Guero%20Concordia,"https://www.google.com/maps/search/?api=1&query=23.2871019,-106.0669504"
Vestimoda,Concordia,+52 69 4968 0400,ND,https://wa.me/526949680400,https://www.facebook.com/search/pages/?q=Vestimoda%20Concordia,"https://www.google.com/maps/search/?api=1&query=23.28725857,-106.067439"
All In Boutique,Cosalá,+52 69 6112 2114,ND,https://wa.me/526961122114,https://www.facebook.com/search/pages/?q=All%20In%20Boutique%20Cosalá,"https://www.google.com/maps/search/?api=1&query=24.41721266,-106.6930928"
Spacio Moda,Cosalá,+52 69 6113 2939,ND,https://wa.me/526961132939,https://www.facebook.com/search/pages/?q=Spacio%20Moda%20Cosalá,"https://www.google.com/maps/search/?api=1&query=24.41430623,-106.6910143"
Tienda De Ropa Boutique 29 De Marz0,Cosalá,+52 66 7161 1226,ND,https://wa.me/526671611226,https://www.facebook.com/search/pages/?q=Tienda%20De%20Ropa%20Boutique%2029%20De%20Marz0%20Cosalá,"https://www.google.com/maps/search/?api=1&query=24.41312286,-106.6898685"
Tienda De Ropa Boutique Caprichos,Cosalá,+52 66 7428 3930,ND,https://wa.me/526674283930,https://www.facebook.com/search/pages/?q=Tienda%20De%20Ropa%20Boutique%20Caprichos%20Cosalá,"https://www.google.com/maps/search/?api=1&query=24.41689748,-106.6903201"
Alcachofa Store,Culiacán,+52 66 7336 6032,alcachofa.store95@gmail.com,https://wa.me/526673366032,https://www.facebook.com/search/pages/?q=Alcachofa%20Store%20Culiacán,"https://www.google.com/maps/search/?api=1&query=24.80823645,-107.3981219"
Aras Boutique,Culiacán,+52 66 7780 8917,ND,https://wa.me/526677808917,https://ARASBOUTIQUECLN.COM/,"https://www.google.com/maps/search/?api=1&query=24.80545437,-107.383241"
Blush Boutique,Culiacán,+52 66 7464 2861,ND,https://wa.me/526674642861,https://BLUSHBEAUTYFITONLINE.COM/,"https://www.google.com/maps/search/?api=1&query=24.83174468,-107.4324502"
Bodega Fashion Paradise,Culiacán,+52 66 7784 2334,adaldguez@hotmail.com,https://wa.me/526677842334,https://HTTPS://FASHIONPARADISE.COM.MX/,"https://www.google.com/maps/search/?api=1&query=24.80366288,-107.4015815"
Boutique Chic Store,Culiacán,+52 66 7717 5151,chicstoremx@hotmail.com,https://wa.me/526677175151,https://www.facebook.com/search/pages/?q=Boutique%20Chic%20Store%20Culiacán,"https://www.google.com/maps/search/?api=1&query=24.79496422,-107.4119385"
Boutique Enchante,Culiacán,+52 66 7152 0785,ND,https://wa.me/526671520785,https://WWW.ENCHANTEMX.COM/,"https://www.google.com/maps/search/?api=1&query=24.80768976,-107.3978819"
Boutique Gavanna,Culiacán,+52 66 7710 1110,tania_9101@hotmail.com,https://wa.me/526677101110,https://www.facebook.com/search/pages/?q=Boutique%20Gavanna%20Culiacán,"https://www.google.com/maps/search/?api=1&query=24.80768023,-107.3979705"
Boutique Nissi,Culiacán,+52 66 7122 7586,nissi_julia@hotmail.com,https://wa.me/526671227586,https://www.facebook.com/search/pages/?q=Boutique%20Nissi%20Culiacán,"https://www.google.com/maps/search/?api=1&query=24.79862749,-107.4344445"
Camelia Boutique,Culiacán,+52 66 7416 8363,rvanessatl@gmail.com,https://wa.me/526674168363,https://www.facebook.com/search/pages/?q=Camelia%20Boutique%20Culiacán,"https://www.google.com/maps/search/?api=1&query=24.80586867,-107.4636989"
Coqueta Boutique,Culiacán,+52 66 7144 0523,ND,https://wa.me/526671440523,https://WWW.ABARROTESPUNTODEVENTA.COM/,"https://www.google.com/maps/search/?api=1&query=24.80760538,-107.398714"
Faldas De Mezclilla Jein,Culiacán,+52 66 7243 4720,cristovive1976.av@gmail.com,https://wa.me/526672434720,https://www.facebook.com/search/pages/?q=Faldas%20De%20Mezclilla%20Jein%20Culiacán,"https://www.google.com/maps/search/?api=1&query=24.79890072,-107.3952178"
Fashion Paradise,Culiacán,+52 66 7992 1287,lomasfashionp@gmail.com,https://wa.me/526679921287,https://www.facebook.com/search/pages/?q=Fashion%20Paradise%20Culiacán,"https://www.google.com/maps/search/?api=1&query=24.78772415,-107.4232798"
Gema Concept Store,Culiacán,+52 66 7579 8063,gemaconceptstore@gmail.com,https://wa.me/526675798063,https://www.facebook.com/search/pages/?q=Gema%20Concept%20Store%20Culiacán,"https://www.google.com/maps/search/?api=1&query=24.8341242,-107.3883044"
Go Boutique,Culiacán,+52 66 7319 9490,ND,https://wa.me/526673199490,https://GOBOUTIQUE.COM.MX/,"https://www.google.com/maps/search/?api=1&query=24.81991899,-107.3787148"
Ivannas Boutique,Culiacán,+52 66 7790 1258,higueragonzalezmariaamparo@gmail.com,https://wa.me/526677901258,https://www.facebook.com/search/pages/?q=Ivannas%20Boutique%20Culiacán,"https://www.google.com/maps/search/?api=1&query=24.77729204,-107.4445733"
Ocean Drive Boutique,Culiacán,+52 66 7183 1535,ventas_diversas@outlook.com,https://wa.me/526671831535,https://www.facebook.com/search/pages/?q=Ocean%20Drive%20Boutique%20Culiacán,"https://www.google.com/maps/search/?api=1&query=24.81543236,-107.3873079"
Ohmy Store,Culiacán,+52 66 7324 7348,contacto@ohmy.com.mx,https://wa.me/526673247348,https://WWW.OHMY.COM.MX/,"https://www.google.com/maps/search/?api=1&query=24.82124622,-107.3890477"
Oralias Boutique,Culiacán,+52 66 7752 1098,ND,https://wa.me/526677521098,https://WWW.ORALIABOUTIQUE.COM/,"https://www.google.com/maps/search/?api=1&query=24.80755097,-107.3979845"
Phoenix Store,Culiacán,+52 66 7146 9132,ND,https://wa.me/526671469132,https://WWW.PHXSTORE.MX/,"https://www.google.com/maps/search/?api=1&query=24.81647593,-107.4264049"
Posh Glam Boutique,Culiacán,+52 66 7717 4950,ND,https://wa.me/526677174950,https://WWW.POSHCLN.COM/,"https://www.google.com/maps/search/?api=1&query=24.79496422,-107.4119385"
Roma Store,Culiacán,+52 66 7161 8119,storerom@hotmail.com,https://wa.me/526671618119,https://www.facebook.com/search/pages/?q=Roma%20Store%20Culiacán,"https://www.google.com/maps/search/?api=1&query=24.83306567,-107.3849772"
Romario Boutique,Culiacán,+52 66 7191 0488,edsonzg19@gmail.com,https://wa.me/526671910488,https://www.facebook.com/search/pages/?q=Romario%20Boutique%20Culiacán,"https://www.google.com/maps/search/?api=1&query=24.80008041,-107.3715883"
Sephora Boutique,Culiacán,+52 66 7775 8595,jonnychavez71@hotmail.com,https://wa.me/526677758595,https://www.facebook.com/search/pages/?q=Sephora%20Boutique%20Culiacán,"https://www.google.com/maps/search/?api=1&query=24.82038522,-107.4312388"
Siria Boutique,Culiacán,+52 66 7494 1155,morelos@grposiria.com,https://wa.me/526674941155,https://WWW.SIRIABOUTIQUE.COM.MX/,"https://www.google.com/maps/search/?api=1&query=24.80792867,-107.3980962"
Siria Boutique,Culiacán,+52 66 7333 9545,forum1@siriaboutique.com,https://wa.me/526673339545,https://WWW.SIRIABOTIQUE.COM.MX/,"https://www.google.com/maps/search/?api=1&query=24.81600254,-107.4006074"
Tienda De Ropa Cielito Store,Culiacán,+52 66 7317 3172,cielitostore@outlook.com,https://wa.me/526673173172,https://CIELITOSTORE.MX/,"https://www.google.com/maps/search/?api=1&query=24.83662394,-107.3630563"
Tiska Boutique,Culiacán,+52 66 7217 2731,tiska@outlook.com,https://wa.me/526672172731,https://www.facebook.com/search/pages/?q=Tiska%20Boutique%20Culiacán,"https://www.google.com/maps/search/?api=1&query=24.81543236,-107.3873079"
Yogo Boutique,Culiacán,+52 66 7223 1251,paulinaresendez@hotmail.com,https://wa.me/526672231251,https://www.facebook.com/search/pages/?q=Yogo%20Boutique%20Culiacán,"https://www.google.com/maps/search/?api=1&query=24.78919842,-107.4005951"
Yogo Boutique,Culiacán,+52 66 7341 7303,paulinaresendez@hotmail.com,https://wa.me/526673417303,https://www.facebook.com/search/pages/?q=Yogo%20Boutique%20Culiacán,"https://www.google.com/maps/search/?api=1&query=24.80443981,-107.4627283"
Yogo Rack Boutique,Culiacán,+52 66 7317 4012,ND,https://wa.me/526673174012,https://WWW.YOGORACK.COM.MX/,"https://www.google.com/maps/search/?api=1&query=24.81653776,-107.4287555"
1Ron Trendy Boutique,Culiacán,+52 66 7154 7878,ND,https://wa.me/526671547878,https://www.facebook.com/search/pages/?q=1Ron%20Trendy%20Boutique%20Culiacán,"https://www.google.com/maps/search/?api=1&query=24.81077271,-107.3734461"
Adys Boutike,Culiacán,+52 66 7798 2642,ND,https://wa.me/526677982642,https://www.facebook.com/search/pages/?q=Adys%20Boutike%20Culiacán,"https://www.google.com/maps/search/?api=1&query=24.76636336,-107.376763"
Alba Boutique,Culiacán,+52 66 7207 0375,ND,https://wa.me/526672070375,https://www.facebook.com/search/pages/?q=Alba%20Boutique%20Culiacán,"https://www.google.com/maps/search/?api=1&query=24.80769196,-107.3978614"
Alcapone Boutique,Culiacán,+52 66 7303 3938,ND,https://wa.me/526673033938,https://www.facebook.com/search/pages/?q=Alcapone%20Boutique%20Culiacán,"https://www.google.com/maps/search/?api=1&query=24.82772669,-107.4267215"
Alejandra Shopin,Culiacán,+52 66 7236 8131,ND,https://wa.me/526672368131,https://www.facebook.com/search/pages/?q=Alejandra%20Shopin%20Culiacán,"https://www.google.com/maps/search/?api=1&query=24.59086886,-107.3899778"
Alex Moda,Culiacán,+52 66 7583 4476,ND,https://wa.me/526675834476,https://www.facebook.com/search/pages/?q=Alex%20Moda%20Culiacán,"https://www.google.com/maps/search/?api=1&query=24.59470115,-107.3852317"
Aljayaje Elia Boutique,Culiacán,+52 66 7716 2407,ND,https://wa.me/526677162407,https://www.facebook.com/search/pages/?q=Aljayaje%20Elia%20Boutique%20Culiacán,"https://www.google.com/maps/search/?api=1&query=24.8118878,-107.3815477"
All In Lady Boutique,Culiacán,+52 66 7183 8308,ND,https://wa.me/526671838308,https://www.facebook.com/search/pages/?q=All%20In%20Lady%20Boutique%20Culiacán,"https://www.google.com/maps/search/?api=1&query=24.75013227,-107.3876848"
Amaal Boutique,Culiacán,+52 66 7250 7519,ND,https://wa.me/526672507519,https://www.facebook.com/search/pages/?q=Amaal%20Boutique%20Culiacán,"https://www.google.com/maps/search/?api=1&query=24.79291665,-107.3583407"
Amber Boutique,Culiacán,+52 66 7495 1295,ND,https://wa.me/526674951295,https://www.facebook.com/search/pages/?q=Amber%20Boutique%20Culiacán,"https://www.google.com/maps/search/?api=1&query=24.78546108,-107.4004654"
Amore Amore Boutique,Culiacán,+52 66 7231 5193,ND,https://wa.me/526672315193,https://www.facebook.com/search/pages/?q=Amore%20Amore%20Boutique%20Culiacán,"https://www.google.com/maps/search/?api=1&query=24.80972987,-107.3766626"
Ana Gastelum Boutique,Culiacán,+52 66 7185 1868,ND,https://wa.me/526671851868,https://www.facebook.com/search/pages/?q=Ana%20Gastelum%20Boutique%20Culiacán,"https://www.google.com/maps/search/?api=1&query=24.82766985,-107.399973"
Angels Boutique,Culiacán,+52 66 7585 3278,ND,https://wa.me/526675853278,https://www.facebook.com/search/pages/?q=Angels%20Boutique%20Culiacán,"https://www.google.com/maps/search/?api=1&query=24.75587701,-107.3891906"
Arella Boutike,Culiacán,+52 66 7756 8303,ND,https://wa.me/526677568303,https://www.facebook.com/search/pages/?q=Arella%20Boutike%20Culiacán,"https://www.google.com/maps/search/?api=1&query=24.80504504,-107.4697544"
Azul Shop Boutique,Culiacán,+52 66 7394 1655,ND,https://wa.me/526673941655,https://www.facebook.com/search/pages/?q=Azul%20Shop%20Boutique%20Culiacán,"https://www.google.com/maps/search/?api=1&query=24.753438,-107.427658"
Azur Store,Culiacán,+52 66 7503 0579,ND,https://wa.me/526675030579,https://www.facebook.com/search/pages/?q=Azur%20Store%20Culiacán,"https://www.google.com/maps/search/?api=1&query=24.80994335,-107.3841278"
Barbershop Cecilia Meza,Culiacán,+52 66 7670 8548,ND,https://wa.me/526676708548,https://www.facebook.com/search/pages/?q=Barbershop%20Cecilia%20Meza%20Culiacán,"https://www.google.com/maps/search/?api=1&query=24.77887114,-107.5091453"
Beamart Pantalones Saldos Originales Pantalones,Culiacán,+52 66 7474 8993,ND,https://wa.me/526674748993,https://www.facebook.com/search/pages/?q=Beamart%20Pantalones%20Saldos%20Originales%20Pantalones%20Culiacán,"https://www.google.com/maps/search/?api=1&query=24.78367082,-107.3725988"
Beautemx Boutique,Culiacán,+52 66 7565 7483,ND,https://wa.me/526675657483,https://www.facebook.com/search/pages/?q=Beautemx%20Boutique%20Culiacán,"https://www.google.com/maps/search/?api=1&query=24.81201566,-107.4399924"
Beeu Boutique,Culiacán,+52 66 7214 1744,ND,https://wa.me/526672141744,https://www.facebook.com/search/pages/?q=Beeu%20Boutique%20Culiacán,"https://www.google.com/maps/search/?api=1&query=24.77879883,-107.3929962"
Bella Boutique,Culiacán,+52 66 7326 2752,ND,https://wa.me/526673262752,https://www.facebook.com/search/pages/?q=Bella%20Boutique%20Culiacán,"https://www.google.com/maps/search/?api=1&query=24.77783232,-107.3732363"
Big Papi Boutique,Culiacán,+52 66 7145 4121,ND,https://wa.me/526671454121,https://www.facebook.com/search/pages/?q=Big%20Papi%20Boutique%20Culiacán,"https://www.google.com/maps/search/?api=1&query=24.81212536,-107.3739734"
Blan Van Boutique,Culiacán,+52 66 7144 2792,ND,https://wa.me/526671442792,https://www.facebook.com/search/pages/?q=Blan%20Van%20Boutique%20Culiacán,"https://www.google.com/maps/search/?api=1&query=24.59016549,-107.3973657"
Blm Boutique,Culiacán,+52 66 7211 0540,ND,https://wa.me/526672110540,https://www.facebook.com/search/pages/?q=Blm%20Boutique%20Culiacán,"https://www.google.com/maps/search/?api=1&query=24.81543236,-107.3873079"
Blm Boutique,Culiacán,+52 66 7709 5969,ND,https://wa.me/526677095969,https://www.facebook.com/search/pages/?q=Blm%20Boutique%20Culiacán,"https://www.google.com/maps/search/?api=1&query=24.81683886,-107.428931"
Bloom Boutique Y Accesorios,Culiacán,+52 66 7197 4561,ND,https://wa.me/526671974561,https://www.facebook.com/search/pages/?q=Bloom%20Boutique%20Y%20Accesorios%20Culiacán,"https://www.google.com/maps/search/?api=1&query=24.59123236,-107.4018498"
Blush Boutique,Culiacán,+52 66 7746 4286,ND,https://wa.me/526677464286,https://www.facebook.com/search/pages/?q=Blush%20Boutique%20Culiacán,"https://www.google.com/maps/search/?api=1&query=24.81837514,-107.3741703"
Boutique,Culiacán,+52 66 7499 7275,ND,https://wa.me/526674997275,https://www.facebook.com/search/pages/?q=Boutique%20Culiacán,"https://www.google.com/maps/search/?api=1&query=24.5906497,-107.3845927"
Boutique Abi,Culiacán,+52 66 7570 6944,ND,https://wa.me/526675706944,https://www.facebook.com/search/pages/?q=Boutique%20Abi%20Culiacán,"https://www.google.com/maps/search/?api=1&query=24.82748962,-107.4519927"
Boutique Adamis,Culiacán,+52 66 7426 5557,ND,https://wa.me/526674265557,https://www.facebook.com/search/pages/?q=Boutique%20Adamis%20Culiacán,"https://www.google.com/maps/search/?api=1&query=24.85485021,-107.3936323"
Boutique Amelias Room,Culiacán,+52 66 7278 1178,ND,https://wa.me/526672781178,https://www.facebook.com/search/pages/?q=Boutique%20Amelias%20Room%20Culiacán,"https://www.google.com/maps/search/?api=1&query=24.84178372,-107.4171511"
Boutique Amore Fashion,Culiacán,+52 66 7138 5555,ND,https://wa.me/526671385555,https://www.facebook.com/search/pages/?q=Boutique%20Amore%20Fashion%20Culiacán,"https://www.google.com/maps/search/?api=1&query=24.79333535,-107.3935854"
Boutique Anali,Culiacán,+52 66 7198 5774,ND,https://wa.me/526671985774,https://www.facebook.com/search/pages/?q=Boutique%20Anali%20Culiacán,"https://www.google.com/maps/search/?api=1&query=24.83547395,-107.3848326"
Boutique Anastasia,Culiacán,+52 66 7159 4885,ND,https://wa.me/526671594885,https://www.facebook.com/search/pages/?q=Boutique%20Anastasia%20Culiacán,"https://www.google.com/maps/search/?api=1&query=24.7773538,-107.3521676"
Boutique Azucena,Culiacán,+52 66 7308 8840,ND,https://wa.me/526673088840,https://www.facebook.com/search/pages/?q=Boutique%20Azucena%20Culiacán,"https://www.google.com/maps/search/?api=1&query=24.59348408,-107.3952749"
Boutique Babel,Culiacán,+52 66 7159 9824,ND,https://wa.me/526671599824,https://www.facebook.com/search/pages/?q=Boutique%20Babel%20Culiacán,"https://www.google.com/maps/search/?api=1&query=24.75696052,-107.4292447"
Boutique Belsal,Culiacán,+52 66 7425 8524,ND,https://wa.me/526674258524,https://www.facebook.com/search/pages/?q=Boutique%20Belsal%20Culiacán,"https://www.google.com/maps/search/?api=1&query=24.8359286,-107.3744267"
Boutique Britani,Culiacán,+52 66 7484 1100,ND,https://wa.me/526674841100,https://www.facebook.com/search/pages/?q=Boutique%20Britani%20Culiacán,"https://www.google.com/maps/search/?api=1&query=24.59068892,-107.3911888"
Boutique Chuyita S,Culiacán,+52 66 7408 7118,ND,https://wa.me/526674087118,https://www.facebook.com/search/pages/?q=Boutique%20Chuyita%20S%20Culiacán,"https://www.google.com/maps/search/?api=1&query=24.7972437,-107.342764"
Boutique Cindy,Culiacán,+52 66 7266 6582,ND,https://wa.me/526672666582,https://www.facebook.com/search/pages/?q=Boutique%20Cindy%20Culiacán,"https://www.google.com/maps/search/?api=1&query=24.8086467,-107.3978016"
Boutique Crismar,Culiacán,+52 66 7360 4567,ND,https://wa.me/526673604567,https://www.facebook.com/search/pages/?q=Boutique%20Crismar%20Culiacán,"https://www.google.com/maps/search/?api=1&query=24.77973815,-107.5124469"
Boutique Dariel,Culiacán,+52 66 7406 3087,ND,https://wa.me/526674063087,https://www.facebook.com/search/pages/?q=Boutique%20Dariel%20Culiacán,"https://www.google.com/maps/search/?api=1&query=24.2937106,-107.1517882"
Boutique Dayanara,Culiacán,+52 66 7420 6276,ND,https://wa.me/526674206276,https://www.facebook.com/search/pages/?q=Boutique%20Dayanara%20Culiacán,"https://www.google.com/maps/search/?api=1&query=24.29542451,-107.1521278"
Boutique De Ropa,Culiacán,+52 66 7371 9500,ND,https://wa.me/526673719500,https://www.facebook.com/search/pages/?q=Boutique%20De%20Ropa%20Culiacán,"https://www.google.com/maps/search/?api=1&query=24.80037599,-107.3492095"
Boutique De Ropa Alturas,Culiacán,+52 66 7318 6398,ND,https://wa.me/526673186398,https://www.facebook.com/search/pages/?q=Boutique%20De%20Ropa%20Alturas%20Culiacán,"https://www.google.com/maps/search/?api=1&query=24.76211363,-107.3580462"
Boutique De Vestidos Vasika,Culiacán,+52 66 7196 0141,ND,https://wa.me/526671960141,https://www.facebook.com/search/pages/?q=Boutique%20De%20Vestidos%20Vasika%20Culiacán,"https://www.google.com/maps/search/?api=1&query=24.79158117,-107.3974443"
Boutique Denisse,Culiacán,+52 66 7343 0302,ND,https://wa.me/526673430302,https://www.facebook.com/search/pages/?q=Boutique%20Denisse%20Culiacán,"https://www.google.com/maps/search/?api=1&query=24.8086467,-107.3978016"
Boutique Dg,Culiacán,+52 49 3114 6851,ND,https://wa.me/524931146851,https://www.facebook.com/search/pages/?q=Boutique%20Dg%20Culiacán,"https://www.google.com/maps/search/?api=1&query=24.78094504,-107.5103287"
Boutique Diamont,Culiacán,+52 66 7244 3878,ND,https://wa.me/526672443878,https://www.facebook.com/search/pages/?q=Boutique%20Diamont%20Culiacán,"https://www.google.com/maps/search/?api=1&query=24.78616525,-107.3945341"
Boutique Diva Excess,Culiacán,+52 66 7264 4483,ND,https://wa.me/526672644483,https://www.facebook.com/search/pages/?q=Boutique%20Diva%20Excess%20Culiacán,"https://www.google.com/maps/search/?api=1&query=24.771369,-107.4558041"
Boutique Enigma,Culiacán,+52 66 7713 4279,ND,https://wa.me/526677134279,https://www.facebook.com/search/pages/?q=Boutique%20Enigma%20Culiacán,"https://www.google.com/maps/search/?api=1&query=24.81876485,-107.372644"
Boutique Erica,Culiacán,+52 66 7785 5624,ND,https://wa.me/526677855624,https://www.facebook.com/search/pages/?q=Boutique%20Erica%20Culiacán,"https://www.google.com/maps/search/?api=1&query=24.83658074,-107.3946287"
Boutique Erika Beltran,Culiacán,+52 66 7540 8282,ND,https://wa.me/526675408282,https://www.facebook.com/search/pages/?q=Boutique%20Erika%20Beltran%20Culiacán,"https://www.google.com/maps/search/?api=1&query=24.83550091,-107.3742242"
Boutique Fashion Corner,Culiacán,+52 66 7128 4613,ND,https://wa.me/526671284613,https://www.facebook.com/search/pages/?q=Boutique%20Fashion%20Corner%20Culiacán,"https://www.google.com/maps/search/?api=1&query=24.82491675,-107.4089373"
Boutique Fj,Culiacán,+52 66 7255 9915,ND,https://wa.me/526672559915,https://www.facebook.com/search/pages/?q=Boutique%20Fj%20Culiacán,"https://www.google.com/maps/search/?api=1&query=24.42830194,-107.2149568"
Boutique Forever Pink,Culiacán,+52 66 7323 3640,ND,https://wa.me/526673233640,https://www.facebook.com/search/pages/?q=Boutique%20Forever%20Pink%20Culiacán,"https://www.google.com/maps/search/?api=1&query=24.80362182,-107.4647896"
Boutique Gift Shop,Culiacán,+52 66 7693 7460,ND,https://wa.me/526676937460,https://www.facebook.com/search/pages/?q=Boutique%20Gift%20Shop%20Culiacán,"https://www.google.com/maps/search/?api=1&query=24.78616525,-107.3945341"
Boutique Gisela,Culiacán,+52 66 7481 4133,ND,https://wa.me/526674814133,https://www.facebook.com/search/pages/?q=Boutique%20Gisela%20Culiacán,"https://www.google.com/maps/search/?api=1&query=24.82884336,-107.4542102"
Boutique Hanndann,Culiacán,+52 66 7553 1082,ND,https://wa.me/526675531082,https://www.facebook.com/search/pages/?q=Boutique%20Hanndann%20Culiacán,"https://www.google.com/maps/search/?api=1&query=24.76483881,-107.3713049"
Boutique Irene Torres,Culiacán,+52 66 7150 8204,ND,https://wa.me/526671508204,https://www.facebook.com/search/pages/?q=Boutique%20Irene%20Torres%20Culiacán,"https://www.google.com/maps/search/?api=1&query=24.78616525,-107.3945341"
Boutique Irlanda Beltran,Culiacán,+52 66 7316 8117,ND,https://wa.me/526673168117,https://www.facebook.com/search/pages/?q=Boutique%20Irlanda%20Beltran%20Culiacán,"https://www.google.com/maps/search/?api=1&query=24.73487501,-107.4422714"
Boutique Isabella,Culiacán,+52 66 7467 8857,ND,https://wa.me/526674678857,https://www.facebook.com/search/pages/?q=Boutique%20Isabella%20Culiacán,"https://www.google.com/maps/search/?api=1&query=24.80669098,-107.3621207"
Boutique J Luis,Culiacán,+52 66 7468 2436,ND,https://wa.me/526674682436,https://www.facebook.com/search/pages/?q=Boutique%20J%20Luis%20Culiacán,"https://www.google.com/maps/search/?api=1&query=24.77364117,-107.5066793"
Boutique Jsg,Culiacán,+52 66 7751 9681,ND,https://wa.me/526677519681,https://www.facebook.com/search/pages/?q=Boutique%20Jsg%20Culiacán,"https://www.google.com/maps/search/?api=1&query=24.59056808,-107.3864955"
Boutique Julias,Culiacán,+52 66 7420 2203,ND,https://wa.me/526674202203,https://www.facebook.com/search/pages/?q=Boutique%20Julias%20Culiacán,"https://www.google.com/maps/search/?api=1&query=24.80899949,-107.3838646"
Boutique Karissma,Culiacán,+52 66 7222 2533,ND,https://wa.me/526672222533,https://www.facebook.com/search/pages/?q=Boutique%20Karissma%20Culiacán,"https://www.google.com/maps/search/?api=1&query=24.83547395,-107.3848326"
Boutique La Boutique,Culiacán,+52 66 7217 9114,ND,https://wa.me/526672179114,https://www.facebook.com/search/pages/?q=Boutique%20La%20Boutique%20Culiacán,"https://www.google.com/maps/search/?api=1&query=24.81876485,-107.372644"
Boutique La Moda Jatty,Culiacán,+52 66 7187 5400,ND,https://wa.me/526671875400,https://www.facebook.com/search/pages/?q=Boutique%20La%20Moda%20Jatty%20Culiacán,"https://www.google.com/maps/search/?api=1&query=24.59084419,-107.390691"
Boutique Lina,Culiacán,+52 66 7254 5881,ND,https://wa.me/526672545881,https://www.facebook.com/search/pages/?q=Boutique%20Lina%20Culiacán,"https://www.google.com/maps/search/?api=1&query=24.76219053,-107.3914064"
Boutique Lineth,Culiacán,+52 66 7309 0642,ND,https://wa.me/526673090642,https://www.facebook.com/search/pages/?q=Boutique%20Lineth%20Culiacán,"https://www.google.com/maps/search/?api=1&query=24.80516396,-107.4387583"
Boutique Lipzy,Culiacán,+52 66 7146 1074,ND,https://wa.me/526671461074,https://www.facebook.com/search/pages/?q=Boutique%20Lipzy%20Culiacán,"https://www.google.com/maps/search/?api=1&query=24.78616525,-107.3945341"
Boutique Lizeth Meza,Culiacán,+52 66 7395 8133,ND,https://wa.me/526673958133,https://www.facebook.com/search/pages/?q=Boutique%20Lizeth%20Meza%20Culiacán,"https://www.google.com/maps/search/?api=1&query=24.76336668,-107.431537"
Boutique Lm,Culiacán,+52 66 7459 2515,ND,https://wa.me/526674592515,https://www.facebook.com/search/pages/?q=Boutique%20Lm%20Culiacán,"https://www.google.com/maps/search/?api=1&query=24.4265227,-107.215802"
Boutique Margoth,Culiacán,+52 66 7790 4969,ND,https://wa.me/526677904969,https://www.facebook.com/search/pages/?q=Boutique%20Margoth%20Culiacán,"https://www.google.com/maps/search/?api=1&query=24.80732453,-107.3979701"
Boutique Mari,Culiacán,+52 66 7220 2249,ND,https://wa.me/526672202249,https://www.facebook.com/search/pages/?q=Boutique%20Mari%20Culiacán,"https://www.google.com/maps/search/?api=1&query=24.79853379,-107.3464825"
Boutique Maria Macallum,Culiacán,+52 66 7255 2726,ND,https://wa.me/526672552726,https://www.facebook.com/search/pages/?q=Boutique%20Maria%20Macallum%20Culiacán,"https://www.google.com/maps/search/?api=1&query=24.84666194,-107.3909303"
Boutique Mega Shop,Culiacán,+52 66 7475 2393,ND,https://wa.me/526674752393,https://www.facebook.com/search/pages/?q=Boutique%20Mega%20Shop%20Culiacán,"https://www.google.com/maps/search/?api=1&query=24.8445678,-107.4188194"
Boutique Menta Limon,Culiacán,+52 66 7748 1895,ND,https://wa.me/526677481895,https://www.facebook.com/search/pages/?q=Boutique%20Menta%20Limon%20Culiacán,"https://www.google.com/maps/search/?api=1&query=24.80727017,-107.3979666"
Boutique Mi Closet,Culiacán,+52 66 7394 4904,ND,https://wa.me/526673944904,https://www.facebook.com/search/pages/?q=Boutique%20Mi%20Closet%20Culiacán,"https://www.google.com/maps/search/?api=1&query=24.59237295,-107.3906092"
Boutique Miriam,Culiacán,+52 66 7303 5622,ND,https://wa.me/526673035622,https://www.facebook.com/search/pages/?q=Boutique%20Miriam%20Culiacán,"https://www.google.com/maps/search/?api=1&query=24.76163121,-107.4094594"
Boutique My Secret,Culiacán,+52 66 7227 6238,ND,https://wa.me/526672276238,https://www.facebook.com/search/pages/?q=Boutique%20My%20Secret%20Culiacán,"https://www.google.com/maps/search/?api=1&query=24.77105847,-107.4225074"
Boutique Nabetse,Culiacán,+52 66 7755 9765,ND,https://wa.me/526677559765,https://www.facebook.com/search/pages/?q=Boutique%20Nabetse%20Culiacán,"https://www.google.com/maps/search/?api=1&query=24.83423485,-107.3846804"
Boutique Nancy,Culiacán,+52 66 7426 8624,ND,https://wa.me/526674268624,https://www.facebook.com/search/pages/?q=Boutique%20Nancy%20Culiacán,"https://www.google.com/maps/search/?api=1&query=24.79434082,-107.3496885"
Boutique New Estar,Culiacán,+52 66 7627 7701,ND,https://wa.me/526676277701,https://www.facebook.com/search/pages/?q=Boutique%20New%20Estar%20Culiacán,"https://www.google.com/maps/search/?api=1&query=24.4252763,-107.2166308"
Boutique Oh My Store,Culiacán,+52 66 7424 7167,ND,https://wa.me/526674247167,https://www.facebook.com/search/pages/?q=Boutique%20Oh%20My%20Store%20Culiacán,"https://www.google.com/maps/search/?api=1&query=24.81376358,-107.4334934"
Boutique Pau,Culiacán,+52 66 7159 5847,ND,https://wa.me/526671595847,https://www.facebook.com/search/pages/?q=Boutique%20Pau%20Culiacán,"https://www.google.com/maps/search/?api=1&query=24.59135948,-107.3899738"
Boutique Popeye,Culiacán,+52 66 7426 9855,ND,https://wa.me/526674269855,https://www.facebook.com/search/pages/?q=Boutique%20Popeye%20Culiacán,"https://www.google.com/maps/search/?api=1&query=24.78616525,-107.3945341"
Boutique Quila,Culiacán,+52 66 7183 6173,ND,https://wa.me/526671836173,https://www.facebook.com/search/pages/?q=Boutique%20Quila%20Culiacán,"https://www.google.com/maps/search/?api=1&query=24.42594171,-107.2199876"
Boutique Rosalle,Culiacán,+52 66 7305 0538,ND,https://wa.me/526673050538,https://www.facebook.com/search/pages/?q=Boutique%20Rosalle%20Culiacán,"https://www.google.com/maps/search/?api=1&query=24.83306567,-107.3849772"
Boutique Rosy,Culiacán,+52 66 7136 5241,ND,https://wa.me/526671365241,https://www.facebook.com/search/pages/?q=Boutique%20Rosy%20Culiacán,"https://www.google.com/maps/search/?api=1&query=24.83270612,-107.3789352"
Boutique Ruby,Culiacán,+52 66 7576 2153,ND,https://wa.me/526675762153,https://www.facebook.com/search/pages/?q=Boutique%20Ruby%20Culiacán,"https://www.google.com/maps/search/?api=1&query=24.29515997,-107.1521974"
Boutique Shalala,Culiacán,+52 66 7739 6139,ND,https://wa.me/526677396139,https://www.facebook.com/search/pages/?q=Boutique%20Shalala%20Culiacán,"https://www.google.com/maps/search/?api=1&query=24.83692482,-107.3628126"
Boutique Silvia,Culiacán,+52 66 7210 7794,ND,https://wa.me/526672107794,https://www.facebook.com/search/pages/?q=Boutique%20Silvia%20Culiacán,"https://www.google.com/maps/search/?api=1&query=24.78616525,-107.3945341"
Boutique Soy Aler Rio,Culiacán,+52 66 7774 6440,ND,https://wa.me/526677746440,https://www.facebook.com/search/pages/?q=Boutique%20Soy%20Aler%20Rio%20Culiacán,"https://www.google.com/maps/search/?api=1&query=24.79196879,-107.3923273"
Boutique Susana,Culiacán,+52 66 7316 3603,ND,https://wa.me/526673163603,https://www.facebook.com/search/pages/?q=Boutique%20Susana%20Culiacán,"https://www.google.com/maps/search/?api=1&query=24.84836403,-107.393626"
Boutique Uniquestyle,Culiacán,+52 66 7188 4182,ND,https://wa.me/526671884182,https://www.facebook.com/search/pages/?q=Boutique%20Uniquestyle%20Culiacán,"https://www.google.com/maps/search/?api=1&query=24.81415703,-107.374717"
Boutique Valeria Colors,Culiacán,+52 66 7538 6325,ND,https://wa.me/526675386325,https://www.facebook.com/search/pages/?q=Boutique%20Valeria%20Colors%20Culiacán,"https://www.google.com/maps/search/?api=1&query=24.75800457,-107.3820275"
Boutique Y&Y,Culiacán,+52 66 7142 7401,ND,https://wa.me/526671427401,https://www.facebook.com/search/pages/?q=Boutique%20Y%26Y%20Culiacán,"https://www.google.com/maps/search/?api=1&query=24.83923371,-107.3795155"
Boutique Yndeken,Culiacán,+52 66 7712 4366,ND,https://wa.me/526677124366,https://www.facebook.com/search/pages/?q=Boutique%20Yndeken%20Culiacán,"https://www.google.com/maps/search/?api=1&query=24.78616525,-107.3945341"
Brisel Boutique,Culiacán,+52 66 7413 3086,ND,https://wa.me/526674133086,https://www.facebook.com/search/pages/?q=Brisel%20Boutique%20Culiacán,"https://www.google.com/maps/search/?api=1&query=24.72029976,-107.454015"
By Cuqui Boutique,Culiacán,+52 66 7117 3631,ND,https://wa.me/526671173631,https://www.facebook.com/search/pages/?q=By%20Cuqui%20Boutique%20Culiacán,"https://www.google.com/maps/search/?api=1&query=24.78616525,-107.3945341"
C&L Boutique,Culiacán,+52 66 7251 7421,ND,https://wa.me/526672517421,https://www.facebook.com/search/pages/?q=C%26L%20Boutique%20Culiacán,"https://www.google.com/maps/search/?api=1&query=24.83195541,-107.4136965"
Caarletth Store Cln,Culiacán,+52 66 7202 4060,ND,https://wa.me/526672024060,https://www.facebook.com/search/pages/?q=Caarletth%20Store%20Cln%20Culiacán,"https://www.google.com/maps/search/?api=1&query=24.77806099,-107.3641424"
Calop Boutique,Culiacán,+52 66 7118 0964,ND,https://wa.me/526671180964,https://www.facebook.com/search/pages/?q=Calop%20Boutique%20Culiacán,"https://www.google.com/maps/search/?api=1&query=24.81593631,-107.3646901"
Caprichitos Boutique,Culiacán,+52 66 7208 0994,ND,https://wa.me/526672080994,https://www.facebook.com/search/pages/?q=Caprichitos%20Boutique%20Culiacán,"https://www.google.com/maps/search/?api=1&query=24.86392356,-107.3899688"
Celestia Boutique,Culiacán,+52 66 7332 2074,ND,https://wa.me/526673322074,https://www.facebook.com/search/pages/?q=Celestia%20Boutique%20Culiacán,"https://www.google.com/maps/search/?api=1&query=24.78915012,-107.3707843"
Ch Boutique,Culiacán,+52 66 7139 9873,ND,https://wa.me/526671399873,https://www.facebook.com/search/pages/?q=Ch%20Boutique%20Culiacán,"https://www.google.com/maps/search/?api=1&query=24.42244511,-107.2175563"
Ch Store Shop,Culiacán,+52 66 7139 1174,ND,https://wa.me/526671391174,https://www.facebook.com/search/pages/?q=Ch%20Store%20Shop%20Culiacán,"https://www.google.com/maps/search/?api=1&query=24.81803541,-107.4349846"
Chevalier Boutique,Culiacán,+52 66 7390 0108,ND,https://wa.me/526673900108,https://www.facebook.com/search/pages/?q=Chevalier%20Boutique%20Culiacán,"https://www.google.com/maps/search/?api=1&query=24.82701442,-107.4254886"
Cinthia Boutique,Culiacán,+52 66 7489 5725,ND,https://wa.me/526674895725,https://www.facebook.com/search/pages/?q=Cinthia%20Boutique%20Culiacán,"https://www.google.com/maps/search/?api=1&query=24.42023537,-107.2200114"
Cinty Lo Boutique,Culiacán,+52 66 7268 7565,ND,https://wa.me/526672687565,https://www.facebook.com/search/pages/?q=Cinty%20Lo%20Boutique%20Culiacán,"https://www.google.com/maps/search/?api=1&query=24.81970161,-107.4395453"
Claudia S Boutique,Culiacán,+52 66 7104 8858,ND,https://wa.me/526671048858,https://www.facebook.com/search/pages/?q=Claudia%20S%20Boutique%20Culiacán,"https://www.google.com/maps/search/?api=1&query=24.84005157,-107.385326"
Cliche Boutique,Culiacán,+52 66 7188 0079,ND,https://wa.me/526671880079,https://www.facebook.com/search/pages/?q=Cliche%20Boutique%20Culiacán,"https://www.google.com/maps/search/?api=1&query=24.81593631,-107.3646901"
Closet Bernal Boutique,Culiacán,+52 66 7234 0210,ND,https://wa.me/526672340210,https://www.facebook.com/search/pages/?q=Closet%20Bernal%20Boutique%20Culiacán,"https://www.google.com/maps/search/?api=1&query=24.83020024,-107.4321627"
Closet Paulete,Culiacán,+52 66 7474 5598,ND,https://wa.me/526674745598,https://www.facebook.com/search/pages/?q=Closet%20Paulete%20Culiacán,"https://www.google.com/maps/search/?api=1&query=24.83361454,-107.3969428"
Curvi Moda,Culiacán,+52 66 7577 8069,ND,https://wa.me/526675778069,https://www.facebook.com/search/pages/?q=Curvi%20Moda%20Culiacán,"https://www.google.com/maps/search/?api=1&query=24.7778502,-107.3732391"
D Shoping,Culiacán,+52 66 7170 9246,ND,https://wa.me/526671709246,https://www.facebook.com/search/pages/?q=D%20Shoping%20Culiacán,"https://www.google.com/maps/search/?api=1&query=24.83052188,-107.3991692"
Dannys Gift Shop,Culiacán,+52 66 7344 8586,ND,https://wa.me/526673448586,https://www.facebook.com/search/pages/?q=Dannys%20Gift%20Shop%20Culiacán,"https://www.google.com/maps/search/?api=1&query=24.81809293,-107.4409051"
Danzar Dance Shop,Culiacán,+52 66 7711 9900,ND,https://wa.me/526677119900,https://www.facebook.com/search/pages/?q=Danzar%20Dance%20Shop%20Culiacán,"https://www.google.com/maps/search/?api=1&query=24.81866638,-107.3741529"
Diseñadora De Moda Ariday Hendrickson,Culiacán,+52 66 7798 3467,ND,https://wa.me/526677983467,https://www.facebook.com/search/pages/?q=Diseñadora%20De%20Moda%20Ariday%20Hendrickson%20Culiacán,"https://www.google.com/maps/search/?api=1&query=24.78454572,-107.3570408"
Dressesupstore,Culiacán,+52 66 7196 8060,ND,https://wa.me/526671968060,https://www.facebook.com/search/pages/?q=Dressesupstore%20Culiacán,"https://www.google.com/maps/search/?api=1&query=24.82170076,-107.4104187"
Duo Boutique,Culiacán,+52 66 7714 6955,ND,https://wa.me/526677146955,https://www.facebook.com/search/pages/?q=Duo%20Boutique%20Culiacán,"https://www.google.com/maps/search/?api=1&query=24.79496422,-107.4119385"
E Y Y Boutique,Culiacán,+52 66 7342 5254,ND,https://wa.me/526673425254,https://www.facebook.com/search/pages/?q=E%20Y%20Y%20Boutique%20Culiacán,"https://www.google.com/maps/search/?api=1&query=24.75391983,-107.4159973"
El Closet De Paris,Culiacán,+52 66 7716 2757,ND,https://wa.me/526677162757,https://www.facebook.com/search/pages/?q=El%20Closet%20De%20Paris%20Culiacán,"https://www.google.com/maps/search/?api=1&query=24.78616525,-107.3945341"
El Closet De Yeyka,Culiacán,+52 66 7489 8561,ND,https://wa.me/526674898561,https://www.facebook.com/search/pages/?q=El%20Closet%20De%20Yeyka%20Culiacán,"https://www.google.com/maps/search/?api=1&query=24.42028341,-107.2213004"
Eleganza Boutique,Culiacán,+52 66 7172 0033,ND,https://wa.me/526671720033,https://www.facebook.com/search/pages/?q=Eleganza%20Boutique%20Culiacán,"https://www.google.com/maps/search/?api=1&query=24.8159299,-107.3648788"
Ep El Patron Boutique,Culiacán,+52 69 8115 6965,ND,https://wa.me/526981156965,https://www.facebook.com/search/pages/?q=Ep%20El%20Patron%20Boutique%20Culiacán,"https://www.google.com/maps/search/?api=1&query=24.59071276,-107.3892929"
Erika S Boutique,Culiacán,+52 66 7234 2189,ND,https://wa.me/526672342189,https://www.facebook.com/search/pages/?q=Erika%20S%20Boutique%20Culiacán,"https://www.google.com/maps/search/?api=1&query=24.83005714,-107.4546633"
Evers Boutique,Culiacán,+52 66 7214 3813,ND,https://wa.me/526672143813,https://www.facebook.com/search/pages/?q=Evers%20Boutique%20Culiacán,"https://www.google.com/maps/search/?api=1&query=24.80703458,-107.3791463"
Evers Boutique,Culiacán,+52 66 7209 8913,ND,https://wa.me/526672098913,https://www.facebook.com/search/pages/?q=Evers%20Boutique%20Culiacán,"https://www.google.com/maps/search/?api=1&query=24.80168901,-107.4133712"
Evers Boutique,Culiacán,+52 66 7343 5995,ND,https://wa.me/526673435995,https://www.facebook.com/search/pages/?q=Evers%20Boutique%20Culiacán,"https://www.google.com/maps/search/?api=1&query=24.80398902,-107.3440142"
Evers Boutique,Culiacán,+52 66 7482 7193,ND,https://wa.me/526674827193,https://www.facebook.com/search/pages/?q=Evers%20Boutique%20Culiacán,"https://www.google.com/maps/search/?api=1&query=24.82772669,-107.4267215"
Fj Boutique,Culiacán,+52 66 7502 1644,ND,https://wa.me/526675021644,https://www.facebook.com/search/pages/?q=Fj%20Boutique%20Culiacán,"https://www.google.com/maps/search/?api=1&query=24.81188611,-107.38107"
Flor Boutique,Culiacán,+52 66 7200 8784,ND,https://wa.me/526672008784,https://www.facebook.com/search/pages/?q=Flor%20Boutique%20Culiacán,"https://www.google.com/maps/search/?api=1&query=24.80722488,-107.3979638"
Gillita Boutique,Culiacán,+52 66 7466 2062,ND,https://wa.me/526674662062,https://www.facebook.com/search/pages/?q=Gillita%20Boutique%20Culiacán,"https://www.google.com/maps/search/?api=1&query=24.81030506,-107.3841796"
Giros Boutique,Culiacán,+52 66 7267 2738,ND,https://wa.me/526672672738,https://www.facebook.com/search/pages/?q=Giros%20Boutique%20Culiacán,"https://www.google.com/maps/search/?api=1&query=24.74835606,-107.4273187"
Gl Boutique,Culiacán,+52 66 7117 4414,ND,https://wa.me/526671174414,https://www.facebook.com/search/pages/?q=Gl%20Boutique%20Culiacán,"https://www.google.com/maps/search/?api=1&query=24.77030303,-107.3721925"
Gorgeous Boutique,Culiacán,+52 66 7487 8090,ND,https://wa.me/526674878090,https://www.facebook.com/search/pages/?q=Gorgeous%20Boutique%20Culiacán,"https://www.google.com/maps/search/?api=1&query=24.82585071,-107.4000667"
Grace Lemus Boutique,Culiacán,+52 66 7499 3312,ND,https://wa.me/526674993312,https://www.facebook.com/search/pages/?q=Grace%20Lemus%20Boutique%20Culiacán,"https://www.google.com/maps/search/?api=1&query=24.83155141,-107.4325905"
Gris Fashion,Culiacán,+52 66 7174 1305,ND,https://wa.me/526671741305,https://www.facebook.com/search/pages/?q=Gris%20Fashion%20Culiacán,"https://www.google.com/maps/search/?api=1&query=24.80770359,-107.3977532"
Gyo Store,Culiacán,+52 66 7416 8957,ND,https://wa.me/526674168957,https://www.facebook.com/search/pages/?q=Gyo%20Store%20Culiacán,"https://www.google.com/maps/search/?api=1&query=24.80163734,-107.3916798"
Happy Boutique,Culiacán,+52 66 7774 6820,ND,https://wa.me/526677746820,https://www.facebook.com/search/pages/?q=Happy%20Boutique%20Culiacán,"https://www.google.com/maps/search/?api=1&query=24.8134633,-107.3606216"
Heaven Boutique,Culiacán,+52 66 7146 6476,ND,https://wa.me/526671466476,https://www.facebook.com/search/pages/?q=Heaven%20Boutique%20Culiacán,"https://www.google.com/maps/search/?api=1&query=24.82766985,-107.399973"
Ilse Boutique,Culiacán,+52 66 7217 4691,ND,https://wa.me/526672174691,https://www.facebook.com/search/pages/?q=Ilse%20Boutique%20Culiacán,"https://www.google.com/maps/search/?api=1&query=24.77729204,-107.4445733"
Irenes Boutique,Culiacán,+52 66 7307 0342,ND,https://wa.me/526673070342,https://www.facebook.com/search/pages/?q=Irenes%20Boutique%20Culiacán,"https://www.google.com/maps/search/?api=1&query=24.80545758,-107.3956702"
Isela Boutique,Culiacán,+52 66 7713 1860,ND,https://wa.me/526677131860,https://www.facebook.com/search/pages/?q=Isela%20Boutique%20Culiacán,"https://www.google.com/maps/search/?api=1&query=24.80577808,-107.395399"
Janeth Cardenas Boutique,Culiacán,+52 66 7489 1600,ND,https://wa.me/526674891600,https://www.facebook.com/search/pages/?q=Janeth%20Cardenas%20Boutique%20Culiacán,"https://www.google.com/maps/search/?api=1&query=24.79242518,-107.3580955"
Julias Chaususres Boutique,Culiacán,+52 66 7474 9136,ND,https://wa.me/526674749136,https://www.facebook.com/search/pages/?q=Julias%20Chaususres%20Boutique%20Culiacán,"https://www.google.com/maps/search/?api=1&query=24.82772669,-107.4267215"
Just For You Boutique,Culiacán,+52 66 7401 2015,ND,https://wa.me/526674012015,https://www.facebook.com/search/pages/?q=Just%20For%20You%20Boutique%20Culiacán,"https://www.google.com/maps/search/?api=1&query=24.79192491,-107.3989913"
Kariana Boutique,Culiacán,+52 66 7231 4208,ND,https://wa.me/526672314208,https://www.facebook.com/search/pages/?q=Kariana%20Boutique%20Culiacán,"https://www.google.com/maps/search/?api=1&query=24.80744875,-107.3980561"
Kataleya Boutique,Culiacán,+52 66 7780 4393,ND,https://wa.me/526677804393,https://www.facebook.com/search/pages/?q=Kataleya%20Boutique%20Culiacán,"https://www.google.com/maps/search/?api=1&query=24.79862749,-107.4344445"
Kavalvi Boutique,Culiacán,+52 66 7577 6854,ND,https://wa.me/526675776854,https://www.facebook.com/search/pages/?q=Kavalvi%20Boutique%20Culiacán,"https://www.google.com/maps/search/?api=1&query=24.79192491,-107.3989913"
Kev Store,Culiacán,+52 66 7778 5954,ND,https://wa.me/526677785954,https://www.facebook.com/search/pages/?q=Kev%20Store%20Culiacán,"https://www.google.com/maps/search/?api=1&query=24.81272054,-107.374097"
Kimberly Shoppin By Shen,Culiacán,+52 66 7268 9061,ND,https://wa.me/526672689061,https://www.facebook.com/search/pages/?q=Kimberly%20Shoppin%20By%20Shen%20Culiacán,"https://www.google.com/maps/search/?api=1&query=24.79244075,-107.3480624"
Kn Boutique,Culiacán,+52 66 7136 9054,ND,https://wa.me/526671369054,https://www.facebook.com/search/pages/?q=Kn%20Boutique%20Culiacán,"https://www.google.com/maps/search/?api=1&query=24.75969852,-107.3710179"
L . A . Boutique,Culiacán,+52 66 7222 8156,ND,https://wa.me/526672228156,https://www.facebook.com/search/pages/?q=L%20.%20A%20.%20Boutique%20Culiacán,"https://www.google.com/maps/search/?api=1&query=24.76050164,-107.45165"
La Casa Azul Boutique,Culiacán,+52 66 7499 7798,ND,https://wa.me/526674997798,https://www.facebook.com/search/pages/?q=La%20Casa%20Azul%20Boutique%20Culiacán,"https://www.google.com/maps/search/?api=1&query=24.81668874,-107.393188"
Lady Red Shop,Culiacán,+52 66 7103 5002,ND,https://wa.me/526671035002,https://www.facebook.com/search/pages/?q=Lady%20Red%20Shop%20Culiacán,"https://www.google.com/maps/search/?api=1&query=24.8106079,-107.3677832"
Las Perezitas Kid Shop,Culiacán,+52 66 7411 1758,ND,https://wa.me/526674111758,https://www.facebook.com/search/pages/?q=Las%20Perezitas%20Kid%20Shop%20Culiacán,"https://www.google.com/maps/search/?api=1&query=24.76294022,-107.3755708"
Lc Progress Boutique,Culiacán,+52 66 7137 0209,ND,https://wa.me/526671370209,https://www.facebook.com/search/pages/?q=Lc%20Progress%20Boutique%20Culiacán,"https://www.google.com/maps/search/?api=1&query=24.75581146,-107.3950454"
London Boutique,Culiacán,+52 66 7502 3104,ND,https://wa.me/526675023104,https://www.facebook.com/search/pages/?q=London%20Boutique%20Culiacán,"https://www.google.com/maps/search/?api=1&query=24.81593631,-107.3646901"
Love My Boutique,Culiacán,+52 66 7213 0362,ND,https://wa.me/526672130362,https://www.facebook.com/search/pages/?q=Love%20My%20Boutique%20Culiacán,"https://www.google.com/maps/search/?api=1&query=24.59060224,-107.387729"
Lucky Boutique,Culiacán,+52 66 7951 8351,ND,https://wa.me/526679518351,https://www.facebook.com/search/pages/?q=Lucky%20Boutique%20Culiacán,"https://www.google.com/maps/search/?api=1&query=24.82772669,-107.4267215"
Ma Boutique Culiacan,Culiacán,+52 66 7422 5792,ND,https://wa.me/526674225792,https://www.facebook.com/search/pages/?q=Ma%20Boutique%20Culiacan%20Culiacán,"https://www.google.com/maps/search/?api=1&query=24.79304827,-107.3539642"
Magnolia Boutique,Culiacán,+52 33 1312 7397,ND,https://wa.me/523313127397,https://www.facebook.com/search/pages/?q=Magnolia%20Boutique%20Culiacán,"https://www.google.com/maps/search/?api=1&query=24.79214649,-107.3948817"
Majo Boutique,Culiacán,+52 66 7467 9994,ND,https://wa.me/526674679994,https://www.facebook.com/search/pages/?q=Majo%20Boutique%20Culiacán,"https://www.google.com/maps/search/?api=1&query=24.77886284,-107.5080811"
Malek Boutique,Culiacán,+52 66 7453 0772,ND,https://wa.me/526674530772,https://www.facebook.com/search/pages/?q=Malek%20Boutique%20Culiacán,"https://www.google.com/maps/search/?api=1&query=24.81078281,-107.3736676"
Mar Store Boutique,Culiacán,+52 66 7216 2277,ND,https://wa.me/526672162277,https://www.facebook.com/search/pages/?q=Mar%20Store%20Boutique%20Culiacán,"https://www.google.com/maps/search/?api=1&query=24.76229411,-107.3569145"
Marjov Boutique,Culiacán,+52 66 7431 6431,ND,https://wa.me/526674316431,https://www.facebook.com/search/pages/?q=Marjov%20Boutique%20Culiacán,"https://www.google.com/maps/search/?api=1&query=24.81089873,-107.3686327"
Mel Store,Culiacán,+52 66 7221 4722,ND,https://wa.me/526672214722,https://www.facebook.com/search/pages/?q=Mel%20Store%20Culiacán,"https://www.google.com/maps/search/?api=1&query=24.81499893,-107.3632345"
Mia Boutique,Culiacán,+52 66 7273 4121,ND,https://wa.me/526672734121,https://www.facebook.com/search/pages/?q=Mia%20Boutique%20Culiacán,"https://www.google.com/maps/search/?api=1&query=24.78256737,-107.3636736"
Mia Fashion Boutique,Culiacán,+52 66 7303 0861,ND,https://wa.me/526673030861,https://www.facebook.com/search/pages/?q=Mia%20Fashion%20Boutique%20Culiacán,"https://www.google.com/maps/search/?api=1&query=24.29438113,-107.1605866"
Moda Family,Culiacán,+52 66 7723 2966,ND,https://wa.me/526677232966,https://www.facebook.com/search/pages/?q=Moda%20Family%20Culiacán,"https://www.google.com/maps/search/?api=1&query=24.78127391,-107.4122631"
Modaclasica,Culiacán,+52 66 7777 5907,ND,https://wa.me/526677775907,https://www.facebook.com/search/pages/?q=Modaclasica%20Culiacán,"https://www.google.com/maps/search/?api=1&query=24.8000593,-107.3900423"
Mv Store,Culiacán,+52 66 7347 0005,ND,https://wa.me/526673470005,https://www.facebook.com/search/pages/?q=Mv%20Store%20Culiacán,"https://www.google.com/maps/search/?api=1&query=24.42093463,-107.2191815"
My Boutique,Culiacán,+52 66 7101 2846,ND,https://wa.me/526671012846,https://www.facebook.com/search/pages/?q=My%20Boutique%20Culiacán,"https://www.google.com/maps/search/?api=1&query=24.80905001,-107.3760678"
My Dream Store,Culiacán,+52 66 7996 6537,ND,https://wa.me/526679966537,https://www.facebook.com/search/pages/?q=My%20Dream%20Store%20Culiacán,"https://www.google.com/maps/search/?api=1&query=24.83155141,-107.4325905"
My Secret Store,Culiacán,+52 66 7525 9532,ND,https://wa.me/526675259532,https://www.facebook.com/search/pages/?q=My%20Secret%20Store%20Culiacán,"https://www.google.com/maps/search/?api=1&query=24.81584934,-107.4406382"
Nelly Ochoa Concept Store,Culiacán,+52 66 7348 4482,ND,https://wa.me/526673484482,https://www.facebook.com/search/pages/?q=Nelly%20Ochoa%20Concept%20Store%20Culiacán,"https://www.google.com/maps/search/?api=1&query=24.80854594,-107.3869972"
Nicole Boutique Shein,Culiacán,+52 66 7270 7202,ND,https://wa.me/526672707202,https://www.facebook.com/search/pages/?q=Nicole%20Boutique%20Shein%20Culiacán,"https://www.google.com/maps/search/?api=1&query=24.78668795,-107.4067837"
Odisea Boutique,Culiacán,+52 66 7551 8831,ND,https://wa.me/526675518831,https://www.facebook.com/search/pages/?q=Odisea%20Boutique%20Culiacán,"https://www.google.com/maps/search/?api=1&query=24.82116602,-107.3973718"
Oh Diosas Boutique,Culiacán,+52 66 7104 2508,ND,https://wa.me/526671042508,https://www.facebook.com/search/pages/?q=Oh%20Diosas%20Boutique%20Culiacán,"https://www.google.com/maps/search/?api=1&query=24.81981781,-107.4346265"
Oh Diosas Boutique,Culiacán,+52 66 7418 6417,ND,https://wa.me/526674186417,https://www.facebook.com/search/pages/?q=Oh%20Diosas%20Boutique%20Culiacán,"https://www.google.com/maps/search/?api=1&query=24.82772669,-107.4267215"
Oxum Boutique,Culiacán,+52 66 7728 1793,ND,https://wa.me/526677281793,https://www.facebook.com/search/pages/?q=Oxum%20Boutique%20Culiacán,"https://www.google.com/maps/search/?api=1&query=24.82772669,-107.4267215"
Pakaxi Boutique,Culiacán,+52 66 7231 1812,ND,https://wa.me/526672311812,https://www.facebook.com/search/pages/?q=Pakaxi%20Boutique%20Culiacán,"https://www.google.com/maps/search/?api=1&query=24.80818386,-107.4471739"
Pamilas Boutique,Culiacán,+52 66 7421 3658,ND,https://wa.me/526674213658,https://www.facebook.com/search/pages/?q=Pamilas%20Boutique%20Culiacán,"https://www.google.com/maps/search/?api=1&query=24.77866185,-107.4175749"
Pauboblas Ropa Con Estilo,Culiacán,+52 66 7190 8132,ND,https://wa.me/526671908132,https://www.facebook.com/search/pages/?q=Pauboblas%20Ropa%20Con%20Estilo%20Culiacán,"https://www.google.com/maps/search/?api=1&query=24.79574008,-107.347445"
Paula Maria Boutique,Culiacán,+52 66 7430 7419,ND,https://wa.me/526674307419,https://www.facebook.com/search/pages/?q=Paula%20Maria%20Boutique%20Culiacán,"https://www.google.com/maps/search/?api=1&query=24.75416051,-107.4139933"
Petriz Store Ropa Para Caballero,Culiacán,+52 66 7394 1510,ND,https://wa.me/526673941510,https://www.facebook.com/search/pages/?q=Petriz%20Store%20Ropa%20Para%20Caballero%20Culiacán,"https://www.google.com/maps/search/?api=1&query=24.82259766,-107.4338041"
Phoenix Store,Culiacán,+52 66 7213 4841,ND,https://wa.me/526672134841,https://www.facebook.com/search/pages/?q=Phoenix%20Store%20Culiacán,"https://www.google.com/maps/search/?api=1&query=24.77767154,-107.408158"
Pink Ruby Boutique,Culiacán,+52 66 7174 7467,ND,https://wa.me/526671747467,https://www.facebook.com/search/pages/?q=Pink%20Ruby%20Boutique%20Culiacán,"https://www.google.com/maps/search/?api=1&query=24.79403036,-107.4100181"
Q2 Boutique,Culiacán,+52 66 7235 2253,ND,https://wa.me/526672352253,https://www.facebook.com/search/pages/?q=Q2%20Boutique%20Culiacán,"https://www.google.com/maps/search/?api=1&query=24.79164997,-107.3711446"
Queen Boutique,Culiacán,+52 66 7583 4781,ND,https://wa.me/526675834781,https://www.facebook.com/search/pages/?q=Queen%20Boutique%20Culiacán,"https://www.google.com/maps/search/?api=1&query=24.84654717,-107.3896995"
Rachel Boutique,Culiacán,+52 66 7487 0077,ND,https://wa.me/526674870077,https://www.facebook.com/search/pages/?q=Rachel%20Boutique%20Culiacán,"https://www.google.com/maps/search/?api=1&query=24.79169937,-107.3963563"
Rb Rocio Beltran Boutique,Culiacán,+52 66 7359 0740,ND,https://wa.me/526673590740,https://www.facebook.com/search/pages/?q=Rb%20Rocio%20Beltran%20Boutique%20Culiacán,"https://www.google.com/maps/search/?api=1&query=24.77077389,-107.3758504"
Resulta Y Resalta Boutique,Culiacán,+52 66 7405 4432,ND,https://wa.me/526674054432,https://www.facebook.com/search/pages/?q=Resulta%20Y%20Resalta%20Boutique%20Culiacán,"https://www.google.com/maps/search/?api=1&query=24.80715907,-107.3980318"
Resulta Y Resalta Boutique,Culiacán,+52 66 7316 7663,ND,https://wa.me/526673167663,https://www.facebook.com/search/pages/?q=Resulta%20Y%20Resalta%20Boutique%20Culiacán,"https://www.google.com/maps/search/?api=1&query=24.8221872,-107.4338694"
Rg Shop Boutique,Culiacán,+52 66 7693 8378,ND,https://wa.me/526676938378,https://www.facebook.com/search/pages/?q=Rg%20Shop%20Boutique%20Culiacán,"https://www.google.com/maps/search/?api=1&query=24.76022304,-107.3523451"
Rh Fashionn,Culiacán,+52 66 7481 4906,ND,https://wa.me/526674814906,https://www.facebook.com/search/pages/?q=Rh%20Fashionn%20Culiacán,"https://www.google.com/maps/search/?api=1&query=24.72663836,-107.4522678"
Rm Dolls Boutique,Culiacán,+52 66 7464 6093,ND,https://wa.me/526674646093,https://www.facebook.com/search/pages/?q=Rm%20Dolls%20Boutique%20Culiacán,"https://www.google.com/maps/search/?api=1&query=24.82332574,-107.4140062"
Rocaa Store,Culiacán,+52 66 9167 2447,ND,https://wa.me/526691672447,https://www.facebook.com/search/pages/?q=Rocaa%20Store%20Culiacán,"https://www.google.com/maps/search/?api=1&query=24.59285417,-107.3914037"
Roch Boutique And Make Up,Culiacán,+52 66 7191 0696,ND,https://wa.me/526671910696,https://www.facebook.com/search/pages/?q=Roch%20Boutique%20And%20Make%20Up%20Culiacán,"https://www.google.com/maps/search/?api=1&query=24.80523198,-107.438642"
Rominas Boutique,Culiacán,+52 66 7475 9019,ND,https://wa.me/526674759019,https://www.facebook.com/search/pages/?q=Rominas%20Boutique%20Culiacán,"https://www.google.com/maps/search/?api=1&query=24.83134018,-107.3707913"
Rooms Boutique,Culiacán,+52 66 7450 7006,ND,https://wa.me/526674507006,https://www.facebook.com/search/pages/?q=Rooms%20Boutique%20Culiacán,"https://www.google.com/maps/search/?api=1&query=24.81813395,-107.3806176"
Rose Boutique,Culiacán,+52 66 7172 0569,ND,https://wa.me/526671720569,https://www.facebook.com/search/pages/?q=Rose%20Boutique%20Culiacán,"https://www.google.com/maps/search/?api=1&query=24.81510665,-107.3704369"
Rosevelvel Boutique,Culiacán,+52 66 7413 6788,ND,https://wa.me/526674136788,https://www.facebook.com/search/pages/?q=Rosevelvel%20Boutique%20Culiacán,"https://www.google.com/maps/search/?api=1&query=24.81889739,-107.4397147"
Roxel Boutique,Culiacán,+52 66 7748 5883,ND,https://wa.me/526677485883,https://www.facebook.com/search/pages/?q=Roxel%20Boutique%20Culiacán,"https://www.google.com/maps/search/?api=1&query=24.80927579,-107.3881379"
S Jeans,Culiacán,+52 66 7360 0367,ND,https://wa.me/526673600367,https://www.facebook.com/search/pages/?q=S%20Jeans%20Culiacán,"https://www.google.com/maps/search/?api=1&query=24.59070493,-107.3918653"
Scarlet Boutique,Culiacán,+52 66 7698 7604,ND,https://wa.me/526676987604,https://www.facebook.com/search/pages/?q=Scarlet%20Boutique%20Culiacán,"https://www.google.com/maps/search/?api=1&query=24.80723395,-107.3979643"
Shatas Boutique,Culiacán,+52 66 7996 7355,ND,https://wa.me/526679967355,https://www.facebook.com/search/pages/?q=Shatas%20Boutique%20Culiacán,"https://www.google.com/maps/search/?api=1&query=24.80643637,-107.3955435"
Shayito Boutique,Culiacán,+52 66 7547 8596,ND,https://wa.me/526675478596,https://www.facebook.com/search/pages/?q=Shayito%20Boutique%20Culiacán,"https://www.google.com/maps/search/?api=1&query=24.77620062,-107.5078778"
Sky Collection Boutique,Culiacán,+52 66 7477 6354,ND,https://wa.me/526674776354,https://www.facebook.com/search/pages/?q=Sky%20Collection%20Boutique%20Culiacán,"https://www.google.com/maps/search/?api=1&query=24.82766985,-107.399973"
Sofia Boutique,Culiacán,+52 66 7462 9972,ND,https://wa.me/526674629972,https://www.facebook.com/search/pages/?q=Sofia%20Boutique%20Culiacán,"https://www.google.com/maps/search/?api=1&query=24.80544557,-107.3618981"
Stranger Mens Boutique,Culiacán,+52 66 7780 4599,ND,https://wa.me/526677804599,https://www.facebook.com/search/pages/?q=Stranger%20Mens%20Boutique%20Culiacán,"https://www.google.com/maps/search/?api=1&query=24.80929383,-107.3880584"
Sugar Pop Boutique,Culiacán,+52 66 7105 9722,ND,https://wa.me/526671059722,https://www.facebook.com/search/pages/?q=Sugar%20Pop%20Boutique%20Culiacán,"https://www.google.com/maps/search/?api=1&query=24.81146213,-107.3658131"
Suo Boutique,Culiacán,+52 66 7421 8811,ND,https://wa.me/526674218811,https://www.facebook.com/search/pages/?q=Suo%20Boutique%20Culiacán,"https://www.google.com/maps/search/?api=1&query=24.74778958,-107.4517474"
Tenis Jarl Store,Culiacán,+52 66 7143 5137,ND,https://wa.me/526671435137,https://www.facebook.com/search/pages/?q=Tenis%20Jarl%20Store%20Culiacán,"https://www.google.com/maps/search/?api=1&query=24.82296305,-107.4127197"
Teresita S Fashion Boutique,Culiacán,+52 66 7118 5213,ND,https://wa.me/526671185213,https://www.facebook.com/search/pages/?q=Teresita%20S%20Fashion%20Boutique%20Culiacán,"https://www.google.com/maps/search/?api=1&query=24.77804557,-107.3617055"
Tienda De Ropa Maximoda,Culiacán,+52 66 7728 2565,ND,https://wa.me/526677282565,https://www.facebook.com/search/pages/?q=Tienda%20De%20Ropa%20Maximoda%20Culiacán,"https://www.google.com/maps/search/?api=1&query=24.59113476,-107.3906916"
Tienda De Ropa Vestimoda,Culiacán,+52 66 7728 0727,ND,https://wa.me/526677280727,https://www.facebook.com/search/pages/?q=Tienda%20De%20Ropa%20Vestimoda%20Culiacán,"https://www.google.com/maps/search/?api=1&query=24.59062107,-107.3900839"
Top Shop,Culiacán,+52 66 7125 3685,ND,https://wa.me/526671253685,https://www.facebook.com/search/pages/?q=Top%20Shop%20Culiacán,"https://www.google.com/maps/search/?api=1&query=24.79955211,-107.3892583"
Toñitas Boutique,Culiacán,+52 66 7479 9228,ND,https://wa.me/526674799228,https://www.facebook.com/search/pages/?q=Toñitas%20Boutique%20Culiacán,"https://www.google.com/maps/search/?api=1&query=24.81876485,-107.372644"
Tutis Boutique,Culiacán,+52 66 7496 5333,ND,https://wa.me/526674965333,https://www.facebook.com/search/pages/?q=Tutis%20Boutique%20Culiacán,"https://www.google.com/maps/search/?api=1&query=24.80544248,-107.4453347"
Tutu Store,Culiacán,+52 66 7159 6520,ND,https://wa.me/526671596520,https://www.facebook.com/search/pages/?q=Tutu%20Store%20Culiacán,"https://www.google.com/maps/search/?api=1&query=24.80383954,-107.3746204"
Uzidia Boutique,Culiacán,+52 66 7411 6833,ND,https://wa.me/526674116833,https://www.facebook.com/search/pages/?q=Uzidia%20Boutique%20Culiacán,"https://www.google.com/maps/search/?api=1&query=24.84694074,-107.3867512"
Vagos Boutique,Culiacán,+52 66 7234 0053,ND,https://wa.me/526672340053,https://www.facebook.com/search/pages/?q=Vagos%20Boutique%20Culiacán,"https://www.google.com/maps/search/?api=1&query=24.74896966,-107.4255133"
Valentina Boutique,Culiacán,+52 66 7519 2251,ND,https://wa.me/526675192251,https://www.facebook.com/search/pages/?q=Valentina%20Boutique%20Culiacán,"https://www.google.com/maps/search/?api=1&query=24.77729204,-107.4445733"
Valery Boutique,Culiacán,+52 66 7322 2110,ND,https://wa.me/526673222110,https://www.facebook.com/search/pages/?q=Valery%20Boutique%20Culiacán,"https://www.google.com/maps/search/?api=1&query=24.76143555,-107.3707001"
Venta De Pantalones,Culiacán,+52 66 7551 3491,ND,https://wa.me/526675513491,https://www.facebook.com/search/pages/?q=Venta%20De%20Pantalones%20Culiacán,"https://www.google.com/maps/search/?api=1&query=24.80549531,-107.4044423"
Venta De Ropa Rosy Fashion,Culiacán,+52 66 7264 5574,ND,https://wa.me/526672645574,https://www.facebook.com/search/pages/?q=Venta%20De%20Ropa%20Rosy%20Fashion%20Culiacán,"https://www.google.com/maps/search/?api=1&query=24.78569407,-107.3586856"
Vibrant Miu Amalia Boutique,Culiacán,+52 66 7583 3223,ND,https://wa.me/526675833223,https://www.facebook.com/search/pages/?q=Vibrant%20Miu%20Amalia%20Boutique%20Culiacán,"https://www.google.com/maps/search/?api=1&query=24.7683386,-107.3717515"
Vicstyle,Culiacán,+52 66 7229 4163,ND,https://wa.me/526672294163,https://www.facebook.com/search/pages/?q=Vicstyle%20Culiacán,"https://www.google.com/maps/search/?api=1&query=24.80735834,-107.3980485"
Victoria Boutique,Culiacán,+52 66 7355 9525,ND,https://wa.me/526673559525,https://www.facebook.com/search/pages/?q=Victoria%20Boutique%20Culiacán,"https://www.google.com/maps/search/?api=1&query=24.83140905,-107.3995973"
Yaritza Boutique,Culiacán,+52 66 7101 6847,ND,https://wa.me/526671016847,https://www.facebook.com/search/pages/?q=Yaritza%20Boutique%20Culiacán,"https://www.google.com/maps/search/?api=1&query=24.81846331,-107.4346469"
Yogo Boutique,Culiacán,+52 66 7477 6900,ND,https://wa.me/526674776900,https://www.facebook.com/search/pages/?q=Yogo%20Boutique%20Culiacán,"https://www.google.com/maps/search/?api=1&query=24.83672868,-107.3853073"
Yuliana Boutique,Culiacán,+52 66 7698 3835,ND,https://wa.me/526676983835,https://www.facebook.com/search/pages/?q=Yuliana%20Boutique%20Culiacán,"https://www.google.com/maps/search/?api=1&query=24.82200991,-107.3685763"
Zoes Boutique,Culiacán,+52 66 7209 0952,ND,https://wa.me/526672090952,https://www.facebook.com/search/pages/?q=Zoes%20Boutique%20Culiacán,"https://www.google.com/maps/search/?api=1&query=24.78616525,-107.3945341"
Adrys Boutique,El Fuerte,+52 69 8111 3055,ND,https://wa.me/526981113055,https://www.facebook.com/search/pages/?q=Adrys%20Boutique%20El%20Fuerte,"https://www.google.com/maps/search/?api=1&query=26.41512252,-108.6225478"
Boutique,El Fuerte,+52 69 8115 3657,ND,https://wa.me/526981153657,https://www.facebook.com/search/pages/?q=Boutique%20El%20Fuerte,"https://www.google.com/maps/search/?api=1&query=26.41432553,-108.6122468"
Boutique Bringas,El Fuerte,+52 69 8113 1772,ND,https://wa.me/526981131772,https://www.facebook.com/search/pages/?q=Boutique%20Bringas%20El%20Fuerte,"https://www.google.com/maps/search/?api=1&query=26.4148889,-108.6131456"
Boutique Jazmin,El Fuerte,+52 69 8860 8005,ND,https://wa.me/526988608005,https://www.facebook.com/search/pages/?q=Boutique%20Jazmin%20El%20Fuerte,"https://www.google.com/maps/search/?api=1&query=26.41548409,-108.6155772"
Boutique Karla,El Fuerte,+52 69 8106 4663,ND,https://wa.me/526981064663,https://www.facebook.com/search/pages/?q=Boutique%20Karla%20El%20Fuerte,"https://www.google.com/maps/search/?api=1&query=26.41879485,-108.6212089"
Boutique Martha,El Fuerte,+52 62 6890 5312,ND,https://wa.me/526268905312,https://www.facebook.com/search/pages/?q=Boutique%20Martha%20El%20Fuerte,"https://www.google.com/maps/search/?api=1&query=26.41335362,-108.6262879"
Candy Shop,El Fuerte,+52 69 8107 0336,ND,https://wa.me/526981070336,https://www.facebook.com/search/pages/?q=Candy%20Shop%20El%20Fuerte,"https://www.google.com/maps/search/?api=1&query=26.41898349,-108.6232547"
D Maria Boutique,El Fuerte,+52 69 8107 8107,ND,https://wa.me/526981078107,https://www.facebook.com/search/pages/?q=D%20Maria%20Boutique%20El%20Fuerte,"https://www.google.com/maps/search/?api=1&query=26.4196459,-108.6210111"
Dr Boutique,El Fuerte,+52 69 8111 7259,ND,https://wa.me/526981117259,https://www.facebook.com/search/pages/?q=Dr%20Boutique%20El%20Fuerte,"https://www.google.com/maps/search/?api=1&query=25.94958872,-108.9283744"
Flamingo Shop Ropa Y Accesorios,El Fuerte,+52 66 8132 9483,ND,https://wa.me/526681329483,https://www.facebook.com/search/pages/?q=Flamingo%20Shop%20Ropa%20Y%20Accesorios%20El%20Fuerte,"https://www.google.com/maps/search/?api=1&query=25.95125732,-108.9299472"
Gi Chal Store,El Fuerte,+52 69 8108 6690,ND,https://wa.me/526981086690,https://www.facebook.com/search/pages/?q=Gi%20Chal%20Store%20El%20Fuerte,"https://www.google.com/maps/search/?api=1&query=26.41734545,-108.6113739"
Jasan Boutique,El Fuerte,+52 66 8265 2297,ND,https://wa.me/526682652297,https://www.facebook.com/search/pages/?q=Jasan%20Boutique%20El%20Fuerte,"https://www.google.com/maps/search/?api=1&query=26.41903335,-108.6211296"
Karla Boutique,El Fuerte,+52 69 8104 6270,ND,https://wa.me/526981046270,https://www.facebook.com/search/pages/?q=Karla%20Boutique%20El%20Fuerte,"https://www.google.com/maps/search/?api=1&query=25.95264559,-108.9288731"
Karmina Fashion,El Fuerte,+52 69 8115 5334,ND,https://wa.me/526981155334,https://www.facebook.com/search/pages/?q=Karmina%20Fashion%20El%20Fuerte,"https://www.google.com/maps/search/?api=1&query=26.41914846,-108.6207714"
Kay Fashion,El Fuerte,+52 66 8244 8116,ND,https://wa.me/526682448116,https://www.facebook.com/search/pages/?q=Kay%20Fashion%20El%20Fuerte,"https://www.google.com/maps/search/?api=1&query=26.23084888,-108.9506156"
Maytes Moda,El Fuerte,+52 69 8104 6397,ND,https://wa.me/526981046397,https://www.facebook.com/search/pages/?q=Maytes%20Moda%20El%20Fuerte,"https://www.google.com/maps/search/?api=1&query=26.41793963,-108.6222987"
Mister Boutique,El Fuerte,+52 69 8104 4777,ND,https://wa.me/526981044777,https://www.facebook.com/search/pages/?q=Mister%20Boutique%20El%20Fuerte,"https://www.google.com/maps/search/?api=1&query=26.41914427,-108.6208629"
Ms Boutique,El Fuerte,+52 66 8138 3488,ND,https://wa.me/526681383488,https://www.facebook.com/search/pages/?q=Ms%20Boutique%20El%20Fuerte,"https://www.google.com/maps/search/?api=1&query=26.22651743,-108.9510969"
Nails Y Shop Angela,El Fuerte,+52 69 8110 8642,ND,https://wa.me/526981108642,https://www.facebook.com/search/pages/?q=Nails%20Y%20Shop%20Angela%20El%20Fuerte,"https://www.google.com/maps/search/?api=1&query=25.95213747,-108.9303537"
Nohemi Moda Y Accesorios,El Fuerte,+52 69 8109 0969,ND,https://wa.me/526981090969,https://www.facebook.com/search/pages/?q=Nohemi%20Moda%20Y%20Accesorios%20El%20Fuerte,"https://www.google.com/maps/search/?api=1&query=26.41956747,-108.6184969"
Queen Boutique,El Fuerte,+52 69 8116 8486,ND,https://wa.me/526981168486,https://www.facebook.com/search/pages/?q=Queen%20Boutique%20El%20Fuerte,"https://www.google.com/maps/search/?api=1&query=26.41756855,-108.6221026"
Room 28 Boutique,El Fuerte,+52 69 8113 8813,ND,https://wa.me/526981138813,https://www.facebook.com/search/pages/?q=Room%2028%20Boutique%20El%20Fuerte,"https://www.google.com/maps/search/?api=1&query=26.41822534,-108.6211415"
Rosalia Jeans,El Fuerte,+52 69 8105 8184,ND,https://wa.me/526981058184,https://www.facebook.com/search/pages/?q=Rosalia%20Jeans%20El%20Fuerte,"https://www.google.com/maps/search/?api=1&query=26.41507448,-108.6226055"
Store By Fer,El Fuerte,+52 64 4149 7815,ND,https://wa.me/526441497815,https://www.facebook.com/search/pages/?q=Store%20By%20Fer%20El%20Fuerte,"https://www.google.com/maps/search/?api=1&query=26.41932596,-108.6219503"
Tienda De Ropa Marissa Fashion,El Fuerte,+52 69 8111 7075,ND,https://wa.me/526981117075,https://www.facebook.com/search/pages/?q=Tienda%20De%20Ropa%20Marissa%20Fashion%20El%20Fuerte,"https://www.google.com/maps/search/?api=1&query=25.96554436,-108.903703"
Tienda De Ropa Moda Chiks El Boulevard,El Fuerte,+52 69 8106 2640,ND,https://wa.me/526981062640,https://www.facebook.com/search/pages/?q=Tienda%20De%20Ropa%20Moda%20Chiks%20El%20Boulevard%20El%20Fuerte,"https://www.google.com/maps/search/?api=1&query=26.41714392,-108.6123744"
Wendys Boutique,El Fuerte,+52 66 8291 8443,ND,https://wa.me/526682918443,https://www.facebook.com/search/pages/?q=Wendys%20Boutique%20El%20Fuerte,"https://www.google.com/maps/search/?api=1&query=26.41692593,-108.6127731"
Yesma America Store,El Fuerte,+52 69 8184 6141,ND,https://wa.me/526981846141,https://www.facebook.com/search/pages/?q=Yesma%20America%20Store%20El%20Fuerte,"https://www.google.com/maps/search/?api=1&query=26.41569464,-108.6162345"
Boutique Y Accesorios Rayo Store,Eldorado,+52 66 7726 0099,rayo_store@gmail.com,https://wa.me/526677260099,https://www.facebook.com/search/pages/?q=Boutique%20Y%20Accesorios%20Rayo%20Store%20Eldorado,"https://www.google.com/maps/search/?api=1&query=24.32080751,-107.364897"
Boutique,Eldorado,+52 66 7421 2226,ND,https://wa.me/526674212226,https://www.facebook.com/search/pages/?q=Boutique%20Eldorado,"https://www.google.com/maps/search/?api=1&query=24.32105802,-107.3649021"
Boutique,Eldorado,+52 66 7190 3434,ND,https://wa.me/526671903434,https://www.facebook.com/search/pages/?q=Boutique%20Eldorado,"https://www.google.com/maps/search/?api=1&query=24.32464429,-107.3600468"
Boutique Lupita,Eldorado,+52 66 7796 2449,ND,https://wa.me/526677962449,https://www.facebook.com/search/pages/?q=Boutique%20Lupita%20Eldorado,"https://www.google.com/maps/search/?api=1&query=24.44614383,-107.3777113"
Boutique Rayo Store,Eldorado,+52 66 7290 0826,ND,https://wa.me/526672900826,https://www.facebook.com/search/pages/?q=Boutique%20Rayo%20Store%20Eldorado,"https://www.google.com/maps/search/?api=1&query=24.32124436,-107.3653064"
Boutique Rosa Pastel,Eldorado,+52 66 7153 3496,ND,https://wa.me/526671533496,https://www.facebook.com/search/pages/?q=Boutique%20Rosa%20Pastel%20Eldorado,"https://www.google.com/maps/search/?api=1&query=24.32180306,-107.3627215"
Diana Figueroa Boutique,Eldorado,+52 66 7158 2105,ND,https://wa.me/526671582105,https://www.facebook.com/search/pages/?q=Diana%20Figueroa%20Boutique%20Eldorado,"https://www.google.com/maps/search/?api=1&query=24.32280369,-107.3642179"
Kano Boutique,Eldorado,+52 66 7396 6193,ND,https://wa.me/526673966193,https://www.facebook.com/search/pages/?q=Kano%20Boutique%20Eldorado,"https://www.google.com/maps/search/?api=1&query=24.32745223,-107.3618686"
Kl Boutique,Eldorado,+52 66 7348 5042,ND,https://wa.me/526673485042,https://www.facebook.com/search/pages/?q=Kl%20Boutique%20Eldorado,"https://www.google.com/maps/search/?api=1&query=24.32198057,-107.3768228"
La Nueva Moda,Eldorado,+52 66 7334 2467,ND,https://wa.me/526673342467,https://www.facebook.com/search/pages/?q=La%20Nueva%20Moda%20Eldorado,"https://www.google.com/maps/search/?api=1&query=24.32110775,-107.3661709"
Maxi Moda,Eldorado,+52 66 7135 1536,ND,https://wa.me/526671351536,https://www.facebook.com/search/pages/?q=Maxi%20Moda%20Eldorado,"https://www.google.com/maps/search/?api=1&query=24.32157375,-107.3656789"
Mlg Boutique,Eldorado,+52 66 7355 1217,ND,https://wa.me/526673551217,https://www.facebook.com/search/pages/?q=Mlg%20Boutique%20Eldorado,"https://www.google.com/maps/search/?api=1&query=24.3214751,-107.3643171"
S Jeans,Eldorado,+52 66 7360 0367,ND,https://wa.me/526673600367,https://www.facebook.com/search/pages/?q=S%20Jeans%20Eldorado,"https://www.google.com/maps/search/?api=1&query=24.3203679,-107.3640049"
Vesti Moda,Eldorado,+52 66 7726 1331,ND,https://wa.me/526677261331,https://www.facebook.com/search/pages/?q=Vesti%20Moda%20Eldorado,"https://www.google.com/maps/search/?api=1&query=24.32073351,-107.3656321"
Boutique Ximel,Elota,+52 69 6100 9166,ND,https://wa.me/526961009166,https://www.facebook.com/search/pages/?q=Boutique%20Ximel%20Elota,"https://www.google.com/maps/search/?api=1&query=23.91910609,-106.8919178"
Miriam Boutique,Elota,+52 66 7164 0603,ND,https://wa.me/526671640603,https://www.facebook.com/search/pages/?q=Miriam%20Boutique%20Elota,"https://www.google.com/maps/search/?api=1&query=23.91877701,-106.8897382"
Moda Extremo,Elota,+52 66 7118 0692,ND,https://wa.me/526671180692,https://www.facebook.com/search/pages/?q=Moda%20Extremo%20Elota,"https://www.google.com/maps/search/?api=1&query=23.91610607,-106.8929396"
My Boutique,Elota,+52 69 6109 5014,ND,https://wa.me/526961095014,https://www.facebook.com/search/pages/?q=My%20Boutique%20Elota,"https://www.google.com/maps/search/?api=1&query=23.91580254,-106.8923247"
Rocio Boutique,Elota,+52 69 6110 4046,ND,https://wa.me/526961104046,https://www.facebook.com/search/pages/?q=Rocio%20Boutique%20Elota,"https://www.google.com/maps/search/?api=1&query=23.91674753,-106.8923812"
Shop Trendy,Elota,+52 66 8299 4300,ND,https://wa.me/526682994300,https://www.facebook.com/search/pages/?q=Shop%20Trendy%20Elota,"https://www.google.com/maps/search/?api=1&query=23.91752241,-106.8923416"
Trapoz Boutik,Elota,+52 69 6105 8746,ND,https://wa.me/526961058746,https://www.facebook.com/search/pages/?q=Trapoz%20Boutik%20Elota,"https://www.google.com/maps/search/?api=1&query=23.915977,-106.8922315"
Mas Estilo,Escuinapa,+52 69 5109 4759,miguel-lyz84@hotmail.com,https://wa.me/526951094759,https://www.facebook.com/search/pages/?q=Mas%20Estilo%20Escuinapa,"https://www.google.com/maps/search/?api=1&query=22.83456417,-105.7794753"
Terramoda Isla,Escuinapa,+52 66 9108 6090,mandaryn2009@hotmail.com,https://wa.me/526691086090,https://www.facebook.com/search/pages/?q=Terramoda%20Isla%20Escuinapa,"https://www.google.com/maps/search/?api=1&query=22.73170215,-105.8469463"
Boutique Av,Escuinapa,+52 69 5113 5467,ND,https://wa.me/526951135467,https://www.facebook.com/search/pages/?q=Boutique%20Av%20Escuinapa,"https://www.google.com/maps/search/?api=1&query=22.83516964,-105.7748237"
Boutique Clothing Yaza Fashion,Escuinapa,+52 69 5956 5798,ND,https://wa.me/526959565798,https://www.facebook.com/search/pages/?q=Boutique%20Clothing%20Yaza%20Fashion%20Escuinapa,"https://www.google.com/maps/search/?api=1&query=22.83269734,-105.7692898"
Boutique Isabella,Escuinapa,+52 69 5951 2214,ND,https://wa.me/526959512214,https://www.facebook.com/search/pages/?q=Boutique%20Isabella%20Escuinapa,"https://www.google.com/maps/search/?api=1&query=22.83557069,-105.7769565"
Boutique Liz Lopez,Escuinapa,+52 69 5956 3934,ND,https://wa.me/526959563934,https://www.facebook.com/search/pages/?q=Boutique%20Liz%20Lopez%20Escuinapa,"https://www.google.com/maps/search/?api=1&query=22.84537816,-105.7684708"
Boutique Nahomi,Escuinapa,+52 69 5107 3253,ND,https://wa.me/526951073253,https://www.facebook.com/search/pages/?q=Boutique%20Nahomi%20Escuinapa,"https://www.google.com/maps/search/?api=1&query=22.83552854,-105.7772581"
Clothing Store,Escuinapa,+52 69 4111 8234,ND,https://wa.me/526941118234,https://www.facebook.com/search/pages/?q=Clothing%20Store%20Escuinapa,"https://www.google.com/maps/search/?api=1&query=22.83074481,-105.7849309"
Flamenco Boutique,Escuinapa,+52 69 5187 7445,ND,https://wa.me/526951877445,https://www.facebook.com/search/pages/?q=Flamenco%20Boutique%20Escuinapa,"https://www.google.com/maps/search/?api=1&query=22.73398398,-105.8433332"
Jonas Shop,Escuinapa,+52 69 5138 2925,ND,https://wa.me/526951382925,https://www.facebook.com/search/pages/?q=Jonas%20Shop%20Escuinapa,"https://www.google.com/maps/search/?api=1&query=22.83458803,-105.7792889"
Lou Bg Boutique,Escuinapa,+52 69 5951 7803,ND,https://wa.me/526959517803,https://www.facebook.com/search/pages/?q=Lou%20Bg%20Boutique%20Escuinapa,"https://www.google.com/maps/search/?api=1&query=22.83603427,-105.7769608"
Mini Closet Ana Cruz,Escuinapa,+52 69 5110 0450,ND,https://wa.me/526951100450,https://www.facebook.com/search/pages/?q=Mini%20Closet%20Ana%20Cruz%20Escuinapa,"https://www.google.com/maps/search/?api=1&query=22.82625459,-105.7810368"
Tienda De Ropa Madeleine Shop,Escuinapa,+52 69 5119 3331,ND,https://wa.me/526951193331,https://www.facebook.com/search/pages/?q=Tienda%20De%20Ropa%20Madeleine%20Shop%20Escuinapa,"https://www.google.com/maps/search/?api=1&query=22.53557269,-105.7388395"
Tienda De Ropa Mas Estilo,Escuinapa,+52 31 4130 3115,ND,https://wa.me/523141303115,https://www.facebook.com/search/pages/?q=Tienda%20De%20Ropa%20Mas%20Estilo%20Escuinapa,"https://www.google.com/maps/search/?api=1&query=22.83457172,-105.7794164"
Valentinas Fashion,Escuinapa,+52 61 9519 3459,ND,https://wa.me/526195193459,https://www.facebook.com/search/pages/?q=Valentinas%20Fashion%20Escuinapa,"https://www.google.com/maps/search/?api=1&query=22.83401271,-105.7776098"
Aurora Clothing Moda Para Dama,Guasave,+52 68 7197 4645,yadir21espinoza@gmail.com,https://wa.me/526871974645,https://www.facebook.com/search/pages/?q=Aurora%20Clothing%20Moda%20Para%20Dama%20Guasave,"https://www.google.com/maps/search/?api=1&query=25.61964702,-108.4323569"
Fashion Paridise Guasave,Guasave,+52 66 7784 2334,adaldguez@hotmail.com,https://wa.me/526677842334,https://HTTPS://FASHIONPARADISE.COM.MX/,"https://www.google.com/maps/search/?api=1&query=25.56280322,-108.4628242"
Moda Hombre Luiggi,Guasave,+52 68 7857 6673,luisdanielreyescastro11@gmail.com,https://wa.me/526878576673,https://www.facebook.com/search/pages/?q=Moda%20Hombre%20Luiggi%20Guasave,"https://www.google.com/maps/search/?api=1&query=25.70285668,-108.3145951"
Nossa Boutique,Guasave,+52 68 7125 4831,nossa.boutique@hotmail.com,https://wa.me/526871254831,https://www.facebook.com/search/pages/?q=Nossa%20Boutique%20Guasave,"https://www.google.com/maps/search/?api=1&query=25.56230146,-108.4624154"
Abc Boutique,Guasave,+52 68 7117 3814,ND,https://wa.me/526871173814,https://www.facebook.com/search/pages/?q=Abc%20Boutique%20Guasave,"https://www.google.com/maps/search/?api=1&query=25.56234691,-108.4624349"
Af Boutique,Guasave,+52 68 7107 9455,ND,https://wa.me/526871079455,https://www.facebook.com/search/pages/?q=Af%20Boutique%20Guasave,"https://www.google.com/maps/search/?api=1&query=25.57527054,-108.4761582"
Ag Moda Urbana,Guasave,+52 68 7166 8915,ND,https://wa.me/526871668915,https://www.facebook.com/search/pages/?q=Ag%20Moda%20Urbana%20Guasave,"https://www.google.com/maps/search/?api=1&query=25.56346507,-108.462877"
Alondra Moda Casual,Guasave,+52 68 7123 0840,ND,https://wa.me/526871230840,https://www.facebook.com/search/pages/?q=Alondra%20Moda%20Casual%20Guasave,"https://www.google.com/maps/search/?api=1&query=25.56183014,-108.4621986"
Angelica Fashion,Guasave,+52 68 7121 3516,ND,https://wa.me/526871213516,https://www.facebook.com/search/pages/?q=Angelica%20Fashion%20Guasave,"https://www.google.com/maps/search/?api=1&query=25.65901647,-108.6384485"
Bella Boutique,Guasave,+52 68 7201 0103,ND,https://wa.me/526872010103,https://www.facebook.com/search/pages/?q=Bella%20Boutique%20Guasave,"https://www.google.com/maps/search/?api=1&query=25.66507209,-108.6380513"
Belle Atara Boutique,Guasave,+52 68 7140 2549,ND,https://wa.me/526871402549,https://www.facebook.com/search/pages/?q=Belle%20Atara%20Boutique%20Guasave,"https://www.google.com/maps/search/?api=1&query=25.5667661,-108.4826916"
Black Store,Guasave,+52 68 7145 0170,ND,https://wa.me/526871450170,https://www.facebook.com/search/pages/?q=Black%20Store%20Guasave,"https://www.google.com/maps/search/?api=1&query=25.57692633,-108.4605944"
Boutique Barbones,Guasave,+52 68 7123 6748,ND,https://wa.me/526871236748,https://www.facebook.com/search/pages/?q=Boutique%20Barbones%20Guasave,"https://www.google.com/maps/search/?api=1&query=25.56207743,-108.4622418"
Boutique Clara Maria,Guasave,+52 66 7478 4642,ND,https://wa.me/526674784642,https://www.facebook.com/search/pages/?q=Boutique%20Clara%20Maria%20Guasave,"https://www.google.com/maps/search/?api=1&query=25.56226924,-108.4616866"
Boutique D Camila,Guasave,+52 68 7192 5502,ND,https://wa.me/526871925502,https://www.facebook.com/search/pages/?q=Boutique%20D%20Camila%20Guasave,"https://www.google.com/maps/search/?api=1&query=25.56141543,-108.4800947"
Boutique De Ropa Para Caballero Mr Caps,Guasave,+52 68 7120 7763,ND,https://wa.me/526871207763,https://www.facebook.com/search/pages/?q=Boutique%20De%20Ropa%20Para%20Caballero%20Mr%20Caps%20Guasave,"https://www.google.com/maps/search/?api=1&query=25.56427461,-108.463078"
Boutique De Ropa Reyes Del Vestir Mx,Guasave,+52 68 7157 5163,ND,https://wa.me/526871575163,https://www.facebook.com/search/pages/?q=Boutique%20De%20Ropa%20Reyes%20Del%20Vestir%20Mx%20Guasave,"https://www.google.com/maps/search/?api=1&query=25.56701371,-108.4652444"
Boutique Ery,Guasave,+52 68 7153 9707,ND,https://wa.me/526871539707,https://www.facebook.com/search/pages/?q=Boutique%20Ery%20Guasave,"https://www.google.com/maps/search/?api=1&query=25.6619204,-108.6208799"
Boutique Esmeralda,Guasave,+52 68 7181 5642,ND,https://wa.me/526871815642,https://www.facebook.com/search/pages/?q=Boutique%20Esmeralda%20Guasave,"https://www.google.com/maps/search/?api=1&query=25.66158711,-108.6333537"
Boutique Eyc,Guasave,+52 68 7197 4618,ND,https://wa.me/526871974618,https://www.facebook.com/search/pages/?q=Boutique%20Eyc%20Guasave,"https://www.google.com/maps/search/?api=1&query=25.5679841,-108.4750896"
Boutique Malu,Guasave,+52 68 7122 6135,ND,https://wa.me/526871226135,https://www.facebook.com/search/pages/?q=Boutique%20Malu%20Guasave,"https://www.google.com/maps/search/?api=1&query=25.66257599,-108.6327336"
Boutique Picnic,Guasave,+52 68 7122 1679,ND,https://wa.me/526871221679,https://www.facebook.com/search/pages/?q=Boutique%20Picnic%20Guasave,"https://www.google.com/maps/search/?api=1&query=25.57094388,-108.4732505"
Checo Store Caps,Guasave,+52 68 7191 8338,ND,https://wa.me/526871918338,https://www.facebook.com/search/pages/?q=Checo%20Store%20Caps%20Guasave,"https://www.google.com/maps/search/?api=1&query=25.57007796,-108.4725205"
Chucki Boutique,Guasave,+52 68 7182 3457,ND,https://wa.me/526871823457,https://www.facebook.com/search/pages/?q=Chucki%20Boutique%20Guasave,"https://www.google.com/maps/search/?api=1&query=25.5622621,-108.4617072"
D Class Solo Modas,Guasave,+52 68 7140 7038,ND,https://wa.me/526871407038,https://www.facebook.com/search/pages/?q=D%20Class%20Solo%20Modas%20Guasave,"https://www.google.com/maps/search/?api=1&query=25.56176892,-108.4621716"
Danna Boutique,Guasave,+52 68 7147 2828,ND,https://wa.me/526871472828,https://www.facebook.com/search/pages/?q=Danna%20Boutique%20Guasave,"https://www.google.com/maps/search/?api=1&query=25.66390474,-108.6384995"
Doris Boutique,Guasave,+52 68 7181 3762,ND,https://wa.me/526871813762,https://www.facebook.com/search/pages/?q=Doris%20Boutique%20Guasave,"https://www.google.com/maps/search/?api=1&query=25.56138718,-108.4613638"
Ebba S Boutique,Guasave,+52 68 7857 9828,ND,https://wa.me/526878579828,https://www.facebook.com/search/pages/?q=Ebba%20S%20Boutique%20Guasave,"https://www.google.com/maps/search/?api=1&query=25.70248216,-108.7146736"
Eclipse Boutique,Guasave,+52 68 7106 8583,ND,https://wa.me/526871068583,https://www.facebook.com/search/pages/?q=Eclipse%20Boutique%20Guasave,"https://www.google.com/maps/search/?api=1&query=25.56237512,-108.4613315"
Eduardos Boutique,Guasave,+52 68 7152 6224,ND,https://wa.me/526871526224,https://www.facebook.com/search/pages/?q=Eduardos%20Boutique%20Guasave,"https://www.google.com/maps/search/?api=1&query=25.66132257,-108.6223833"
Fancy Boutique,Guasave,+52 68 7155 7596,ND,https://wa.me/526871557596,https://www.facebook.com/search/pages/?q=Fancy%20Boutique%20Guasave,"https://www.google.com/maps/search/?api=1&query=25.58042953,-108.4751733"
Frida Boutique,Guasave,+52 68 7171 0218,ND,https://wa.me/526871710218,https://www.facebook.com/search/pages/?q=Frida%20Boutique%20Guasave,"https://www.google.com/maps/search/?api=1&query=25.56103159,-108.4618263"
Gloss Fashion,Guasave,+52 68 7139 2540,ND,https://wa.me/526871392540,https://www.facebook.com/search/pages/?q=Gloss%20Fashion%20Guasave,"https://www.google.com/maps/search/?api=1&query=25.5621263,-108.4621003"
Greca Boutique,Guasave,+52 66 7355 0177,ND,https://wa.me/526673550177,https://www.facebook.com/search/pages/?q=Greca%20Boutique%20Guasave,"https://www.google.com/maps/search/?api=1&query=25.56291781,-108.461388"
Hr Boutique,Guasave,+52 68 7121 0538,ND,https://wa.me/526871210538,https://www.facebook.com/search/pages/?q=Hr%20Boutique%20Guasave,"https://www.google.com/maps/search/?api=1&query=25.56206912,-108.4622658"
Jocelin Boutique,Guasave,+52 68 7139 6080,ND,https://wa.me/526871396080,https://www.facebook.com/search/pages/?q=Jocelin%20Boutique%20Guasave,"https://www.google.com/maps/search/?api=1&query=25.56230146,-108.4624154"
Kushi Store,Guasave,+52 68 7135 0523,ND,https://wa.me/526871350523,https://www.facebook.com/search/pages/?q=Kushi%20Store%20Guasave,"https://www.google.com/maps/search/?api=1&query=25.56235644,-108.4613232"
Leo Men Store Boutique,Guasave,+52 68 7123 0062,ND,https://wa.me/526871230062,https://www.facebook.com/search/pages/?q=Leo%20Men%20Store%20Boutique%20Guasave,"https://www.google.com/maps/search/?api=1&query=25.56277418,-108.4613238"
Lolis Boutique,Guasave,+52 68 7174 1896,ND,https://wa.me/526871741896,https://www.facebook.com/search/pages/?q=Lolis%20Boutique%20Guasave,"https://www.google.com/maps/search/?api=1&query=25.57968692,-108.4625303"
Lupitas Boutique,Guasave,+52 68 7167 0397,ND,https://wa.me/526871670397,https://www.facebook.com/search/pages/?q=Lupitas%20Boutique%20Guasave,"https://www.google.com/maps/search/?api=1&query=25.70538081,-108.3128153"
Mady Store,Guasave,+52 68 7180 3435,ND,https://wa.me/526871803435,https://www.facebook.com/search/pages/?q=Mady%20Store%20Guasave,"https://www.google.com/maps/search/?api=1&query=25.70566898,-108.7212525"
Marale Boutique,Guasave,+52 68 7139 1855,ND,https://wa.me/526871391855,https://www.facebook.com/search/pages/?q=Marale%20Boutique%20Guasave,"https://www.google.com/maps/search/?api=1&query=25.56522035,-108.474299"
Michelles Boutique,Guasave,+52 68 7161 0081,ND,https://wa.me/526871610081,https://www.facebook.com/search/pages/?q=Michelles%20Boutique%20Guasave,"https://www.google.com/maps/search/?api=1&query=25.70796496,-108.7193962"
Moday Peecio Guasave,Guasave,+52 68 7107 9890,ND,https://wa.me/526871079890,https://www.facebook.com/search/pages/?q=Moday%20Peecio%20Guasave%20Guasave,"https://www.google.com/maps/search/?api=1&query=25.56000128,-108.4617153"
Nicole Boutique,Guasave,+52 68 7160 5335,ND,https://wa.me/526871605335,https://www.facebook.com/search/pages/?q=Nicole%20Boutique%20Guasave,"https://www.google.com/maps/search/?api=1&query=25.56277418,-108.4613238"
Outlet Store,Guasave,+52 68 7999 2002,ND,https://wa.me/526879992002,https://www.facebook.com/search/pages/?q=Outlet%20Store%20Guasave,"https://www.google.com/maps/search/?api=1&query=25.56236563,-108.462443"
Rabbit Store,Guasave,+52 68 7192 2145,ND,https://wa.me/526871922145,https://www.facebook.com/search/pages/?q=Rabbit%20Store%20Guasave,"https://www.google.com/maps/search/?api=1&query=25.56277418,-108.4613238"
Rachel Boutique,Guasave,+52 68 7147 8473,ND,https://wa.me/526871478473,https://www.facebook.com/search/pages/?q=Rachel%20Boutique%20Guasave,"https://www.google.com/maps/search/?api=1&query=25.56277418,-108.4613238"
Romina Store,Guasave,+52 68 7193 3999,ND,https://wa.me/526871933999,https://www.facebook.com/search/pages/?q=Romina%20Store%20Guasave,"https://www.google.com/maps/search/?api=1&query=25.55987687,-108.4639765"
Ropa Rama Shop,Guasave,+52 68 7146 0330,ND,https://wa.me/526871460330,https://www.facebook.com/search/pages/?q=Ropa%20Rama%20Shop%20Guasave,"https://www.google.com/maps/search/?api=1&query=25.73359127,-108.3434488"
Sofia Moda,Guasave,+52 68 7163 2531,ND,https://wa.me/526871632531,https://www.facebook.com/search/pages/?q=Sofia%20Moda%20Guasave,"https://www.google.com/maps/search/?api=1&query=25.56228252,-108.4616481"
Style Boutique,Guasave,+52 68 7130 0091,ND,https://wa.me/526871300091,https://www.facebook.com/search/pages/?q=Style%20Boutique%20Guasave,"https://www.google.com/maps/search/?api=1&query=25.54402645,-108.4079007"
Switch Fashion Room,Guasave,+52 68 7690 4561,ND,https://wa.me/526876904561,https://www.facebook.com/search/pages/?q=Switch%20Fashion%20Room%20Guasave,"https://www.google.com/maps/search/?api=1&query=25.56170495,-108.4621434"
Tienda De Ropa Luggar De Moda,Guasave,+52 66 7452 5828,ND,https://wa.me/526674525828,https://www.facebook.com/search/pages/?q=Tienda%20De%20Ropa%20Luggar%20De%20Moda%20Guasave,"https://www.google.com/maps/search/?api=1&query=25.70434035,-108.3131951"
Vib Boutique,Guasave,+52 66 8322 4327,ND,https://wa.me/526683224327,https://www.facebook.com/search/pages/?q=Vib%20Boutique%20Guasave,"https://www.google.com/maps/search/?api=1&query=25.55731769,-108.4618997"
Yaras Boutique,Guasave,+52 68 7125 0933,ND,https://wa.me/526871250933,https://www.facebook.com/search/pages/?q=Yaras%20Boutique%20Guasave,"https://www.google.com/maps/search/?api=1&query=25.56230146,-108.4624154"
Luca Boutique,Juan José Ríos,+52 66 8173 3303,mmarcelahayashy@mail.com,https://wa.me/526681733303,https://www.facebook.com/search/pages/?q=Luca%20Boutique%20Juan%20José%20Ríos,"https://www.google.com/maps/search/?api=1&query=25.75731599,-108.8188874"
Bella Boutique,Juan José Ríos,+52 68 7121 8179,ND,https://wa.me/526871218179,https://www.facebook.com/search/pages/?q=Bella%20Boutique%20Juan%20José%20Ríos,"https://www.google.com/maps/search/?api=1&query=25.75780776,-108.8200731"
Boutique Isabella,Juan José Ríos,+52 66 8464 0697,ND,https://wa.me/526684640697,https://www.facebook.com/search/pages/?q=Boutique%20Isabella%20Juan%20José%20Ríos,"https://www.google.com/maps/search/?api=1&query=25.75962045,-108.8191605"
Boutique Ja Da Moda,Juan José Ríos,+52 68 7155 2755,ND,https://wa.me/526871552755,https://www.facebook.com/search/pages/?q=Boutique%20Ja%20Da%20Moda%20Juan%20José%20Ríos,"https://www.google.com/maps/search/?api=1&query=25.75392894,-108.8228897"
Boutique Karina,Juan José Ríos,+52 68 7121 5061,ND,https://wa.me/526871215061,https://www.facebook.com/search/pages/?q=Boutique%20Karina%20Juan%20José%20Ríos,"https://www.google.com/maps/search/?api=1&query=25.75761449,-108.8186917"
Boutique Luis,Juan José Ríos,+52 68 7122 0116,ND,https://wa.me/526871220116,https://www.facebook.com/search/pages/?q=Boutique%20Luis%20Juan%20José%20Ríos,"https://www.google.com/maps/search/?api=1&query=25.75634231,-108.821031"
Heloos Boutique,Juan José Ríos,+52 66 7855 6469,ND,https://wa.me/526678556469,https://www.facebook.com/search/pages/?q=Heloos%20Boutique%20Juan%20José%20Ríos,"https://www.google.com/maps/search/?api=1&query=25.75769527,-108.8201468"
Idonea Boutique,Juan José Ríos,+52 68 7110 8995,ND,https://wa.me/526871108995,https://www.facebook.com/search/pages/?q=Idonea%20Boutique%20Juan%20José%20Ríos,"https://www.google.com/maps/search/?api=1&query=25.75676327,-108.8190903"
Jm Boutique,Juan José Ríos,+52 68 7195 0584,ND,https://wa.me/526871950584,https://www.facebook.com/search/pages/?q=Jm%20Boutique%20Juan%20José%20Ríos,"https://www.google.com/maps/search/?api=1&query=25.75639239,-108.8194929"
Mkb Boutique Y Los Plebes,Juan José Ríos,+52 68 7103 4407,ND,https://wa.me/526871034407,https://www.facebook.com/search/pages/?q=Mkb%20Boutique%20Y%20Los%20Plebes%20Juan%20José%20Ríos,"https://www.google.com/maps/search/?api=1&query=25.75891442,-108.8178396"
Nayeli Boutique,Juan José Ríos,+52 68 7146 9682,ND,https://wa.me/526871469682,https://www.facebook.com/search/pages/?q=Nayeli%20Boutique%20Juan%20José%20Ríos,"https://www.google.com/maps/search/?api=1&query=25.74863905,-108.8193812"
Pasarela Fashions,Juan José Ríos,+52 68 7181 0640,ND,https://wa.me/526871810640,https://www.facebook.com/search/pages/?q=Pasarela%20Fashions%20Juan%20José%20Ríos,"https://www.google.com/maps/search/?api=1&query=25.75947982,-108.8192526"
Piscis Boutique,Juan José Ríos,+52 68 7191 1990,ND,https://wa.me/526871911990,https://www.facebook.com/search/pages/?q=Piscis%20Boutique%20Juan%20José%20Ríos,"https://www.google.com/maps/search/?api=1&query=25.75982384,-108.8190273"
Tienda De Ropa Mamishop,Juan José Ríos,+52 68 7153 0181,ND,https://wa.me/526871530181,https://www.facebook.com/search/pages/?q=Tienda%20De%20Ropa%20Mamishop%20Juan%20José%20Ríos,"https://www.google.com/maps/search/?api=1&query=25.76656518,-108.82646"
Angie S Fashion Attitude,Mazatlán,+52 66 9983 0981,angiessay@hotmail.com,https://wa.me/526699830981,https://www.facebook.com/search/pages/?q=Angie%20S%20Fashion%20Attitude%20Mazatlán,"https://www.google.com/maps/search/?api=1&query=23.23819807,-106.437427"
Boutique Adeles,Mazatlán,+52 66 9134 8869,chavarinbastidasjessica@gmail.com,https://wa.me/526691348869,https://www.facebook.com/search/pages/?q=Boutique%20Adeles%20Mazatlán,"https://www.google.com/maps/search/?api=1&query=23.27793049,-106.4080899"
Boutique Doble Ll,Mazatlán,+52 66 9165 0773,doblelle1@gmail.com,https://wa.me/526691650773,https://www.facebook.com/search/pages/?q=Boutique%20Doble%20Ll%20Mazatlán,"https://www.google.com/maps/search/?api=1&query=23.24278557,-106.4269089"
Boutique Shop Fashion,Mazatlán,+52 66 9248 7678,sarahibatidaszatarain@gmail.com,https://wa.me/526692487678,https://www.facebook.com/search/pages/?q=Boutique%20Shop%20Fashion%20Mazatlán,"https://www.google.com/maps/search/?api=1&query=23.22317861,-106.4151737"
D Olivias Boutique,Mazatlán,+52 66 9289 6130,isabelcamacho@7gmail.com,https://wa.me/526692896130,https://www.facebook.com/search/pages/?q=D%20Olivias%20Boutique%20Mazatlán,"https://www.google.com/maps/search/?api=1&query=23.26342223,-106.3787117"
Diamantes Boutique,Mazatlán,+52 33 1195 2017,meabe_77@hotmail.com,https://wa.me/523311952017,https://www.facebook.com/search/pages/?q=Diamantes%20Boutique%20Mazatlán,"https://www.google.com/maps/search/?api=1&query=23.23185521,-106.4101547"
Dsahara Boutique,Mazatlán,+52 66 9154 2427,cm747295@gmail.com,https://wa.me/526691542427,https://www.facebook.com/search/pages/?q=Dsahara%20Boutique%20Mazatlán,"https://www.google.com/maps/search/?api=1&query=23.24114943,-106.4100092"
Faraha Boutique,Mazatlán,+52 66 9240 8271,fara_26@hotmail.com,https://wa.me/526692408271,https://www.facebook.com/search/pages/?q=Faraha%20Boutique%20Mazatlán,"https://www.google.com/maps/search/?api=1&query=23.23819807,-106.437427"
Fashion Paradise Aquiles Serdan,Mazatlán,+52 66 7784 2334,adaldguez@hotmail.com,https://wa.me/526677842334,https://HTTPS://FASHIONPARADISE.COM.MX/,"https://www.google.com/maps/search/?api=1&query=23.20135983,-106.4205309"
Florencia Fashion Clouse,Mazatlán,+52 66 9940 9781,florencia.fashion@hotmail.com,https://wa.me/526699409781,https://www.facebook.com/search/pages/?q=Florencia%20Fashion%20Clouse%20Mazatlán,"https://www.google.com/maps/search/?api=1&query=23.23911926,-106.4448672"
Hercules Boutique,Mazatlán,+52 66 9984 3333,calzafacil918@yahoo.com.mx,https://wa.me/526699843333,https://WWW.CALZAFACIL.COM.MX/,"https://www.google.com/maps/search/?api=1&query=23.24448122,-106.419621"
Kates Boutique,Mazatlán,+52 66 9920 4076,ND,https://wa.me/526699204076,https://WWW.KATESBOUTIQUE.COM/,"https://www.google.com/maps/search/?api=1&query=23.20439159,-106.4199725"
Magaly Guevara Store,Mazatlán,+52 66 9159 8539,magy.guevara0210@gmail.com,https://wa.me/526691598539,https://www.facebook.com/search/pages/?q=Magaly%20Guevara%20Store%20Mazatlán,"https://www.google.com/maps/search/?api=1&query=23.28892047,-106.4223422"
Scarleth Boutique,Mazatlán,+52 66 9211 0309,izabel_princess@hotmail.com,https://wa.me/526692110309,https://www.facebook.com/search/pages/?q=Scarleth%20Boutique%20Mazatlán,"https://www.google.com/maps/search/?api=1&query=23.23819807,-106.437427"
Altheza Boutique,Mazatlán,+52 66 9149 4965,ND,https://wa.me/526691494965,https://www.facebook.com/search/pages/?q=Altheza%20Boutique%20Mazatlán,"https://www.google.com/maps/search/?api=1&query=23.265966,-106.4046156"
Anabel Boutique Caballero,Mazatlán,+52 66 9148 0968,ND,https://wa.me/526691480968,https://www.facebook.com/search/pages/?q=Anabel%20Boutique%20Caballero%20Mazatlán,"https://www.google.com/maps/search/?api=1&query=23.2598391,-106.3806745"
Angies Boutique,Mazatlán,+52 66 9982 1202,ND,https://wa.me/526699821202,https://www.facebook.com/search/pages/?q=Angies%20Boutique%20Mazatlán,"https://www.google.com/maps/search/?api=1&query=23.23565495,-106.4215652"
Azteca Gift Shop,Mazatlán,+52 66 9914 0186,ND,https://wa.me/526699140186,https://www.facebook.com/search/pages/?q=Azteca%20Gift%20Shop%20Mazatlán,"https://www.google.com/maps/search/?api=1&query=23.24259971,-106.4526398"
Baron & Chula Store,Mazatlán,+52 66 9132 0572,ND,https://wa.me/526691320572,https://www.facebook.com/search/pages/?q=Baron%20%26%20Chula%20Store%20Mazatlán,"https://www.google.com/maps/search/?api=1&query=23.23819807,-106.437427"
Boutique Agatha,Mazatlán,+52 66 9278 7898,ND,https://wa.me/526692787898,https://www.facebook.com/search/pages/?q=Boutique%20Agatha%20Mazatlán,"https://www.google.com/maps/search/?api=1&query=23.24558839,-106.3883792"
Boutique Ana Store,Mazatlán,+52 66 9994 6016,ND,https://wa.me/526699946016,https://www.facebook.com/search/pages/?q=Boutique%20Ana%20Store%20Mazatlán,"https://www.google.com/maps/search/?api=1&query=23.25888102,-106.41427"
Boutique B&A,Mazatlán,+52 66 9270 3114,ND,https://wa.me/526692703114,https://www.facebook.com/search/pages/?q=Boutique%20B%26A%20Mazatlán,"https://www.google.com/maps/search/?api=1&query=23.24095574,-106.3787988"
Boutique Belen,Mazatlán,+52 66 9153 8840,ND,https://wa.me/526691538840,https://www.facebook.com/search/pages/?q=Boutique%20Belen%20Mazatlán,"https://www.google.com/maps/search/?api=1&query=23.24207475,-106.390217"
Boutique Clothing Mzt,Mazatlán,+52 66 9117 6005,ND,https://wa.me/526691176005,https://www.facebook.com/search/pages/?q=Boutique%20Clothing%20Mzt%20Mazatlán,"https://www.google.com/maps/search/?api=1&query=23.28574134,-106.3940535"
Boutique De Ropa El Baul De Pau,Mazatlán,+52 66 9196 6644,ND,https://wa.me/526691966644,https://www.facebook.com/search/pages/?q=Boutique%20De%20Ropa%20El%20Baul%20De%20Pau%20Mazatlán,"https://www.google.com/maps/search/?api=1&query=23.22968962,-106.4082528"
Boutique Diva,Mazatlán,+52 66 9446 2460,ND,https://wa.me/526694462460,https://www.facebook.com/search/pages/?q=Boutique%20Diva%20Mazatlán,"https://www.google.com/maps/search/?api=1&query=23.22921186,-106.4055532"
Boutique Dniz,Mazatlán,+52 66 9940 0558,ND,https://wa.me/526699400558,https://www.facebook.com/search/pages/?q=Boutique%20Dniz%20Mazatlán,"https://www.google.com/maps/search/?api=1&query=23.24962721,-106.4073347"
Boutique Dulce Moda,Mazatlán,+52 66 9145 1887,ND,https://wa.me/526691451887,https://www.facebook.com/search/pages/?q=Boutique%20Dulce%20Moda%20Mazatlán,"https://www.google.com/maps/search/?api=1&query=23.26911961,-106.3818419"
Boutique Edith,Mazatlán,+52 66 9122 3159,ND,https://wa.me/526691223159,https://www.facebook.com/search/pages/?q=Boutique%20Edith%20Mazatlán,"https://www.google.com/maps/search/?api=1&query=23.25571071,-106.4238625"
Boutique Gadens,Mazatlán,+52 66 9441 0854,ND,https://wa.me/526694410854,https://www.facebook.com/search/pages/?q=Boutique%20Gadens%20Mazatlán,"https://www.google.com/maps/search/?api=1&query=23.25103585,-106.3752071"
Boutique Horus,Mazatlán,+52 66 9116 6666,ND,https://wa.me/526691166666,https://www.facebook.com/search/pages/?q=Boutique%20Horus%20Mazatlán,"https://www.google.com/maps/search/?api=1&query=23.20357391,-106.4203583"
Boutique La Esquina,Mazatlán,+52 66 9161 7549,ND,https://wa.me/526691617549,https://www.facebook.com/search/pages/?q=Boutique%20La%20Esquina%20Mazatlán,"https://www.google.com/maps/search/?api=1&query=23.20351144,-106.4204368"
Boutique La Ezquina,Mazatlán,+52 66 9167 7549,ND,https://wa.me/526691677549,https://www.facebook.com/search/pages/?q=Boutique%20La%20Ezquina%20Mazatlán,"https://www.google.com/maps/search/?api=1&query=23.20284446,-106.4199793"
Boutique Lomas Top Qc,Mazatlán,+52 66 9247 4040,ND,https://wa.me/526692474040,https://www.facebook.com/search/pages/?q=Boutique%20Lomas%20Top%20Qc%20Mazatlán,"https://www.google.com/maps/search/?api=1&query=23.23300784,-106.4226566"
Boutique Lorna,Mazatlán,+52 66 9254 4899,ND,https://wa.me/526692544899,https://www.facebook.com/search/pages/?q=Boutique%20Lorna%20Mazatlán,"https://www.google.com/maps/search/?api=1&query=23.25054825,-106.4332053"
Boutique Lupita,Mazatlán,+52 66 9253 7481,ND,https://wa.me/526692537481,https://www.facebook.com/search/pages/?q=Boutique%20Lupita%20Mazatlán,"https://www.google.com/maps/search/?api=1&query=23.20276142,-106.4205078"
Boutique M Y M,Mazatlán,+52 66 9213 4813,ND,https://wa.me/526692134813,https://www.facebook.com/search/pages/?q=Boutique%20M%20Y%20M%20Mazatlán,"https://www.google.com/maps/search/?api=1&query=23.24851161,-106.4255235"
Boutique Mariana,Mazatlán,+52 66 9160 7988,ND,https://wa.me/526691607988,https://www.facebook.com/search/pages/?q=Boutique%20Mariana%20Mazatlán,"https://www.google.com/maps/search/?api=1&query=23.22933219,-106.3698699"
Boutique Martha Alanis,Mazatlán,+52 66 9102 3035,ND,https://wa.me/526691023035,https://www.facebook.com/search/pages/?q=Boutique%20Martha%20Alanis%20Mazatlán,"https://www.google.com/maps/search/?api=1&query=23.2692329,-106.3881686"
Boutique Michel,Mazatlán,+52 66 9283 1432,ND,https://wa.me/526692831432,https://www.facebook.com/search/pages/?q=Boutique%20Michel%20Mazatlán,"https://www.google.com/maps/search/?api=1&query=23.24217076,-106.3887869"
Boutique Mireya Peraza,Mazatlán,+52 66 9275 1039,ND,https://wa.me/526692751039,https://www.facebook.com/search/pages/?q=Boutique%20Mireya%20Peraza%20Mazatlán,"https://www.google.com/maps/search/?api=1&query=23.24263828,-106.4269805"
Boutique Moda Y Estilo Eunice,Mazatlán,+52 66 9227 7394,ND,https://wa.me/526692277394,https://www.facebook.com/search/pages/?q=Boutique%20Moda%20Y%20Estilo%20Eunice%20Mazatlán,"https://www.google.com/maps/search/?api=1&query=23.26701278,-106.3830214"
Boutique Nane,Mazatlán,+52 66 9116 5772,ND,https://wa.me/526691165772,https://www.facebook.com/search/pages/?q=Boutique%20Nane%20Mazatlán,"https://www.google.com/maps/search/?api=1&query=23.24369319,-106.428626"
Boutique Proboka,Mazatlán,+52 66 9173 7491,ND,https://wa.me/526691737491,https://www.facebook.com/search/pages/?q=Boutique%20Proboka%20Mazatlán,"https://www.google.com/maps/search/?api=1&query=23.259849,-106.3813862"
Boutique Romana,Mazatlán,+52 66 9253 5266,ND,https://wa.me/526692535266,https://www.facebook.com/search/pages/?q=Boutique%20Romana%20Mazatlán,"https://www.google.com/maps/search/?api=1&query=23.25285839,-106.4260129"
Boutique Rufinas,Mazatlán,+52 66 9280 9223,ND,https://wa.me/526692809223,https://www.facebook.com/search/pages/?q=Boutique%20Rufinas%20Mazatlán,"https://www.google.com/maps/search/?api=1&query=23.2098854,-106.4174999"
Boutique Sarai,Mazatlán,+52 66 9109 4997,ND,https://wa.me/526691094997,https://www.facebook.com/search/pages/?q=Boutique%20Sarai%20Mazatlán,"https://www.google.com/maps/search/?api=1&query=23.27864862,-106.4008657"
Boutique Sc,Mazatlán,+52 66 9269 0543,ND,https://wa.me/526692690543,https://www.facebook.com/search/pages/?q=Boutique%20Sc%20Mazatlán,"https://www.google.com/maps/search/?api=1&query=23.26059244,-106.3800889"
Boutique Serafina,Mazatlán,+52 66 9270 8258,ND,https://wa.me/526692708258,https://www.facebook.com/search/pages/?q=Boutique%20Serafina%20Mazatlán,"https://www.google.com/maps/search/?api=1&query=23.2442784,-106.4287043"
Boutique Sh,Mazatlán,+52 66 9193 9694,ND,https://wa.me/526691939694,https://www.facebook.com/search/pages/?q=Boutique%20Sh%20Mazatlán,"https://www.google.com/maps/search/?api=1&query=23.26203088,-106.3760132"
Boutique Shein,Mazatlán,+52 66 9223 2585,ND,https://wa.me/526692232585,https://www.facebook.com/search/pages/?q=Boutique%20Shein%20Mazatlán,"https://www.google.com/maps/search/?api=1&query=23.25552845,-106.4013475"
Boutique Susan,Mazatlán,+52 66 9441 9486,ND,https://wa.me/526694419486,https://www.facebook.com/search/pages/?q=Boutique%20Susan%20Mazatlán,"https://www.google.com/maps/search/?api=1&query=23.22237802,-106.3818255"
Boutique Zuza Fashion,Mazatlán,+52 66 9932 8165,ND,https://wa.me/526699328165,https://www.facebook.com/search/pages/?q=Boutique%20Zuza%20Fashion%20Mazatlán,"https://www.google.com/maps/search/?api=1&query=23.23007986,-106.4059175"
Boutiquebs,Mazatlán,+52 66 9145 1907,ND,https://wa.me/526691451907,https://www.facebook.com/search/pages/?q=Boutiquebs%20Mazatlán,"https://www.google.com/maps/search/?api=1&query=23.19005305,-106.3294158"
Bv Breve Clothing Store,Mazatlán,+52 66 9932 3469,ND,https://wa.me/526699323469,https://www.facebook.com/search/pages/?q=Bv%20Breve%20Clothing%20Store%20Mazatlán,"https://www.google.com/maps/search/?api=1&query=23.23928485,-106.4120021"
Carmelitas Boutique,Mazatlán,+52 66 9983 6580,ND,https://wa.me/526699836580,https://www.facebook.com/search/pages/?q=Carmelitas%20Boutique%20Mazatlán,"https://www.google.com/maps/search/?api=1&query=23.23740395,-106.4302373"
Carolina Store Boutique,Mazatlán,+52 66 9172 1627,ND,https://wa.me/526691721627,https://www.facebook.com/search/pages/?q=Carolina%20Store%20Boutique%20Mazatlán,"https://www.google.com/maps/search/?api=1&query=23.27535087,-106.433884"
Cb Castle Boutique,Mazatlán,+52 66 9238 1633,ND,https://wa.me/526692381633,https://www.facebook.com/search/pages/?q=Cb%20Castle%20Boutique%20Mazatlán,"https://www.google.com/maps/search/?api=1&query=23.2381487,-106.4113454"
D Moda Mazatlan Ropa Para Mujeres,Mazatlán,+52 66 9102 1005,ND,https://wa.me/526691021005,https://www.facebook.com/search/pages/?q=D%20Moda%20Mazatlan%20Ropa%20Para%20Mujeres%20Mazatlán,"https://www.google.com/maps/search/?api=1&query=23.23022594,-106.4040808"
Dann Boutique,Mazatlán,+52 66 9262 5747,ND,https://wa.me/526692625747,https://www.facebook.com/search/pages/?q=Dann%20Boutique%20Mazatlán,"https://www.google.com/maps/search/?api=1&query=23.22073831,-106.4110603"
Dayana Store,Mazatlán,+52 66 9988 5614,ND,https://wa.me/526699885614,https://www.facebook.com/search/pages/?q=Dayana%20Store%20Mazatlán,"https://www.google.com/maps/search/?api=1&query=23.24207475,-106.390217"
Delfina Shop Bikinis,Mazatlán,+52 66 9139 6631,ND,https://wa.me/526691396631,https://www.facebook.com/search/pages/?q=Delfina%20Shop%20Bikinis%20Mazatlán,"https://www.google.com/maps/search/?api=1&query=23.24333684,-106.4534941"
Dny Boutique,Mazatlán,+52 66 9246 4146,ND,https://wa.me/526692464146,https://www.facebook.com/search/pages/?q=Dny%20Boutique%20Mazatlán,"https://www.google.com/maps/search/?api=1&query=23.28379182,-106.42636"
Ellas Boutique,Mazatlán,+52 66 9180 1711,ND,https://wa.me/526691801711,https://www.facebook.com/search/pages/?q=Ellas%20Boutique%20Mazatlán,"https://www.google.com/maps/search/?api=1&query=23.25721818,-106.4063914"
Engel Boutique,Mazatlán,+52 66 9100 0257,ND,https://wa.me/526691000257,https://www.facebook.com/search/pages/?q=Engel%20Boutique%20Mazatlán,"https://www.google.com/maps/search/?api=1&query=23.22998316,-106.4056371"
Eres Boutique,Mazatlán,+52 66 9122 8847,ND,https://wa.me/526691228847,https://www.facebook.com/search/pages/?q=Eres%20Boutique%20Mazatlán,"https://www.google.com/maps/search/?api=1&query=23.2027655,-106.4201448"
Esthela Boutique,Mazatlán,+52 66 9981 5054,ND,https://wa.me/526699815054,https://www.facebook.com/search/pages/?q=Esthela%20Boutique%20Mazatlán,"https://www.google.com/maps/search/?api=1&query=23.20142148,-106.4213568"
Esthibaly Shoe Shop,Mazatlán,+52 66 9152 7231,ND,https://wa.me/526691527231,https://www.facebook.com/search/pages/?q=Esthibaly%20Shoe%20Shop%20Mazatlán,"https://www.google.com/maps/search/?api=1&query=23.25900478,-106.3952353"
Estraxxs Boutique,Mazatlán,+52 66 9981 1757,ND,https://wa.me/526699811757,https://www.facebook.com/search/pages/?q=Estraxxs%20Boutique%20Mazatlán,"https://www.google.com/maps/search/?api=1&query=23.20144407,-106.4209252"
Faraha Boutique,Mazatlán,+52 66 9229 1798,ND,https://wa.me/526692291798,https://www.facebook.com/search/pages/?q=Faraha%20Boutique%20Mazatlán,"https://www.google.com/maps/search/?api=1&query=23.24448122,-106.419621"
Gama Store,Mazatlán,+52 66 9163 8829,ND,https://wa.me/526691638829,https://www.facebook.com/search/pages/?q=Gama%20Store%20Mazatlán,"https://www.google.com/maps/search/?api=1&query=23.24577245,-106.423056"
Ileana Quintero Boutique,Mazatlán,+52 66 9250 2859,ND,https://wa.me/526692502859,https://www.facebook.com/search/pages/?q=Ileana%20Quintero%20Boutique%20Mazatlán,"https://www.google.com/maps/search/?api=1&query=23.24921191,-106.4363603"
Ind Style Boutique,Mazatlán,+52 66 9102 9760,ND,https://wa.me/526691029760,https://www.facebook.com/search/pages/?q=Ind%20Style%20Boutique%20Mazatlán,"https://www.google.com/maps/search/?api=1&query=23.23485345,-106.4131917"
Jl Shop,Mazatlán,+52 66 9230 7646,ND,https://wa.me/526692307646,https://www.facebook.com/search/pages/?q=Jl%20Shop%20Mazatlán,"https://www.google.com/maps/search/?api=1&query=23.24488106,-106.4266878"
Kari Boutique,Mazatlán,+52 66 9174 5518,ND,https://wa.me/526691745518,https://www.facebook.com/search/pages/?q=Kari%20Boutique%20Mazatlán,"https://www.google.com/maps/search/?api=1&query=23.26515547,-106.389775"
Ks Boutique,Mazatlán,+52 66 9280 5749,ND,https://wa.me/526692805749,https://www.facebook.com/search/pages/?q=Ks%20Boutique%20Mazatlán,"https://www.google.com/maps/search/?api=1&query=23.27082986,-106.4082241"
L Jeans,Mazatlán,+52 66 9263 3207,ND,https://wa.me/526692633207,https://www.facebook.com/search/pages/?q=L%20Jeans%20Mazatlán,"https://www.google.com/maps/search/?api=1&query=23.20416403,-106.4207677"
La Maria Boutique,Mazatlán,+52 66 9332 0889,ND,https://wa.me/526693320889,https://www.facebook.com/search/pages/?q=La%20Maria%20Boutique%20Mazatlán,"https://www.google.com/maps/search/?api=1&query=23.25596454,-106.4155254"
Ladies Boutique,Mazatlán,+52 66 9188 7953,ND,https://wa.me/526691887953,https://www.facebook.com/search/pages/?q=Ladies%20Boutique%20Mazatlán,"https://www.google.com/maps/search/?api=1&query=23.20260663,-106.4197299"
Le Mami Shop,Mazatlán,+52 66 9216 2527,ND,https://wa.me/526692162527,https://www.facebook.com/search/pages/?q=Le%20Mami%20Shop%20Mazatlán,"https://www.google.com/maps/search/?api=1&query=23.23810085,-106.4111319"
Lobos Shop,Mazatlán,+52 66 9162 3874,ND,https://wa.me/526691623874,https://www.facebook.com/search/pages/?q=Lobos%20Shop%20Mazatlán,"https://www.google.com/maps/search/?api=1&query=23.24712816,-106.4539184"
Lupita Boutique,Mazatlán,+52 66 7747 3840,ND,https://wa.me/526677473840,https://www.facebook.com/search/pages/?q=Lupita%20Boutique%20Mazatlán,"https://www.google.com/maps/search/?api=1&query=23.19019505,-106.3304804"
Martincillos Boutique,Mazatlán,+52 66 9940 5876,ND,https://wa.me/526699405876,https://www.facebook.com/search/pages/?q=Martincillos%20Boutique%20Mazatlán,"https://www.google.com/maps/search/?api=1&query=23.25721818,-106.4063914"
Max Moda Boutique,Mazatlán,+52 66 9101 0731,ND,https://wa.me/526691010731,https://www.facebook.com/search/pages/?q=Max%20Moda%20Boutique%20Mazatlán,"https://www.google.com/maps/search/?api=1&query=23.23569113,-106.4122046"
Minba Store,Mazatlán,+52 66 9994 8207,ND,https://wa.me/526699948207,https://www.facebook.com/search/pages/?q=Minba%20Store%20Mazatlán,"https://www.google.com/maps/search/?api=1&query=23.26087512,-106.3840809"
Mios Boutique,Mazatlán,+52 66 9263 7205,ND,https://wa.me/526692637205,https://www.facebook.com/search/pages/?q=Mios%20Boutique%20Mazatlán,"https://www.google.com/maps/search/?api=1&query=23.24597691,-106.4213237"
Mios Boutique,Mazatlán,+52 66 9533 0290,ND,https://wa.me/526695330290,https://www.facebook.com/search/pages/?q=Mios%20Boutique%20Mazatlán,"https://www.google.com/maps/search/?api=1&query=23.2464543,-106.4199789"
Moda Casual Nena,Mazatlán,+52 66 9110 8363,ND,https://wa.me/526691108363,https://www.facebook.com/search/pages/?q=Moda%20Casual%20Nena%20Mazatlán,"https://www.google.com/maps/search/?api=1&query=23.23017305,-106.4058323"
Moda Y Creacion P B,Mazatlán,+52 66 9438 4057,ND,https://wa.me/526694384057,https://www.facebook.com/search/pages/?q=Moda%20Y%20Creacion%20P%20B%20Mazatlán,"https://www.google.com/maps/search/?api=1&query=23.27298302,-106.3909106"
Modas Diana Lizeth,Mazatlán,+52 66 9262 1859,ND,https://wa.me/526692621859,https://www.facebook.com/search/pages/?q=Modas%20Diana%20Lizeth%20Mazatlán,"https://www.google.com/maps/search/?api=1&query=23.25910418,-106.3736684"
Modas Lupita,Mazatlán,+52 66 9227 1638,ND,https://wa.me/526692271638,https://www.facebook.com/search/pages/?q=Modas%20Lupita%20Mazatlán,"https://www.google.com/maps/search/?api=1&query=23.23124545,-106.4045304"
Mr Fashion Room,Mazatlán,+52 66 9100 7003,ND,https://wa.me/526691007003,https://www.facebook.com/search/pages/?q=Mr%20Fashion%20Room%20Mazatlán,"https://www.google.com/maps/search/?api=1&query=23.2454159,-106.4267273"
Musas Store,Mazatlán,+52 66 9213 1241,ND,https://wa.me/526692131241,https://www.facebook.com/search/pages/?q=Musas%20Store%20Mazatlán,"https://www.google.com/maps/search/?api=1&query=23.23077173,-106.4060175"
Mx Boutique,Mazatlán,+52 66 9994 7333,ND,https://wa.me/526699947333,https://www.facebook.com/search/pages/?q=Mx%20Boutique%20Mazatlán,"https://www.google.com/maps/search/?api=1&query=23.23819807,-106.437427"
Patrick Store,Mazatlán,+52 66 9929 1470,ND,https://wa.me/526699291470,https://www.facebook.com/search/pages/?q=Patrick%20Store%20Mazatlán,"https://www.google.com/maps/search/?api=1&query=23.25688262,-106.4402918"
Pedidos Y Boutique Shein,Mazatlán,+52 66 7309 6882,ND,https://wa.me/526673096882,https://www.facebook.com/search/pages/?q=Pedidos%20Y%20Boutique%20Shein%20Mazatlán,"https://www.google.com/maps/search/?api=1&query=23.27346934,-106.3763698"
Perlas Boutique,Mazatlán,+52 66 9162 8685,ND,https://wa.me/526691628685,https://www.facebook.com/search/pages/?q=Perlas%20Boutique%20Mazatlán,"https://www.google.com/maps/search/?api=1&query=23.2518627,-106.4271523"
Ragna Style,Mazatlán,+52 66 9228 7477,ND,https://wa.me/526692287477,https://www.facebook.com/search/pages/?q=Ragna%20Style%20Mazatlán,"https://www.google.com/maps/search/?api=1&query=23.27875054,-106.4473718"
Rrafis Boutique,Mazatlán,+52 66 9533 4508,ND,https://wa.me/526695334508,https://www.facebook.com/search/pages/?q=Rrafis%20Boutique%20Mazatlán,"https://www.google.com/maps/search/?api=1&query=23.23251568,-106.4034315"
Surf Store Boutique Ropa Para Caballero,Mazatlán,+52 66 9248 0464,ND,https://wa.me/526692480464,https://www.facebook.com/search/pages/?q=Surf%20Store%20Boutique%20Ropa%20Para%20Caballero%20Mazatlán,"https://www.google.com/maps/search/?api=1&query=23.25238949,-106.4131654"
Tienda De Ropa Afrodita Boutique,Mazatlán,+52 66 9198 1137,ND,https://wa.me/526691981137,https://www.facebook.com/search/pages/?q=Tienda%20De%20Ropa%20Afrodita%20Boutique%20Mazatlán,"https://www.google.com/maps/search/?api=1&query=23.23142601,-106.4089193"
Tienda De Ropa P&Ch Moda Y Estilo,Mazatlán,+52 66 9350 6890,ND,https://wa.me/526693506890,https://www.facebook.com/search/pages/?q=Tienda%20De%20Ropa%20P%26Ch%20Moda%20Y%20Estilo%20Mazatlán,"https://www.google.com/maps/search/?api=1&query=23.23786973,-106.3749029"
Villanas Boutique,Mazatlán,+52 66 9269 5661,ND,https://wa.me/526692695661,https://www.facebook.com/search/pages/?q=Villanas%20Boutique%20Mazatlán,"https://www.google.com/maps/search/?api=1&query=23.2729891,-106.4314766"
Zabdi Boutique,Mazatlán,+52 66 9174 6947,ND,https://wa.me/526691746947,https://www.facebook.com/search/pages/?q=Zabdi%20Boutique%20Mazatlán,"https://www.google.com/maps/search/?api=1&query=23.24273242,-106.38358"
Alexa Boutique,Mocorito,+52 67 3100 0730,ND,https://wa.me/526731000730,https://www.facebook.com/search/pages/?q=Alexa%20Boutique%20Mocorito,"https://www.google.com/maps/search/?api=1&query=25.47979289,-107.9256017"
Boutique Las Vegas,Mocorito,+52 67 3142 1672,ND,https://wa.me/526731421672,https://www.facebook.com/search/pages/?q=Boutique%20Las%20Vegas%20Mocorito,"https://www.google.com/maps/search/?api=1&query=25.48567847,-107.9223749"
Boutique Stilo,Mocorito,+52 67 3738 9520,ND,https://wa.me/526737389520,https://www.facebook.com/search/pages/?q=Boutique%20Stilo%20Mocorito,"https://www.google.com/maps/search/?api=1&query=25.47928421,-107.9241084"
Lalos Shop,Mocorito,+52 66 7775 1873,ND,https://wa.me/526677751873,https://www.facebook.com/search/pages/?q=Lalos%20Shop%20Mocorito,"https://www.google.com/maps/search/?api=1&query=25.47839178,-107.9231248"
Queen Boutique,Mocorito,+52 67 3114 2047,ND,https://wa.me/526731142047,https://www.facebook.com/search/pages/?q=Queen%20Boutique%20Mocorito,"https://www.google.com/maps/search/?api=1&query=25.48421434,-107.9219816"
Phx Store,Navolato,+52 67 2721 0974,recepcioncentro3@hotmail.com,https://wa.me/526727210974,https://www.facebook.com/search/pages/?q=Phx%20Store%20Navolato,"https://www.google.com/maps/search/?api=1&query=24.76789023,-107.6969168"
Sahara Boutique,Navolato,+52 66 7336 1492,sahara_boutique@hotmail.com,https://wa.me/526673361492,https://www.facebook.com/search/pages/?q=Sahara%20Boutique%20Navolato,"https://www.google.com/maps/search/?api=1&query=24.76617578,-107.6952147"
Bairi Boutique,Navolato,+52 67 2113 1693,ND,https://wa.me/526721131693,https://www.facebook.com/search/pages/?q=Bairi%20Boutique%20Navolato,"https://www.google.com/maps/search/?api=1&query=24.81913944,-107.6553076"
Beltran Original Store,Navolato,+52 66 7126 7092,ND,https://wa.me/526671267092,https://www.facebook.com/search/pages/?q=Beltran%20Original%20Store%20Navolato,"https://www.google.com/maps/search/?api=1&query=24.76750429,-107.701975"
Boutique,Navolato,+52 66 7130 0891,ND,https://wa.me/526671300891,https://www.facebook.com/search/pages/?q=Boutique%20Navolato,"https://www.google.com/maps/search/?api=1&query=24.65822684,-107.5395144"
Boutique Campo 21,Navolato,+52 66 7166 0410,ND,https://wa.me/526671660410,https://www.facebook.com/search/pages/?q=Boutique%20Campo%2021%20Navolato,"https://www.google.com/maps/search/?api=1&query=24.72621575,-107.6116179"
Boutique Dianita Ramirez,Navolato,+52 67 2854 7057,ND,https://wa.me/526728547057,https://www.facebook.com/search/pages/?q=Boutique%20Dianita%20Ramirez%20Navolato,"https://www.google.com/maps/search/?api=1&query=24.76721917,-107.6998141"
Boutique Grisel,Navolato,+52 66 7497 6121,ND,https://wa.me/526674976121,https://www.facebook.com/search/pages/?q=Boutique%20Grisel%20Navolato,"https://www.google.com/maps/search/?api=1&query=24.82234057,-107.6594535"
Boutique Isabella,Navolato,+52 66 7431 9002,ND,https://wa.me/526674319002,https://www.facebook.com/search/pages/?q=Boutique%20Isabella%20Navolato,"https://www.google.com/maps/search/?api=1&query=24.76698795,-107.6985298"
Boutique Kimberly,Navolato,+52 66 7415 8237,ND,https://wa.me/526674158237,https://www.facebook.com/search/pages/?q=Boutique%20Kimberly%20Navolato,"https://www.google.com/maps/search/?api=1&query=24.81915545,-107.6545417"
Boutique N Y L,Navolato,+52 67 2111 0320,ND,https://wa.me/526721110320,https://www.facebook.com/search/pages/?q=Boutique%20N%20Y%20L%20Navolato,"https://www.google.com/maps/search/?api=1&query=24.76728507,-107.6983524"
Boutique O Diosa,Navolato,+52 67 2118 0425,ND,https://wa.me/526721180425,https://www.facebook.com/search/pages/?q=Boutique%20O%20Diosa%20Navolato,"https://www.google.com/maps/search/?api=1&query=24.76705044,-107.6994684"
Boutique Sm,Navolato,+52 66 7162 0063,ND,https://wa.me/526671620063,https://www.facebook.com/search/pages/?q=Boutique%20Sm%20Navolato,"https://www.google.com/maps/search/?api=1&query=24.81899014,-107.6546383"
Capitan Store,Navolato,+52 66 7253 2578,ND,https://wa.me/526672532578,https://www.facebook.com/search/pages/?q=Capitan%20Store%20Navolato,"https://www.google.com/maps/search/?api=1&query=24.76796652,-107.6993128"
Centro Pantalonero,Navolato,+52 67 2721 0418,ND,https://wa.me/526727210418,https://www.facebook.com/search/pages/?q=Centro%20Pantalonero%20Navolato,"https://www.google.com/maps/search/?api=1&query=24.76864667,-107.6974895"
Chayito Boutique,Navolato,+52 66 7492 0445,ND,https://wa.me/526674920445,https://www.facebook.com/search/pages/?q=Chayito%20Boutique%20Navolato,"https://www.google.com/maps/search/?api=1&query=24.65872676,-107.5389992"
House 202 Boutique,Navolato,+52 66 7317 1917,ND,https://wa.me/526673171917,https://www.facebook.com/search/pages/?q=House%20202%20Boutique%20Navolato,"https://www.google.com/maps/search/?api=1&query=24.76909419,-107.6992944"
Isabellas Boutique,Navolato,+52 66 7303 4631,ND,https://wa.me/526673034631,https://www.facebook.com/search/pages/?q=Isabellas%20Boutique%20Navolato,"https://www.google.com/maps/search/?api=1&query=24.65796439,-107.5378461"
Katia Diaz Boutique,Navolato,+52 67 2126 9153,ND,https://wa.me/526721269153,https://www.facebook.com/search/pages/?q=Katia%20Diaz%20Boutique%20Navolato,"https://www.google.com/maps/search/?api=1&query=24.76697476,-107.699618"
L Percha Jeans,Navolato,+52 67 2854 1443,ND,https://wa.me/526728541443,https://www.facebook.com/search/pages/?q=L%20Percha%20Jeans%20Navolato,"https://www.google.com/maps/search/?api=1&query=24.76708574,-107.6976237"
Lina Rios Boutique,Navolato,+52 67 2118 9959,ND,https://wa.me/526721189959,https://www.facebook.com/search/pages/?q=Lina%20Rios%20Boutique%20Navolato,"https://www.google.com/maps/search/?api=1&query=24.76801604,-107.6951239"
Mi Boutique De Shein,Navolato,+52 66 7177 8346,ND,https://wa.me/526671778346,https://www.facebook.com/search/pages/?q=Mi%20Boutique%20De%20Shein%20Navolato,"https://www.google.com/maps/search/?api=1&query=24.77218989,-107.5544547"
Naiva Boutique,Navolato,+52 66 7389 2725,ND,https://wa.me/526673892725,https://www.facebook.com/search/pages/?q=Naiva%20Boutique%20Navolato,"https://www.google.com/maps/search/?api=1&query=24.76572743,-107.6986334"
Perlita Ortega Store,Navolato,+52 67 2114 6948,ND,https://wa.me/526721146948,https://www.facebook.com/search/pages/?q=Perlita%20Ortega%20Store%20Navolato,"https://www.google.com/maps/search/?api=1&query=24.7652661,-107.6974203"
Store Venta De Ropa,Navolato,+52 66 7482 1395,ND,https://wa.me/526674821395,https://www.facebook.com/search/pages/?q=Store%20Venta%20De%20Ropa%20Navolato,"https://www.google.com/maps/search/?api=1&query=24.76637139,-107.7024348"
Tienda Closet De Camila,Navolato,+52 67 2109 0259,ND,https://wa.me/526721090259,https://www.facebook.com/search/pages/?q=Tienda%20Closet%20De%20Camila%20Navolato,"https://www.google.com/maps/search/?api=1&query=24.81979484,-107.6559963"
Tienda De Ropa Surtimoda,Navolato,+52 67 2109 2674,ND,https://wa.me/526721092674,https://www.facebook.com/search/pages/?q=Tienda%20De%20Ropa%20Surtimoda%20Navolato,"https://www.google.com/maps/search/?api=1&query=24.76707503,-107.6990122"
Toda Diva Store Boutique,Navolato,+52 67 2125 0540,ND,https://wa.me/526721250540,https://www.facebook.com/search/pages/?q=Toda%20Diva%20Store%20Boutique%20Navolato,"https://www.google.com/maps/search/?api=1&query=24.75883534,-107.6932139"
Zarina Boutique,Navolato,+52 67 2125 0033,ND,https://wa.me/526721250033,https://www.facebook.com/search/pages/?q=Zarina%20Boutique%20Navolato,"https://www.google.com/maps/search/?api=1&query=24.7670968,-107.6991328"
Boutique A&R,Rosario,+52 69 5122 6705,ND,https://wa.me/526951226705,https://www.facebook.com/search/pages/?q=Boutique%20A%26R%20Rosario,"https://www.google.com/maps/search/?api=1&query=22.98641313,-105.855039"
Boutique Conchita,Rosario,+52 69 4952 1480,ND,https://wa.me/526949521480,https://www.facebook.com/search/pages/?q=Boutique%20Conchita%20Rosario,"https://www.google.com/maps/search/?api=1&query=22.98867108,-105.8542156"
Boutique De Pina,Rosario,+52 69 4952 0566,ND,https://wa.me/526949520566,https://www.facebook.com/search/pages/?q=Boutique%20De%20Pina%20Rosario,"https://www.google.com/maps/search/?api=1&query=22.99156023,-105.8544743"
Boutique Estrella,Rosario,+52 33 1314 3698,ND,https://wa.me/523313143698,https://www.facebook.com/search/pages/?q=Boutique%20Estrella%20Rosario,"https://www.google.com/maps/search/?api=1&query=22.99051466,-105.8549052"
Boutique Glagys,Rosario,+52 69 4108 0109,ND,https://wa.me/526941080109,https://www.facebook.com/search/pages/?q=Boutique%20Glagys%20Rosario,"https://www.google.com/maps/search/?api=1&query=22.98914086,-105.8543357"
Boutique Laura,Rosario,+52 69 4164 1556,ND,https://wa.me/526941641556,https://www.facebook.com/search/pages/?q=Boutique%20Laura%20Rosario,"https://www.google.com/maps/search/?api=1&query=22.98743582,-105.8547423"
Rm Boutique,Rosario,+52 69 4119 4066,ND,https://wa.me/526941194066,https://www.facebook.com/search/pages/?q=Rm%20Boutique%20Rosario,"https://www.google.com/maps/search/?api=1&query=22.98719022,-105.8549176"
Boutique Mimi,Salvador Alvarado,+52 67 3119 2444,ND,https://wa.me/526731192444,https://WWW.MIMIBOUTIQUE.COM/,"https://www.google.com/maps/search/?api=1&query=25.44671814,-108.0632929"
Fashion Paradise Guamuchil,Salvador Alvarado,+52 66 7784 2334,adaldguez@hotmail.com,https://wa.me/526677842334,https://HTTPS://FASHIONPARADISE.COM.MX/,"https://www.google.com/maps/search/?api=1&query=25.46235457,-108.0798965"
Palafox Boutique,Salvador Alvarado,+52 67 3133 0004,paulinapalafoxx@gmail.com,https://wa.me/526731330004,https://www.facebook.com/search/pages/?q=Palafox%20Boutique%20Salvador%20Alvarado,"https://www.google.com/maps/search/?api=1&query=25.45720458,-108.0838716"
Angelica Boutique,Salvador Alvarado,+52 67 3852 5156,ND,https://wa.me/526738525156,https://www.facebook.com/search/pages/?q=Angelica%20Boutique%20Salvador%20Alvarado,"https://www.google.com/maps/search/?api=1&query=25.48789532,-108.1658257"
Bodega Luxury Boutique,Salvador Alvarado,+52 67 3130 7015,ND,https://wa.me/526731307015,https://www.facebook.com/search/pages/?q=Bodega%20Luxury%20Boutique%20Salvador%20Alvarado,"https://www.google.com/maps/search/?api=1&query=25.45979156,-108.0840638"
Boutique,Salvador Alvarado,+52 67 3120 8987,ND,https://wa.me/526731208987,https://www.facebook.com/search/pages/?q=Boutique%20Salvador%20Alvarado,"https://www.google.com/maps/search/?api=1&query=25.47937465,-108.1574204"
Boutique Aa,Salvador Alvarado,+52 66 7408 3048,ND,https://wa.me/526674083048,https://www.facebook.com/search/pages/?q=Boutique%20Aa%20Salvador%20Alvarado,"https://www.google.com/maps/search/?api=1&query=25.46032875,-108.0821138"
Boutique Canicam,Salvador Alvarado,+52 67 3100 8161,ND,https://wa.me/526731008161,https://www.facebook.com/search/pages/?q=Boutique%20Canicam%20Salvador%20Alvarado,"https://www.google.com/maps/search/?api=1&query=25.45541373,-108.0683793"
Boutique Catam,Salvador Alvarado,+52 67 3100 1026,ND,https://wa.me/526731001026,https://www.facebook.com/search/pages/?q=Boutique%20Catam%20Salvador%20Alvarado,"https://www.google.com/maps/search/?api=1&query=25.45910383,-108.0830183"
Boutique Crazy Love Y More,Salvador Alvarado,+52 67 3732 7402,ND,https://wa.me/526737327402,https://www.facebook.com/search/pages/?q=Boutique%20Crazy%20Love%20Y%20More%20Salvador%20Alvarado,"https://www.google.com/maps/search/?api=1&query=25.46033067,-108.0823183"
Boutique Dcaf,Salvador Alvarado,+52 67 3119 5377,ND,https://wa.me/526731195377,https://www.facebook.com/search/pages/?q=Boutique%20Dcaf%20Salvador%20Alvarado,"https://www.google.com/maps/search/?api=1&query=25.44305325,-108.0632022"
Boutique Diana Lopez,Salvador Alvarado,+52 67 3143 0965,ND,https://wa.me/526731430965,https://www.facebook.com/search/pages/?q=Boutique%20Diana%20Lopez%20Salvador%20Alvarado,"https://www.google.com/maps/search/?api=1&query=25.45625963,-108.0671361"
Boutique Elegante,Salvador Alvarado,+52 67 3118 7234,ND,https://wa.me/526731187234,https://www.facebook.com/search/pages/?q=Boutique%20Elegante%20Salvador%20Alvarado,"https://www.google.com/maps/search/?api=1&query=25.45904105,-108.081545"
Boutique Jq Store,Salvador Alvarado,+52 67 3852 5878,ND,https://wa.me/526738525878,https://www.facebook.com/search/pages/?q=Boutique%20Jq%20Store%20Salvador%20Alvarado,"https://www.google.com/maps/search/?api=1&query=25.44707617,-108.0609505"
Boutique Renata S,Salvador Alvarado,+52 67 3732 2030,ND,https://wa.me/526737322030,https://www.facebook.com/search/pages/?q=Boutique%20Renata%20S%20Salvador%20Alvarado,"https://www.google.com/maps/search/?api=1&query=25.45333872,-108.0727259"
Boutique Scorpions,Salvador Alvarado,+52 67 3114 4729,ND,https://wa.me/526731144729,https://www.facebook.com/search/pages/?q=Boutique%20Scorpions%20Salvador%20Alvarado,"https://www.google.com/maps/search/?api=1&query=25.45993195,-108.0834262"
Briseyda Nav Fashion,Salvador Alvarado,+52 67 3148 1316,ND,https://wa.me/526731481316,https://www.facebook.com/search/pages/?q=Briseyda%20Nav%20Fashion%20Salvador%20Alvarado,"https://www.google.com/maps/search/?api=1&query=25.45549424,-108.0681527"
C0Co Boutique,Salvador Alvarado,+52 67 3134 0315,ND,https://wa.me/526731340315,https://www.facebook.com/search/pages/?q=C0Co%20Boutique%20Salvador%20Alvarado,"https://www.google.com/maps/search/?api=1&query=25.45777352,-108.0817692"
Caballero Negro Boutique,Salvador Alvarado,+52 67 3114 7085,ND,https://wa.me/526731147085,https://www.facebook.com/search/pages/?q=Caballero%20Negro%20Boutique%20Salvador%20Alvarado,"https://www.google.com/maps/search/?api=1&query=25.46072801,-108.0829552"
Caprichos Boutique,Salvador Alvarado,+52 67 3739 8815,ND,https://wa.me/526737398815,https://www.facebook.com/search/pages/?q=Caprichos%20Boutique%20Salvador%20Alvarado,"https://www.google.com/maps/search/?api=1&query=25.44684524,-108.0626896"
Carrillos Boutique,Salvador Alvarado,+52 67 3133 4584,ND,https://wa.me/526731334584,https://www.facebook.com/search/pages/?q=Carrillos%20Boutique%20Salvador%20Alvarado,"https://www.google.com/maps/search/?api=1&query=25.45901659,-108.0814933"
Carrillos Boutique,Salvador Alvarado,+52 67 3130 6990,ND,https://wa.me/526731306990,https://www.facebook.com/search/pages/?q=Carrillos%20Boutique%20Salvador%20Alvarado,"https://www.google.com/maps/search/?api=1&query=25.45983409,-108.0828528"
Citryk Boutique,Salvador Alvarado,+52 66 7406 1751,ND,https://wa.me/526674061751,https://www.facebook.com/search/pages/?q=Citryk%20Boutique%20Salvador%20Alvarado,"https://www.google.com/maps/search/?api=1&query=25.4601318,-108.0846275"
Else Moda Y Accesorios,Salvador Alvarado,+52 67 3143 7071,ND,https://wa.me/526731437071,https://www.facebook.com/search/pages/?q=Else%20Moda%20Y%20Accesorios%20Salvador%20Alvarado,"https://www.google.com/maps/search/?api=1&query=25.45786077,-108.0829404"
Exhimodas,Salvador Alvarado,+52 67 3732 1974,ND,https://wa.me/526737321974,https://www.facebook.com/search/pages/?q=Exhimodas%20Salvador%20Alvarado,"https://www.google.com/maps/search/?api=1&query=25.45990188,-108.0829956"
Iris Shop,Salvador Alvarado,+52 63 1126 0863,ND,https://wa.me/526311260863,https://www.facebook.com/search/pages/?q=Iris%20Shop%20Salvador%20Alvarado,"https://www.google.com/maps/search/?api=1&query=25.45956792,-108.0808914"
Ironic Boutique,Salvador Alvarado,+52 67 3133 8772,ND,https://wa.me/526731338772,https://www.facebook.com/search/pages/?q=Ironic%20Boutique%20Salvador%20Alvarado,"https://www.google.com/maps/search/?api=1&query=25.46097323,-108.085625"
J Y C Shop,Salvador Alvarado,+52 67 3114 3915,ND,https://wa.me/526731143915,https://www.facebook.com/search/pages/?q=J%20Y%20C%20Shop%20Salvador%20Alvarado,"https://www.google.com/maps/search/?api=1&query=25.44537943,-108.0691007"
L Jeans,Salvador Alvarado,+52 67 3101 5849,ND,https://wa.me/526731015849,https://www.facebook.com/search/pages/?q=L%20Jeans%20Salvador%20Alvarado,"https://www.google.com/maps/search/?api=1&query=25.45953744,-108.0825931"
Lobos Boutique,Salvador Alvarado,+52 66 7578 0457,ND,https://wa.me/526675780457,https://www.facebook.com/search/pages/?q=Lobos%20Boutique%20Salvador%20Alvarado,"https://www.google.com/maps/search/?api=1&query=25.46670644,-108.0766052"
Look Mens Boutique,Salvador Alvarado,+52 67 3141 4830,ND,https://wa.me/526731414830,https://www.facebook.com/search/pages/?q=Look%20Mens%20Boutique%20Salvador%20Alvarado,"https://www.google.com/maps/search/?api=1&query=25.46013586,-108.0824294"
Majos Shop,Salvador Alvarado,+52 67 3738 2262,ND,https://wa.me/526737382262,https://www.facebook.com/search/pages/?q=Majos%20Shop%20Salvador%20Alvarado,"https://www.google.com/maps/search/?api=1&query=25.45336246,-108.0645639"
Maxima Moda Casual,Salvador Alvarado,+52 67 3142 1213,ND,https://wa.me/526731421213,https://www.facebook.com/search/pages/?q=Maxima%20Moda%20Casual%20Salvador%20Alvarado,"https://www.google.com/maps/search/?api=1&query=25.46092239,-108.0841664"
Mb Boutique,Salvador Alvarado,+52 67 3852 0160,ND,https://wa.me/526738520160,https://www.facebook.com/search/pages/?q=Mb%20Boutique%20Salvador%20Alvarado,"https://www.google.com/maps/search/?api=1&query=25.45771152,-108.0831313"
Mens Clothing Boutique,Salvador Alvarado,+52 67 3134 7366,ND,https://wa.me/526731347366,https://www.facebook.com/search/pages/?q=Mens%20Clothing%20Boutique%20Salvador%20Alvarado,"https://www.google.com/maps/search/?api=1&query=25.45894091,-108.0822901"
Moda Y Marca Boutique,Salvador Alvarado,+52 66 7778 9284,ND,https://wa.me/526677789284,https://www.facebook.com/search/pages/?q=Moda%20Y%20Marca%20Boutique%20Salvador%20Alvarado,"https://www.google.com/maps/search/?api=1&query=25.4739554,-108.0724707"
Moon Boutique,Salvador Alvarado,+52 67 3114 6669,ND,https://wa.me/526731146669,https://www.facebook.com/search/pages/?q=Moon%20Boutique%20Salvador%20Alvarado,"https://www.google.com/maps/search/?api=1&query=25.45233264,-108.0719348"
Mv Boutique,Salvador Alvarado,+52 67 3852 1214,ND,https://wa.me/526738521214,https://www.facebook.com/search/pages/?q=Mv%20Boutique%20Salvador%20Alvarado,"https://www.google.com/maps/search/?api=1&query=25.44670389,-108.0622386"
Paris Boutique,Salvador Alvarado,+52 67 3138 5671,ND,https://wa.me/526731385671,https://www.facebook.com/search/pages/?q=Paris%20Boutique%20Salvador%20Alvarado,"https://www.google.com/maps/search/?api=1&query=25.48039362,-108.1666581"
Pink Store,Salvador Alvarado,+52 67 3143 1416,ND,https://wa.me/526731431416,https://www.facebook.com/search/pages/?q=Pink%20Store%20Salvador%20Alvarado,"https://www.google.com/maps/search/?api=1&query=25.45912963,-108.081369"
Stilo Boutique,Salvador Alvarado,+52 67 3103 5011,ND,https://wa.me/526731035011,https://www.facebook.com/search/pages/?q=Stilo%20Boutique%20Salvador%20Alvarado,"https://www.google.com/maps/search/?api=1&query=25.4602506,-108.0816338"
Vaqueros Jeans,Salvador Alvarado,+52 67 3118 6471,ND,https://wa.me/526731186471,https://www.facebook.com/search/pages/?q=Vaqueros%20Jeans%20Salvador%20Alvarado,"https://www.google.com/maps/search/?api=1&query=25.45986155,-108.0841023"
Wendy Boutique,Salvador Alvarado,+52 67 3106 1993,ND,https://wa.me/526731061993,https://www.facebook.com/search/pages/?q=Wendy%20Boutique%20Salvador%20Alvarado,"https://www.google.com/maps/search/?api=1&query=25.48141057,-108.1640818"
Yaels Boutique,Salvador Alvarado,+52 67 3143 6934,ND,https://wa.me/526731436934,https://www.facebook.com/search/pages/?q=Yaels%20Boutique%20Salvador%20Alvarado,"https://www.google.com/maps/search/?api=1&query=25.45300082,-108.0656029"
Bellas Shop,San Ignacio,+52 68 6244 0509,ND,https://wa.me/526862440509,https://www.facebook.com/search/pages/?q=Bellas%20Shop%20San%20Ignacio,"https://www.google.com/maps/search/?api=1&query=23.93884481,-106.4301127"
Shoppening Vianey,San Ignacio,+52 69 6110 8851,ND,https://wa.me/526961108851,https://www.facebook.com/search/pages/?q=Shoppening%20Vianey%20San%20Ignacio,"https://www.google.com/maps/search/?api=1&query=23.72402878,-106.7822404"
Tienda De Ropa Ar Shop,Sinaloa,+52 68 7104 5256,ND,https://wa.me/526871045256,https://www.facebook.com/search/pages/?q=Tienda%20De%20Ropa%20Ar%20Shop%20Sinaloa,"https://www.google.com/maps/search/?api=1&query=25.82373068,-108.2193676"
Tienda De Ropa Estilo,Sinaloa,+52 68 7133 4913,ND,https://wa.me/526871334913,https://www.facebook.com/search/pages/?q=Tienda%20De%20Ropa%20Estilo%20Sinaloa,"https://www.google.com/maps/search/?api=1&query=25.93695093,-108.3961654"
