nombre,municipio,teléfono,correo,WhatsApp,sitio_red,url_fuente
Fine Art,Allende,ND,ND,ND,ND,https://guiamexican.com/tiendas-de-ropa/allende-nuevo-leon
Tienda De Ropa C&G,Allende,ND,ND,ND,ND,https://guiamexican.com/tiendas-de-ropa/allende-nuevo-leon
Casa Enrique,Allende,ND,ND,ND,ND,https://guiamexican.com/tiendas-de-ropa/allende-nuevo-leon
Casa Alfonso Venta De Ropa Hombre,Allende,ND,ND,ND,ND,https://guiamexican.com/tiendas-de-ropa/allende-nuevo-leon
Flor Ex,Allende,ND,ND,ND,ND,https://guiamexican.com/tiendas-de-ropa/allende-nuevo-leon
Keyms Venta De Ropa Para Dama,Allende,ND,ND,ND,ND,https://guiamexican.com/tiendas-de-ropa/allende-nuevo-leon
Boutique Nautyluz Venta De Ropa Para Dama Y Caballero,Allende,ND,ND,ND,ND,https://guiamexican.com/tiendas-de-ropa/allende-nuevo-leon
Faena Tienda De Ropa,Allende,ND,ND,ND,ND,https://guiamexican.com/tiendas-de-ropa/allende-nuevo-leon
Romar Venta De Ropa Para Dama,Allende,ND,ND,ND,ND,https://guiamexican.com/tiendas-de-ropa/allende-nuevo-leon
"Colors Venta De Ropa,Bolsas Y Accesorios",Allende,ND,ND,ND,ND,https://guiamexican.com/tiendas-de-ropa/allende-nuevo-leon
Ropa Y Novedades Susy,Allende,ND,ND,ND,ND,https://guiamexican.com/tiendas-de-ropa/allende-nuevo-leon
Tienda De Ropa Kristy,Allende,ND,ND,ND,ND,https://guiamexican.com/tiendas-de-ropa/allende-nuevo-leon
Angelitos Fiestas Y Rodeo,Allende,ND,ND,ND,ND,https://guiamexican.com/tiendas-de-ropa/allende-nuevo-leon
Ropa De Moda Vicky,Allende,ND,ND,ND,ND,https://guiamexican.com/tiendas-de-ropa/allende-nuevo-leon
Tienda De Ropa Clau&Reny,Allende,ND,ND,ND,ND,https://guiamexican.com/tiendas-de-ropa/allende-nuevo-leon
Tienda De Ropa Vogue,Allende,ND,ND,ND,ND,https://guiamexican.com/tiendas-de-ropa/allende-nuevo-leon
Representación De Textiles Lm Flores,Allende,ND,ND,ND,ND,https://guiamexican.com/tiendas-de-ropa/allende-nuevo-leon
Sonia S Pricess Y Brides,Allende,ND,ND,ND,ND,https://guiamexican.com/tiendas-de-ropa/allende-nuevo-leon
346sensacion,Allende,ND,ND,ND,ND,https://guiamexican.com/tiendas-de-ropa/allende-nuevo-leon
Boutique Casual Erika,Allende,ND,ND,ND,ND,https://guiamexican.com/tiendas-de-ropa/allende-nuevo-leon
Boutique Bebe Ropa De Dama,Allende,ND,ND,ND,ND,https://guiamexican.com/tiendas-de-ropa/allende-nuevo-leon/page/2
Farer´S Venta De Ropa,Allende,ND,ND,ND,ND,https://guiamexican.com/tiendas-de-ropa/allende-nuevo-leon/page/2
Tienda De Ropa Shio,Allende,ND,ND,ND,ND,https://guiamexican.com/tiendas-de-ropa/allende-nuevo-leon/page/2
Shaddai Moda Y Accesorios,Allende,ND,ND,ND,ND,https://guiamexican.com/tiendas-de-ropa/allende-nuevo-leon/page/2
Boutique Euphoria,Allende,ND,ND,ND,ND,https://guiamexican.com/tiendas-de-ropa/allende-nuevo-leon/page/2
Boutique Rubi,Allende,ND,ND,ND,ND,https://guiamexican.com/tiendas-de-ropa/allende-nuevo-leon/page/2
Florería Y Novedades,Allende,ND,ND,ND,ND,https://guiamexican.com/tiendas-de-ropa/allende-nuevo-leon/page/2
Novedades Castro,Allende,ND,ND,ND,ND,https://guiamexican.com/tiendas-de-ropa/allende-nuevo-leon/page/2
Novedades Ana,Allende,ND,ND,ND,ND,https://guiamexican.com/tiendas-de-ropa/allende-nuevo-leon/page/2
Tienda De Ropa Adriana,Allende,ND,ND,ND,ND,https://guiamexican.com/tiendas-de-ropa/allende-nuevo-leon/page/2
Tiendita De Ropa,Allende,ND,ND,ND,ND,https://guiamexican.com/tiendas-de-ropa/allende-nuevo-leon/page/2
Tienda De Ropa,Allende,ND,ND,ND,ND,https://guiamexican.com/tiendas-de-ropa/allende-nuevo-leon/page/2
Ropa De Moda Eva,Allende,ND,ND,ND,ND,https://guiamexican.com/tiendas-de-ropa/allende-nuevo-leon/page/2
Adriana Moda,Allende,ND,ND,ND,ND,https://guiamexican.com/tiendas-de-ropa/allende-nuevo-leon/page/2
Faraon Tienda De Ropa Para Caballero,Allende,ND,ND,ND,ND,https://guiamexican.com/tiendas-de-ropa/allende-nuevo-leon/page/2
Estilok,Allende,ND,ND,ND,ND,https://guiamexican.com/tiendas-de-ropa/allende-nuevo-leon/page/2
Exotica,Allende,ND,ND,ND,ND,https://guiamexican.com/tiendas-de-ropa/allende-nuevo-leon/page/2
Fame Tienda De Ropa Para Dama,Allende,ND,ND,ND,ND,https://guiamexican.com/tiendas-de-ropa/allende-nuevo-leon/page/2
K-Stylo Cowboy,Allende,ND,ND,ND,ND,https://guiamexican.com/tiendas-de-ropa/allende-nuevo-leon/page/2
Infantiles Cecy Venta De Ropa Para Beebes,Allende,ND,ND,ND,ND,https://guiamexican.com/tiendas-de-ropa/allende-nuevo-leon/page/2
D Mark,Allende,ND,ND,ND,ND,https://guiamexican.com/tiendas-de-ropa/allende-nuevo-leon/page/3
La Tienda Del Centro,Allende,ND,ND,ND,ND,https://guiamexican.com/tiendas-de-ropa/allende-nuevo-leon/page/3
Novedades Betty,Allende,ND,ND,ND,ND,https://guiamexican.com/tiendas-de-ropa/allende-nuevo-leon/page/3
Tienda De Ropa Denisse,Allende,ND,ND,ND,ND,https://guiamexican.com/tiendas-de-ropa/allende-nuevo-leon/page/3
Venta De Ropa De Dama,Santa Catarina,ND,ND,ND,ND,https://guiamexican.com/tiendas-de-ropa/santa-catarina-nuevo-leon
Ropa Para Dama,Santa Catarina,ND,ND,ND,ND,https://guiamexican.com/tiendas-de-ropa/santa-catarina-nuevo-leon
Venta Por Internet,Santa Catarina,ND,ND,ND,ND,https://guiamexican.com/tiendas-de-ropa/santa-catarina-nuevo-leon
Acesorios Para Caballero,Santa Catarina,ND,ND,ND,ND,https://guiamexican.com/tiendas-de-ropa/santa-catarina-nuevo-leon
G Y Co,Santa Catarina,ND,ND,ND,ND,https://guiamexican.com/tiendas-de-ropa/santa-catarina-nuevo-leon
Suc. 75 Mty Soriana La Fama,Santa Catarina,ND,ND,ND,ND,https://guiamexican.com/tiendas-de-ropa/santa-catarina-nuevo-leon
D´Caro Boutique,Santa Catarina,ND,ND,ND,ND,https://guiamexican.com/tiendas-de-ropa/santa-catarina-nuevo-leon
Casa Raúl,Santa Catarina,ND,casaraul@yahoo.com.mx,ND,ND,https://guiamexican.com/tiendas-de-ropa/santa-catarina-nuevo-leon
Botuque Glysy,Santa Catarina,ND,ND,ND,ND,https://guiamexican.com/tiendas-de-ropa/santa-catarina-nuevo-leon
Boutique Sofdaly,Santa Catarina,ND,ND,ND,ND,https://guiamexican.com/tiendas-de-ropa/santa-catarina-nuevo-leon
El Buen Fin,Santa Catarina,ND,ND,ND,ND,https://guiamexican.com/tiendas-de-ropa/santa-catarina-nuevo-leon
Ropa Y Calzado Wendy,Santa Catarina,ND,ND,ND,ND,https://guiamexican.com/tiendas-de-ropa/santa-catarina-nuevo-leon
Boutique Magu,Santa Catarina,ND,ropamagu@hotmail.com,ND,ND,https://guiamexican.com/tiendas-de-ropa/santa-catarina-nuevo-leon
Boutique B & A,Santa Catarina,ND,ND,ND,ND,https://guiamexican.com/tiendas-de-ropa/santa-catarina-nuevo-leon
Es Casa,Santa Catarina,ND,ND,ND,ND,https://guiamexican.com/tiendas-de-ropa/santa-catarina-nuevo-leon
Visage Boutique,Santa Catarina,ND,ND,ND,ND,https://guiamexican.com/tiendas-de-ropa/santa-catarina-nuevo-leon
Boutique Diva,Santa Catarina,ND,ND,ND,ND,https://guiamexican.com/tiendas-de-ropa/santa-catarina-nuevo-leon
Boutique Joana,Santa Catarina,ND,oyuky.monsi@gmail.com,ND,ND,https://guiamexican.com/tiendas-de-ropa/santa-catarina-nuevo-leon
Boutique Melina,Santa Catarina,ND,ND,ND,ND,https://guiamexican.com/tiendas-de-ropa/santa-catarina-nuevo-leon
Boutique Mia,Santa Catarina,ND,ND,ND,ND,https://guiamexican.com/tiendas-de-ropa/santa-catarina-nuevo-leon/page/2
Boutique Natalia,Santa Catarina,ND,ND,ND,ND,https://guiamexican.com/tiendas-de-ropa/santa-catarina-nuevo-leon/page/2
Tienda De Ropa Y Calzado,Santa Catarina,ND,ND,ND,ND,https://guiamexican.com/tiendas-de-ropa/santa-catarina-nuevo-leon/page/2
Tt Blue,Santa Catarina,ND,ND,ND,ND,https://guiamexican.com/tiendas-de-ropa/santa-catarina-nuevo-leon/page/2
Uniformes Deportivos,Santa Catarina,ND,ND,ND,ND,https://guiamexican.com/tiendas-de-ropa/santa-catarina-nuevo-leon/page/2
Venta De Ropa Caballero,Santa Catarina,ND,ND,ND,ND,https://guiamexican.com/tiendas-de-ropa/santa-catarina-nuevo-leon/page/2
Venta De Ropa Para Caballero,Santa Catarina,ND,ND,ND,ND,https://guiamexican.com/tiendas-de-ropa/santa-catarina-nuevo-leon/page/2
Wendy Boutique,Santa Catarina,ND,ND,ND,ND,https://guiamexican.com/tiendas-de-ropa/santa-catarina-nuevo-leon/page/2
Uniformes E Impresiones Alfer,Santa Catarina,ND,uniformesalfer@gmail.com,ND,ND,https://guiamexican.com/tiendas-de-ropa/santa-catarina-nuevo-leon/page/3
Distribucion Y Confecciones Del Norte Sa De Cv,Santa Catarina,ND,ND,ND,ND,https://guiamexican.com/tiendas-de-ropa/santa-catarina-nuevo-leon/page/3
Mgx Boutique Para Caballero,Santa Catarina,ND,ND,ND,ND,https://guiamexican.com/tiendas-de-ropa/santa-catarina-nuevo-leon/page/3
Boutique De Ropa Mujer Bonita,Santa Catarina,ND,ND,ND,ND,https://guiamexican.com/tiendas-de-ropa/santa-catarina-nuevo-leon/page/3
Bellas Boutique,Santa Catarina,ND,papeleriayregalosmayde@hotmail.com,ND,ND,https://guiamexican.com/tiendas-de-ropa/santa-catarina-nuevo-leon/page/3
Boutique Paola,Santa Catarina,ND,ND,ND,ND,https://guiamexican.com/tiendas-de-ropa/santa-catarina-nuevo-leon/page/3
Diva Compañía,Santa Catarina,ND,atencioncliente@divacompany.com.mx,ND,ND,https://guiamexican.com/tiendas-de-ropa/santa-catarina-nuevo-leon/page/3
D Nany,Santa Catarina,ND,ND,ND,ND,https://guiamexican.com/tiendas-de-ropa/santa-catarina-nuevo-leon/page/3
Fairy Boutique,Santa Catarina,ND,ND,ND,ND,https://guiamexican.com/tiendas-de-ropa/santa-catarina-nuevo-leon/page/3
Ropa Para Caballero,Santa Catarina,ND,ND,ND,ND,https://guiamexican.com/tiendas-de-ropa/santa-catarina-nuevo-leon/page/3
Tienda De Ropa Sin,Santa Catarina,ND,ND,ND,ND,https://guiamexican.com/tiendas-de-ropa/santa-catarina-nuevo-leon/page/3
Venta De Ropa Dama,Santa Catarina,ND,ND,ND,ND,https://guiamexican.com/tiendas-de-ropa/santa-catarina-nuevo-leon/page/3
Venta De Ropa Para Dama Y Caballero,Santa Catarina,ND,ND,ND,ND,https://guiamexican.com/tiendas-de-ropa/santa-catarina-nuevo-leon/page/3
Venta De Ropa Para Toda La Familia,Santa Catarina,ND,ND,ND,ND,https://guiamexican.com/tiendas-de-ropa/santa-catarina-nuevo-leon/page/3
Kaliga,Santa Catarina,ND,ND,ND,ND,https://guiamexican.com/tiendas-de-ropa/santa-catarina-nuevo-leon/page/4
Venta De Ropa Para Dama Y Accesorios,Santa Catarina,ND,ND,ND,ND,https://guiamexican.com/tiendas-de-ropa/santa-catarina-nuevo-leon/page/4
Venta De Ropa De Caballero Edcam,García,8111552812,ND,ND,ND,https://guiamexican.com/tiendas-de-ropa/garcia
191 Sensacion,García,ND,ND,ND,ND,https://guiamexican.com/tiendas-de-ropa/garcia
Boutique Mi Familia,García,ND,ND,ND,ND,https://guiamexican.com/tiendas-de-ropa/garcia
De Briana Tienda De Ropa,García,ND,ND,ND,ND,https://guiamexican.com/tiendas-de-ropa/garcia
Tienda De Ropa La Gardenia,García,ND,ND,ND,ND,https://guiamexican.com/tiendas-de-ropa/garcia
Diva Fashion Forever,García,ND,ND,ND,ND,https://guiamexican.com/tiendas-de-ropa/garcia
Ropa Y Calzado,García,ND,ND,ND,ND,https://guiamexican.com/tiendas-de-ropa/garcia
Ropa Y Calzado Dmary,García,ND,ND,ND,ND,https://guiamexican.com/tiendas-de-ropa/garcia
La Gardenia Tienda De Ropa,García,ND,ND,ND,ND,https://guiamexican.com/tiendas-de-ropa/garcia
Boutique La Güera,García,ND,ND,ND,ND,https://guiamexican.com/tiendas-de-ropa/garcia
Boutique Gael,García,ND,ND,ND,ND,https://guiamexican.com/tiendas-de-ropa/garcia
Ruth Boutique,García,ND,ND,ND,ND,https://guiamexican.com/tiendas-de-ropa/garcia
Lorelys Ropa,García,ND,ND,ND,ND,https://guiamexican.com/tiendas-de-ropa/garcia
Venta De Ropa Para Dama,San Nicolás de los Garza,ND,ND,ND,ND,https://guiamexican.com/tiendas-de-ropa/san-nicolas-de-los-garza
Boutique Infantil Pekitas,San Nicolás de los Garza,ND,ND,ND,ND,https://guiamexican.com/tiendas-de-ropa/san-nicolas-de-los-garza
Venta De Ropa De Bebe Y Caballero,San Nicolás de los Garza,ND,ND,ND,ND,https://guiamexican.com/tiendas-de-ropa/san-nicolas-de-los-garza
Modish,San Nicolás de los Garza,ND,ND,ND,ND,https://guiamexican.com/tiendas-de-ropa/san-nicolas-de-los-garza
Happy Y Regalos,San Nicolás de los Garza,ND,ND,ND,ND,https://guiamexican.com/tiendas-de-ropa/san-nicolas-de-los-garza
Lexmi Boutique Caballero,San Nicolás de los Garza,ND,ND,ND,ND,https://guiamexican.com/tiendas-de-ropa/san-nicolas-de-los-garza
La Marqueza,San Nicolás de los Garza,ND,ND,ND,ND,https://guiamexican.com/tiendas-de-ropa/san-nicolas-de-los-garza
Suc 27 Ttb La Fe,San Nicolás de los Garza,ND,ND,ND,ND,https://guiamexican.com/tiendas-de-ropa/san-nicolas-de-los-garza
Chistrian Modas,San Nicolás de los Garza,ND,ND,ND,ND,https://guiamexican.com/tiendas-de-ropa/san-nicolas-de-los-garza
Aldo Conti - Trajes Para Caballero-,San Nicolás de los Garza,8183322834,ND,ND,ND,https://guiamexican.com/tiendas-de-ropa/san-nicolas-de-los-garza
Queen Prinsess,San Nicolás de los Garza,ND,ND,ND,ND,https://guiamexican.com/tiendas-de-ropa/san-nicolas-de-los-garza
Boutique A Y B,San Nicolás de los Garza,ND,ND,ND,ND,https://guiamexican.com/tiendas-de-ropa/san-nicolas-de-los-garza
27 Micras Internacional Sa De Cv (Aldo Conti Suc No 174 Anahuac,San Nicolás de los Garza,ND,ND,ND,ND,https://guiamexican.com/tiendas-de-ropa/san-nicolas-de-los-garza
Bon Chics Boutique,San Nicolás de los Garza,ND,ND,ND,ND,https://guiamexican.com/tiendas-de-ropa/san-nicolas-de-los-garza
Boutique Citlally,San Nicolás de los Garza,ND,ND,ND,ND,https://guiamexican.com/tiendas-de-ropa/san-nicolas-de-los-garza
Boutique Cleeks,San Nicolás de los Garza,ND,ND,ND,ND,https://guiamexican.com/tiendas-de-ropa/san-nicolas-de-los-garza
Boutique La Fe,San Nicolás de los Garza,ND,ND,ND,ND,https://guiamexican.com/tiendas-de-ropa/san-nicolas-de-los-garza
Boutique Libettes,San Nicolás de los Garza,ND,ND,ND,ND,https://guiamexican.com/tiendas-de-ropa/san-nicolas-de-los-garza
Caroline St Boutique,San Nicolás de los Garza,ND,ND,ND,ND,https://guiamexican.com/tiendas-de-ropa/san-nicolas-de-los-garza
Clasicos Store,San Nicolás de los Garza,ND,ND,ND,ND,https://guiamexican.com/tiendas-de-ropa/san-nicolas-de-los-garza
Innovación Boutique,San Nicolás de los Garza,ND,ND,ND,ND,https://guiamexican.com/tiendas-de-ropa/san-nicolas-de-los-garza/page/3
Berandy Boutique,San Nicolás de los Garza,ND,ND,ND,ND,https://guiamexican.com/tiendas-de-ropa/san-nicolas-de-los-garza/page/3
Boutique Dionicio,San Nicolás de los Garza,ND,ND,ND,ND,https://guiamexican.com/tiendas-de-ropa/san-nicolas-de-los-garza/page/3
Boutique Dres Up,San Nicolás de los Garza,ND,ND,ND,ND,https://guiamexican.com/tiendas-de-ropa/san-nicolas-de-los-garza/page/3
Boutique Glory Chic,San Nicolás de los Garza,ND,infoglorychic@gmail.com,ND,ND,https://guiamexican.com/tiendas-de-ropa/san-nicolas-de-los-garza/page/3
Boutique Jaitzel,San Nicolás de los Garza,ND,ND,ND,ND,https://guiamexican.com/tiendas-de-ropa/san-nicolas-de-los-garza/page/3
Karlin Boutique,San Nicolás de los Garza,ND,ND,ND,ND,https://guiamexican.com/tiendas-de-ropa/san-nicolas-de-los-garza/page/3
Letty Kids,San Nicolás de los Garza,ND,ND,ND,ND,https://guiamexican.com/tiendas-de-ropa/san-nicolas-de-los-garza/page/3
Reduced Monterrey 2 (10),San Nicolás de los Garza,ND,ND,ND,ND,https://guiamexican.com/tiendas-de-ropa/san-nicolas-de-los-garza/page/3
Regalos Y Novedades Sony,San Nicolás de los Garza,ND,ND,ND,ND,https://guiamexican.com/tiendas-de-ropa/san-nicolas-de-los-garza/page/3
Regalos Y Ropa Mary,San Nicolás de los Garza,ND,ND,ND,ND,https://guiamexican.com/tiendas-de-ropa/san-nicolas-de-los-garza/page/3
Ropa Y Regalos Alicia,San Nicolás de los Garza,ND,ND,ND,ND,https://guiamexican.com/tiendas-de-ropa/san-nicolas-de-los-garza/page/3
Cubilet,San Nicolás de los Garza,ND,ND,ND,ND,https://guiamexican.com/tiendas-de-ropa/san-nicolas-de-los-garza/page/3
Ivi Soluciones Comerciales,San Nicolás de los Garza,ND,ND,ND,ND,https://guiamexican.com/tiendas-de-ropa/san-nicolas-de-los-garza/page/3
Boutique Planet Girl,San Nicolás de los Garza,ND,ND,ND,ND,https://guiamexican.com/tiendas-de-ropa/san-nicolas-de-los-garza/page/3
Dasha Couture,San Nicolás de los Garza,ND,ND,ND,ND,https://guiamexican.com/tiendas-de-ropa/san-nicolas-de-los-garza/page/3
Itzel Boutique Y Accesorios,San Nicolás de los Garza,ND,ND,ND,ND,https://guiamexican.com/tiendas-de-ropa/san-nicolas-de-los-garza/page/3
Las Playeras Mx,San Nicolás de los Garza,ND,ND,ND,ND,https://guiamexican.com/tiendas-de-ropa/san-nicolas-de-los-garza/page/3
Eropo Accesorio Cincenta Y Uno,San Nicolás de los Garza,ND,ND,ND,ND,https://guiamexican.com/tiendas-de-ropa/san-nicolas-de-los-garza/page/3
Novedades Over,San Nicolás de los Garza,ND,ND,ND,ND,https://guiamexican.com/tiendas-de-ropa/san-nicolas-de-los-garza/page/3
5th Avenida,Montemorelos,ND,ND,ND,ND,https://guiamexican.com/tiendas-de-ropa/montemorelos
Soee Boutique,Montemorelos,ND,ND,ND,ND,https://guiamexican.com/tiendas-de-ropa/montemorelos
El Engel,Montemorelos,ND,ND,ND,ND,https://guiamexican.com/tiendas-de-ropa/montemorelos
Boutique Ferlissa,Montemorelos,ND,ND,ND,ND,https://guiamexican.com/tiendas-de-ropa/montemorelos
Morgan Ropa Y Accesorios,Montemorelos,ND,ND,ND,ND,https://guiamexican.com/tiendas-de-ropa/montemorelos
Suc. 109 Montemorelos,Montemorelos,ND,ND,ND,ND,https://guiamexican.com/tiendas-de-ropa/montemorelos
Wumart Uniformes Y Bordados,Montemorelos,ND,ND,ND,ND,https://guiamexican.com/tiendas-de-ropa/montemorelos
Mm Uniformes,Montemorelos,ND,ND,ND,ND,https://guiamexican.com/tiendas-de-ropa/montemorelos
Casa Richo,Montemorelos,ND,ND,ND,ND,https://guiamexican.com/tiendas-de-ropa/montemorelos
Sam Sara,Montemorelos,ND,ND,ND,ND,https://guiamexican.com/tiendas-de-ropa/montemorelos
Mens City,Montemorelos,ND,ND,ND,ND,https://guiamexican.com/tiendas-de-ropa/montemorelos
331 Sensacion,Montemorelos,ND,ND,ND,ND,https://guiamexican.com/tiendas-de-ropa/montemorelos
Ropa Y Novedades El Amigo,Montemorelos,ND,ND,ND,ND,https://guiamexican.com/tiendas-de-ropa/montemorelos
Tienda De Ropa Casa Canavati,Montemorelos,ND,ND,ND,ND,https://guiamexican.com/tiendas-de-ropa/montemorelos
Novedades Massy,Montemorelos,ND,ND,ND,ND,https://guiamexican.com/tiendas-de-ropa/montemorelos
Baby Blue,Montemorelos,ND,ND,ND,ND,https://guiamexican.com/tiendas-de-ropa/montemorelos
Boutique Diva,Montemorelos,ND,ND,ND,ND,https://guiamexican.com/tiendas-de-ropa/montemorelos
Conceptos,Montemorelos,ND,ND,ND,ND,https://guiamexican.com/tiendas-de-ropa/montemorelos
El Desconton,Montemorelos,ND,ND,ND,ND,https://guiamexican.com/tiendas-de-ropa/montemorelos
La Plazita,Montemorelos,ND,ND,ND,ND,https://guiamexican.com/tiendas-de-ropa/montemorelos
Venta De Ropa Mary,Juárez,ND,ND,ND,ND,https://guiamexican.com/tiendas-de-ropa/juarez-nuevo-leon
Novedades Busely,Juárez,ND,ND,ND,ND,https://guiamexican.com/tiendas-de-ropa/juarez-nuevo-leon
Lavoro,Juárez,ND,ND,ND,ND,https://guiamexican.com/tiendas-de-ropa/juarez-nuevo-leon
Suc 40,Juárez,ND,ND,ND,ND,https://guiamexican.com/tiendas-de-ropa/juarez-nuevo-leon
Boutique Salma Fashion,Juárez,ND,ND,ND,ND,https://guiamexican.com/tiendas-de-ropa/juarez-nuevo-leon
Ropa Y Novdades Valle Su,Juárez,ND,ND,ND,ND,https://guiamexican.com/tiendas-de-ropa/juarez-nuevo-leon
Venta De Ropa Mambo,Juárez,ND,ND,ND,ND,https://guiamexican.com/tiendas-de-ropa/juarez-nuevo-leon
Venta De Ropa Moster,Juárez,ND,ND,ND,ND,https://guiamexican.com/tiendas-de-ropa/juarez-nuevo-leon
Marabutique,Juárez,ND,ND,ND,ND,https://guiamexican.com/tiendas-de-ropa/juarez-nuevo-leon
Dike,Juárez,ND,ND,ND,ND,https://guiamexican.com/tiendas-de-ropa/juarez-nuevo-leon
Karen Boutique,Juárez,ND,feedee@outlook.com,ND,ND,https://guiamexican.com/tiendas-de-ropa/juarez-nuevo-leon
Karina Boutique,Juárez,ND,ND,ND,ND,https://guiamexican.com/tiendas-de-ropa/juarez-nuevo-leon
La Bodegita,Juárez,ND,ND,ND,ND,https://guiamexican.com/tiendas-de-ropa/juarez-nuevo-leon
Novedades Giselle,Juárez,ND,ND,ND,ND,https://guiamexican.com/tiendas-de-ropa/juarez-nuevo-leon
Tienda De Regalos Y Novedades,Juárez,ND,ND,ND,ND,https://guiamexican.com/tiendas-de-ropa/juarez-nuevo-leon
Tt Blues,Juárez,ND,ND,ND,ND,https://guiamexican.com/tiendas-de-ropa/juarez-nuevo-leon
Boutique,Juárez,ND,ND,ND,ND,https://guiamexican.com/tiendas-de-ropa/juarez-nuevo-leon
Uniformes Escolares,Juárez,ND,ND,ND,ND,https://guiamexican.com/tiendas-de-ropa/juarez-nuevo-leon
Venta De Ropa Y Accesorios,Juárez,ND,ND,ND,ND,https://guiamexican.com/tiendas-de-ropa/juarez-nuevo-leon
Boutique Elva Nelly,Linares,ND,ND,ND,ND,https://guiamexican.com/tiendas-de-ropa/linares
Boutique All Style,Linares,ND,ND,ND,ND,https://guiamexican.com/tiendas-de-ropa/linares
Venta De Ropa Rolo Moda,Linares,ND,ND,ND,ND,https://guiamexican.com/tiendas-de-ropa/linares
Tienda De Ropa Yes,Linares,ND,ND,ND,ND,https://guiamexican.com/tiendas-de-ropa/linares
Boutique O.K.,Linares,ND,ND,ND,ND,https://guiamexican.com/tiendas-de-ropa/linares
Boutique Yen Y Bren,Linares,ND,nelly_yenybren@hotmail.com,ND,ND,https://guiamexican.com/tiendas-de-ropa/linares
Keroppi Tienda De Ropa Y Regalos,Linares,ND,ND,ND,ND,https://guiamexican.com/tiendas-de-ropa/linares
Tienda De Ropa Y Artículos Para Dama La Moda Al Día,Linares,ND,ND,ND,ND,https://guiamexican.com/tiendas-de-ropa/linares
Boutique Miami Mami,Linares,ND,ND,ND,ND,https://guiamexican.com/tiendas-de-ropa/linares
Tienda De Ropa De Colores,Linares,ND,ND,ND,ND,https://guiamexican.com/tiendas-de-ropa/linares
Boutique Kiwi,Linares,ND,ND,ND,ND,https://guiamexican.com/tiendas-de-ropa/linares
Boutique Mitozz,Linares,ND,ND,ND,ND,https://guiamexican.com/tiendas-de-ropa/linares
Tienda De Ropa Valiss,Linares,ND,ND,ND,ND,https://guiamexican.com/tiendas-de-ropa/linares
Super Tienda Lety,Linares,ND,ND,ND,ND,https://guiamexican.com/tiendas-de-ropa/linares
Isla Tienda De Ropa,Linares,ND,ND,ND,ND,https://guiamexican.com/tiendas-de-ropa/linares
Kitty Ropa Y Regalos,Linares,ND,ND,ND,ND,https://guiamexican.com/tiendas-de-ropa/linares
Boutique Nanis,Apodaca,8181454742,ND,ND,ND,https://guiamexican.com/tiendas-de-ropa/apodaca/page/6
Boutique De Caballeros,Apodaca,ND,ND,ND,ND,https://guiamexican.com/tiendas-de-ropa/apodaca/page/6
Boutique Diana,Apodaca,ND,dianaescalera.@hotmail.com,ND,ND,https://guiamexican.com/tiendas-de-ropa/apodaca/page/6
Boutique Kelly,Apodaca,ND,ND,ND,ND,https://guiamexican.com/tiendas-de-ropa/apodaca/page/6
De Cache,Apodaca,ND,ND,ND,ND,https://guiamexican.com/tiendas-de-ropa/apodaca/page/6
Pato Pampa,San Pedro Garza García,ND,ND,ND,ND,https://guiamexican.com/tiendas-de-ropa/san-pedro-garza-garcia
Emma Novias Cocktail,San Pedro Garza García,ND,tere@emmanovias.com,ND,ND,https://guiamexican.com/tiendas-de-ropa/san-pedro-garza-garcia
Narcisa Joyería Y Ropa Y Otros,San Pedro Garza García,ND,ND,ND,ND,https://guiamexican.com/tiendas-de-ropa/san-pedro-garza-garcia
La Cost Ropa Para Dama Y Caballero,San Pedro Garza García,ND,ND,ND,ND,https://guiamexican.com/tiendas-de-ropa/san-pedro-garza-garcia
Unike Moda Y Accesorios,San Pedro Garza García,ND,ND,ND,ND,https://guiamexican.com/tiendas-de-ropa/san-pedro-garza-garcia
Venta De Ropa Intima Intimissimi Calzedonia,San Pedro Garza García,ND,ND,ND,ND,https://guiamexican.com/tiendas-de-ropa/san-pedro-garza-garcia
Venta De Ropa Para Niños 100 Acres,San Pedro Garza García,ND,ND,ND,ND,https://guiamexican.com/tiendas-de-ropa/san-pedro-garza-garcia
Venta De Ropa Para Niños Lila Limon,San Pedro Garza García,ND,ND,ND,ND,https://guiamexican.com/tiendas-de-ropa/san-pedro-garza-garcia
Venta De Ropa Para Niños Nano,San Pedro Garza García,ND,ND,ND,ND,https://guiamexican.com/tiendas-de-ropa/san-pedro-garza-garcia
Venta De Vestidos Toska,San Pedro Garza García,ND,ND,ND,ND,https://guiamexican.com/tiendas-de-ropa/san-pedro-garza-garcia
Aldo Conti No 173 San Pedro Monterrey,San Pedro Garza García,ND,ND,ND,ND,https://guiamexican.com/tiendas-de-ropa/san-pedro-garza-garcia
Boutique De Ropa Y Accesorios,San Pedro Garza García,ND,ND,ND,ND,https://guiamexican.com/tiendas-de-ropa/san-pedro-garza-garcia
Express Tienda De Ropa,San Pedro Garza García,ND,ND,ND,ND,https://guiamexican.com/tiendas-de-ropa/san-pedro-garza-garcia
Turquoise,San Pedro Garza García,ND,ND,ND,ND,https://guiamexican.com/tiendas-de-ropa/san-pedro-garza-garcia
Moreno Margarita Boutique,San Pedro Garza García,ND,ND,ND,ND,https://guiamexican.com/tiendas-de-ropa/san-pedro-garza-garcia
De Baby Boutique,San Pedro Garza García,ND,ND,ND,ND,https://guiamexican.com/tiendas-de-ropa/san-pedro-garza-garcia
Hemisfere(Venta De Camisas Y Pantalones),San Pedro Garza García,ND,ND,ND,ND,https://guiamexican.com/tiendas-de-ropa/san-pedro-garza-garcia
4111 Tienda Monterrey,San Pedro Garza García,ND,ND,ND,ND,https://guiamexican.com/tiendas-de-ropa/san-pedro-garza-garcia
Acapela (Venta De Ropa Y Accesorios),San Pedro Garza García,ND,ND,ND,ND,https://guiamexican.com/tiendas-de-ropa/san-pedro-garza-garcia
Aldo Conti No 44 San Agustin Ii,San Pedro Garza García,ND,ND,ND,ND,https://guiamexican.com/tiendas-de-ropa/san-pedro-garza-garcia
Vittorioforti,San Pedro Garza García,ND,ND,ND,ND,https://guiamexican.com/tiendas-de-ropa/san-pedro-garza-garcia/page/3
Mango Premier Elegans,San Pedro Garza García,ND,ND,ND,ND,https://guiamexican.com/tiendas-de-ropa/san-pedro-garza-garcia/page/3
Tienda De Ropa Lolyta,San Pedro Garza García,ND,ND,ND,ND,https://guiamexican.com/tiendas-de-ropa/san-pedro-garza-garcia/page/3
Urban Chic Accesorios Para Dama Ropa Aretes,San Pedro Garza García,ND,ND,ND,ND,https://guiamexican.com/tiendas-de-ropa/san-pedro-garza-garcia/page/3
Eleven People Vestidos Y Accesorios,San Pedro Garza García,ND,beherrejon@hotmail.com,ND,ND,https://guiamexican.com/tiendas-de-ropa/san-pedro-garza-garcia/page/3
Jinsu Jeans,San Pedro Garza García,ND,ND,ND,ND,https://guiamexican.com/tiendas-de-ropa/san-pedro-garza-garcia/page/3
Guayaba,San Pedro Garza García,ND,ND,ND,ND,https://guiamexican.com/tiendas-de-ropa/san-pedro-garza-garcia/page/3
Casa Ricardos Ropa Para Hombre,San Pedro Garza García,ND,ND,ND,ND,https://guiamexican.com/tiendas-de-ropa/san-pedro-garza-garcia/page/3
Springfield San Pedro Boutique,San Pedro Garza García,ND,ND,ND,ND,https://guiamexican.com/tiendas-de-ropa/san-pedro-garza-garcia/page/3
Aldo Monterrey Boutique,San Pedro Garza García,8189882000,ND,ND,ND,https://guiamexican.com/tiendas-de-ropa/san-pedro-garza-garcia/page/3
Alexei Kids,San Pedro Garza García,ND,ND,ND,ND,https://guiamexican.com/tiendas-de-ropa/san-pedro-garza-garcia/page/3
Bcbg,San Pedro Garza García,ND,ND,ND,ND,https://guiamexican.com/tiendas-de-ropa/san-pedro-garza-garcia/page/3
Boutique Siris,San Pedro Garza García,ND,ND,ND,ND,https://guiamexican.com/tiendas-de-ropa/san-pedro-garza-garcia/page/3
Carolina (Tienda De Vestidos),San Pedro Garza García,ND,carolinacouture@gmail.com,ND,ND,https://guiamexican.com/tiendas-de-ropa/san-pedro-garza-garcia/page/3
Coco Lobo Shop,San Pedro Garza García,ND,ND,ND,ND,https://guiamexican.com/tiendas-de-ropa/san-pedro-garza-garcia/page/3
Cocolobo(Venta De Ropa),San Pedro Garza García,ND,ND,ND,ND,https://guiamexican.com/tiendas-de-ropa/san-pedro-garza-garcia/page/3
Emporio Armani Ropa Para Caballero Y Dama,San Pedro Garza García,ND,ND,ND,ND,https://guiamexican.com/tiendas-de-ropa/san-pedro-garza-garcia/page/3
Julio Plaza San Agustin,San Pedro Garza García,ND,ND,ND,ND,https://guiamexican.com/tiendas-de-ropa/san-pedro-garza-garcia/page/3
Lavoro Tienda De Ropa,San Pedro Garza García,ND,ND,ND,ND,https://guiamexican.com/tiendas-de-ropa/san-pedro-garza-garcia/page/3
Novelty Apparel Moda Casual De Dama,San Pedro Garza García,ND,ericka@noveltyapparel.com,ND,ND,https://guiamexican.com/tiendas-de-ropa/san-pedro-garza-garcia/page/3
ASIA 16,San Pedro Garza García,8189882000,ND,ND,ND,https://sanpedrogarzagarcia.com.mx/categoria/comercio-al-por-menor-de-ropa-excepto-de-bebe-y-lenceria
B MANGO MTY AGUSTÍN,San Pedro Garza García,8183684870,ND,ND,ND,https://sanpedrogarzagarcia.com.mx/categoria/comercio-al-por-menor-de-ropa-excepto-de-bebe-y-lenceria
BAMBINOS,San Pedro Garza García,8183637189,ND,ND,ND,https://sanpedrogarzagarcia.com.mx/categoria/comercio-al-por-menor-de-ropa-excepto-de-bebe-y-lenceria
BERNA BROWN (TIENDA DE ROPA),San Pedro Garza García,8189882000,ND,ND,ND,https://sanpedrogarzagarcia.com.mx/categoria/comercio-al-por-menor-de-ropa-excepto-de-bebe-y-lenceria
BERSHKA PLAZA FIESTA SAN AGUSTIN,San Pedro Garza García,8189882000,ND,ND,ND,https://sanpedrogarzagarcia.com.mx/categoria/comercio-al-por-menor-de-ropa-excepto-de-bebe-y-lenceria
BIMBA & LOLA VENTA DE ROPA PARA DAMAS Y ACCESORIOS,San Pedro Garza García,8189882000,ND,ND,ND,https://sanpedrogarzagarcia.com.mx/categoria/comercio-al-por-menor-de-ropa-excepto-de-bebe-y-lenceria
MM CHIVANAFASHION,San Pedro Garza García,8113706415,ND,ND,ND,https://sanpedrogarzagarcia.com.mx/categoria/comercio-al-por-menor-de-ropa-excepto-de-bebe-y-lenceria
BRUNO CORZA,San Pedro Garza García,8189882000,ND,ND,ND,https://sanpedrogarzagarcia.com.mx/categoria/comercio-al-por-menor-de-ropa-excepto-de-bebe-y-lenceria
CADENAMEX VENTA DE TELAS EUROPEAS,San Pedro Garza García,8183356929,ND,ND,ND,https://sanpedrogarzagarcia.com.mx/categoria/comercio-al-por-menor-de-ropa-excepto-de-bebe-y-lenceria
"CHICFLEA, BOUTIQUE",San Pedro Garza García,8119362400,ND,ND,ND,https://sanpedrogarzagarcia.com.mx/categoria/comercio-al-por-menor-de-ropa-excepto-de-bebe-y-lenceria
CHULA,San Pedro Garza García,8183356901,ND,ND,ND,https://sanpedrogarzagarcia.com.mx/categoria/comercio-al-por-menor-de-ropa-excepto-de-bebe-y-lenceria
"COMERCIO AL POR MENOR DE ROPA, EXCEPTO DE BEBÉ Y LENCERÍA",San Pedro Garza García,8189882000,ND,ND,ND,https://sanpedrogarzagarcia.com.mx/categoria/comercio-al-por-menor-de-ropa-excepto-de-bebe-y-lenceria
CORNOLIANI VENTA DE ROPA PARA CABALLERO,San Pedro Garza García,8189882000,ND,ND,ND,https://sanpedrogarzagarcia.com.mx/categoria/comercio-al-por-menor-de-ropa-excepto-de-bebe-y-lenceria
DIVA,San Pedro Garza García,8189882000,ND,ND,ND,https://sanpedrogarzagarcia.com.mx/categoria/comercio-al-por-menor-de-ropa-excepto-de-bebe-y-lenceria
DOCKERS MONTERREY,San Pedro Garza García,8189882000,ND,ND,ND,https://sanpedrogarzagarcia.com.mx/categoria/comercio-al-por-menor-de-ropa-excepto-de-bebe-y-lenceria
Araiza Modas,General Escobedo,ND,ND,ND,ND,https://www.guiamexican.com/confeccion-en-serie-de-ropa-exterior/general-escobedo
D France Braides,General Escobedo,ND,ND,ND,ND,https://www.guiamexican.com/confeccion-en-serie-de-ropa-exterior/general-escobedo
Confección De Vestidos De Fiesta Novia Y 15 Años Chelsea,General Escobedo,ND,ND,ND,ND,https://www.guiamexican.com/confeccion-en-serie-de-ropa-exterior/general-escobedo
Ashley Desings,General Escobedo,ND,ND,ND,ND,https://www.guiamexican.com/confeccion-en-serie-de-ropa-exterior/general-escobedo
Confección De Ropa Virgin,General Escobedo,ND,ND,ND,ND,https://www.guiamexican.com/confeccion-en-serie-de-ropa-exterior/general-escobedo
Confecciones Roma,General Escobedo,ND,ND,ND,ND,https://www.guiamexican.com/confeccion-en-serie-de-ropa-exterior/general-escobedo
Maquila De Ropa,General Escobedo,ND,ND,ND,ND,https://www.guiamexican.com/confeccion-en-serie-de-ropa-exterior/general-escobedo
Diseños Favher,General Escobedo,ND,ND,ND,ND,https://www.guiamexican.com/confeccion-en-serie-de-ropa-exterior/general-escobedo
Taller De Maquila Textil Y Serigrafía Antonio Hernandez Martinez,General Escobedo,ND,ND,ND,ND,https://www.guiamexican.com/confeccion-en-serie-de-ropa-exterior/general-escobedo
Confección En Serie De Otra Ropa Exterior De Materiales Textiles,General Escobedo,ND,ND,ND,ND,https://www.guiamexican.com/confeccion-en-serie-de-ropa-exterior/general-escobedo
Venta De Vestidos,General Escobedo,ND,ND,ND,ND,https://www.guiamexican.com/confeccion-en-serie-de-ropa-exterior/general-escobedo
Monarca Boutique,Guadalupe,ND,ND,ND,ND,https://guiamexican.com/tiendas-de-ropa/guadalupe-nuevo-leon
Venta De Ropa Para Dama,Guadalupe,ND,ND,ND,ND,https://guiamexican.com/tiendas-de-ropa/guadalupe-nuevo-leon
"Comercio Al Por Menor De Ropa, Excepto De Bebé Y Lencería",Guadalupe,ND,ND,ND,ND,https://guiamexican.com/tiendas-de-ropa/guadalupe-nuevo-leon
Venta De Ropa,Guadalupe,8111765720,ND,ND,ND,https://guiamexican.com/tiendas-de-ropa/guadalupe-nuevo-leon
Venta De Ropa Excepto De Bebé Y Lencería,Guadalupe,ND,ND,ND,ND,https://guiamexican.com/tiendas-de-ropa/guadalupe-nuevo-leon
Suburbia 4439,Monterrey,ND,ND,ND,ND,https://guiamexican.com/tiendas-departamentales/monterrey
Coppel Topochico 247,Monterrey,ND,ND,ND,ND,https://guiamexican.com/tiendas-departamentales/monterrey
Sears Esfera 252,Monterrey,ND,ND,ND,ND,https://guiamexican.com/tiendas-departamentales/monterrey
Suburbia 4003,Monterrey,ND,ND,ND,ND,https://guiamexican.com/tiendas-departamentales/monterrey
Zapateria El Nuevo Mundo,Monterrey,ND,ND,ND,ND,https://guiamexican.com/tiendas-departamentales/monterrey
Coppel Aztlán 114,Monterrey,ND,ND,ND,ND,https://guiamexican.com/tiendas-departamentales/monterrey
Coppel Mitras 496,Monterrey,ND,ND,ND,ND,https://guiamexican.com/tiendas-departamentales/monterrey
Coppel Plaza Lincoln 148,Monterrey,ND,ND,ND,ND,https://guiamexican.com/tiendas-departamentales/monterrey
Cuidado Con El Perro Suc 962 Monterrey,Monterrey,ND,ND,ND,ND,https://guiamexican.com/tiendas-departamentales/monterrey
Fabricas De Francia Mty Centro,Monterrey,ND,ND,ND,ND,https://guiamexican.com/tiendas-departamentales/monterrey
Sanborns Monterrey Americas,Monterrey,ND,ND,ND,ND,https://guiamexican.com/tiendas-departamentales/monterrey
Sanborns Monterrey Galerias,Monterrey,ND,ND,ND,ND,https://guiamexican.com/tiendas-departamentales/monterrey
Del Sol Sa De Cv Suc 152,Monterrey,ND,ND,ND,ND,https://guiamexican.com/tiendas-departamentales/monterrey
4kf Monterrey Suc 11201,Monterrey,ND,ND,ND,ND,https://guiamexican.com/tiendas-departamentales/monterrey
Venta De Ropa Para Bebe,San Pedro Garza García,ND,ND,ND,ND,https://guiamexican.com/actividad-economica/comercio-al-por-menor/san-pedro-garza-garcia
Romero Mc Paul,San Pedro Garza García,ND,ND,ND,ND,https://guiamexican.com/actividad-economica/comercio-al-por-menor/san-pedro-garza-garcia
Betan Court,San Pedro Garza García,8119682263,ND,ND,ND,https://guiamexican.com/actividad-economica/comercio-al-por-menor/san-pedro-garza-garcia
Gacomani,San Pedro Garza García,ND,ND,ND,ND,https://guiamexican.com/actividad-economica/comercio-al-por-menor/san-pedro-garza-garcia
Zapatería Vicia,San Pedro Garza García,ND,ND,ND,ND,https://guiamexican.com/actividad-economica/comercio-al-por-menor/san-pedro-garza-garcia
Mercería Y Venta De Ropa En Pequeño,San Pedro Garza García,ND,ND,ND,ND,https://guiamexican.com/actividad-economica/comercio-al-por-menor/san-pedro-garza-garcia
"Accesorios R S,Tienda De Ropa",San Pedro Garza García,ND,ND,ND,ND,https://guiamexican.com/actividad-economica/comercio-al-por-menor/san-pedro-garza-garcia
Boutique Infantil Colibri,San Pedro Garza García,ND,ND,ND,ND,https://guiamexican.com/actividad-economica/comercio-al-por-menor/san-pedro-garza-garcia
Plaza Amazonas Tienda de Ropa,San Pedro Garza García,ND,ND,ND,ND,https://mx.eldirectorio.co/empresas/san%2Bpedro%2Bgarza%2Bgarcia/tienda%2Bde%2Bropa
Tienda Mango,San Pedro Garza García,ND,ND,ND,ND,https://mx.eldirectorio.co/empresas/san%2Bpedro%2Bgarza%2Bgarcia/tienda%2Bde%2Bropa
Frv Tienda de Ropa,San Pedro Garza García,ND,ND,ND,ND,https://mx.eldirectorio.co/empresas/san%2Bpedro%2Bgarza%2Bgarcia/tienda%2Bde%2Bropa
Cuco Tienda de Ropa,San Pedro Garza García,ND,ND,ND,ND,https://mx.eldirectorio.co/empresas/san%2Bpedro%2Bgarza%2Bgarcia/tienda%2Bde%2Bropa
Barbara´s Boutique,San Pedro Garza García,ND,ND,ND,ND,https://mx.eldirectorio.co/empresas/san%2Bpedro%2Bgarza%2Bgarcia/tienda%2Bde%2Bropa
Heaven Tienda de Ropa,San Pedro Garza García,ND,ND,ND,ND,https://mx.eldirectorio.co/empresas/san%2Bpedro%2Bgarza%2Bgarcia/tienda%2Bde%2Bropa
AIRE Barcelona,San Pedro Garza García,ND,ND,ND,ND,https://mx.eldirectorio.co/empresas/san%2Bpedro%2Bgarza%2Bgarcia/tienda%2Bde%2Bropa
Acordeon - Tienda De Mireya,Santiago,ND,ND,ND,ND,https://guiamexican.com/tiendas-de-ropa/santiago
Tienda De Ropa,Santiago,ND,ND,ND,ND,https://guiamexican.com/tiendas-de-ropa/santiago
Boutique Deissa,Santiago,ND,ND,ND,ND,https://guiamexican.com/tiendas-de-ropa/santiago
Souvenirs Salazar,Santiago,ND,ND,ND,ND,https://guiamexican.com/tiendas-de-ropa/santiago
Tienda Los Ángeles Ropa Y Calzado,Santiago,ND,ND,ND,ND,https://guiamexican.com/tiendas-de-ropa/santiago
Faena,Santiago,ND,ND,ND,ND,https://guiamexican.com/tiendas-de-ropa/santiago
Butik Pink,Santiago,ND,ND,ND,ND,https://guiamexican.com/tiendas-de-ropa/santiago
Kristian Galerías,Santiago,ND,kg_21@hotmail.com,ND,ND,https://guiamexican.com/tiendas-de-ropa/santiago
Long Hard Ride,Santiago,ND,ND,ND,ND,https://guiamexican.com/tiendas-de-ropa/santiago
Maly,Santiago,ND,malinalli@hotmail.com,ND,ND,https://guiamexican.com/tiendas-de-ropa/santiago
Visión Moda Y Tradición,Santiago,ND,ND,ND,ND,https://guiamexican.com/tiendas-de-ropa/santiago
Ropa De Gloria,Santiago,ND,ND,ND,ND,https://guiamexican.com/tiendas-de-ropa/santiago
Ropa Y Novedades Sonia,Santiago,ND,ND,ND,ND,https://guiamexican.com/tiendas-de-ropa/santiago
Tienda De Ropa Jjclothing,Santiago,ND,ND,ND,ND,https://guiamexican.com/tiendas-de-ropa/santiago
Adriana,Santiago,ND,erodriguez@keydon.com,ND,ND,https://guiamexican.com/tiendas-de-ropa/santiago
Diva Fashion,Santiago,ND,janneth_berlanga@hotmail.com,ND,ND,https://guiamexican.com/tiendas-de-ropa/santiago
Marianita,Santiago,ND,ND,ND,ND,https://guiamexican.com/tiendas-de-ropa/santiago
Souvenirs,Santiago,ND,ND,ND,ND,https://guiamexican.com/tiendas-de-ropa/santiago
"Comercio Al Por Menor De Ropa, Excepto De Bebé Y Lencería",Santiago,ND,ND,ND,ND,https://guiamexican.com/tiendas-de-ropa/santiago
6 Pm,Monterrey,ND,ND,ND,ND,https://eurek.mx/tiendas-de-ropa/nuevo-leon/
10328 Cuidado con el Perro,Monterrey,ND,ND,ND,ND,https://eurek.mx/tiendas-de-ropa/nuevo-leon/
1055 Tiendas Eleczion,Monterrey,ND,ND,ND,ND,https://eurek.mx/tiendas-de-ropa/nuevo-leon/
1083 Tiendas Eleczion,Monterrey,ND,ND,ND,ND,https://eurek.mx/tiendas-de-ropa/nuevo-leon/
10922 Cuidado con el Perro,Monterrey,ND,ND,ND,ND,https://eurek.mx/tiendas-de-ropa/nuevo-leon/
10928 Cuidado con el Perro,Monterrey,ND,ND,ND,ND,https://eurek.mx/tiendas-de-ropa/nuevo-leon/
10962 Cuidado con el Perro,Monterrey,ND,ND,ND,ND,https://eurek.mx/tiendas-de-ropa/nuevo-leon/
1101 Tiendas Eleczion,Monterrey,ND,ND,ND,ND,https://eurek.mx/tiendas-de-ropa/nuevo-leon/
11252 Cuidado con el Perro,Monterrey,ND,ND,ND,ND,https://eurek.mx/tiendas-de-ropa/nuevo-leon/
11263 Cuidado con el Perro,Monterrey,ND,ND,ND,ND,https://eurek.mx/tiendas-de-ropa/nuevo-leon/
11314 Cuidado con el Perro,Monterrey,ND,ND,ND,ND,https://eurek.mx/tiendas-de-ropa/nuevo-leon/
11318 Cuidado con el Perro,Monterrey,ND,ND,ND,ND,https://eurek.mx/tiendas-de-ropa/nuevo-leon/
Trajes Héctor Monterrey,Monterrey,ND,ND,ND,ND,https://mx.eldirectorio.co/empresas/monterrey/tienda%2Bde%2Bropa
Camisería Don Jesús,Monterrey,ND,ND,ND,ND,https://mx.eldirectorio.co/empresas/monterrey/tienda%2Bde%2Bropa
shasa,Monterrey,ND,ND,ND,ND,https://mx.eldirectorio.co/empresas/monterrey/tienda%2Bde%2Bropa
Perfumes y Esencias Fraiche,Monterrey,ND,ND,ND,ND,https://mx.eldirectorio.co/empresas/monterrey/tienda%2Bde%2Bropa
Ropa y Calzado Cuevas,Monterrey,ND,ND,ND,ND,https://mx.eldirectorio.co/empresas/monterrey/tienda%2Bde%2Bropa
Uniformes y Accesorios Militares El Vigilante,Monterrey,ND,ND,ND,ND,https://mx.eldirectorio.co/empresas/monterrey/tienda%2Bde%2Bropa
Corporación Cera S.A. de C.V.,Monterrey,ND,ND,ND,ND,https://mx.eldirectorio.co/empresas/monterrey/tienda%2Bde%2Bropa
Sacramento Novias,Monterrey,ND,ND,ND,ND,https://mx.eldirectorio.co/empresas/monterrey/tienda%2Bde%2Bropa
Tiendas de Ropa la Quemazón,Monterrey,ND,ND,ND,ND,https://mx.eldirectorio.co/empresas/monterrey/tienda%2Bde%2Bropa
Uniformes Deportivos Mario,Monterrey,ND,ND,ND,ND,https://mx.eldirectorio.co/empresas/monterrey/tienda%2Bde%2Bropa
Vestidos de Primera Comunion Monet Boutique,Monterrey,ND,ND,ND,ND,https://mx.eldirectorio.co/empresas/monterrey/tienda%2Bde%2Bropa
Sandy Shop,Monterrey,ND,ND,ND,ND,https://mx.eldirectorio.co/empresas/monterrey/tienda%2Bde%2Bropa
Organización Roberts,Monterrey,ND,ND,ND,ND,https://mx.eldirectorio.co/empresas/monterrey/tienda%2Bde%2Bropa
Edoardos,Monterrey,ND,ND,ND,ND,https://mx.eldirectorio.co/empresas/monterrey/tienda%2Bde%2Bropa
Doraly,Monterrey,ND,ND,ND,ND,https://mx.eldirectorio.co/empresas/monterrey/tienda%2Bde%2Bropa
Casuals Intimidades,Monterrey,ND,ND,ND,ND,https://mx.eldirectorio.co/empresas/monterrey/tienda%2Bde%2Bropa
TODO MAS BARATO,Monterrey,ND,ND,ND,ND,https://mx.eldirectorio.co/empresas/monterrey/tienda%2Bde%2Bropa
Distribuidora Medalla Gacela,Monterrey,ND,ND,ND,ND,https://mx.eldirectorio.co/empresas/monterrey/tienda%2Bde%2Bropa
Shantys Party store,Monterrey,ND,ND,ND,ND,https://mx.eldirectorio.co/empresas/monterrey/tienda%2Bde%2Bropa
HOSPITAL DE ROPA,Monterrey,ND,ND,ND,ND,https://mx.eldirectorio.co/empresas/monterrey/tienda%2Bde%2Bropa
Camisería México,Monterrey,ND,ND,ND,ND,https://mx.eldirectorio.co/empresas/monterrey/tienda%2Bde%2Bropa
Talabarteria Y Tapiceria J Guajardo,Hualahuises,ND,ND,ND,ND,https://www.allbiz.mx/talabarteria-y-tapiceria-j-guajardo_3A-821-218-0045
Tienda De Zapatos Y Ropa Usada,Hualahuises,8212180045,ND,ND,ND,https://www.allbiz.mx/talabarteria-y-tapiceria-j-guajardo_3A-821-218-0045
Venta De Ropa,Doctor Arroyo,ND,ND,ND,ND,https://guiamexican.com/region/doctor-arroyo/page/2
Venta De Vestidos Novias Elegantes,Doctor Arroyo,ND,ND,ND,ND,https://guiamexican.com/region/doctor-arroyo/page/2
Venta De Ropa Usada,Doctor Arroyo,ND,ND,ND,ND,https://guiamexican.com/region/doctor-arroyo/page/2
Coppel Las Palmas 276,Cadereyta Jiménez,ND,ND,ND,ND,https://guiamexican.com/tiendas-departamentales/cadereyta-jimenez
Sucursal Plaza Cadereyta 247,Cadereyta Jiménez,ND,ND,ND,ND,https://guiamexican.com/tiendas-departamentales/cadereyta-jimenez
"Mundo Dde Los Niños (Venta De Ropa Y Accesorios Para Niños, Niñas Y Dama)",Anáhuac,ND,ND,ND,ND,https://www.guiamexican.com/directorio/2939083/mundo-dde-los-ninos-venta-de-ropa-y-accesorios-para-ninos-ninas-y-dama
El Asturiano,Monterrey,ND,ND,ND,ND,https://www.seccionamarilla.com.mx/informacion/el-asturiano/fabrica-de-ropa/nuevo-leon/monterrey/centro/3922097
Ab Boutique,General Escobedo,ND,ND,ND,ND,https://mx.eldirectorio.co/empresas/general-escobedo/tienda-de-ropa
Pieles y Grasas,General Escobedo,ND,ND,ND,ND,https://mx.eldirectorio.co/empresas/general-escobedo/tienda-de-ropa
the bijoux store,General Escobedo,ND,ND,ND,ND,https://mx.eldirectorio.co/empresas/general-escobedo/tienda-de-ropa
Villa Gómez Arjona Joaquín,General Escobedo,ND,ND,ND,ND,https://mx.eldirectorio.co/empresas/general-escobedo/tienda-de-ropa
Playtex,General Escobedo,ND,ND,ND,ND,https://mx.eldirectorio.co/empresas/general-escobedo/tienda-de-ropa
Tommy Hilfiger Outlets,General Escobedo,ND,ND,ND,ND,https://mx.eldirectorio.co/empresas/general-escobedo/tienda-de-ropa
Novedades la Perla,General Escobedo,ND,ND,ND,ND,https://mx.eldirectorio.co/empresas/general-escobedo/tienda-de-ropa
Rinplay,General Escobedo,ND,ND,ND,ND,https://mx.eldirectorio.co/empresas/general-escobedo/tienda-de-ropa
Premier Elegance,San Pedro Garza García,ND,ND,ND,ND,https://mx.eldirectorio.co/empresas/san%2Bpedro%2Bgarza%2Bgarcia/tienda%2Bde%2Bropa
Merci Couture,San Pedro Garza García,ND,ND,ND,ND,https://mx.eldirectorio.co/empresas/san%2Bpedro%2Bgarza%2Bgarcia/tienda%2Bde%2Bropa
Boutique Vero,San Pedro Garza García,ND,ND,ND,ND,https://mx.eldirectorio.co/empresas/san%2Bpedro%2Bgarza%2Bgarcia/tienda%2Bde%2Bropa
Grupo Alevart de Monterrey S.A. de C.V.,San Pedro Garza García,ND,ND,ND,ND,https://mx.eldirectorio.co/empresas/san%2Bpedro%2Bgarza%2Bgarcia/tienda%2Bde%2Bropa
LOFT,San Pedro Garza García,ND,ND,ND,ND,https://mx.eldirectorio.co/empresas/san%2Bpedro%2Bgarza%2Bgarcia/tienda%2Bde%2Bropa
Maris Boutique,San Pedro Garza García,ND,ND,ND,ND,https://mx.eldirectorio.co/empresas/san%2Bpedro%2Bgarza%2Bgarcia/tienda%2Bde%2Bropa
Pepe Jeans,San Pedro Garza García,ND,ND,ND,ND,https://mx.eldirectorio.co/empresas/san%2Bpedro%2Bgarza%2Bgarcia/tienda%2Bde%2Bropa
Pañalandia,San Pedro Garza García,ND,ND,ND,ND,https://mx.eldirectorio.co/empresas/san%2Bpedro%2Bgarza%2Bgarcia/tienda%2Bde%2Bropa
Deportes Martí,San Pedro Garza García,ND,ND,ND,ND,https://mx.eldirectorio.co/empresas/san%2Bpedro%2Bgarza%2Bgarcia/tienda%2Bde%2Bropa
America Accesorios,San Pedro Garza García,ND,ND,ND,ND,https://mx.eldirectorio.co/empresas/san%2Bpedro%2Bgarza%2Bgarcia/tienda%2Bde%2Bropa
Pieles Exclusivas de Monterrey,San Pedro Garza García,ND,ND,ND,ND,https://mx.eldirectorio.co/empresas/san%2Bpedro%2Bgarza%2Bgarcia/tienda%2Bde%2Bropa
Lords,San Pedro Garza García,ND,ND,ND,ND,https://mx.eldirectorio.co/empresas/san%2Bpedro%2Bgarza%2Bgarcia/tienda%2Bde%2Bropa
casa lolita,San Pedro Garza García,ND,ND,ND,ND,https://mx.eldirectorio.co/empresas/san%2Bpedro%2Bgarza%2Bgarcia/tienda%2Bde%2Bropa
Casa Jaime de San Nicolas S.A.,San Nicolás de los Garza,ND,ND,ND,ND,https://mx.eldirectorio.co/empresas/san%2Bnicolas/tienda%2Bde%2Bropa
Importadora Beads nnd Gems Company,San Nicolás de los Garza,ND,ND,ND,ND,https://mx.eldirectorio.co/empresas/san%2Bnicolas/tienda%2Bde%2Bropa
Valery vestidos,San Nicolás de los Garza,ND,ND,ND,ND,https://mx.eldirectorio.co/empresas/san%2Bnicolas/tienda%2Bde%2Bropa
Pieles y Perfiles,San Nicolás de los Garza,ND,ND,ND,ND,https://mx.eldirectorio.co/empresas/san%2Bnicolas/tienda%2Bde%2Bropa
Mi Bazar,San Nicolás de los Garza,ND,ND,ND,ND,https://mx.eldirectorio.co/empresas/san%2Bnicolas/tienda%2Bde%2Bropa
Marco Viali,San Nicolás de los Garza,ND,ND,ND,ND,https://mx.eldirectorio.co/empresas/san%2Bnicolas/tienda%2Bde%2Bropa
Bolsas HB en Monterrey,San Nicolás de los Garza,ND,ND,ND,ND,https://mx.eldirectorio.co/empresas/san%2Bnicolas/tienda%2Bde%2Bropa
Noemí Infantil S.A. de C.V.,San Nicolás de los Garza,ND,ND,ND,ND,https://mx.eldirectorio.co/empresas/san%2Bnicolas/tienda%2Bde%2Bropa
Lord´s Tuxedo,San Nicolás de los Garza,ND,ND,ND,ND,https://mx.eldirectorio.co/empresas/san%2Bnicolas/tienda%2Bde%2Bropa
ARTE EGIPCIO,San Nicolás de los Garza,ND,ND,ND,ND,https://mx.eldirectorio.co/empresas/san%2Bnicolas/tienda%2Bde%2Bropa
Mujer Bonita,San Nicolás de los Garza,ND,ND,ND,ND,https://mx.eldirectorio.co/empresas/san%2Bnicolas/tienda%2Bde%2Bropa
Michelle Mb,San Nicolás de los Garza,ND,ND,ND,ND,https://mx.eldirectorio.co/empresas/san%2Bnicolas/tienda%2Bde%2Bropa
Atletica,San Nicolás de los Garza,ND,ND,ND,ND,https://mx.eldirectorio.co/empresas/san%2Bnicolas/tienda%2Bde%2Bropa
Locura,San Nicolás de los Garza,ND,ND,ND,ND,https://mx.eldirectorio.co/empresas/san%2Bnicolas/tienda%2Bde%2Bropa
Infantiles Nutria,San Nicolás de los Garza,ND,ND,ND,ND,https://mx.eldirectorio.co/empresas/san%2Bnicolas/tienda%2Bde%2Bropa
Acys Angels Fashion and more,San Nicolás de los Garza,ND,ND,ND,ND,https://mx.eldirectorio.co/empresas/san%2Bnicolas/tienda%2Bde%2Bropa
Zapateria Valeria,San Nicolás de los Garza,ND,ND,ND,ND,https://mx.eldirectorio.co/empresas/san%2Bnicolas/tienda%2Bde%2Bropa
Marsella Boutique,San Nicolás de los Garza,ND,ND,ND,ND,https://mx.eldirectorio.co/empresas/san%2Bnicolas/tienda%2Bde%2Bropa
American Eagle,San Nicolás de los Garza,ND,ND,ND,ND,https://www.cylex.mx/san%20nicol%C3%A1s%20de%20los%20garza/tiendas%2Bde%2Bropa.html
American Eagle & Aerie,San Nicolás de los Garza,ND,ND,ND,ND,https://www.cylex.mx/san%20nicol%C3%A1s%20de%20los%20garza/tiendas%2Bde%2Bropa.html
"El gorila, ropa y accesorios deportivos",San Nicolás de los Garza,ND,ND,ND,ND,https://www.cylex.mx/san%20nicol%C3%A1s%20de%20los%20garza/tiendas%2Bde%2Bropa.html
publicidad y bordados mm san nicolas,San Nicolás de los Garza,ND,ND,ND,ND,https://www.cylex.mx/san%20nicol%C3%A1s%20de%20los%20garza/tiendas%2Bde%2Bropa.html
Tommy Hilfiger,San Nicolás de los Garza,ND,ND,ND,ND,https://www.cylex.mx/san%20nicol%C3%A1s%20de%20los%20garza/tiendas%2Bde%2Bropa.html
Jenni Store Boutique,San Nicolás de los Garza,ND,ND,ND,ND,https://www.cylex.mx/san%20nicol%C3%A1s%20de%20los%20garza/tiendas%2Bde%2Bropa.html
Aranda Boutique San Nicolás,San Nicolás de los Garza,ND,ND,ND,ND,https://www.cylex.mx/san%20nicol%C3%A1s%20de%20los%20garza/tiendas%2Bde%2Bropa.html
Doraly,San Nicolás de los Garza,ND,ND,ND,ND,https://www.cylex.mx/san%20nicol%C3%A1s%20de%20los%20garza/tiendas%2Bde%2Bropa.html
Kueros Monterrey / Rock Shop,San Nicolás de los Garza,ND,ND,ND,ND,https://www.cylex.mx/san%20nicol%C3%A1s%20de%20los%20garza/tiendas%2Bde%2Bropa.html
Be Fashion Store,San Nicolás de los Garza,ND,ND,ND,ND,https://www.cylex.mx/san%20nicol%C3%A1s%20de%20los%20garza/tiendas%2Bde%2Bropa.html
El Camerino Vintage - renta de vestidos,San Nicolás de los Garza,ND,ND,ND,ND,https://www.cylex.mx/san%20nicol%C3%A1s%20de%20los%20garza/tiendas%2Bde%2Bropa.html
Zared vestidos de xv años monterrey,San Nicolás de los Garza,ND,ND,ND,ND,https://www.cylex.mx/san%20nicol%C3%A1s%20de%20los%20garza/tiendas%2Bde%2Bropa.html
Fanie Dress,San Nicolás de los Garza,ND,ND,ND,ND,https://www.cylex.mx/san%20nicol%C3%A1s%20de%20los%20garza/tiendas%2Bde%2Bropa.html
Boutique Pink Cherry,San Nicolás de los Garza,ND,ND,ND,ND,https://www.cylex.mx/san%20nicol%C3%A1s%20de%20los%20garza/tiendas%2Bde%2Bropa.html
Coffee Dress Renta de Vestidos,San Nicolás de los Garza,ND,ND,ND,ND,https://www.cylex.mx/san%20nicol%C3%A1s%20de%20los%20garza/tiendas%2Bde%2Bropa.html
bling bling bolsas,San Nicolás de los Garza,ND,ND,ND,ND,https://www.cylex.mx/san%20nicol%C3%A1s%20de%20los%20garza/tiendas%2Bde%2Bropa.html
BOUTIQUE PINEAPPLE CREATIONS,San Nicolás de los Garza,ND,ND,ND,ND,https://www.cylex.mx/san%20nicol%C3%A1s%20de%20los%20garza/tiendas%2Bde%2Bropa.html
Casa Santiago,San Nicolás de los Garza,ND,ND,ND,ND,https://www.cylex.mx/san%20nicol%C3%A1s%20de%20los%20garza/tiendas%2Bde%2Bropa.html
Style AyO Boutique,San Nicolás de los Garza,ND,ND,ND,ND,https://www.cylex.mx/san%20nicol%C3%A1s%20de%20los%20garza/tiendas%2Bde%2Bropa.html
Little Black Dress - Renta de Vestidos,San Nicolás de los Garza,ND,ND,ND,ND,https://www.cylex.mx/san%20nicol%C3%A1s%20de%20los%20garza/tiendas%2Bde%2Bropa.html
Angie Boutique,San Nicolás de los Garza,ND,ND,ND,ND,https://www.cylex.mx/san%2Bnicol%C3%A1s%2Bde%2Blos%2Bgarza/tiendas%2Bde%2Bropa-2.html
"Sunglass Hut de México, Sapi",San Nicolás de los Garza,ND,ND,ND,ND,https://www.cylex.mx/san%2Bnicol%C3%A1s%2Bde%2Blos%2Bgarza/tiendas%2Bde%2Bropa-2.html
Ropa americana,San Nicolás de los Garza,ND,ND,ND,ND,https://www.cylex.mx/san%2Bnicol%C3%A1s%2Bde%2Blos%2Bgarza/tiendas%2Bde%2Bropa-2.html
Ropa guapa,San Nicolás de los Garza,ND,ND,ND,ND,https://www.cylex.mx/san%2Bnicol%C3%A1s%2Bde%2Blos%2Bgarza/tiendas%2Bde%2Bropa-2.html
Compostura De Ropa Mely,San Nicolás de los Garza,ND,ND,ND,ND,https://www.cylex.mx/san%2Bnicol%C3%A1s%2Bde%2Blos%2Bgarza/tiendas%2Bde%2Bropa-2.html
Renta de Vestidos de Fiesta Vintage Rental,San Nicolás de los Garza,ND,ND,ND,ND,https://www.cylex.mx/san%2Bnicol%C3%A1s%2Bde%2Blos%2Bgarza/tiendas%2Bde%2Bropa-2.html
Suburbia De,San Nicolás de los Garza,ND,ND,ND,ND,https://www.cylex.mx/san%2Bnicol%C3%A1s%2Bde%2Blos%2Bgarza/tiendas%2Bde%2Bropa-2.html
MINALI Vestidos De Fiesta,San Nicolás de los Garza,ND,ND,ND,ND,https://www.cylex.mx/san%2Bnicol%C3%A1s%2Bde%2Blos%2Bgarza/tiendas%2Bde%2Bropa-2.html
Renta de Vestidos Ivonne,San Nicolás de los Garza,ND,ND,ND,ND,https://www.cylex.mx/san%2Bnicol%C3%A1s%2Bde%2Blos%2Bgarza/tiendas%2Bde%2Bropa-2.html
Renta de Trajes & Smoking Blanca Rivera,San Nicolás de los Garza,ND,ND,ND,ND,https://www.cylex.mx/san%2Bnicol%C3%A1s%2Bde%2Blos%2Bgarza/tiendas%2Bde%2Bropa-2.html
Vestidos Bellísima Renta de Vestidos,San Nicolás de los Garza,ND,ND,ND,ND,https://www.cylex.mx/san%2Bnicol%C3%A1s%2Bde%2Blos%2Bgarza/tiendas%2Bde%2Bropa-2.html
Confeccion y Venta de Vestidos Regionales,San Nicolás de los Garza,ND,ND,ND,ND,https://www.cylex.mx/san%2Bnicol%C3%A1s%2Bde%2Blos%2Bgarza/tiendas%2Bde%2Bropa-2.html
Cherry Gum Boutique - Renta de Vestidos,San Nicolás de los Garza,ND,ND,ND,ND,https://www.cylex.mx/san%2Bnicol%C3%A1s%2Bde%2Blos%2Bgarza/tiendas%2Bde%2Bropa-2.html
PLAYERAS Y GORRAS,San Nicolás de los Garza,ND,ND,ND,ND,https://www.cylex.mx/san%2Bnicol%C3%A1s%2Bde%2Blos%2Bgarza/tiendas%2Bde%2Bropa-2.html
Georgia Boutique,San Nicolás de los Garza,ND,ND,ND,ND,https://www.cylex.mx/san%2Bnicol%C3%A1s%2Bde%2Blos%2Bgarza/tiendas%2Bde%2Bropa-2.html
Rayados Tienda Oficial,San Nicolás de los Garza,ND,ND,ND,ND,https://www.cylex.mx/san%2Bnicol%C3%A1s%2Bde%2Blos%2Bgarza/tiendas%2Bde%2Bropa-2.html
IKL Boutique San Nicolás,San Nicolás de los Garza,ND,ND,ND,ND,https://www.cylex.mx/san%2Bnicol%C3%A1s%2Bde%2Blos%2Bgarza/tiendas%2Bde%2Bropa-2.html
Gadkras,San Nicolás de los Garza,ND,ND,ND,ND,https://www.cylex.mx/san%2Bnicol%C3%A1s%2Bde%2Blos%2Bgarza/tiendas%2Bde%2Bropa-2.html
Deportes union,San Nicolás de los Garza,ND,ND,ND,ND,https://www.cylex.mx/san%2Bnicol%C3%A1s%2Bde%2Blos%2Bgarza/tiendas%2Bde%2Bropa-2.html
Acapella,San Nicolás de los Garza,ND,ND,ND,ND,https://www.cylex.mx/san%2Bnicol%C3%A1s%2Bde%2Blos%2Bgarza/tiendas%2Bde%2Bropa-3.html
Chic&more store,San Nicolás de los Garza,ND,ND,ND,ND,https://www.cylex.mx/san%2Bnicol%C3%A1s%2Bde%2Blos%2Bgarza/tiendas%2Bde%2Bropa-3.html
Glitter JM Boutique,San Nicolás de los Garza,ND,ND,ND,ND,https://www.cylex.mx/san%2Bnicol%C3%A1s%2Bde%2Blos%2Bgarza/tiendas%2Bde%2Bropa-3.html
Eva's Boutique,San Nicolás de los Garza,ND,ND,ND,ND,https://www.cylex.mx/san%2Bnicol%C3%A1s%2Bde%2Blos%2Bgarza/tiendas%2Bde%2Bropa-3.html
Despiadados compañía,San Nicolás de los Garza,ND,ND,ND,ND,https://www.cylex.mx/san%2Bnicol%C3%A1s%2Bde%2Blos%2Bgarza/tiendas%2Bde%2Bropa-3.html
Alejandrina Boutique,San Nicolás de los Garza,ND,ND,ND,ND,https://www.cylex.mx/san%2Bnicol%C3%A1s%2Bde%2Blos%2Bgarza/tiendas%2Bde%2Bropa-3.html
Emily Boutique. San Nicolás,San Nicolás de los Garza,ND,ND,ND,ND,https://www.cylex.mx/san%2Bnicol%C3%A1s%2Bde%2Blos%2Bgarza/tiendas%2Bde%2Bropa-3.html
15 Quince by Frida Sofia vestidos,San Nicolás de los Garza,ND,ND,ND,ND,https://www.cylex.mx/san%2Bnicol%C3%A1s%2Bde%2Blos%2Bgarza/tiendas%2Bde%2Bropa-3.html
Maky Up Boutique,San Nicolás de los Garza,ND,ND,ND,ND,https://www.cylex.mx/san%2Bnicol%C3%A1s%2Bde%2Blos%2Bgarza/tiendas%2Bde%2Bropa-3.html
Flamingo Boutique,San Nicolás de los Garza,ND,ND,ND,ND,https://www.cylex.mx/san%2Bnicol%C3%A1s%2Bde%2Blos%2Bgarza/tiendas%2Bde%2Bropa-3.html
Coco Maternity,San Nicolás de los Garza,ND,ND,ND,ND,https://www.cylex.mx/san%2Bnicol%C3%A1s%2Bde%2Blos%2Bgarza/tiendas%2Bde%2Bropa-3.html
Lorettia,San Nicolás de los Garza,ND,ND,ND,ND,https://www.cylex.mx/san%2Bnicol%C3%A1s%2Bde%2Blos%2Bgarza/tiendas%2Bde%2Bropa-3.html
BOUTIQUE NYK,San Nicolás de los Garza,ND,ND,ND,ND,https://www.cylex.mx/san%2Bnicol%C3%A1s%2Bde%2Blos%2Bgarza/tiendas%2Bde%2Bropa-3.html
D' Aldos Tuxedos,San Nicolás de los Garza,ND,ND,ND,ND,https://www.cylex.mx/san%2Bnicol%C3%A1s%2Bde%2Blos%2Bgarza/tiendas%2Bde%2Bropa-3.html
Dots&Spots Vintage Wear,San Nicolás de los Garza,ND,ND,ND,ND,https://www.cylex.mx/san%2Bnicol%C3%A1s%2Bde%2Blos%2Bgarza/tiendas%2Bde%2Bropa-3.html
CA Guayaberas,San Nicolás de los Garza,ND,ND,ND,ND,https://www.cylex.mx/san%2Bnicol%C3%A1s%2Bde%2Blos%2Bgarza/tiendas%2Bde%2Bropa-3.html
Little Closet San Nicolás,San Nicolás de los Garza,ND,ND,ND,ND,https://www.cylex.mx/san%2Bnicol%C3%A1s%2Bde%2Blos%2Bgarza/tiendas%2Bde%2Bropa-3.html
Sweet E motion Boutique,San Nicolás de los Garza,ND,ND,ND,ND,https://www.cylex.mx/san%2Bnicol%C3%A1s%2Bde%2Blos%2Bgarza/tiendas%2Bde%2Bropa-3.html
Red Ivory Clothing,San Nicolás de los Garza,ND,ND,ND,ND,https://www.cylex.mx/san%2Bnicol%C3%A1s%2Bde%2Blos%2Bgarza/tiendas%2Bde%2Bropa-3.html
Goveas Store,San Nicolás de los Garza,ND,ND,ND,ND,https://www.cylex.mx/san%2Bnicol%C3%A1s%2Bde%2Blos%2Bgarza/tiendas%2Bde%2Bropa-3.html
Marvi DressHouse,Guadalupe,ND,ND,ND,ND,https://www.cylex.mx/guadalupe-guadalupe-nuevo%2Ble%C3%B3n/boutiques.html
Amada fashion Room boutique,Guadalupe,ND,ND,ND,ND,https://www.cylex.mx/guadalupe-guadalupe-nuevo%2Ble%C3%B3n/boutiques.html
Nelly boutique,Guadalupe,ND,ND,ND,ND,https://www.cylex.mx/guadalupe-guadalupe-nuevo%2Ble%C3%B3n/boutiques.html
Pink boutique,Guadalupe,ND,ND,ND,ND,https://www.cylex.mx/guadalupe-guadalupe-nuevo%2Ble%C3%B3n/boutiques.html
Glamour house,Guadalupe,ND,ND,ND,ND,https://www.cylex.mx/guadalupe-guadalupe-nuevo%2Ble%C3%B3n/boutiques.html
La fit store MTY,Guadalupe,ND,ND,ND,ND,https://www.cylex.mx/guadalupe-guadalupe-nuevo%2Ble%C3%B3n/boutiques.html
El Ajuar renta de vestidos,Guadalupe,ND,ND,ND,ND,https://www.cylex.mx/guadalupe-guadalupe-nuevo%2Ble%C3%B3n/boutiques.html
Frida Michelle Bzr,Guadalupe,ND,ND,ND,ND,https://www.cylex.mx/guadalupe-guadalupe-nuevo%2Ble%C3%B3n/boutiques.html
Ago Uniformes,Guadalupe,ND,ND,ND,ND,https://www.cylex.mx/guadalupe-guadalupe-nuevo%2Ble%C3%B3n/boutiques.html
El Potrero,Guadalupe,ND,ND,ND,ND,https://www.cylex.mx/guadalupe-guadalupe-nuevo%2Ble%C3%B3n/boutiques.html
T.T. Blues,Guadalupe,ND,ND,ND,ND,https://www.cylex.mx/guadalupe-guadalupe-nuevo%2Ble%C3%B3n/boutiques.html
Infantiles Nutria,Guadalupe,ND,ND,ND,ND,https://www.cylex.mx/guadalupe-guadalupe-nuevo%2Ble%C3%B3n/boutiques.html
KOOKAY Boutique,Guadalupe,ND,ND,ND,ND,https://www.cylex.mx/guadalupe-guadalupe-nuevo%2Ble%C3%B3n/boutiques.html
Garachazo,Guadalupe,ND,ND,ND,ND,https://www.cylex.mx/guadalupe-guadalupe-nuevo%2Ble%C3%B3n/boutiques.html
Kroniq,Guadalupe,ND,ND,ND,ND,https://www.cylex.mx/guadalupe-guadalupe-nuevo%2Ble%C3%B3n/boutiques.html
Gala Rental Dresses,Guadalupe,ND,ND,ND,ND,https://www.cylex.mx/guadalupe-guadalupe-nuevo%2Ble%C3%B3n/boutiques.html
SM Tuxedo Rental Renta de Trajes,Guadalupe,ND,ND,ND,ND,https://www.cylex.mx/guadalupe-guadalupe-nuevo%2Ble%C3%B3n/boutiques.html
Renta de Trajes Eleganz,Guadalupe,ND,ND,ND,ND,https://www.cylex.mx/guadalupe-guadalupe-nuevo%2Ble%C3%B3n/boutiques.html
Lula Dress,Guadalupe,ND,ND,ND,ND,https://www.cylex.mx/guadalupe-guadalupe-nuevo%2Ble%C3%B3n/boutiques.html
Elite Tuxedo,Guadalupe,ND,ND,ND,ND,https://www.cylex.mx/guadalupe-guadalupe-nuevo%2Ble%C3%B3n/boutiques.html
Super Mayoreo MTY,Monterrey,ND,ND,ND,ND,https://www.cylex.mx/monterrey-monterrey/shorts.html
RM BOUTIQUE (Matriz-Macroplaza),Monterrey,ND,ND,ND,ND,https://www.cylex.mx/monterrey-monterrey/shorts.html
Lorelei Boutique,Monterrey,ND,ND,ND,ND,https://www.cylex.mx/monterrey-monterrey/shorts.html
Luna hostil,Monterrey,ND,ND,ND,ND,https://www.cylex.mx/monterrey-monterrey/shorts.html
Emma Vestidos de Fiesta y Cocktail,Monterrey,ND,ND,ND,ND,https://www.cylex.mx/monterrey-monterrey/shorts.html
Calzedonia,Monterrey,ND,ND,ND,ND,https://www.cylex.mx/monterrey-monterrey/shorts.html
Gentlemen venta y renta de trajes para caballero,Monterrey,ND,ND,ND,ND,https://www.cylex.mx/monterrey-monterrey/shorts.html
Gary Maldonado Dessin,Monterrey,ND,ND,ND,ND,https://www.cylex.mx/monterrey-monterrey/jeans.html
Pull & Bear,Monterrey,ND,ND,ND,ND,https://www.cylex.mx/monterrey-monterrey/jeans.html
Sombrerería El Dorado,Monterrey,ND,ND,ND,ND,https://www.cylex.mx/monterrey-monterrey/jeans.html
Uniformes Monterrey,Monterrey,ND,ND,ND,ND,https://www.cylex.mx/monterrey-monterrey/jeans.html
Mezcal Crew México,Monterrey,ND,ND,ND,ND,https://www.cylex.mx/monterrey-monterrey/jeans.html
MAS MAS Boutique,Monterrey,ND,ND,ND,ND,https://www.cylex.mx/monterrey-monterrey/blusas-15.html
diezmasuno,Monterrey,ND,ND,ND,ND,https://www.cylex.mx/monterrey-monterrey/blusas-15.html
Fabrico Textiles,Monterrey,ND,ND,ND,ND,https://www.cylex.mx/monterrey-monterrey/blusas-15.html
Bolsas & Accesorios Don Felipe MTY,Monterrey,ND,ND,ND,ND,https://www.cylex.mx/monterrey-monterrey/blusas-15.html
Bere&co,Monterrey,ND,ND,ND,ND,https://www.cylex.mx/monterrey-monterrey/blusas-15.html
Rita’s Bazar,Monterrey,ND,ND,ND,ND,https://www.cylex.mx/monterrey-monterrey/blusas-15.html
BOUTIQUE MARY,Monterrey,ND,ND,ND,ND,https://www.cylex.mx/monterrey-monterrey/blusas-15.html
Tenis AF1 en Mayoreo Monterrey,Monterrey,ND,ND,ND,ND,https://www.cylex.mx/monterrey-monterrey/blusas-15.html
Boutique Sofia,Monterrey,ND,ND,ND,ND,https://www.cylex.mx/monterrey-monterrey/blusas-15.html
Casa de Novias Bella isabella,Monterrey,ND,ND,ND,ND,https://www.cylex.mx/monterrey-monterrey/tiendas%2Bde%2Bropa-8.html
Las Mochi,Monterrey,ND,ND,ND,ND,https://www.cylex.mx/monterrey-monterrey/tiendas%2Bde%2Bropa-8.html
Estam-Padrisimos MTY,Monterrey,ND,ND,ND,ND,https://www.cylex.mx/monterrey-monterrey/tiendas%2Bde%2Bropa-8.html
LA Princesa,Monterrey,ND,ND,ND,ND,https://www.cylex.mx/monterrey-monterrey/tiendas%2Bde%2Bropa-8.html
Divas Alta Costuras,Monterrey,ND,ND,ND,ND,https://www.cylex.mx/monterrey-monterrey/tiendas%2Bde%2Bropa-8.html
The Cueva Store,Monterrey,ND,ND,ND,ND,https://www.cylex.mx/monterrey-monterrey/tiendas%2Bde%2Bropa-8.html
Da Spot - Hip Hop Store,Monterrey,ND,ND,ND,ND,https://www.cylex.mx/monterrey-monterrey/tiendas%2Bde%2Bropa-8.html
Vestidos de XV Años Nelly,Monterrey,ND,ND,ND,ND,https://www.cylex.mx/monterrey-monterrey/tiendas%2Bde%2Bropa-8.html
Soco Elegance,Monterrey,ND,ND,ND,ND,https://www.cylex.mx/monterrey-monterrey/tiendas%2Bde%2Bropa-8.html
Andrea Novias y Quince Años,Monterrey,ND,ND,ND,ND,https://www.cylex.mx/monterrey-monterrey/tiendas%2Bde%2Bropa-8.html
D' Gala Moda Hombre,Monterrey,ND,ND,ND,ND,https://www.cylex.mx/monterrey-monterrey/tiendas%2Bde%2Bropa-8.html
Innamora Vestidos,Monterrey,ND,ND,ND,ND,https://www.cylex.mx/monterrey-monterrey/tiendas%2Bde%2Bropa-8.html
Rojo Alta Costura,Monterrey,ND,ND,ND,ND,https://www.cylex.mx/monterrey-monterrey/tiendas%2Bde%2Bropa-8.html
París Vestidos,Monterrey,ND,ND,ND,ND,https://www.cylex.mx/monterrey-monterrey/tiendas%2Bde%2Bropa-8.html
ISABEL HERNÁN ALTA COSTURA - SALON,Monterrey,ND,ND,ND,ND,https://www.cylex.mx/monterrey-monterrey/tiendas%2Bde%2Bropa-8.html
ROO men Underwear,Monterrey,ND,ND,ND,ND,https://www.cylex.mx/monterrey-monterrey/tiendas%2Bde%2Bropa-8.html
Fashioneate Monterrey Sucursal Plaza Linda Vista,Monterrey,ND,ND,ND,ND,https://www.cylex.mx/monterrey-monterrey/tiendas%2Bde%2Bropa-8.html
YöY diseño y confección,Monterrey,ND,ND,ND,ND,https://www.cylex.mx/monterrey-monterrey/tiendas%2Bde%2Bropa-8.html
HUGO Menswear Shop,Monterrey,ND,ND,ND,ND,https://www.cylex.mx/monterrey-monterrey/tiendas%2Bde%2Bropa-8.html
LA ESTRELLA,Monterrey,ND,ND,ND,ND,https://www.cylex.mx/monterrey-monterrey/tiendas%2Bde%2Bropa-6.html
Grupo Julio,Monterrey,ND,ND,ND,ND,https://www.cylex.mx/monterrey-monterrey/tiendas%2Bde%2Bropa-6.html
Textiles Bordados A&M,Monterrey,ND,ND,ND,ND,https://www.cylex.mx/monterrey-monterrey/tiendas%2Bde%2Bropa-6.html
Ay Güey México,Monterrey,ND,ND,ND,ND,https://www.cylex.mx/monterrey-monterrey/tiendas%2Bde%2Bropa-6.html
URBAN OUTFITTERS,Monterrey,ND,ND,ND,ND,https://www.cylex.mx/monterrey-monterrey/tiendas%2Bde%2Bropa-6.html
El Mostacho,Monterrey,ND,ND,ND,ND,https://www.cylex.mx/monterrey-monterrey/tiendas%2Bde%2Bropa-6.html
Fajas Remodeladoras Ardyss Life Monterrey,Monterrey,ND,ND,ND,ND,https://www.cylex.mx/monterrey-monterrey/tiendas%2Bde%2Bropa-6.html
Dulce Loto,Monterrey,ND,ND,ND,ND,https://www.cylex.mx/monterrey-monterrey/tiendas%2Bde%2Bropa-6.html
Novedades Dania,Monterrey,ND,ND,ND,ND,https://www.cylex.mx/monterrey-monterrey/tiendas%2Bde%2Bropa-6.html
Romance couture,Monterrey,ND,ND,ND,ND,https://www.cylex.mx/monterrey-monterrey/tiendas%2Bde%2Bropa-6.html
Charro Piteado,Monterrey,ND,ND,ND,ND,https://www.cylex.mx/monterrey-monterrey/tiendas%2Bde%2Bropa-6.html
AB89,Monterrey,ND,ND,ND,ND,https://www.cylex.mx/monterrey-monterrey/tiendas%2Bde%2Bropa-6.html
Adolph Moreno store,Monterrey,ND,ND,ND,ND,https://www.cylex.mx/monterrey-monterrey/tiendas%2Bde%2Bropa-6.html
Sandel Tuxedos,Monterrey,ND,ND,ND,ND,https://www.cylex.mx/monterrey-monterrey/tiendas%2Bde%2Bropa-6.html
2CAP,Monterrey,ND,ND,ND,ND,https://www.cylex.mx/monterrey-monterrey/tiendas%2Bde%2Bropa-6.html
Regio West,Monterrey,ND,ND,ND,ND,https://www.cylex.mx/monterrey-monterrey/tiendas%2Bde%2Bropa-6.html
Raioters,Monterrey,ND,ND,ND,ND,https://www.cylex.mx/monterrey-monterrey/tiendas%2Bde%2Bropa-6.html
Blusas Brush,Monterrey,ND,ND,ND,ND,https://www.cylex.mx/monterrey-monterrey/tiendas%2Bde%2Bropa-6.html
Prada Monterrey Palacio De Hierro TLD,San Pedro Garza García,ND,ND,ND,ND,https://www.cylex.mx/san%2Bpedro%2Bgarza%2Bgarc%C3%ADa-san%2Bpedro%2Bgarza%2Bgarc%C3%ADa/ropa%2Bpara%2Bhombre-2.html
Lace and Tulle,San Pedro Garza García,ND,ND,ND,ND,https://www.cylex.mx/san%2Bpedro%2Bgarza%2Bgarc%C3%ADa-san%2Bpedro%2Bgarza%2Bgarc%C3%ADa/ropa%2Bpara%2Bhombre-2.html
BMS Race Clothing,San Pedro Garza García,ND,ND,ND,ND,https://www.cylex.mx/san%2Bpedro%2Bgarza%2Bgarc%C3%ADa-san%2Bpedro%2Bgarza%2Bgarc%C3%ADa/ropa%2Bpara%2Bhombre-2.html
Tom Fella,San Pedro Garza García,ND,ND,ND,ND,https://www.cylex.mx/san%2Bpedro%2Bgarza%2Bgarc%C3%ADa-san%2Bpedro%2Bgarza%2Bgarc%C3%ADa/ropa%2Bpara%2Bhombre-2.html
SIN H,San Pedro Garza García,ND,ND,ND,ND,https://www.cylex.mx/san%2Bpedro%2Bgarza%2Bgarc%C3%ADa-san%2Bpedro%2Bgarza%2Bgarc%C3%ADa/ropa%2Bpara%2Bhombre-2.html
Porto Blanco Monterrey,San Pedro Garza García,ND,ND,ND,ND,https://www.cylex.mx/san%2Bpedro%2Bgarza%2Bgarc%C3%ADa-san%2Bpedro%2Bgarza%2Bgarc%C3%ADa/ropa%2Bpara%2Bhombre-2.html
Gaun Dresses,San Pedro Garza García,ND,ND,ND,ND,https://www.cylex.mx/san%2Bpedro%2Bgarza%2Bgarc%C3%ADa-san%2Bpedro%2Bgarza%2Bgarc%C3%ADa/ropa%2Bpara%2Bhombre-2.html
Pineda Covalin MONTERREY,San Pedro Garza García,ND,ND,ND,ND,https://www.cylex.mx/san%2Bpedro%2Bgarza%2Bgarc%C3%ADa-san%2Bpedro%2Bgarza%2Bgarc%C3%ADa/ropa%2Bpara%2Bhombre-2.html
After,San Pedro Garza García,ND,ND,ND,ND,https://www.cylex.mx/san%2Bpedro%2Bgarza%2Bgarc%C3%ADa-san%2Bpedro%2Bgarza%2Bgarc%C3%ADa/ropa%2Bpara%2Bhombre-2.html
Veinte Veinte Renta de Vestidos,San Pedro Garza García,ND,ND,ND,ND,https://www.cylex.mx/san%2Bpedro%2Bgarza%2Bgarc%C3%ADa-san%2Bpedro%2Bgarza%2Bgarc%C3%ADa/ropa%2Bpara%2Bhombre-2.html
Blühen,San Pedro Garza García,ND,ND,ND,ND,https://www.cylex.mx/san%2Bpedro%2Bgarza%2Bgarc%C3%ADa-san%2Bpedro%2Bgarza%2Bgarc%C3%ADa/ropa%2Bpara%2Bhombre-2.html
Legacy fashion boutique,San Pedro Garza García,ND,ND,ND,ND,https://www.cylex.mx/san%2Bpedro%2Bgarza%2Bgarc%C3%ADa-san%2Bpedro%2Bgarza%2Bgarc%C3%ADa/ropa%2Bpara%2Bhombre-2.html
GIGI NOVIAS,San Pedro Garza García,ND,ND,ND,ND,https://www.cylex.mx/san%2Bpedro%2Bgarza%2Bgarc%C3%ADa-san%2Bpedro%2Bgarza%2Bgarc%C3%ADa/ropa%2Bpara%2Bhombre-2.html
BEQU,San Pedro Garza García,ND,ND,ND,ND,https://www.cylex.mx/san%2Bpedro%2Bgarza%2Bgarc%C3%ADa-san%2Bpedro%2Bgarza%2Bgarc%C3%ADa/ropa%2Bpara%2Bhombre-2.html
Pik Nik,San Pedro Garza García,ND,ND,ND,ND,https://www.cylex.mx/san%2Bpedro%2Bgarza%2Bgarc%C3%ADa-san%2Bpedro%2Bgarza%2Bgarc%C3%ADa/ropa%2Bpara%2Bhombre-2.html
PARFOIS,San Pedro Garza García,ND,ND,ND,ND,https://www.cylex.mx/san%2Bpedro%2Bgarza%2Bgarc%C3%ADa-san%2Bpedro%2Bgarza%2Bgarc%C3%ADa/ropa%2Bpara%2Bhombre-2.html
El Molino Moda Infantil,San Pedro Garza García,ND,ND,ND,ND,https://www.cylex.mx/san%2Bpedro%2Bgarza%2Bgarc%C3%ADa-san%2Bpedro%2Bgarza%2Bgarc%C3%ADa/ropa%2Bpara%2Bhombre-2.html
"adidas Store Monterrey, Plaza Fiesta San Agustin",San Pedro Garza García,ND,ND,ND,ND,https://www.cylex.mx/san%2Bpedro%2Bgarza%2Bgarc%C3%ADa-san%2Bpedro%2Bgarza%2Bgarc%C3%ADa/ropa%2Bpara%2Bhombre-2.html
"adidas Originals Store Monterrey, Fashion Drive",San Pedro Garza García,ND,ND,ND,ND,https://www.cylex.mx/san%2Bpedro%2Bgarza%2Bgarc%C3%ADa-san%2Bpedro%2Bgarza%2Bgarc%C3%ADa/ropa%2Bpara%2Bhombre-2.html
Ventas Elizabeth Cavazos,Apodaca,ND,ND,ND,ND,https://www.cylex.mx/apodaca/ventas%2Belizabeth%2Bcavazos-12327073.html
Renta de trajes y smoking Lily Rodriguez,Apodaca,ND,ND,ND,ND,https://www.cylex.mx/apodaca/ventas%2Belizabeth%2Bcavazos-12327073.html
Kathia vestidos de fiesta,Apodaca,ND,ND,ND,ND,https://www.cylex.mx/apodaca/ventas%2Belizabeth%2Bcavazos-12327073.html
Mimosa 115,Apodaca,ND,ND,ND,ND,https://www.cylex.mx/apodaca/ventas%2Belizabeth%2Bcavazos-12327073.html
Maelv's Shop,Apodaca,ND,ND,ND,ND,https://www.cylex.mx/apodaca/ventas%2Belizabeth%2Bcavazos-12327073.html
Uniformes qx San Roman,Apodaca,ND,ND,ND,ND,https://www.cylex.mx/apodaca/ventas%2Belizabeth%2Bcavazos-12327073.html
Vestida de azucar boutique,Apodaca,ND,ND,ND,ND,https://www.cylex.mx/apodaca/ventas%2Belizabeth%2Bcavazos-12327073.html
Bazar Salinas,Apodaca,ND,ND,ND,ND,https://www.cylex.mx/apodaca/bazar%2Bsalinas-12382374.html
El Mundo Drag By María Snake,Apodaca,ND,ND,ND,ND,https://www.cylex.mx/apodaca/bazar%2Bsalinas-12382374.html
Deportes Garza,Apodaca,ND,ND,ND,ND,https://www.cylex.mx/apodaca/deportes%2Bgarza-12202209.html
Boutique Sarahi,Apodaca,ND,ND,ND,ND,https://www.cylex.mx/apodaca/deportes%2Bgarza-12202209.html
Bisuli,Apodaca,ND,ND,ND,ND,https://www.cylex.mx/apodaca/deportes%2Bgarza-12202209.html
DSB PRINT Playeras & Más,Apodaca,ND,ND,ND,ND,https://www.cylex.mx/apodaca/deportes%2Bgarza-12202209.html
Bazar Arena,Santa Catarina,ND,ND,ND,ND,https://www.cylex.mx/santa%2Bcatarina-santa%2Bcatarina/bazar%2Barena-11837833.html
El Buen Vestir S. de R.l. de C.v,Monterrey,ND,ND,ND,ND,https://www.cylex.mx/monterrey-monterrey/venta-de-ropa-y-accesorios/?dst=Centro
Stencil Publicidad Textil,Monterrey,ND,ND,ND,ND,https://www.cylex.mx/monterrey-monterrey/venta-de-ropa-y-accesorios/?dst=Centro
"Originales Rossana, S.A. de C.V.",Monterrey,ND,ND,ND,ND,https://www.cylex.mx/monterrey-monterrey/venta-de-ropa-y-accesorios/?dst=Centro
Ditmo Sa,Monterrey,ND,ND,ND,ND,https://www.cylex.mx/monterrey-monterrey/venta-de-ropa-y-accesorios/?dst=Centro
El Rodeo Country,Monterrey,ND,ND,ND,ND,https://www.cylex.mx/monterrey-monterrey/venta-de-ropa-y-accesorios/?dst=Centro
Almacenes Diana,Monterrey,ND,ND,ND,ND,https://www.cylex.mx/monterrey-monterrey/venta-de-ropa-y-accesorios/?dst=Centro
"Manhattan Moda Actual, S.a. de C.v.",Monterrey,ND,ND,ND,ND,https://www.cylex.mx/monterrey-monterrey/venta-de-ropa-y-accesorios/?dst=Centro
Burner Shop,Monterrey,ND,ND,ND,ND,https://www.cylex.mx/monterrey-monterrey/venta-de-ropa-y-accesorios/?dst=Centro
La Argentina Plaza S.a,Monterrey,ND,ND,ND,ND,https://www.cylex.mx/monterrey-monterrey/venta-de-ropa-y-accesorios/?dst=Centro
Creaciones Y Diseños Lemar S.a. De C.v,Monterrey,ND,ND,ND,ND,https://www.cylex.mx/monterrey-monterrey/venta-de-ropa-y-accesorios/?dst=Centro
El Mayoreo Del Bebé,Monterrey,ND,ND,ND,ND,https://www.cylex.mx/monterrey-monterrey/venta-de-ropa-y-accesorios/?dst=Centro
Andres Estrada,Monterrey,ND,ND,ND,ND,https://www.cylex.mx/monterrey-monterrey/venta-de-ropa-y-accesorios/?dst=Centro
Playeras y Sudaderas,Monterrey,ND,ND,ND,ND,https://www.cylex.mx/monterrey-monterrey/venta-de-ropa-y-accesorios/?dst=Centro
Tienda de Ropa La Argentina de Monterrey,Monterrey,ND,ND,ND,ND,https://www.cylex.mx/monterrey-monterrey/venta-de-ropa-y-accesorios/?dst=Centro
Confecciones Dany,Monterrey,ND,ND,ND,ND,https://www.cylex.mx/monterrey-monterrey/venta-de-ropa-y-accesorios/?dst=Centro
Jm Uniformes,Monterrey,ND,ND,ND,ND,https://www.cylex.mx/monterrey-monterrey/venta-de-ropa-y-accesorios/?dst=Centro
La Aurora - Regalos Para Bebé,Monterrey,ND,ND,ND,ND,https://www.cylex.mx/monterrey-monterrey/venta-de-ropa-y-accesorios/?dst=Centro
Gucci - El Palacio de Hierro Monterrey,San Pedro Garza García,ND,ND,ND,ND,https://www.cylex.mx/san%20pedro%20garza%20garc%C3%ADa-san%20pedro%20garza%20garc%C3%ADa/tienda%20de%20ropa%20para%20mujer.html
AX Armani Exchange,San Pedro Garza García,ND,ND,ND,ND,https://www.cylex.mx/san%20pedro%20garza%20garc%C3%ADa-san%20pedro%20garza%20garc%C3%ADa/tienda%20de%20ropa%20para%20mujer.html
DIOR,San Pedro Garza García,ND,ND,ND,ND,https://www.cylex.mx/san%20pedro%20garza%20garc%C3%ADa-san%20pedro%20garza%20garc%C3%ADa/tienda%20de%20ropa%20para%20mujer.html
VALENTINO,San Pedro Garza García,ND,ND,ND,ND,https://www.cylex.mx/san%20pedro%20garza%20garc%C3%ADa-san%20pedro%20garza%20garc%C3%ADa/tienda%20de%20ropa%20para%20mujer.html
lululemon,San Pedro Garza García,ND,ND,ND,ND,https://www.cylex.mx/san%20pedro%20garza%20garc%C3%ADa-san%20pedro%20garza%20garc%C3%ADa/tienda%20de%20ropa%20para%20mujer.html
adidas Originals,San Pedro Garza García,ND,ND,ND,ND,https://www.cylex.mx/san%20pedro%20garza%20garc%C3%ADa-san%20pedro%20garza%20garc%C3%ADa/tienda%20de%20ropa%20para%20mujer.html
Intimissimi,San Pedro Garza García,ND,ND,ND,ND,https://www.cylex.mx/san%20pedro%20garza%20garc%C3%ADa-san%20pedro%20garza%20garc%C3%ADa/tienda%20de%20ropa%20para%20mujer.html
Evening Dresses,San Pedro Garza García,ND,ND,ND,ND,https://www.cylex.mx/san%20pedro%20garza%20garc%C3%ADa-san%20pedro%20garza%20garc%C3%ADa/tienda%20de%20ropa%20para%20mujer.html
ICONY,San Pedro Garza García,ND,ND,ND,ND,https://www.cylex.mx/san%20pedro%20garza%20garc%C3%ADa-san%20pedro%20garza%20garc%C3%ADa/tienda%20de%20ropa%20para%20mujer.html
Stradivarius San Agustin,San Pedro Garza García,ND,ND,ND,ND,https://www.cylex.mx/san%20pedro%20garza%20garc%C3%ADa-san%20pedro%20garza%20garc%C3%ADa/tienda%20de%20ropa%20para%20mujer.html
Bubble Xplosion,Guadalupe,ND,ND,ND,ND,https://www.cylex.mx/guadalupe-guadalupe-nuevo%2Ble%C3%B3n/art%C3%ADculos-para-ni%C3%B1os-y-beb%C3%A9s/
La Casita de Pañales,Guadalupe,ND,ND,ND,ND,https://www.cylex.mx/guadalupe-guadalupe-nuevo%2Ble%C3%B3n/art%C3%ADculos-para-ni%C3%B1os-y-beb%C3%A9s/
AN Articulos & Novedades,Guadalupe,ND,ND,ND,ND,https://www.cylex.mx/guadalupe-guadalupe-nuevo%2Ble%C3%B3n/art%C3%ADculos-para-ni%C3%B1os-y-beb%C3%A9s/
Mi Dulce Boutique,General Escobedo,ND,ND,ND,ND,https://www.cylex.mx/general%20escobedo-general%20escobedo/tiendas%2Bde%2Bropa.html
Mari-sa Bolsas Zapatos Y Accesorios,General Escobedo,ND,ND,ND,ND,https://www.cylex.mx/general%20escobedo-general%20escobedo/tiendas%2Bde%2Bropa.html
6PM,General Escobedo,ND,ND,ND,ND,https://www.cylex.mx/general%20escobedo-general%20escobedo/tiendas%2Bde%2Bropa.html
La Pop Shop (Quinto Centenario),General Escobedo,ND,ND,ND,ND,https://www.cylex.mx/general%20escobedo-general%20escobedo/tiendas%2Bde%2Bropa.html
Sweet Bazar Store,General Escobedo,ND,ND,ND,ND,https://www.cylex.mx/general%20escobedo-general%20escobedo/tiendas%2Bde%2Bropa.html
Pequeñín Shop,General Escobedo,ND,ND,ND,ND,https://www.cylex.mx/general%20escobedo-general%20escobedo/tiendas%2Bde%2Bropa.html
Betty Vestidos,General Escobedo,ND,ND,ND,ND,https://www.cylex.mx/general%20escobedo-general%20escobedo/tiendas%2Bde%2Bropa.html
ARMARIUM Renta de Vestidos,General Escobedo,ND,ND,ND,ND,https://www.cylex.mx/general%20escobedo-general%20escobedo/tiendas%2Bde%2Bropa.html
Creaciones Neim´s S.A.de C.V.,General Escobedo,ND,ND,ND,ND,https://www.cylex.mx/general%20escobedo-general%20escobedo/tiendas%2Bde%2Bropa.html
Elite Tuxedo Escobedo (Renta y venta de trajes y smokings en Raúl Salinas),General Escobedo,ND,ND,ND,ND,https://www.cylex.mx/general%20escobedo-general%20escobedo/tiendas%2Bde%2Bropa.html
Urban Store,General Escobedo,ND,ND,ND,ND,https://www.cylex.mx/general%20escobedo-general%20escobedo/tiendas%2Bde%2Bropa.html
Boutique Lucero's,General Escobedo,ND,ND,ND,ND,https://www.cylex.mx/general%20escobedo-general%20escobedo/tiendas%2Bde%2Bropa.html
Reduced Las Plazas Outlet Monterrey,General Escobedo,ND,ND,ND,ND,https://www.cylex.mx/general%20escobedo-general%20escobedo/tiendas%2Bde%2Bropa.html
Under Armour,General Escobedo,ND,ND,ND,ND,https://www.cylex.mx/general%20escobedo-general%20escobedo/tiendas%2Bde%2Bropa.html
La Loma Hats,General Escobedo,ND,ND,ND,ND,https://www.cylex.mx/general%20escobedo-general%20escobedo/tiendas%2Bde%2Bropa.html
D'hann-Yis Boutique,General Escobedo,ND,ND,ND,ND,https://www.cylex.mx/general%20escobedo-general%20escobedo/tiendas%2Bde%2Bropa.html
Gorditos & Bonitos,General Escobedo,ND,ND,ND,ND,https://www.cylex.mx/general%20escobedo-general%20escobedo/tiendas%2Bde%2Bropa.html
Tristan boutique,General Escobedo,ND,ND,ND,ND,https://www.cylex.mx/general%20escobedo-general%20escobedo/tiendas%2Bde%2Bropa.html
Meli Shop,General Escobedo,ND,ND,ND,ND,https://www.cylex.mx/general%20escobedo-general%20escobedo/tiendas%2Bde%2Bropa.html
Playeras Dragón Rojo,General Escobedo,ND,ND,ND,ND,https://www.cylex.mx/general%20escobedo-general%20escobedo/tiendas%2Bde%2Bropa.html
SARA DURAN,Guadalupe,ND,ND,ND,ND,https://www.cylex.mx/guadalupe-guadalupe-nuevo%2Ble%C3%B3n/gorra-3.html
El Refugio AD Guadalupe,Guadalupe,ND,ND,ND,ND,https://www.cylex.mx/guadalupe-guadalupe-nuevo%2Ble%C3%B3n/gorra-3.html
Bilox Shop 2,Guadalupe,ND,ND,ND,ND,https://www.cylex.mx/guadalupe-guadalupe-nuevo%2Ble%C3%B3n/gorra-3.html
ANGEL Y ANGIE Confecciones,Guadalupe,ND,ND,ND,ND,https://www.cylex.mx/guadalupe-guadalupe-nuevo%2Ble%C3%B3n/gorra-3.html
Accesories for women,Guadalupe,ND,ND,ND,ND,https://www.cylex.mx/guadalupe-guadalupe-nuevo%2Ble%C3%B3n/gorra-3.html
ilov,Guadalupe,ND,ND,ND,ND,https://www.cylex.mx/guadalupe-guadalupe-nuevo%2Ble%C3%B3n/gorra-3.html
Love Dresses Boutique,Guadalupe,ND,ND,ND,ND,https://www.cylex.mx/guadalupe-guadalupe-nuevo%2Ble%C3%B3n/gorra-3.html
ORMAN TUXEDOS,Guadalupe,ND,ND,ND,ND,https://www.cylex.mx/guadalupe-guadalupe-nuevo%2Ble%C3%B3n/gorra-3.html
Renta de Vestidos Gisel,Guadalupe,ND,ND,ND,ND,https://www.cylex.mx/guadalupe-guadalupe-nuevo%2Ble%C3%B3n/gorra-3.html
SASTRERIA MISAEL,Guadalupe,ND,ND,ND,ND,https://www.cylex.mx/guadalupe-guadalupe-nuevo%2Ble%C3%B3n/gorra-3.html
Uniforme Industrial Street Silver,Guadalupe,ND,ND,ND,ND,https://www.cylex.mx/guadalupe-guadalupe-nuevo%2Ble%C3%B3n/gorra-3.html
Millán Modistas,Guadalupe,ND,ND,ND,ND,https://www.cylex.mx/guadalupe-guadalupe-nuevo%2Ble%C3%B3n/gorra-3.html
Melwe dress - renta de vestidos de fiesta,Guadalupe,ND,ND,ND,ND,https://www.cylex.mx/guadalupe-guadalupe-nuevo%2Ble%C3%B3n/gorra-3.html
JHOARA DRESS RENTA DE VESTIDOS,Guadalupe,ND,ND,ND,ND,https://www.cylex.mx/guadalupe-guadalupe-nuevo%2Ble%C3%B3n/gorra-4.html
Latika Mty,Guadalupe,ND,ND,ND,ND,https://www.cylex.mx/guadalupe-guadalupe-nuevo%2Ble%C3%B3n/gorra-4.html
"Bombon, renta de vestidos",Guadalupe,ND,ND,ND,ND,https://www.cylex.mx/guadalupe-guadalupe-nuevo%2Ble%C3%B3n/gorra-4.html
Isabella Boutique Mayoreo,Guadalupe,ND,ND,ND,ND,https://www.cylex.mx/guadalupe-guadalupe-nuevo%2Ble%C3%B3n/gorra-4.html
Mohini Dresses- Renta de vestidos,Guadalupe,ND,ND,ND,ND,https://www.cylex.mx/guadalupe-guadalupe-nuevo%2Ble%C3%B3n/gorra-4.html
Uniformes AVA,Guadalupe,ND,ND,ND,ND,https://www.cylex.mx/guadalupe-guadalupe-nuevo%2Ble%C3%B3n/gorra-4.html
Mya's Dresses Renta de Vestidos,Guadalupe,ND,ND,ND,ND,https://www.cylex.mx/guadalupe-guadalupe-nuevo%2Ble%C3%B3n/gorra-4.html
Mairim Store,Guadalupe,ND,ND,ND,ND,https://www.cylex.mx/guadalupe-guadalupe-nuevo%2Ble%C3%B3n/gorra-4.html
Bazar Linda Vista,Guadalupe,ND,ND,ND,ND,https://www.cylex.mx/guadalupe-guadalupe-nuevo%2Ble%C3%B3n/gorra-2.html
Sarai Boutique,Guadalupe,ND,ND,ND,ND,https://www.cylex.mx/guadalupe-guadalupe-nuevo%2Ble%C3%B3n/gorra-5.html
Cloth Inc. Monterrey,Guadalupe,ND,ND,ND,ND,https://www.cylex.mx/guadalupe-guadalupe-nuevo%2Ble%C3%B3n/gorra-5.html
Lurylu Diseños,Guadalupe,ND,ND,ND,ND,https://www.cylex.mx/guadalupe-guadalupe-nuevo%2Ble%C3%B3n/gorra-5.html
Valkiriah Renta de Vestidos,Guadalupe,ND,ND,ND,ND,https://www.cylex.mx/guadalupe-guadalupe-nuevo%2Ble%C3%B3n/gorra-5.html
Tienda Me Visto del Averno (Estilo Urbano Mexicano),Guadalupe,ND,ND,ND,ND,https://www.cylex.mx/guadalupe-guadalupe-nuevo%2Ble%C3%B3n/gorra-5.html
Glow Fashion Boutique,Guadalupe,ND,ND,ND,ND,https://www.cylex.mx/guadalupe-guadalupe-nuevo%2Ble%C3%B3n/gorra-5.html
Ana luisa shop,Guadalupe,ND,ND,ND,ND,https://www.cylex.mx/guadalupe-guadalupe-nuevo%2Ble%C3%B3n/gorra-5.html
Anime Express,Guadalupe,ND,ND,ND,ND,https://www.cylex.mx/guadalupe-guadalupe-nuevo%2Ble%C3%B3n/gorra-5.html
SuperOutlet SHEIN Guadalupe,Guadalupe,ND,ND,ND,ND,https://www.cylex.mx/guadalupe-guadalupe-nuevo%2Ble%C3%B3n/gorra-5.html
Factor Belle Mty moda y accesorios,Guadalupe,ND,ND,ND,ND,https://www.cylex.mx/guadalupe-guadalupe-nuevo%2Ble%C3%B3n/gorra-5.html
Pacas Monterrey,Guadalupe,ND,ND,ND,ND,https://www.cylex.mx/guadalupe-guadalupe-nuevo%2Ble%C3%B3n/gorra-5.html
Roca artesana,Guadalupe,ND,ND,ND,ND,https://www.cylex.mx/guadalupe-guadalupe-nuevo%2Ble%C3%B3n/gorra-5.html
Michelle accesorios,Guadalupe,ND,ND,ND,ND,https://www.cylex.mx/guadalupe-guadalupe-nuevo%2Ble%C3%B3n/gorra-5.html
Arte Creativo FJ,Guadalupe,ND,ND,ND,ND,https://www.cylex.mx/guadalupe-guadalupe-nuevo%2Ble%C3%B3n/gorra-5.html
Shekinah Boutique,Guadalupe,ND,ND,ND,ND,https://www.cylex.mx/guadalupe-guadalupe-nuevo%2Ble%C3%B3n/gorra-5.html
KÓBA Boutique,Guadalupe,ND,ND,ND,ND,https://www.cylex.mx/guadalupe-guadalupe-nuevo%2Ble%C3%B3n/gorra-5.html
Tenis Monterrey Apodaca,Apodaca,ND,ND,ND,ND,https://www.cylex.mx/apodaca/zapater%C3%ADa.html
Lobo Solo Plaza Altea,Apodaca,ND,ND,ND,ND,https://www.cylex.mx/apodaca/zapater%C3%ADa.html
Erez,Apodaca,ND,ND,ND,ND,https://www.cylex.mx/apodaca/zapater%C3%ADa.html
Grisel Zapateria,Apodaca,ND,ND,ND,ND,https://www.cylex.mx/apodaca/zapater%C3%ADa.html
Capa de Ozono,Apodaca,ND,ND,ND,ND,https://www.cylex.mx/apodaca/zapater%C3%ADa.html
Botas de Trabajo Riverline Ergonomic Apodaca,Apodaca,ND,ND,ND,ND,https://www.cylex.mx/apodaca/zapater%C3%ADa.html
Andrea Apodaca,Apodaca,ND,ND,ND,ND,https://www.cylex.mx/apodaca/zapater%C3%ADa.html
Calzado Casual,Apodaca,ND,ND,ND,ND,https://www.cylex.mx/apodaca/zapater%C3%ADa.html
Productos Pielux,Apodaca,ND,ND,ND,ND,https://www.cylex.mx/apodaca/zapater%C3%ADa.html
Bodega Aurrera - Sucursal LOS FRESNOS,Apodaca,ND,ND,ND,ND,https://www.cylex.mx/apodaca/zapater%C3%ADa.html
Zapatería Juarez,Apodaca,ND,ND,ND,ND,https://www.cylex.mx/apodaca/zapater%C3%ADa.html
Louis Vuitton Mexico El Palacio de Hierro Monterrey,San Pedro Garza García,ND,ND,ND,ND,https://www.cylex.mx/san%2Bpedro%2Bgarza%2Bgarc%C3%ADa-san%2Bpedro%2Bgarza%2Bgarc%C3%ADa/ropa%2Bpara%2Bhombre.html
BALENCIAGA,San Pedro Garza García,ND,ND,ND,ND,https://www.cylex.mx/san%2Bpedro%2Bgarza%2Bgarc%C3%ADa-san%2Bpedro%2Bgarza%2Bgarc%C3%ADa/ropa%2Bpara%2Bhombre.html
Dolce & Gabbana,San Pedro Garza García,ND,ND,ND,ND,https://www.cylex.mx/san%2Bpedro%2Bgarza%2Bgarc%C3%ADa-san%2Bpedro%2Bgarza%2Bgarc%C3%ADa/ropa%2Bpara%2Bhombre.html
American Eagle,San Pedro Garza García,ND,ND,ND,ND,https://www.cylex.mx/san%2Bpedro%2Bgarza%2Bgarc%C3%ADa-san%2Bpedro%2Bgarza%2Bgarc%C3%ADa/ropa%2Bpara%2Bhombre.html
Zegna (Shop-In-Shop) El Palacio de Hierro Monterre,San Pedro Garza García,ND,ND,ND,ND,https://www.cylex.mx/san%2Bpedro%2Bgarza%2Bgarc%C3%ADa-san%2Bpedro%2Bgarza%2Bgarc%C3%ADa/ropa%2Bpara%2Bhombre.html
Aerie,Monterrey,ND,ND,ND,ND,https://www.cylex.mx/monterrey-monterrey/jeans.html
Blue Banana Brand - Monterrey,Monterrey,ND,ND,ND,ND,https://www.cylex.mx/monterrey-monterrey/jeans.html
Zegna (Shop-In-Shop) El Palacio de Hierro Monterre,Monterrey,ND,ND,ND,ND,https://www.cylex.mx/monterrey-monterrey/jeans.html
Jeans Gabrielle,Monterrey,ND,ND,ND,ND,https://www.cylex.mx/monterrey-monterrey/jeans.html
Vizzio Jeans,Monterrey,ND,ND,ND,ND,https://www.cylex.mx/monterrey-monterrey/jeans.html
"Confecciones Colibri, S.a. de C.v.",Monterrey,ND,ND,ND,ND,https://www.cylex.mx/monterrey-monterrey/jeans.html
Pantalones de Mezclilla Monterrey I Work Force Jeans,Monterrey,ND,ND,ND,ND,https://www.cylex.mx/monterrey-monterrey/jeans.html
Levi's,Monterrey,ND,ND,ND,ND,https://www.cylex.mx/monterrey-monterrey/jeans.html
Oh my dress! Plaza Nave 01,Apodaca,ND,ND,ND,ND,https://www.cylex.mx/apodaca/oh%2Bmy%2Bdress%21%2Bplaza%2Bnave%2B01-12237144.html
Idalia Collection,Apodaca,ND,ND,ND,ND,https://www.cylex.mx/apodaca/oh%2Bmy%2Bdress%21%2Bplaza%2Bnave%2B01-12237144.html
Ilusión,Apodaca,ND,ND,ND,ND,https://www.cylex.mx/apodaca/oh%2Bmy%2Bdress%21%2Bplaza%2Bnave%2B01-12237144.html
Isa Boutique,Apodaca,ND,ND,ND,ND,https://www.cylex.mx/apodaca/oh%2Bmy%2Bdress%21%2Bplaza%2Bnave%2B01-12237144.html
Deportes Naile,Apodaca,ND,ND,ND,ND,https://www.cylex.mx/apodaca/oh%2Bmy%2Bdress%21%2Bplaza%2Bnave%2B01-12237144.html
Maria Dress & Makeup,Apodaca,ND,ND,ND,ND,https://www.cylex.mx/apodaca/oh%2Bmy%2Bdress%21%2Bplaza%2Bnave%2B01-12237144.html
WALMART Sucursal SENDERO,General Escobedo,ND,ND,ND,ND,https://www.cylex.mx/general%2Bescobedo-general%2Bescobedo/almacenes-y-tiendas-de-abarrotes/
Del Sol,General Escobedo,ND,ND,ND,ND,https://www.cylex.mx/general%2Bescobedo-general%2Bescobedo/almacenes-y-tiendas-de-abarrotes/
La Costureria de Mama,Apodaca,ND,ND,ND,ND,https://www.cylex.mx/apodaca/taller%2Bde%2Bcostura.html
Tere Esquivel Costurera,Apodaca,ND,ND,ND,ND,https://www.cylex.mx/apodaca/taller%2Bde%2Bcostura.html
Carlotha dresses,Monterrey,ND,ND,ND,ND,https://www.cylex.mx/monterrey-monterrey/carlotha%2Bdresses-11929983.html
Citlalli's Boutique,San Nicolás de los Garza,ND,ND,ND,ND,https://www.cylex.mx/san%2Bnicol%C3%A1s%2Bde%2Blos%2Bgarza/sweet%2Be%2Bmotion%2Bboutique-12211643.html
Hilitoz compostura de ropa Roble,San Nicolás de los Garza,ND,ND,ND,ND,https://www.cylex.mx/san%2Bnicol%C3%A1s%2Bde%2Blos%2Bgarza/sweet%2Be%2Bmotion%2Bboutique-12211643.html
Gears Armor,San Nicolás de los Garza,ND,ND,ND,ND,https://www.cylex.mx/san%2Bnicol%C3%A1s%2Bde%2Blos%2Bgarza/sweet%2Be%2Bmotion%2Bboutique-12211643.html
Creaciones y Costuras,San Nicolás de los Garza,ND,ND,ND,ND,https://www.cylex.mx/san%2Bnicol%C3%A1s%2Bde%2Blos%2Bgarza/sweet%2Be%2Bmotion%2Bboutique-12211643.html
Zig Zag,San Nicolás de los Garza,ND,ND,ND,ND,https://www.cylex.mx/san%2Bnicol%C3%A1s%2Bde%2Blos%2Bgarza/sweet%2Be%2Bmotion%2Bboutique-12211643.html
Adelé Renta y Confección de Vestidos de Fiesta,San Nicolás de los Garza,ND,ND,ND,ND,https://www.cylex.mx/san%2Bnicol%C3%A1s%2Bde%2Blos%2Bgarza/sweet%2Be%2Bmotion%2Bboutique-12211643.html
Trend Store,San Nicolás de los Garza,ND,ND,ND,ND,https://www.cylex.mx/san%2Bnicol%C3%A1s%2Bde%2Blos%2Bgarza/sweet%2Be%2Bmotion%2Bboutique-12211643.html
Tienda De Ropa Moday,Linares,ND,ND,ND,ND,https://guiamexican.com/tiendas-de-ropa/linares/page/2
Boutique Zoet,Linares,ND,ND,ND,ND,https://guiamexican.com/tiendas-de-ropa/linares/page/2
Boutique Sofia,Linares,ND,ND,ND,ND,https://guiamexican.com/tiendas-de-ropa/linares/page/2
Chic Boutique,Linares,ND,ND,ND,ND,https://guiamexican.com/tiendas-de-ropa/linares/page/2
Novedades Cecy,Linares,ND,ND,ND,ND,https://guiamexican.com/tiendas-de-ropa/linares/page/2
Novedades Minerva,Linares,ND,ND,ND,ND,https://guiamexican.com/tiendas-de-ropa/linares/page/2
New York Boutique,Linares,ND,ND,ND,ND,https://guiamexican.com/tiendas-de-ropa/linares/page/2
Venta De Ropa Y Juguetes,Linares,ND,ND,ND,ND,https://guiamexican.com/tiendas-de-ropa/linares/page/2
Tienda De Novedades Karen,Linares,ND,ND,ND,ND,https://guiamexican.com/tiendas-de-ropa/linares/page/2
Tienda De Ropa Diva,Linares,ND,ND,ND,ND,https://guiamexican.com/tiendas-de-ropa/linares/page/2
Tienda De Ropa Mundo Joven,Linares,ND,ND,ND,ND,https://guiamexican.com/tiendas-de-ropa/linares/page/2
Tienda De Ropa Venus,Linares,ND,ND,ND,ND,https://guiamexican.com/tiendas-de-ropa/linares/page/2
Venta De Ropa Y Zapatos,Linares,ND,ND,ND,ND,https://guiamexican.com/tiendas-de-ropa/linares/page/2
Boutique,Linares,ND,ND,ND,ND,https://guiamexican.com/tiendas-de-ropa/linares/page/2
Venta De Ropa,Linares,ND,ND,ND,ND,https://guiamexican.com/tiendas-de-ropa/linares/page/2
Chatre Boutique,Linares,ND,ND,ND,ND,https://guiamexican.com/tiendas-de-ropa/linares/page/2
Tienda De Ropa El Bodegón,Linares,ND,ND,ND,ND,https://guiamexican.com/tiendas-de-ropa/linares/page/2
332 Sensacion,Linares,ND,ND,ND,ND,https://guiamexican.com/tiendas-de-ropa/linares/page/3
Tienda De Roa Papos,Linares,ND,ND,ND,ND,https://guiamexican.com/tiendas-de-ropa/linares/page/3
Novedades Gómez,Linares,ND,ND,ND,ND,https://guiamexican.com/tiendas-de-ropa/linares/page/3
Tienda De Ropa Moda Actual,Linares,ND,ND,ND,ND,https://guiamexican.com/tiendas-de-ropa/linares/page/3
Elegant Boutique Narce,Linares,ND,ND,ND,ND,https://guiamexican.com/tiendas-de-ropa/linares/page/3
Dianis Boutique,Linares,ND,ND,ND,ND,https://guiamexican.com/tiendas-de-ropa/linares/page/3
Maryfer Boutique,Linares,ND,ND,ND,ND,https://guiamexican.com/tiendas-de-ropa/linares/page/3
Bazar Venta De Ropa,Linares,ND,ND,ND,ND,https://guiamexican.com/tiendas-de-ropa/linares/page/3
Boutique Alis,Linares,ND,ND,ND,ND,https://guiamexican.com/tiendas-de-ropa/linares/page/3
Fresa Boutique,Linares,ND,ND,ND,ND,https://guiamexican.com/tiendas-de-ropa/linares/page/3
Boutique Camila´S,Linares,ND,ND,ND,ND,https://guiamexican.com/tiendas-de-ropa/linares/page/3
Ropa Y Novedades Pedrito,Linares,ND,ND,ND,ND,https://guiamexican.com/tiendas-de-ropa/linares/page/3
Venta De Popa Escape Jeans,Linares,ND,ND,ND,ND,https://guiamexican.com/tiendas-de-ropa/linares/page/3
Juventus Jeans,Linares,ND,ND,ND,ND,https://guiamexican.com/tiendas-de-ropa/linares/page/3
Boutique Giselle,Linares,ND,ND,ND,ND,https://guiamexican.com/tiendas-de-ropa/linares/page/3
Dreams Boutique,Linares,ND,ND,ND,ND,https://guiamexican.com/tiendas-de-ropa/linares/page/3
Kira Boutique,Linares,ND,ND,ND,ND,https://guiamexican.com/tiendas-de-ropa/linares/page/3
Tienda De Ropa Para Dama,Linares,ND,ND,ND,ND,https://guiamexican.com/tiendas-de-ropa/linares/page/3
La Gardenia,García,ND,ND,ND,ND,https://guiamexican.com/tiendas-de-ropa/garcia/page/2
Novedades Cortes,García,ND,ND,ND,ND,https://guiamexican.com/tiendas-de-ropa/garcia/page/2
Tienda De Ropa,García,ND,ND,ND,ND,https://guiamexican.com/tiendas-de-ropa/garcia/page/2
Pull & Bear,San Pedro Garza García,ND,ND,ND,ND,https://www.cylex.mx/san%2Bpedro%2Bgarza%2Bgarc%C3%ADa-san%2Bpedro%2Bgarza%2Bgarc%C3%ADa/camiseta-3.html
Bershka - Centro Comercial Paseo San Pedro,San Pedro Garza García,ND,ND,ND,ND,https://www.cylex.mx/san%2Bpedro%2Bgarza%2Bgarc%C3%ADa-san%2Bpedro%2Bgarza%2Bgarc%C3%ADa/camiseta-3.html
Elite Tuxedo,San Pedro Garza García,ND,ND,ND,ND,https://www.cylex.mx/san%2Bpedro%2Bgarza%2Bgarc%C3%ADa-san%2Bpedro%2Bgarza%2Bgarc%C3%ADa/camiseta-3.html
"Bordados Zale, S.a. de C.v",San Pedro Garza García,ND,ND,ND,ND,https://www.cylex.mx/san%2Bpedro%2Bgarza%2Bgarc%C3%ADa-san%2Bpedro%2Bgarza%2Bgarc%C3%ADa/camiseta-3.html
Zíngara,San Pedro Garza García,ND,ND,ND,ND,https://www.cylex.mx/san%2Bpedro%2Bgarza%2Bgarc%C3%ADa-san%2Bpedro%2Bgarza%2Bgarc%C3%ADa/camiseta-3.html
Sunglass Hut,San Pedro Garza García,ND,ND,ND,ND,https://www.cylex.mx/san%2Bpedro%2Bgarza%2Bgarc%C3%ADa-san%2Bpedro%2Bgarza%2Bgarc%C3%ADa/camiseta-3.html
Casa Moreno,San Pedro Garza García,ND,morelos@casamoreno.com,ND,ND,https://www.cylex.mx/san%2Bpedro%2Bgarza%2Bgarc%C3%ADa-san%2Bpedro%2Bgarza%2Bgarc%C3%ADa/camiseta-3.html
Lemon Chic,San Pedro Garza García,ND,ND,ND,ND,https://www.cylex.mx/san%2Bpedro%2Bgarza%2Bgarc%C3%ADa-san%2Bpedro%2Bgarza%2Bgarc%C3%ADa/camiseta-3.html
Dresscode,San Pedro Garza García,ND,ND,ND,ND,https://www.cylex.mx/san%2Bpedro%2Bgarza%2Bgarc%C3%ADa-san%2Bpedro%2Bgarza%2Bgarc%C3%ADa/camiseta-3.html
Mona Mour Boutique,San Pedro Garza García,ND,ND,ND,ND,https://www.cylex.mx/san%2Bpedro%2Bgarza%2Bgarc%C3%ADa-san%2Bpedro%2Bgarza%2Bgarc%C3%ADa/camiseta-3.html
Acapella,San Pedro Garza García,ND,ND,ND,ND,https://www.cylex.mx/san%2Bpedro%2Bgarza%2Bgarc%C3%ADa-san%2Bpedro%2Bgarza%2Bgarc%C3%ADa/camiseta-3.html
Tailoring & Made To Measure,San Pedro Garza García,ND,ND,ND,ND,https://www.cylex.mx/san%2Bpedro%2Bgarza%2Bgarc%C3%ADa-san%2Bpedro%2Bgarza%2Bgarc%C3%ADa/camiseta-3.html
Venusy Boutique,San Pedro Garza García,ND,ND,ND,ND,https://www.cylex.mx/san%2Bpedro%2Bgarza%2Bgarc%C3%ADa-san%2Bpedro%2Bgarza%2Bgarc%C3%ADa/camiseta-3.html
JOIN Handbags Bolsas mayoreo y menudeo,San Pedro Garza García,ND,ND,ND,ND,https://www.cylex.mx/san%2Bpedro%2Bgarza%2Bgarc%C3%ADa-san%2Bpedro%2Bgarza%2Bgarc%C3%ADa/camiseta-3.html
Toska,San Pedro Garza García,ND,ND,ND,ND,https://www.cylex.mx/san%2Bpedro%2Bgarza%2Bgarc%C3%ADa-san%2Bpedro%2Bgarza%2Bgarc%C3%ADa/camiseta-3.html
DRESS to DRESS,San Pedro Garza García,ND,ND,ND,ND,https://www.cylex.mx/san%2Bpedro%2Bgarza%2Bgarc%C3%ADa-san%2Bpedro%2Bgarza%2Bgarc%C3%ADa/camiseta-3.html
Rapsodia,San Pedro Garza García,ND,ND,ND,ND,https://www.cylex.mx/san%2Bpedro%2Bgarza%2Bgarc%C3%ADa-san%2Bpedro%2Bgarza%2Bgarc%C3%ADa/camiseta-3.html
Max Mara,San Pedro Garza García,ND,ND,ND,ND,https://www.cylex.mx/san%2Bpedro%2Bgarza%2Bgarc%C3%ADa-san%2Bpedro%2Bgarza%2Bgarc%C3%ADa/camisas.html
Saint Laurent,San Pedro Garza García,ND,ND,ND,ND,https://www.cylex.mx/san%2Bpedro%2Bgarza%2Bgarc%C3%ADa-san%2Bpedro%2Bgarza%2Bgarc%C3%ADa/camisas.html
Jinx Apparel Co.,Monterrey,ND,ND,ND,ND,https://www.cylex.mx/monterrey-monterrey/chaleco-20.html
Integra Textil,Monterrey,ND,ND,ND,ND,https://www.cylex.mx/monterrey-monterrey/chaleco-20.html
D' Ocasion,Monterrey,ND,ND,ND,ND,https://www.cylex.mx/monterrey-monterrey/chaleco-20.html
Xcarlet Lenceria y Corseteria,Monterrey,ND,ND,ND,ND,https://www.cylex.mx/monterrey-monterrey/chaleco-20.html
Suburbia De,Monterrey,ND,ND,ND,ND,https://www.cylex.mx/monterrey-monterrey/chaleco-20.html
Valeria Lesza Uniformes,Monterrey,ND,ND,ND,ND,https://www.cylex.mx/monterrey-monterrey/chaleco-20.html
Imperio Novias,Monterrey,ND,ND,ND,ND,https://www.cylex.mx/monterrey-monterrey/chaleco-20.html
ClosetRehab,Monterrey,ND,ND,ND,ND,https://www.cylex.mx/monterrey-monterrey/chaleco-20.html
LIVERPOOL GALERÍAS MONTERREY,Monterrey,ND,ND,ND,ND,https://www.cylex.mx/monterrey-monterrey/chaleco-20.html
Confecciones Del Norte,Monterrey,ND,ND,ND,ND,https://www.cylex.mx/monterrey-monterrey/chaleco-20.html
Ilusion,Monterrey,ND,ND,ND,ND,https://www.cylex.mx/monterrey-monterrey/chaleco-20.html
BabyIn,Monterrey,ND,ND,ND,ND,https://www.cylex.mx/monterrey-monterrey/chaleco-20.html
Dbellos,Monterrey,ND,ND,ND,ND,https://www.cylex.mx/monterrey-monterrey/chaleco-20.html
La Gloria Boutique Infantil,Monterrey,ND,ND,ND,ND,https://www.cylex.mx/monterrey-monterrey/chaleco-20.html
Kiut Kids,Monterrey,ND,ND,ND,ND,https://www.cylex.mx/monterrey-monterrey/chaleco-20.html
Pía Caterina Colinas de San Jerónimo Mty,Monterrey,ND,ND,ND,ND,https://www.cylex.mx/monterrey-monterrey/chaleco-20.html
BabyKeep,Monterrey,ND,ND,ND,ND,https://www.cylex.mx/monterrey-monterrey/chaleco-20.html
Soccer Planet,Monterrey,ND,ND,ND,ND,https://www.cylex.mx/monterrey-monterrey/blusas-19.html
D' FLOR renta&venta de vestidos,Monterrey,ND,ND,ND,ND,https://www.cylex.mx/monterrey-monterrey/blusas-19.html
sastreria junior,Monterrey,ND,ND,ND,ND,https://www.cylex.mx/monterrey-monterrey/blusas-19.html
ICE Activewear,Monterrey,ND,ND,ND,ND,https://www.cylex.mx/monterrey-monterrey/blusas-19.html
Sexy time,Monterrey,ND,ND,ND,ND,https://www.cylex.mx/monterrey-monterrey/blusas-19.html
Rentatuendo,Monterrey,ND,ND,ND,ND,https://www.cylex.mx/monterrey-monterrey/blusas-19.html
G2 Comercial Mty,Monterrey,ND,ND,ND,ND,https://www.cylex.mx/monterrey-monterrey/blusas-19.html
Sandy Shop Mty,Monterrey,ND,ND,ND,ND,https://www.cylex.mx/monterrey-monterrey/blusas-19.html
Hadassa Dresses,Monterrey,ND,ND,ND,ND,https://www.cylex.mx/monterrey-monterrey/blusas-19.html
D&F Dresses,Monterrey,ND,ND,ND,ND,https://www.cylex.mx/monterrey-monterrey/blusas-19.html
Moda Fashion,Monterrey,ND,ND,ND,ND,https://www.cylex.mx/monterrey-monterrey/blusas-19.html
"Vittorio Forti (José María Morelos 433A, Centro, Monterrey, N.L., Monterrey, Nuevo León, México)",Monterrey,ND,ND,ND,ND,https://www.cylex.mx/monterrey-monterrey/blusas-19.html
El Charro Regio HATS,Monterrey,ND,ND,ND,ND,https://www.cylex.mx/monterrey-monterrey/blusas-19.html
Bombolette Monterrey,Monterrey,ND,ND,ND,ND,https://www.cylex.mx/monterrey-monterrey/blusas-19.html
Trajes El Pasaje,Monterrey,ND,ND,ND,ND,https://www.cylex.mx/monterrey-monterrey/blusas-19.html
Colectivo del Centro,Monterrey,ND,ND,ND,ND,https://www.cylex.mx/monterrey-monterrey/blusas-19.html
Florence Boutique,Monterrey,ND,ND,ND,ND,https://www.cylex.mx/monterrey-monterrey/blusas-19.html
DEYA WEAR,Monterrey,ND,ND,ND,ND,https://www.cylex.mx/monterrey-monterrey/blusas-19.html
Mel Dresses Renta de Vestidos,Guadalupe,ND,ND,ND,ND,https://www.cylex.mx/guadalupe-guadalupe-nuevo%2Ble%C3%B3n/gorra-2.html
Curvylicious,Guadalupe,ND,ND,ND,ND,https://www.cylex.mx/guadalupe-guadalupe-nuevo%2Ble%C3%B3n/gorra-2.html
La casita del terror,Guadalupe,ND,ND,ND,ND,https://www.cylex.mx/guadalupe-guadalupe-nuevo%2Ble%C3%B3n/gorra-2.html
MB COLLECTION,Guadalupe,ND,ND,ND,ND,https://www.cylex.mx/guadalupe-guadalupe-nuevo%2Ble%C3%B3n/gorra-2.html
Tienda De Bisutería Saldos,Linares,ND,ND,ND,ND,https://m.guiamexican.com/bisuteria-accesorios-de-vestir/linares/
Jesmely Bisutería,Linares,ND,ND,ND,ND,https://m.guiamexican.com/bisuteria-accesorios-de-vestir/linares/
Accesorios La Mision,Linares,ND,ND,ND,ND,https://m.guiamexican.com/bisuteria-accesorios-de-vestir/linares/
Bodega De Los Rey,Linares,ND,ND,ND,ND,https://m.guiamexican.com/bisuteria-accesorios-de-vestir/linares/
GLAD Showroom,Monterrey,01 81 8103 9362,ND,ND,ND,https://www.cylex.mx/monterrey-monterrey/chaleco-16.html
Uniformes escolares Rosver,Monterrey,01 81 1702 2015,ND,ND,ND,https://www.cylex.mx/monterrey-monterrey/chaleco-16.html
Malena Uniformes Clinicos,Monterrey,01 81 1604 3958,ND,ND,ND,https://www.cylex.mx/monterrey-monterrey/chaleco-16.html
Elegance Renta y Venta de Vestidos,Monterrey,01 81 3135 1516,ND,ND,ND,https://www.cylex.mx/monterrey-monterrey/chaleco-16.html
Estamos Cosiendo S.A. de C.V.,Monterrey,01 81 8103 6012,ND,ND,ND,https://www.cylex.mx/monterrey-monterrey/chaleco-16.html
Tweed Dresses,Monterrey,01 81 3434 6418,ND,ND,ND,https://www.cylex.mx/monterrey-monterrey/chaleco-16.html
Novedades Kelly,Monterrey,ND,ND,ND,ND,https://www.cylex.mx/monterrey-monterrey/chaleco-16.html
Brazaletes Monterrey,Monterrey,01 81 1160 2244,ND,ND,ND,https://www.cylex.mx/monterrey-monterrey/chaleco-16.html
KenSar Kawaii,Monterrey,ND,ND,ND,ND,https://www.cylex.mx/monterrey-monterrey/chaleco-16.html
Valery Vestidos de Tus Sueños,Monterrey,ND,ND,ND,ND,https://www.cylex.mx/monterrey-monterrey/chaleco-16.html
Lia Novedades,Monterrey,01 81 3271 0877,ND,ND,ND,https://www.cylex.mx/monterrey-monterrey/chaleco-16.html
Regias Chic,Monterrey,01 81 8201 0309,ND,ND,ND,https://www.cylex.mx/monterrey-monterrey/chaleco-16.html
KYKDRESSES,Monterrey,01 81 1778 5892,ND,ND,ND,https://www.cylex.mx/monterrey-monterrey/chaleco-16.html
Amáraby Monterrey,Monterrey,01 81 1358 4650,ND,ND,ND,https://www.cylex.mx/monterrey-monterrey/chaleco-16.html
Eve Closet,Monterrey,01 81 2409 8236,ND,ND,ND,https://www.cylex.mx/monterrey-monterrey/chaleco-16.html
Bonitas Outlet,Monterrey,ND,ND,ND,ND,https://www.cylex.mx/monterrey-monterrey/chaleco-16.html
Fac Ei Ventura,Monterrey,01 81 2869 5315,ND,ND,ND,https://www.cylex.mx/monterrey-monterrey/chaleco-17.html
AGO Mens Boutique,Monterrey,01 81 2320 4995,ND,ND,ND,https://www.cylex.mx/monterrey-monterrey/chaleco-17.html
Big & Fashion,Monterrey,01 81 1278 9252,ND,ND,ND,https://www.cylex.mx/monterrey-monterrey/chaleco-17.html
Emma Sofía Renta De Vestidos,Monterrey,01 81 8250 0611,ND,ND,ND,https://www.cylex.mx/monterrey-monterrey/chaleco-17.html
BME Diseño Social,Monterrey,ND,ND,ND,ND,https://www.cylex.mx/monterrey-monterrey/chaleco-17.html
Filipinas Seminuevas Americanas,Monterrey,01 81 2380 7559,ND,ND,ND,https://www.cylex.mx/monterrey-monterrey/chaleco-17.html
LoveAurelia,Monterrey,01 81 8169 8484,ND,ND,ND,https://www.cylex.mx/monterrey-monterrey/chaleco-17.html
Guayaberas SOOK,Monterrey,01 81 1695 9235,ND,ND,ND,https://www.cylex.mx/monterrey-monterrey/chaleco-18.html
Hovers,Monterrey,01 81 1908 0406,ND,ND,ND,https://www.cylex.mx/monterrey-monterrey/chaleco-18.html
The Wish/Rock,Monterrey,ND,ND,ND,ND,https://www.cylex.mx/monterrey-monterrey/chaleco-18.html
Triby Fashion,Monterrey,ND,ND,ND,ND,https://www.cylex.mx/monterrey-monterrey/chaleco-18.html
LO'FASSI MONTERREY,Monterrey,ND,ND,ND,ND,https://www.cylex.mx/monterrey-monterrey/chaleco-18.html
IKL Boutique Garza Sada,Monterrey,01 81 1234 4399,ND,ND,ND,https://www.cylex.mx/monterrey-monterrey/chaleco-18.html
Zalma Apparel,Monterrey,ND,ND,ND,ND,https://www.cylex.mx/monterrey-monterrey/chaleco-18.html
Coleccion One Plaza Peña y Peña,Monterrey,ND,ND,ND,ND,https://www.cylex.mx/monterrey-monterrey/chaleco-18.html
Sastrería REMAR,Monterrey,01 81 8190 3772,ND,ND,ND,https://www.cylex.mx/monterrey-monterrey/chaleco-18.html
Brooklyn 76,Monterrey,01 81 2890 6425,ND,ND,ND,https://www.cylex.mx/monterrey-monterrey/chaleco-18.html
El Rincón del Vaquero,Monterrey,01 81 1764 5578,ND,ND,ND,https://www.cylex.mx/monterrey-monterrey/chaleco-18.html
Romina Renta y Venta de Vestidos,Monterrey,ND,ND,ND,ND,https://www.cylex.mx/monterrey-monterrey/chaleco-18.html
Baya Confecciones,Monterrey,81 1599 7918,ND,ND,ND,https://www.cylex.mx/monterrey-monterrey/baya%20confecciones-12031361.html
Trajes México,Monterrey,ND,ND,ND,ND,https://www.cylex.mx/monterrey-monterrey/baya%20confecciones-12031361.html
"Sujetadores y Cintas, S.a. de C.v.",Monterrey,ND,ND,ND,ND,https://www.cylex.mx/monterrey-monterrey/baya%20confecciones-12031361.html
UNIFORMES REGIOMONTANOS,Monterrey,ND,ND,ND,ND,https://www.cylex.mx/monterrey-monterrey/baya%20confecciones-12031361.html
Michael Kors,San Pedro Garza García,81 8335 0930,ND,ND,ND,https://www.cylex.mx/san%2Bpedro%2Bgarza%2Bgarc%C3%ADa-san%2Bpedro%2Bgarza%2Bgarc%C3%ADa/camisas.html
Fendi Monterrey El Palacio De Hierro,San Pedro Garza García,ND,ND,ND,ND,https://www.cylex.mx/san%2Bpedro%2Bgarza%2Bgarc%C3%ADa-san%2Bpedro%2Bgarza%2Bgarc%C3%ADa/camisas.html
Cartier,San Pedro Garza García,ND,ND,ND,ND,https://www.cylex.mx/san%2Bpedro%2Bgarza%2Bgarc%C3%ADa-san%2Bpedro%2Bgarza%2Bgarc%C3%ADa/camisas.html
American Eagle & Aerie,San Pedro Garza García,722 688 8793,ND,ND,ND,https://www.cylex.mx/san%2Bpedro%2Bgarza%2Bgarc%C3%ADa-san%2Bpedro%2Bgarza%2Bgarc%C3%ADa/camisas.html
Boutique Esther,General Zuazua,ND,ND,ND,ND,https://guiamexican.com/tiendas-de-ropa/general-zuazua
Boutique Diferensce,General Zuazua,ND,ND,ND,ND,https://guiamexican.com/tiendas-de-ropa/general-zuazua
Boutique El Torito,General Zuazua,ND,ND,ND,ND,https://guiamexican.com/tiendas-de-ropa/general-zuazua
Ropa Y Accesorios Yisee,General Zuazua,ND,ND,ND,ND,https://guiamexican.com/tiendas-de-ropa/general-zuazua
Ropa Y Calzado,General Zuazua,ND,ND,ND,ND,https://guiamexican.com/tiendas-de-ropa/general-zuazua
Venta De Calcetas Y Calcetines,General Zuazua,ND,ND,ND,ND,https://guiamexican.com/tiendas-de-ropa/general-zuazua
Boutique (Avenida De La Conquista),General Zuazua,ND,ND,ND,ND,https://guiamexican.com/tiendas-de-ropa/general-zuazua
Venta De Ropa (Turín),General Zuazua,ND,ND,ND,ND,https://guiamexican.com/tiendas-de-ropa/general-zuazua
Venta De Ropa Nueva De Mujer,General Zuazua,ND,ND,ND,ND,https://guiamexican.com/tiendas-de-ropa/general-zuazua
Boutique Toritos,General Zuazua,ND,ND,ND,ND,https://guiamexican.com/tiendas-de-ropa/general-zuazua
Venta de Ropa para Bebe,Ciénega de Flores,ND,ND,ND,ND,https://rankeando.com/2945985-venta-de-ropa
Boutique de Marc,Ciénega de Flores,ND,ND,ND,ND,https://rankeando.com/2945985-venta-de-ropa
Boutique de Moda,Ciénega de Flores,ND,ND,ND,ND,https://rankeando.com/2945985-venta-de-ropa
Ropa y Calzado Aracely,Ciénega de Flores,ND,ND,ND,ND,https://rankeando.com/2945985-venta-de-ropa
Novedades Perla,Ciénega de Flores,ND,ND,ND,ND,https://rankeando.com/2945985-venta-de-ropa
Venta de Ropa,Ciénega de Flores,ND,ND,ND,ND,https://rankeando.com/2945985-venta-de-ropa
Regalos y Novedades Rosy,Ciénega de Flores,ND,ND,ND,ND,https://rankeando.com/2945985-venta-de-ropa
D Petty Ropa Calzado,Ciénega de Flores,ND,ND,ND,ND,https://rankeando.com/2945985-venta-de-ropa
Sensacion,Sabinas Hidalgo,+52 800 681 1376,ND,ND,ND,https://es.cybo.com/MX/sabinas-hidalgo/tiendas-de-ropa/
La Moda de Cecy,Sabinas Hidalgo,+52 824 620 4092,ND,ND,ND,https://es.cybo.com/MX/sabinas-hidalgo/tiendas-de-ropa/
Sastrería y Tuxedo Rental Alejandro,Sabinas Hidalgo,+52 824 106 0301,ND,ND,ND,https://es.cybo.com/MX/sabinas-hidalgo/tiendas-de-ropa/
Telas Esli,Sabinas Hidalgo,+52 824 242 2534,ND,ND,ND,https://es.cybo.com/MX/sabinas-hidalgo/tiendas-de-ropa/
Hollywear boutique,Sabinas Hidalgo,ND,ND,ND,ND,https://es.cybo.com/MX/sabinas-hidalgo/tiendas-de-ropa/
Contreras Western,Sabinas Hidalgo,ND,ND,ND,ND,https://es.cybo.com/MX/sabinas-hidalgo/tiendas-de-ropa/
Vestidos D' Vanessa Boutique,Sabinas Hidalgo,+52 824 100 5945,ND,ND,ND,https://es.cybo.com/MX/sabinas-hidalgo/tiendas-de-ropa/
Vestidos Roca,Sabinas Hidalgo,ND,ND,ND,ND,https://es.cybo.com/MX/sabinas-hidalgo/tiendas-de-ropa/
Only Fashion Boutique,Sabinas Hidalgo,+52 824 242 0678,ND,ND,ND,https://mxfirmas.com/NLE-Sabinas-Hidalgo/Tiendas-de-ropa-de-mujer
Uribe Garza Aurora,Sabinas Hidalgo,+52 814 242 0932,ND,ND,ND,https://mxfirmas.com/NLE-Sabinas-Hidalgo/Tiendas-de-ropa-de-mujer
Regalos Gemma,Sabinas Hidalgo,+52 824 242 3919,ND,ND,ND,https://mxfirmas.com/NLE-Sabinas-Hidalgo/Tiendas-de-ropa-de-mujer
Tu Moda,Sabinas Hidalgo,ND,ND,ND,ND,https://mxfirmas.com/NLE-Sabinas-Hidalgo/Tiendas-de-ropa-de-mujer
Sarahí Boutique,Sabinas Hidalgo,824 102 9999,ND,ND,ND,https://mxfirmas.com/NLE-Sabinas-Hidalgo/Tiendas-de-ropa-de-mujer
SENBIS Sabinas Hidalgo,Sabinas Hidalgo,ND,ND,ND,ND,https://mxfirmas.com/NLE-Sabinas-Hidalgo/Tiendas-de-ropa-de-mujer
Viva Boutique,Salinas Victoria,+52 81 1275 8689,ND,ND,ND,https://es.cybo.com/MX/salinas-victoria/tiendas-de-ropa/
Kiu Dress (renta de vestidos),Salinas Victoria,+52 81 1574 3948,ND,ND,ND,https://es.cybo.com/MX/salinas-victoria/tiendas-de-ropa/
El Globo De Pilares,Salinas Victoria,ND,ND,ND,ND,https://es.cybo.com/MX/salinas-victoria/tiendas-de-ropa/
Colibríes Boutique,Salinas Victoria,ND,ND,ND,ND,https://es.cybo.com/MX/salinas-victoria/tiendas-de-ropa/
Gaba's Boutique,Salinas Victoria,+52 866 100 2273,ND,ND,ND,https://es.cybo.com/MX/salinas-victoria/tiendas-de-ropa/
Boutique Y Novedades Jovita,Salinas Victoria,ND,ND,ND,ND,https://es.cybo.com/MX/salinas-victoria/tiendas-de-ropa/
"Pacas y Lotes a Mayoreo y Menudeo ""Reyna""",Salinas Victoria,+52 81 2535 9575,ND,ND,ND,https://es.cybo.com/MX/salinas-victoria/tiendas-de-ropa/
Costuras Miriam,Salinas Victoria,+52 81 2893 0849,ND,ND,ND,https://es.cybo.com/MX/salinas-victoria/tiendas-de-ropa/
Boutique Princes,Salinas Victoria,+52 81 1275 6747,ND,ND,ND,https://es.cybo.com/MX/salinas-victoria/tiendas-de-ropa/
Novedades Treviño,Salinas Victoria,+52 81 1911 1429,ND,ND,ND,https://es.cybo.com/MX/salinas-victoria/tiendas-de-ropa/
Boutique Juany,Salinas Victoria,+52 81 3558 8846,ND,ND,ND,https://es.cybo.com/MX/salinas-victoria/tiendas-de-ropa/
Patty Pañales,Salinas Victoria,ND,ND,ND,ND,https://es.cybo.com/MX/salinas-victoria/tiendas-de-ropa/
Circebri,Monterrey,ND,ND,ND,ND,https://www.cylex.mx/monterrey-monterrey/blusas-15.html
BpinkShowroom,Monterrey,01 81 1339 3322,ND,ND,ND,https://www.cylex.mx/monterrey-monterrey/blusas-15.html
LasGuayaberas.mx,Monterrey,01 999 149 1937,ND,ND,ND,https://www.cylex.mx/monterrey-monterrey/blusas-15.html
Coeur Mx,Monterrey,ND,ND,ND,ND,https://www.cylex.mx/monterrey-monterrey/blusas-15.html
Boutique Daniela,Monterrey,ND,ND,ND,ND,https://www.cylex.mx/monterrey-monterrey/blusas-15.html
V&G Industrial Supplies de Mexico SA de Cv,Monterrey,+52 81 1521 9132,ND,ND,ND,https://www.cylex.mx/monterrey-monterrey/uniformes/
MAGTEX MITRAS,Monterrey,01 81 8333 5943,ND,ND,ND,https://www.cylex.mx/monterrey-monterrey/uniformes/
Grupo Anjera Uniformes,Monterrey,01 81 8354 7583,ND,ND,ND,https://www.cylex.mx/monterrey-monterrey/uniformes/
SOCCER TOTAL,Monterrey,01 81 1561 2296,ND,ND,ND,https://www.cylex.mx/monterrey-monterrey/uniformes/
Sippsa,Monterrey,01 81 8123 0693,ND,ND,ND,https://www.cylex.mx/monterrey-monterrey/uniformes/
Trevisa - Uniformes y Calzado Clínico,Monterrey,01 81 8340 3090,ND,ND,ND,https://www.cylex.mx/monterrey-monterrey/uniformes/
Claudia Báez Uniformes Ejecutivos,Monterrey,01 81 1100 0068,ND,ND,ND,https://www.cylex.mx/monterrey-monterrey/uniformes/
Confecciones Anny,Monterrey,01 81 8343 3893,ND,ND,ND,https://www.cylex.mx/monterrey-monterrey/uniformes/
Tienda de Ropa y Calzado Alma,Lampazos de Naranjo,ND,ND,ND,ND,https://www.bizarchivo.mx/tienda-de-ropa-y-calzado-alma
Lampazos MALL,Lampazos de Naranjo,ND,ND,ND,ND,https://tienda-q.com.mx/o8317-lampazos-mall/
Venta De Ropa Y Calzado Boutique Gloria,Lampazos de Naranjo,+52 873 747 0320,ND,ND,ND,https://mxfirmas.com/Venta-De-Ropa-Y-Calzado-Boutique-Gloria-1765868
MODA & MAS LIZBETH,Villaldama,ND,ND,ND,ND,https://www.municipiodata.com/municipios/nuevo-leon/villaldama/entreprises/commerce-detail
ROSARIOS BOUTIQUE,Villaldama,ND,ND,ND,ND,https://www.municipiodata.com/municipios/nuevo-leon/villaldama/entreprises/commerce-detail
ACCESORIOS YHLQMDLG,Villaldama,ND,ND,ND,ND,https://www.municipiodata.com/municipios/nuevo-leon/villaldama/entreprises/commerce-detail
BAZAR DE ROPA,Villaldama,ND,ND,ND,ND,https://www.municipiodata.com/municipios/nuevo-leon/villaldama/entreprises/commerce-detail
BOUTIQUE YESSIKA,Villaldama,ND,ND,ND,ND,https://www.municipiodata.com/municipios/nuevo-leon/villaldama/entreprises/commerce-detail
BAZAR INES,Villaldama,ND,ND,ND,ND,https://www.municipiodata.com/municipios/nuevo-leon/villaldama/entreprises/commerce-detail
CLOTHES AND MORE FOR YOU,Hidalgo,ND,ND,ND,ND,https://www.municipiodata.com/municipios/nuevo-leon/hidalgo/entreprises/commerce-detail
ANGY BOUTIQUE,Hidalgo,ND,ND,ND,ND,https://www.municipiodata.com/municipios/nuevo-leon/hidalgo/entreprises/commerce-detail
ASHLYE BOUTIQUE,Hidalgo,ND,ND,ND,ND,https://www.municipiodata.com/municipios/nuevo-leon/hidalgo/entreprises/commerce-detail
BAZAR BOUTIQUE LA ESQUINA 500,Hidalgo,ND,ND,ND,ND,https://www.municipiodata.com/municipios/nuevo-leon/hidalgo/entreprises/commerce-detail
BAZAR COSAS USADAS,Hidalgo,ND,ND,ND,ND,https://www.municipiodata.com/municipios/nuevo-leon/hidalgo/entreprises/commerce-detail
BAZAR D ARA,Hidalgo,ND,ND,ND,ND,https://www.municipiodata.com/municipios/nuevo-leon/hidalgo/entreprises/commerce-detail
BAZAR DE ARTICULOS USADOS,Hidalgo,ND,ND,ND,ND,https://www.municipiodata.com/municipios/nuevo-leon/hidalgo/entreprises/commerce-detail
BAZAR DE ERICKA,Hidalgo,ND,ND,ND,ND,https://www.municipiodata.com/municipios/nuevo-leon/hidalgo/entreprises/commerce-detail
BAZAR DE ROPA SIN NOMBRE,Hidalgo,ND,ND,ND,ND,https://www.municipiodata.com/municipios/nuevo-leon/hidalgo/entreprises/commerce-detail
BAZAR MISANGELES,Hidalgo,ND,ND,ND,ND,https://www.municipiodata.com/municipios/nuevo-leon/hidalgo/entreprises/commerce-detail
BAZAR ROCIO,Hidalgo,ND,ND,ND,ND,https://www.municipiodata.com/municipios/nuevo-leon/hidalgo/entreprises/commerce-detail
BAZAR SIN NOMBRE,Hidalgo,ND,ND,ND,ND,https://www.municipiodata.com/municipios/nuevo-leon/hidalgo/entreprises/commerce-detail
BOUTIQUE,Hidalgo,ND,ND,ND,ND,https://www.municipiodata.com/municipios/nuevo-leon/hidalgo/entreprises/commerce-detail
BOUTIQUE HIDALGO,Hidalgo,ND,ND,ND,ND,https://www.municipiodata.com/municipios/nuevo-leon/hidalgo/entreprises/commerce-detail
BOUTIQUE ZULLY,Hidalgo,ND,ND,ND,ND,https://www.municipiodata.com/municipios/nuevo-leon/hidalgo/entreprises/commerce-detail
ACCESORIOS JUANY,Hidalgo,ND,ND,ND,ND,https://www.municipiodata.com/municipios/nuevo-leon/hidalgo/entreprises/commerce-detail
BOTAS Y SOMBREROS NEW WEST,Galeana,ND,ND,ND,ND,https://www.municipiodata.com/municipios/nuevo-leon/galeana/entreprises/commerce-detail
BOUTIQUE,Galeana,ND,ND,ND,ND,https://www.municipiodata.com/municipios/nuevo-leon/galeana/entreprises/commerce-detail
BOUTIQUE MARIMAR,Galeana,ND,ND,ND,ND,https://www.municipiodata.com/municipios/nuevo-leon/galeana/entreprises/commerce-detail
Boutique Amina,Galeana,713 133 8835,ND,ND,ND,https://www.allbiz.mx/boutique-amina-713-133-8835
Tienda De Ropa Sin Nombre,Galeana,ND,ND,ND,ND,https://mxfirmas.com/Mexico/Tiendas-de-ropa/page8
BOUTIQUE MARIANA,General Terán,ND,ND,ND,ND,https://www.municipiodata.com/municipios/nuevo-leon/general-teran/entreprises
BRIANIS BOUTIQUE,General Terán,ND,ND,ND,ND,https://www.municipiodata.com/municipios/nuevo-leon/general-teran/entreprises
CASA KAREN ROPA Y CALZADO,Aramberri,ND,ND,ND,ND,https://www.municipiodata.com/en/municipios/nuevo-leon/aramberri/entreprises/commerce-detail
BOUTIQUE BLANQUIS,Aramberri,ND,ND,ND,ND,https://www.municipiodata.com/en/municipios/nuevo-leon/aramberri/entreprises/commerce-detail
Talabarteria Sin Nombre,Aramberri,ND,ND,ND,ND,https://www.municipiodata.com/en/municipios/nuevo-leon/aramberri/entreprises/commerce-detail
TIENDA DE ROPA KAROLAS CLOSET,General Zaragoza,ND,ND,ND,ND,https://www.municipiodata.com/en/municipios/nuevo-leon/general-zaragoza/entreprises/commerce-detail
TIENDA DE ROPA Y CALZADO SIN NOMBRE,General Zaragoza,ND,ND,ND,ND,https://www.municipiodata.com/en/municipios/nuevo-leon/general-zaragoza/entreprises/commerce-detail
BOUTIQUE MAYRA,Cerralvo,ND,ND,ND,ND,https://www.municipiodata.com/en/municipios/nuevo-leon/cerralvo/entreprises
CANDY BOUTIQUE,Montemorelos,ND,ND,ND,ND,https://www.municipiodata.com/municipios/nuevo-leon/montemorelos/entreprises/commerce-detail/4
BELLA SALON,Montemorelos,ND,ND,ND,ND,https://www.municipiodata.com/municipios/nuevo-leon/montemorelos/entreprises/commerce-detail/3
24 16 SHOP,Cadereyta Jiménez,ND,ND,ND,ND,https://www.municipiodata.com/municipios/nuevo-leon/cadereyta-jimenez/entreprises/commerce-detail
3464 MILANO,Cadereyta Jiménez,ND,ND,ND,ND,https://www.municipiodata.com/municipios/nuevo-leon/cadereyta-jimenez/entreprises/commerce-detail
BOUTIQUE LUNA BO,General Bravo,ND,ND,ND,ND,https://www.municipiodata.com/en/municipios/nuevo-leon/general-bravo/entreprises
BUTIQUE DK,General Bravo,ND,ND,ND,ND,https://www.municipiodata.com/en/municipios/nuevo-leon/general-bravo/entreprises
COSE ROPA,General Zuazua,ND,ND,ND,ND,https://www.municipiodata.com/municipios/nuevo-leon/general-zuazua/entreprises/manufacturier
COSTURERA,General Zuazua,ND,ND,ND,ND,https://www.municipiodata.com/municipios/nuevo-leon/general-zuazua/entreprises/manufacturier
MAQUILADORA,General Zuazua,ND,ND,ND,ND,https://www.municipiodata.com/municipios/nuevo-leon/general-zuazua/entreprises/manufacturier
MAQUILADORA BARBARAS,General Zuazua,ND,ND,ND,ND,https://www.municipiodata.com/municipios/nuevo-leon/general-zuazua/entreprises/manufacturier
MAQUILADORA BUGAMBILIAS,General Zuazua,ND,ND,ND,ND,https://www.municipiodata.com/municipios/nuevo-leon/general-zuazua/entreprises/manufacturier
MAQUILADORA CARDENAS,General Zuazua,ND,ND,ND,ND,https://www.municipiodata.com/municipios/nuevo-leon/general-zuazua/entreprises/manufacturier
CONFECCIONES Y MAQUILAS,Hualahuises,ND,ND,ND,ND,https://www.municipiodata.com/municipios/nuevo-leon/hualahuises/entreprises/manufacturier
CREACIONES DE LA TIA,Hualahuises,ND,ND,ND,ND,https://www.municipiodata.com/municipios/nuevo-leon/hualahuises/entreprises/manufacturier
ROPA Y ACCESORIOS ROGU,Salinas Victoria,ND,ND,ND,ND,https://www.municipiodata.com/municipios/nuevo-leon/salinas-victoria/entreprises/19
1215 TIENDAS ELECZION,Monterrey,ND,ND,ND,ND,https://www.municipiodata.com/municipios/nuevo-leon/monterrey/entreprises
1229 TIENDAS ELECZION,Monterrey,ND,ND,ND,ND,https://www.municipiodata.com/municipios/nuevo-leon/monterrey/entreprises
3235 MILANO,Monterrey,ND,ND,ND,ND,https://www.municipiodata.com/municipios/nuevo-leon/monterrey/entreprises
3351 MILANO,Monterrey,ND,ND,ND,ND,https://www.municipiodata.com/municipios/nuevo-leon/monterrey/entreprises
3361 MILANO,Monterrey,ND,ND,ND,ND,https://www.municipiodata.com/municipios/nuevo-leon/monterrey/entreprises
027 CHARLY SEND LINCOLN,Monterrey,ND,ND,ND,ND,https://www.municipiodata.com/municipios/nuevo-leon/monterrey/entreprises
028 SKY VALLE OTE,Monterrey,ND,ND,ND,ND,https://www.municipiodata.com/municipios/nuevo-leon/monterrey/entreprises
034 CHARLY CUMBRES,Monterrey,ND,ND,ND,ND,https://www.municipiodata.com/municipios/nuevo-leon/monterrey/entreprises
056 CHARLY MORELOS MTY,Monterrey,ND,ND,ND,ND,https://www.municipiodata.com/municipios/nuevo-leon/monterrey/entreprises
122 CHARLY ESFERA MONTERREY,Monterrey,ND,ND,ND,ND,https://www.municipiodata.com/municipios/nuevo-leon/monterrey/entreprises
123 SKX ESFERA MONTERREY,Monterrey,ND,ND,ND,ND,https://www.municipiodata.com/municipios/nuevo-leon/monterrey/entreprises
212 SKX MORELOS MTY,Monterrey,ND,ND,ND,ND,https://www.municipiodata.com/municipios/nuevo-leon/monterrey/entreprises
047 SKX GALERIAS MTY,Monterrey,ND,ND,ND,ND,https://www.municipiodata.com/municipios/nuevo-leon/monterrey/entreprises
207 CHARLY GALERIAS MONTERREY,Monterrey,ND,ND,ND,ND,https://www.municipiodata.com/municipios/nuevo-leon/monterrey/entreprises
3 HERMANOS,Monterrey,ND,ND,ND,ND,https://www.municipiodata.com/municipios/nuevo-leon/monterrey/entreprises
0560 SUBURBIA LA SILLA,Monterrey,ND,ND,ND,ND,https://www.municipiodata.com/municipios/nuevo-leon/monterrey/entreprises
0579 SUBURBIA PLAZA CENTRIKA,Monterrey,ND,ND,ND,ND,https://www.municipiodata.com/municipios/nuevo-leon/monterrey/entreprises
0593 SUBURBIA LINCOLN,Monterrey,ND,ND,ND,ND,https://www.municipiodata.com/municipios/nuevo-leon/monterrey/entreprises
0876 SUBURBIA GALERIAS MONTERREY,Monterrey,ND,ND,ND,ND,https://www.municipiodata.com/municipios/nuevo-leon/monterrey/entreprises
113 LIV MTY CUMBRES,Monterrey,ND,ND,ND,ND,https://www.municipiodata.com/municipios/nuevo-leon/monterrey/entreprises
22 LIV. MTY CENTRO,Monterrey,ND,ND,ND,ND,https://www.municipiodata.com/municipios/nuevo-leon/monterrey/entreprises
31 LIV. MONTERREY,Monterrey,ND,ND,ND,ND,https://www.municipiodata.com/municipios/nuevo-leon/monterrey/entreprises
COSTURERA SIN NOMBRE,Monterrey,ND,ND,ND,ND,https://www.municipiodata.com/municipios/nuevo-leon/monterrey/entreprises
FABRICA DE ROPA,Monterrey,ND,ND,ND,ND,https://www.municipiodata.com/municipios/nuevo-leon/monterrey/entreprises
COSTURAS ROCIO,Monterrey,ND,ND,ND,ND,https://www.municipiodata.com/municipios/nuevo-leon/monterrey/entreprises/manufacturier/11
COSTURAS SIN NOMBRE,Monterrey,ND,ND,ND,ND,https://www.municipiodata.com/municipios/nuevo-leon/monterrey/entreprises/manufacturier/11
COSTURAS Y COMPOSTURAS MINE,Monterrey,ND,ND,ND,ND,https://www.municipiodata.com/municipios/nuevo-leon/monterrey/entreprises/manufacturier/11
COSTURAS Y MANUALIDADES SIN NOMBRE,Monterrey,ND,ND,ND,ND,https://www.municipiodata.com/municipios/nuevo-leon/monterrey/entreprises/manufacturier/11
COSTURERA,Monterrey,ND,ND,ND,ND,https://www.municipiodata.com/municipios/nuevo-leon/monterrey/entreprises/manufacturier/11
FABRICA DE ROPA EGO MODE,Monterrey,ND,ND,ND,ND,https://www.municipiodata.com/municipios/nuevo-leon/monterrey/entreprises/manufacturier/11
FABRICA MARC,Monterrey,ND,ND,ND,ND,https://www.municipiodata.com/municipios/nuevo-leon/monterrey/entreprises/manufacturier/11
COMERSIALISADORA SES CRL CV,Monterrey,ND,ND,ND,ND,https://www.municipiodata.com/municipios/nuevo-leon/monterrey/entreprises/manufacturier/10
COSTURA,Monterrey,ND,ND,ND,ND,https://www.municipiodata.com/municipios/nuevo-leon/monterrey/entreprises/manufacturier/10
COSTURA CORTINAS,Monterrey,ND,ND,ND,ND,https://www.municipiodata.com/municipios/nuevo-leon/monterrey/entreprises/manufacturier/10
COSTURA SIN NOMBRE,Monterrey,ND,ND,ND,ND,https://www.municipiodata.com/municipios/nuevo-leon/monterrey/entreprises/manufacturier/10
COSTURA Y COMPOSTURA DE ROPA,Monterrey,ND,ND,ND,ND,https://www.municipiodata.com/municipios/nuevo-leon/monterrey/entreprises/manufacturier/10
COSTURAS BERTHA,Monterrey,ND,ND,ND,ND,https://www.municipiodata.com/municipios/nuevo-leon/monterrey/entreprises/manufacturier/10
COSTURAS DORIS,Monterrey,ND,ND,ND,ND,https://www.municipiodata.com/municipios/nuevo-leon/monterrey/entreprises/manufacturier/10
COSTURAS DOÑA BEBA,Monterrey,ND,ND,ND,ND,https://www.municipiodata.com/municipios/nuevo-leon/monterrey/entreprises/manufacturier/10
COSTURAS DOÑA JUANITA,Monterrey,ND,ND,ND,ND,https://www.municipiodata.com/municipios/nuevo-leon/monterrey/entreprises/manufacturier/10
COSTURAS PALOMA,Monterrey,ND,ND,ND,ND,https://www.municipiodata.com/municipios/nuevo-leon/monterrey/entreprises/manufacturier/10
COMPOSTURA DE ROPA,Monterrey,ND,ND,ND,ND,https://www.municipiodata.com/municipios/nuevo-leon/monterrey/entreprises/manufacturier/10
Suburbia 2146 La Huasteca Monterrey,Santa Catarina,ND,ND,ND,ND,https://guiamexican.com/tiendas-departamentales/santa-catarina-nuevo-leon
Hemsa Sa De Cv Santa Catarina 13,Santa Catarina,ND,ND,ND,ND,https://guiamexican.com/tiendas-departamentales/santa-catarina-nuevo-leon
Del Sol Suc140,Santa Catarina,ND,ND,ND,ND,https://guiamexican.com/tiendas-departamentales/santa-catarina-nuevo-leon
Coppel La Fama 88,Santa Catarina,ND,ND,ND,ND,https://guiamexican.com/tiendas-departamentales/santa-catarina-nuevo-leon
Coppel Las Palmas 104,Santa Catarina,ND,ND,ND,ND,https://guiamexican.com/tiendas-departamentales/santa-catarina-nuevo-leon
Jesmely,Linares,ND,ND,ND,ND,https://m.guiamexican.com/bisuteria-accesorios-de-vestir/linares/
Novedades Edwin,Linares,ND,ND,ND,ND,https://m.guiamexican.com/bisuteria-accesorios-de-vestir/linares/
Novedades La Paloma,Linares,ND,ND,ND,ND,https://m.guiamexican.com/bisuteria-accesorios-de-vestir/linares/
Novedades La Bella China,Linares,ND,ND,ND,ND,https://m.guiamexican.com/bisuteria-accesorios-de-vestir/linares/
Tienda De Ropa Pink,Linares,ND,ND,ND,ND,https://m.guiamexican.com/bisuteria-accesorios-de-vestir/linares/
Boutique,García,ND,ND,ND,ND,https://guiamexican.com/tiendas-de-ropa/garcia
Boutique Rocio,García,ND,ND,ND,ND,https://guiamexican.com/tiendas-de-ropa/garcia
Novedades Erika,García,ND,ND,ND,ND,https://guiamexican.com/tiendas-de-ropa/garcia
Venta De Ropa,García,ND,ND,ND,ND,https://guiamexican.com/tiendas-de-ropa/garcia
Ropa Y Calzado García,García,ND,ND,ND,ND,https://guiamexican.com/tiendas-de-ropa/garcia
Novedades La Plaza,García,ND,ND,ND,ND,https://guiamexican.com/tiendas-de-ropa/garcia
Compostura De Ropa,General Escobedo,ND,ND,ND,ND,https://www.guiamexican.com/confeccion-en-serie-de-ropa-exterior/general-escobedo
Venta De Calzado Y Ropa Los Vaqueros,Guadalupe,ND,ND,ND,ND,https://guiamexican.com/calzado/guadalupe-nuevo-leon
Zapaterías Pache,Guadalupe,ND,ND,ND,ND,https://guiamexican.com/calzado/guadalupe-nuevo-leon
Diva,Guadalupe,ND,ND,ND,ND,https://guiamexican.com/calzado/guadalupe-nuevo-leon
Chuuus,Guadalupe,ND,ND,ND,ND,https://guiamexican.com/calzado/guadalupe-nuevo-leon
Zapatería Andy,Guadalupe,ND,ND,ND,ND,https://guiamexican.com/calzado/guadalupe-nuevo-leon
Javi Zapatería,Guadalupe,ND,ND,ND,ND,https://guiamexican.com/calzado/guadalupe-nuevo-leon
Color´S Choes Men,Guadalupe,ND,ND,ND,ND,https://guiamexican.com/calzado/guadalupe-nuevo-leon
Coppel Canada Juárez 1271,Guadalupe,ND,ND,ND,ND,https://guiamexican.com/calzado/guadalupe-nuevo-leon
Rocc Zapaterías,Guadalupe,ND,ND,ND,ND,https://guiamexican.com/calzado/guadalupe-nuevo-leon
Arantza Sucursal Sun Mall,Guadalupe,ND,ND,ND,ND,https://guiamexican.com/calzado/guadalupe-nuevo-leon
Destroyer Sucursal 46,Guadalupe,ND,ND,ND,ND,https://guiamexican.com/calzado/guadalupe-nuevo-leon
Distribuidora Guadalupe,Guadalupe,ND,ND,ND,ND,https://guiamexican.com/calzado/guadalupe-nuevo-leon
Regalos Faby,Montemorelos,ND,ND,ND,ND,https://guiamexican.com/tiendas-de-ropa/montemorelos/page/2
Tienda De Ropa Sin Nomnre,Montemorelos,ND,ND,ND,ND,https://guiamexican.com/tiendas-de-ropa/montemorelos/page/2
Tienda De Ropa Y Zapatos,Montemorelos,ND,ND,ND,ND,https://guiamexican.com/tiendas-de-ropa/montemorelos/page/2
Venta De Ropa Usada Y Accesorios,Montemorelos,ND,ND,ND,ND,https://guiamexican.com/tiendas-de-ropa/montemorelos/page/2
Boutique Holala,Montemorelos,ND,ND,ND,ND,https://guiamexican.com/tiendas-de-ropa/montemorelos/page/2
Elegance,Montemorelos,ND,ND,ND,ND,https://guiamexican.com/tiendas-de-ropa/montemorelos/page/2
Liz Mary Boutique,Montemorelos,ND,ND,ND,ND,https://guiamexican.com/tiendas-de-ropa/montemorelos/page/2
Cakys,Montemorelos,ND,ND,ND,ND,https://guiamexican.com/tiendas-de-ropa/montemorelos/page/2
Paris Boutique,Montemorelos,ND,ND,ND,ND,https://guiamexican.com/tiendas-de-ropa/montemorelos/page/2
Boutique Magdalena,Montemorelos,ND,ND,ND,ND,https://guiamexican.com/tiendas-de-ropa/montemorelos/page/2
Carolina,Montemorelos,ND,ND,ND,ND,https://guiamexican.com/tiendas-de-ropa/montemorelos/page/2
Massy,Montemorelos,ND,ND,ND,ND,https://guiamexican.com/tiendas-de-ropa/montemorelos/page/2
Boutique Y Regalos Julissa,Montemorelos,ND,ND,ND,ND,https://guiamexican.com/tiendas-de-ropa/montemorelos/page/2
Milenium 2000,Montemorelos,ND,ND,ND,ND,https://guiamexican.com/tiendas-de-ropa/montemorelos/page/2
Dianis,Montemorelos,ND,ND,ND,ND,https://guiamexican.com/tiendas-de-ropa/montemorelos/page/3
Ropa Para Dama Y Caballero,Montemorelos,ND,ND,ND,ND,https://guiamexican.com/tiendas-de-ropa/montemorelos/page/3
Samara Elite,Montemorelos,ND,ND,ND,ND,https://guiamexican.com/tiendas-de-ropa/montemorelos/page/3
Ropa De Baby'S,Montemorelos,ND,ND,ND,ND,https://guiamexican.com/ropa-de-bebe/montemorelos
Ropa Y Novedades Bedolla,Montemorelos,ND,ND,ND,ND,https://guiamexican.com/ropa-de-bebe/montemorelos
Ropa De Bebe,Montemorelos,ND,ND,ND,ND,https://guiamexican.com/ropa-de-bebe/montemorelos
Moda Infantil Los Pitufines,Montemorelos,ND,ND,ND,ND,https://guiamexican.com/ropa-de-bebe/montemorelos
Galería Infantil,Montemorelos,ND,ND,ND,ND,https://guiamexican.com/ropa-de-bebe/montemorelos
"Arroz Con Leche, S.A. De C.V.",San Pedro Garza García,ND,sanpedro@arroz.conleche.com.mx,ND,ND,https://guiamexican.com/tiendas-de-ropa/san-pedro-garza-garcia/page/2
B Mac San Pedro,San Pedro Garza García,ND,ND,ND,ND,https://guiamexican.com/tiendas-de-ropa/san-pedro-garza-garcia/page/2
Bershka Suc8089,San Pedro Garza García,ND,ND,ND,ND,https://guiamexican.com/tiendas-de-ropa/san-pedro-garza-garcia/page/2
Boutique Chivana,San Pedro Garza García,ND,gusmors@gmail.com,ND,ND,https://guiamexican.com/tiendas-de-ropa/san-pedro-garza-garcia/page/2
Color Sport,San Pedro Garza García,ND,ND,ND,ND,https://guiamexican.com/tiendas-de-ropa/san-pedro-garza-garcia/page/2
Do & Be San Agustin Momterrey,San Pedro Garza García,ND,ND,ND,ND,https://guiamexican.com/tiendas-de-ropa/san-pedro-garza-garcia/page/2
Dockers Plaza San Agustín,San Pedro Garza García,ND,ND,ND,ND,https://guiamexican.com/tiendas-de-ropa/san-pedro-garza-garcia/page/2
He,San Pedro Garza García,ND,ND,ND,ND,https://guiamexican.com/tiendas-de-ropa/san-pedro-garza-garcia/page/2
Kitson By Gabrielle,San Pedro Garza García,ND,dannymty@hamail.com,ND,ND,https://guiamexican.com/tiendas-de-ropa/san-pedro-garza-garcia/page/2
Lola Dresses Beauty,San Pedro Garza García,ND,zarate1946@hotmail.com,ND,ND,https://guiamexican.com/tiendas-de-ropa/san-pedro-garza-garcia/page/2
Magno Lie(Venta De Ropa Para Dama),San Pedro Garza García,ND,ND,ND,ND,https://guiamexican.com/tiendas-de-ropa/san-pedro-garza-garcia/page/2
Meniva Boutique,San Pedro Garza García,ND,icmedietha@hotmail.com,ND,ND,https://guiamexican.com/tiendas-de-ropa/san-pedro-garza-garcia/page/2
Mens Factory Monterrey San Agustin,San Pedro Garza García,ND,ND,ND,ND,https://guiamexican.com/tiendas-de-ropa/san-pedro-garza-garcia/page/2
Merlot Boutique Venta De Ropa Para Dama,San Pedro Garza García,ND,ND,ND,ND,https://guiamexican.com/tiendas-de-ropa/san-pedro-garza-garcia/page/2
Monamour,San Pedro Garza García,ND,info@mona-mou.mx,ND,ND,https://guiamexican.com/tiendas-de-ropa/san-pedro-garza-garcia/page/2
Rosa Rossa(Tienda De Ropa),San Pedro Garza García,ND,ND,ND,ND,https://guiamexican.com/tiendas-de-ropa/san-pedro-garza-garcia/page/2
Salvator Ferragamo Venta De Ropa Y Accesorios Paea Caballero Y Dama,San Pedro Garza García,ND,ND,ND,ND,https://guiamexican.com/tiendas-de-ropa/san-pedro-garza-garcia/page/2
Venta De Vestidos Merci Couture,San Pedro Garza García,ND,mercicouture@hotmail.com,ND,ND,https://guiamexican.com/tiendas-de-ropa/san-pedro-garza-garcia/page/2
Vestidos Y Accesorios Must Dress,San Pedro Garza García,ND,ilianagt@gmail.com,ND,ND,https://guiamexican.com/tiendas-de-ropa/san-pedro-garza-garcia/page/2
Beulah Ropa De Dama,San Pedro Garza García,ND,ND,ND,ND,https://guiamexican.com/tiendas-de-ropa/san-pedro-garza-garcia/page/5
Chic Petita Accesorios Y Ropa Infantil,San Pedro Garza García,ND,ND,ND,ND,https://guiamexican.com/tiendas-de-ropa/san-pedro-garza-garcia/page/5
Coktel Venta De Ropa,San Pedro Garza García,ND,ND,ND,ND,https://guiamexican.com/tiendas-de-ropa/san-pedro-garza-garcia/page/5
Tienda De Ropa Ema Meneses,San Pedro Garza García,ND,ND,ND,ND,https://guiamexican.com/tiendas-de-ropa/san-pedro-garza-garcia/page/5
Tienda De Ropa Marie Blanc,San Pedro Garza García,ND,ND,ND,ND,https://guiamexican.com/tiendas-de-ropa/san-pedro-garza-garcia/page/5
Venta De Ropa Para Dama New New,San Pedro Garza García,ND,ND,ND,ND,https://guiamexican.com/tiendas-de-ropa/san-pedro-garza-garcia/page/5
Vinca Vestidos De Fiesta,San Pedro Garza García,ND,montemayor-a@hotmail.com,ND,ND,https://guiamexican.com/tiendas-de-ropa/san-pedro-garza-garcia/page/5
Goodies(Artesania Y Ropa),San Pedro Garza García,ND,ND,ND,ND,https://guiamexican.com/tiendas-de-ropa/san-pedro-garza-garcia/page/5
Cherry Blosoon Moda Infantil,San Pedro Garza García,ND,info@cherryblosoommty.com,ND,ND,https://guiamexican.com/tiendas-de-ropa/san-pedro-garza-garcia/page/5
Bossstore Paseo San Pedro,San Pedro Garza García,ND,ND,ND,ND,https://guiamexican.com/tiendas-de-ropa/san-pedro-garza-garcia/page/5
Venta De Ropa De Dama Y Caballero Paul And Shark,San Pedro Garza García,ND,ND,ND,ND,https://guiamexican.com/tiendas-de-ropa/san-pedro-garza-garcia/page/5
Aire Barcelona Vestidos De Fiesta,San Pedro Garza García,ND,monterrey@airebarcelona.es,ND,ND,https://guiamexican.com/tiendas-de-ropa/san-pedro-garza-garcia/page/5
Iker Y Vittorio Forti (San Agustin),San Pedro Garza García,ND,ND,ND,ND,https://guiamexican.com/tiendas-de-ropa/san-pedro-garza-garcia/page/5
Accesorios Fresa,San Pedro Garza García,ND,ND,ND,ND,https://guiamexican.com/tiendas-de-ropa/san-pedro-garza-garcia/page/5
Bobois,San Pedro Garza García,ND,ND,ND,ND,https://guiamexican.com/tiendas-de-ropa/san-pedro-garza-garcia/page/5
Dockers,San Pedro Garza García,ND,ND,ND,ND,https://guiamexican.com/tiendas-de-ropa/san-pedro-garza-garcia/page/5
Fashion Every Day,San Pedro Garza García,ND,ND,ND,ND,https://guiamexican.com/tiendas-de-ropa/san-pedro-garza-garcia/page/5
Grupo Sportswear Sa De Cv,San Pedro Garza García,ND,ND,ND,ND,https://guiamexican.com/tiendas-de-ropa/san-pedro-garza-garcia/page/5
Isadora,San Pedro Garza García,ND,ND,ND,ND,https://guiamexican.com/tiendas-de-ropa/san-pedro-garza-garcia/page/6
Lob,San Pedro Garza García,ND,ND,ND,ND,https://guiamexican.com/tiendas-de-ropa/san-pedro-garza-garcia/page/6
Mama Mia,San Pedro Garza García,ND,ND,ND,ND,https://guiamexican.com/tiendas-de-ropa/san-pedro-garza-garcia/page/6
México Magico,San Pedro Garza García,ND,ND,ND,ND,https://guiamexican.com/tiendas-de-ropa/san-pedro-garza-garcia/page/6
Pili Carrera,San Pedro Garza García,ND,ND,ND,ND,https://guiamexican.com/tiendas-de-ropa/san-pedro-garza-garcia/page/6
Urbana Boutique,San Pedro Garza García,ND,ND,ND,ND,https://guiamexican.com/tiendas-de-ropa/san-pedro-garza-garcia/page/6
U.S. Polo Assn.,San Pedro Garza García,ND,ND,ND,ND,https://guiamexican.com/tiendas-de-ropa/san-pedro-garza-garcia/page/6
Vani Fashion,San Pedro Garza García,ND,ND,ND,ND,https://guiamexican.com/tiendas-de-ropa/san-pedro-garza-garcia/page/6
Ximena,San Pedro Garza García,ND,ND,ND,ND,https://guiamexican.com/tiendas-de-ropa/san-pedro-garza-garcia/page/6
Beatriz Boutique,San Pedro Garza García,ND,ND,ND,ND,https://guiamexican.com/tiendas-de-ropa/san-pedro-garza-garcia/page/6
Grupo Imasu Sa De Cv,San Pedro Garza García,ND,ND,ND,ND,https://guiamexican.com/tiendas-de-ropa/san-pedro-garza-garcia/page/6
Jmj Zalma,San Pedro Garza García,ND,ND,ND,ND,https://guiamexican.com/tiendas-de-ropa/san-pedro-garza-garcia/page/6
Pull And Bear,San Pedro Garza García,ND,ND,ND,ND,https://guiamexican.com/tiendas-de-ropa/san-pedro-garza-garcia/page/7
Stradivarius,San Pedro Garza García,ND,ND,ND,ND,https://guiamexican.com/tiendas-de-ropa/san-pedro-garza-garcia/page/7
Hermai,San Pedro Garza García,ND,ND,ND,ND,https://guiamexican.com/tiendas-de-ropa/san-pedro-garza-garcia/page/7
B Mango San Pedro,San Pedro Garza García,ND,ND,ND,ND,https://guiamexican.com/tiendas-de-ropa/san-pedro-garza-garcia/page/7
Lilium Kaya,San Pedro Garza García,ND,liliumkaya@liliumkaya.com,ND,ND,https://guiamexican.com/tiendas-de-ropa/san-pedro-garza-garcia/page/7
Momis,San Pedro Garza García,ND,ND,ND,ND,https://guiamexican.com/tiendas-de-ropa/san-pedro-garza-garcia/page/7
Bershka,San Pedro Garza García,ND,ND,ND,ND,https://guiamexican.com/tiendas-de-ropa/san-pedro-garza-garcia/page/7
Holy Chic,San Pedro Garza García,ND,ND,ND,ND,https://guiamexican.com/tiendas-de-ropa/san-pedro-garza-garcia/page/7
Ampersand (Uniformes Para Empleada Domestica),San Pedro Garza García,ND,ND,ND,ND,https://guiamexican.com/tiendas-de-ropa/san-pedro-garza-garcia/page/7
Women Secret San Pedro Boutique,San Pedro Garza García,ND,ND,ND,ND,https://guiamexican.com/tiendas-de-ropa/san-pedro-garza-garcia/page/7
Guess Tienda De Ropa Para Dama Y Caballero Y Accsesrios,San Pedro Garza García,ND,ND,ND,ND,https://guiamexican.com/tiendas-de-ropa/san-pedro-garza-garcia/page/7
Bebe Monterrey Boutique,San Pedro Garza García,ND,ND,ND,ND,https://guiamexican.com/tiendas-de-ropa/san-pedro-garza-garcia/page/7
Tienda Departamental Caballero Etiqueta Luxury,San Pedro Garza García,ND,ND,ND,ND,https://guiamexican.com/tiendas-de-ropa/san-pedro-garza-garcia/page/7
Circus Monterrey,San Pedro Garza García,ND,ND,ND,ND,https://guiamexican.com/tiendas-de-ropa/san-pedro-garza-garcia/page/7
El Viajero Del Norte,San Pedro Garza García,ND,ND,ND,ND,https://guiamexican.com/tiendas-de-ropa/san-pedro-garza-garcia/page/9
Kikis House,San Pedro Garza García,ND,ND,ND,ND,https://guiamexican.com/tiendas-de-ropa/san-pedro-garza-garcia/page/9
Operadora Roez Boutique Monterrey,San Pedro Garza García,ND,ND,ND,ND,https://guiamexican.com/tiendas-de-ropa/san-pedro-garza-garcia/page/9
Rique Glamacouture,San Pedro Garza García,ND,ND,ND,ND,https://guiamexican.com/tiendas-de-ropa/san-pedro-garza-garcia/page/9
Kladsel Vestidos,San Pedro Garza García,ND,ND,ND,ND,https://guiamexican.com/tiendas-de-ropa/san-pedro-garza-garcia/page/9
Armani San Pedro Mty,San Pedro Garza García,ND,ND,ND,ND,https://guiamexican.com/tiendas-de-ropa/san-pedro-garza-garcia/page/9
Riga,San Pedro Garza García,ND,ND,ND,ND,https://guiamexican.com/tiendas-de-ropa/san-pedro-garza-garcia/page/9
Gabart Nice Kids,San Pedro Garza García,ND,ND,ND,ND,https://guiamexican.com/tiendas-de-ropa/san-pedro-garza-garcia/page/9
Shasa Collection,San Pedro Garza García,ND,ND,ND,ND,https://guiamexican.com/tiendas-de-ropa/san-pedro-garza-garcia/page/9
Rangoli,San Pedro Garza García,ND,ND,ND,ND,https://guiamexican.com/tiendas-de-ropa/san-pedro-garza-garcia/page/9
Rapsodia Monterrey,San Pedro Garza García,ND,ND,ND,ND,https://guiamexican.com/tiendas-de-ropa/san-pedro-garza-garcia/page/9
Barichara Trajes De Baño Sa De Cv,San Pedro Garza García,ND,ND,ND,ND,https://guiamexican.com/tiendas-de-ropa/san-pedro-garza-garcia/page/9
Creaciones Paola,San Pedro Garza García,ND,ND,ND,ND,https://guiamexican.com/tiendas-de-ropa/san-pedro-garza-garcia/page/9
Dianis,San Pedro Garza García,ND,ND,ND,ND,https://guiamexican.com/tiendas-de-ropa/san-pedro-garza-garcia/page/9
Dorothy Gaynor,San Pedro Garza García,ND,ND,ND,ND,https://guiamexican.com/tiendas-de-ropa/san-pedro-garza-garcia/page/9
Le Boutique,San Pedro Garza García,ND,ND,ND,ND,https://guiamexican.com/tiendas-de-ropa/san-pedro-garza-garcia/page/10
Levis Store,San Pedro Garza García,ND,ND,ND,ND,https://guiamexican.com/tiendas-de-ropa/san-pedro-garza-garcia/page/10
New New,San Pedro Garza García,ND,ND,ND,ND,https://guiamexican.com/tiendas-de-ropa/san-pedro-garza-garcia/page/10
Piteado Charro,San Pedro Garza García,ND,ND,ND,ND,https://guiamexican.com/tiendas-de-ropa/san-pedro-garza-garcia/page/10
República,San Pedro Garza García,ND,ND,ND,ND,https://guiamexican.com/tiendas-de-ropa/san-pedro-garza-garcia/page/10
Soho,San Pedro Garza García,ND,ND,ND,ND,https://guiamexican.com/tiendas-de-ropa/san-pedro-garza-garcia/page/10
Zalma Jmj,San Pedro Garza García,ND,ND,ND,ND,https://guiamexican.com/tiendas-de-ropa/san-pedro-garza-garcia/page/10
Massimo Dutti,San Pedro Garza García,ND,ND,ND,ND,https://guiamexican.com/tiendas-de-ropa/san-pedro-garza-garcia/page/10
Zara,San Pedro Garza García,ND,ND,ND,ND,https://guiamexican.com/tiendas-de-ropa/san-pedro-garza-garcia/page/10
Show Room,San Pedro Garza García,ND,ND,ND,ND,https://guiamexican.com/tiendas-de-ropa/san-pedro-garza-garcia/page/10
Maxima,San Pedro Garza García,ND,ND,ND,ND,https://guiamexican.com/tiendas-de-ropa/san-pedro-garza-garcia/page/10
Jordiliyu Boutique,San Nicolás De Los Garza,ND,ND,ND,ND,https://guiamexican.com/tiendas-de-ropa/san-nicolas-de-los-garza/page/2
Kurian Topps Plaza Anahuac,San Nicolás De Los Garza,ND,ND,ND,ND,https://guiamexican.com/tiendas-de-ropa/san-nicolas-de-los-garza/page/2
Mens Factory Monterrey La Fe,San Nicolás De Los Garza,ND,ND,ND,ND,https://guiamexican.com/tiendas-de-ropa/san-nicolas-de-los-garza/page/2
Mens Factory Monterrey Paseo La Fe,San Nicolás De Los Garza,ND,ND,ND,ND,https://guiamexican.com/tiendas-de-ropa/san-nicolas-de-los-garza/page/2
Percha Uniformes,San Nicolás De Los Garza,ND,ND,ND,ND,https://guiamexican.com/tiendas-de-ropa/san-nicolas-de-los-garza/page/2
Playeras Pants Gorras,San Nicolás De Los Garza,ND,ND,ND,ND,https://guiamexican.com/tiendas-de-ropa/san-nicolas-de-los-garza/page/2
Rosy Uniformes Escolares,San Nicolás De Los Garza,ND,ND,ND,ND,https://guiamexican.com/tiendas-de-ropa/san-nicolas-de-los-garza/page/2
Suc 45 Citadel,San Nicolás De Los Garza,ND,ND,ND,ND,https://guiamexican.com/tiendas-de-ropa/san-nicolas-de-los-garza/page/2
Suc 46 Misko Citadel,San Nicolás De Los Garza,ND,ND,ND,ND,https://guiamexican.com/tiendas-de-ropa/san-nicolas-de-los-garza/page/2
Tommy Hilfiger Fiesta Anahuac Monterrey,San Nicolás De Los Garza,ND,ND,ND,ND,https://guiamexican.com/tiendas-de-ropa/san-nicolas-de-los-garza/page/2
Ttb Plaza Fiesta Anahuac 50,San Nicolás De Los Garza,ND,ND,ND,ND,https://guiamexican.com/tiendas-de-ropa/san-nicolas-de-los-garza/page/2
Tu Estilo Tu Moda Boutique,San Nicolás De Los Garza,ND,ND,ND,ND,https://guiamexican.com/tiendas-de-ropa/san-nicolas-de-los-garza/page/2
Zalma,San Nicolás De Los Garza,ND,ND,ND,ND,https://guiamexican.com/tiendas-de-ropa/san-nicolas-de-los-garza/page/2
One Up,San Nicolás De Los Garza,ND,ND,ND,ND,https://guiamexican.com/tiendas-de-ropa/san-nicolas-de-los-garza/page/2
Christian Boutique,San Nicolás De Los Garza,ND,ND,ND,ND,https://guiamexican.com/tiendas-de-ropa/san-nicolas-de-los-garza/page/2
Perfect Outfit,San Nicolás De Los Garza,ND,ND,ND,ND,https://guiamexican.com/tiendas-de-ropa/san-nicolas-de-los-garza/page/2
Lorena Boutique,San Nicolás De Los Garza,ND,ND,ND,ND,https://guiamexican.com/tiendas-de-ropa/san-nicolas-de-los-garza/page/2
Mia Paluzzi,San Nicolás De Los Garza,ND,ND,ND,ND,https://guiamexican.com/tiendas-de-ropa/san-nicolas-de-los-garza/page/2
Soco Boutique,San Nicolás De Los Garza,ND,ND,ND,ND,https://guiamexican.com/tiendas-de-ropa/san-nicolas-de-los-garza/page/2
Butiq L 2,San Nicolás De Los Garza,ND,ND,ND,ND,https://guiamexican.com/tiendas-de-ropa/san-nicolas-de-los-garza/page/2
Marieta Boutique,Santiago,ND,ND,ND,ND,https://guiamexican.com/tiendas-de-ropa/santiago/page/2
Bazar La Guera.,Santiago,ND,ND,ND,ND,https://guiamexican.com/tiendas-de-ropa/santiago/page/2
Tere Guerra,Santiago,ND,ND,ND,ND,https://guiamexican.com/tiendas-de-ropa/santiago/page/2
Tienda Delia,Santiago,ND,ND,ND,ND,https://guiamexican.com/tiendas-de-ropa/santiago/page/2
Venta De Ropa Silvia,Santiago,ND,ND,ND,ND,https://guiamexican.com/tiendas-de-ropa/santiago/page/2
Boutique Claudia,Santiago,ND,ND,ND,ND,https://guiamexican.com/tiendas-de-ropa/santiago/page/2
Loveme,Santiago,ND,jeserom@hotmail.com,ND,ND,https://guiamexican.com/tiendas-de-ropa/santiago/page/2
Jp Clothes,Santiago,ND,ND,ND,ND,https://guiamexican.com/tiendas-de-ropa/santiago/page/2
Marice Ropa Y Accesorios,Santiago,ND,ND,ND,ND,https://guiamexican.com/tiendas-de-ropa/santiago/page/2
Novedades Rubi,Santiago,ND,ND,ND,ND,https://guiamexican.com/tiendas-de-ropa/santiago/page/2
Prisma,Santiago,ND,ND,ND,ND,https://guiamexican.com/tiendas-de-ropa/santiago/page/2
Ropa Y Novedades Juanita,Santiago,ND,ND,ND,ND,https://guiamexican.com/tiendas-de-ropa/santiago/page/2
"Rock Y Run, S.A. De C.V. Venta De Artículos Deportivos",San Pedro Garza García,ND,ND,ND,ND,https://guiamexican.com/calzado/san-pedro-garza-garcia
Zapatería D Corsaro,San Pedro Garza García,ND,ND,ND,ND,https://guiamexican.com/calzado/san-pedro-garza-garcia
Coqueta Y Audaz Número 70,San Pedro Garza García,ND,ND,ND,ND,https://guiamexican.com/calzado/san-pedro-garza-garcia
Zapaterias Bull Rider Boots Sucursal San Agustin,San Pedro Garza García,ND,ND,ND,ND,https://guiamexican.com/calzado/san-pedro-garza-garcia
Infantiles Nutria (Venta De Zapatos Y Ropa),San Pedro Garza García,ND,ND,ND,ND,https://guiamexican.com/calzado/san-pedro-garza-garcia
Aerosol,San Pedro Garza García,ND,ND,ND,ND,https://guiamexican.com/calzado/san-pedro-garza-garcia
Nine West San Agustin,San Pedro Garza García,ND,ND,ND,ND,https://guiamexican.com/calzado/san-pedro-garza-garcia
Monterrey Store,San Pedro Garza García,ND,ND,ND,ND,https://guiamexican.com/calzado/san-pedro-garza-garcia
Vans San Pedro Garza Garcia,San Pedro Garza García,ND,ND,ND,ND,https://guiamexican.com/calzado/san-pedro-garza-garcia
Hemisphere Cuadra Calzado,San Pedro Garza García,ND,ND,ND,ND,https://guiamexican.com/calzado/san-pedro-garza-garcia
Sas Confort Shoes,San Pedro Garza García,ND,ND,ND,ND,https://guiamexican.com/calzado/san-pedro-garza-garcia
Nine West Paseo San Pedro,San Pedro Garza García,ND,ND,ND,ND,https://guiamexican.com/calzado/san-pedro-garza-garcia
Arantza Sucursal Plaza,San Pedro Garza García,ND,ND,ND,ND,https://guiamexican.com/calzado/san-pedro-garza-garcia
Cuadra,San Pedro Garza García,ND,ND,ND,ND,https://guiamexican.com/calzado/san-pedro-garza-garcia
Jean Pierre,San Pedro Garza García,ND,ND,ND,ND,https://guiamexican.com/calzado/san-pedro-garza-garcia
Mila Boutique,San Pedro Garza García,ND,ND,ND,ND,https://guiamexican.com/calzado/san-pedro-garza-garcia
Muzza,San Pedro Garza García,ND,ND,ND,ND,https://guiamexican.com/calzado/san-pedro-garza-garcia
Muzza Zapaterías,San Pedro Garza García,ND,ND,ND,ND,https://guiamexican.com/calzado/san-pedro-garza-garcia
Cocolilo Bebe,San Pedro Garza García,ND,ND,ND,ND,https://guiamexican.com/calzado/san-pedro-garza-garcia
Plaza San Agustin,San Pedro Garza García,ND,ND,ND,ND,https://guiamexican.com/calzado/san-pedro-garza-garcia/page/2
Taf (Tienda De Tenis),San Pedro Garza García,ND,ND,ND,ND,https://guiamexican.com/calzado/san-pedro-garza-garcia/page/2
Zapatería Marsella,San Pedro Garza García,ND,ND,ND,ND,https://guiamexican.com/calzado/san-pedro-garza-garcia/page/2
Artikus,San Pedro Garza García,ND,ND,ND,ND,https://guiamexican.com/calzado/san-pedro-garza-garcia/page/2
Zapateria Flexi Monterrey 1,San Pedro Garza García,ND,ND,ND,ND,https://guiamexican.com/calzado/san-pedro-garza-garcia/page/2
Zapatería Erez De Cache,San Pedro Garza García,ND,ND,ND,ND,https://guiamexican.com/calzado/san-pedro-garza-garcia/page/2
Suministros Norbak Oficina De Ventas De Calzado Industrial,San Pedro Garza García,ND,ND,ND,ND,https://guiamexican.com/calzado/san-pedro-garza-garcia/page/2
Puma San Agustin,San Pedro Garza García,ND,ND,ND,ND,https://guiamexican.com/calzado/san-pedro-garza-garcia/page/2
O Y M Modas,San Pedro Garza García,ND,ND,ND,ND,https://guiamexican.com/calzado/san-pedro-garza-garcia/page/2
Dorothy Gaynor Monterrey Plaza Fiesta San Agustin,San Pedro Garza García,ND,ND,ND,ND,https://guiamexican.com/calzado/san-pedro-garza-garcia/page/2
Doroty Gaynor,San Pedro Garza García,ND,ND,ND,ND,https://guiamexican.com/calzado/san-pedro-garza-garcia/page/2
Altura Sie7e,San Pedro Garza García,ND,ND,ND,ND,https://guiamexican.com/calzado/san-pedro-garza-garcia/page/2
Tap Zapatería,San Pedro Garza García,ND,ND,ND,ND,https://guiamexican.com/calzado/san-pedro-garza-garcia/page/2
Dancer Shop Zapatería,San Pedro Garza García,ND,ND,ND,ND,https://guiamexican.com/calzado/san-pedro-garza-garcia/page/2
D Lashos,San Pedro Garza García,ND,ND,ND,ND,https://guiamexican.com/calzado/san-pedro-garza-garcia/page/2
Bma Zapatería,San Pedro Garza García,ND,ND,ND,ND,https://guiamexican.com/calzado/san-pedro-garza-garcia/page/2
Arantza Sucursal Fiesta,San Pedro Garza García,ND,ND,ND,ND,https://guiamexican.com/calzado/san-pedro-garza-garcia/page/2
Emyco,San Pedro Garza García,ND,ND,ND,ND,https://guiamexican.com/calzado/san-pedro-garza-garcia/page/2
Atikus,San Pedro Garza García,ND,ND,ND,ND,https://guiamexican.com/calzado/san-pedro-garza-garcia/page/2
Capa De Ozono,San Pedro Garza García,ND,ND,ND,ND,https://guiamexican.com/calzado/san-pedro-garza-garcia/page/3
Florsheim,San Pedro Garza García,ND,ND,ND,ND,https://guiamexican.com/calzado/san-pedro-garza-garcia/page/3
Perugia,San Pedro Garza García,ND,ND,ND,ND,https://guiamexican.com/calzado/san-pedro-garza-garcia/page/3
Venta De Zapatos Andrea,San Pedro Garza García,ND,ND,ND,ND,https://guiamexican.com/calzado/san-pedro-garza-garcia/page/3
Zapatería Jarking,San Pedro Garza García,ND,ND,ND,ND,https://guiamexican.com/calzado/san-pedro-garza-garcia/page/3
Zapatería Del Valle,San Pedro Garza García,ND,ND,ND,ND,https://guiamexican.com/calzado/san-pedro-garza-garcia/page/3
Via Spiga,San Pedro Garza García,ND,ND,ND,ND,https://guiamexican.com/calzado/san-pedro-garza-garcia/page/3
Tu Segunda Piel,San Nicolás De Los Garza,ND,ND,ND,ND,https://guiamexican.com/tiendas-de-ropa/san-nicolas-de-los-garza/page/4
One Clothing,San Nicolás De Los Garza,ND,ND,ND,ND,https://guiamexican.com/tiendas-de-ropa/san-nicolas-de-los-garza/page/4
Winona Plaza Fiesta Anahuac 51,San Nicolás De Los Garza,ND,ND,ND,ND,https://guiamexican.com/tiendas-de-ropa/san-nicolas-de-los-garza/page/4
Todo Para Caballerro,San Nicolás De Los Garza,ND,ND,ND,ND,https://guiamexican.com/tiendas-de-ropa/san-nicolas-de-los-garza/page/4
Boutique Western Ranger And Charro,San Nicolás De Los Garza,ND,ND,ND,ND,https://guiamexican.com/tiendas-de-ropa/san-nicolas-de-los-garza/page/4
Misko Citadel Sucursal 46,San Nicolás De Los Garza,ND,ND,ND,ND,https://guiamexican.com/tiendas-de-ropa/san-nicolas-de-los-garza/page/4
Boutique Desiree,San Nicolás De Los Garza,ND,ND,ND,ND,https://guiamexican.com/tiendas-de-ropa/san-nicolas-de-los-garza/page/4
Alexia Boutique,San Nicolás De Los Garza,ND,ND,ND,ND,https://guiamexican.com/tiendas-de-ropa/san-nicolas-de-los-garza/page/4
Artesanías Isa,San Nicolás De Los Garza,ND,ND,ND,ND,https://guiamexican.com/tiendas-de-ropa/san-nicolas-de-los-garza/page/4
Bobois,San Nicolás De Los Garza,ND,ND,ND,ND,https://guiamexican.com/tiendas-de-ropa/san-nicolas-de-los-garza/page/4
Boutique Luna Hostil,San Nicolás De Los Garza,ND,ND,ND,ND,https://guiamexican.com/tiendas-de-ropa/san-nicolas-de-los-garza/page/4
Boutique Mujer Bonita,San Nicolás De Los Garza,8183822970,ND,ND,ND,https://guiamexican.com/tiendas-de-ropa/san-nicolas-de-los-garza/page/4
Boutique Y Bazar,San Nicolás De Los Garza,ND,ND,ND,ND,https://guiamexican.com/tiendas-de-ropa/san-nicolas-de-los-garza/page/4
Camila Boutique,San Nicolás De Los Garza,ND,ND,ND,ND,https://guiamexican.com/tiendas-de-ropa/san-nicolas-de-los-garza/page/4
Cores De Luca,San Nicolás De Los Garza,ND,ND,ND,ND,https://guiamexican.com/tiendas-de-ropa/san-nicolas-de-los-garza/page/4
Divas Boutique,San Nicolás De Los Garza,ND,ND,ND,ND,https://guiamexican.com/tiendas-de-ropa/san-nicolas-de-los-garza/page/4
Dancers Shop,San Nicolás De Los Garza,ND,ND,ND,ND,https://guiamexican.com/tiendas-de-ropa/san-nicolas-de-los-garza/page/4
Gaby Boutique,San Nicolás De Los Garza,ND,ND,ND,ND,https://guiamexican.com/tiendas-de-ropa/san-nicolas-de-los-garza/page/4
Gallery,San Nicolás De Los Garza,ND,ND,ND,ND,https://guiamexican.com/tiendas-de-ropa/san-nicolas-de-los-garza/page/4
Lady Chic,San Nicolás De Los Garza,ND,ND,ND,ND,https://guiamexican.com/tiendas-de-ropa/san-nicolas-de-los-garza/page/4
La Pulguita,San Nicolás De Los Garza,ND,ND,ND,ND,https://guiamexican.com/tiendas-de-ropa/san-nicolas-de-los-garza/page/5
Levis,San Nicolás De Los Garza,ND,levisianahuac@gmail.com,ND,ND,https://guiamexican.com/tiendas-de-ropa/san-nicolas-de-los-garza/page/5
Luca Jeans,San Nicolás De Los Garza,ND,ND,ND,ND,https://guiamexican.com/tiendas-de-ropa/san-nicolas-de-los-garza/page/5
Novedades Emily,San Nicolás De Los Garza,ND,ND,ND,ND,https://guiamexican.com/tiendas-de-ropa/san-nicolas-de-los-garza/page/5
One Plus,San Nicolás De Los Garza,ND,ND,ND,ND,https://guiamexican.com/tiendas-de-ropa/san-nicolas-de-los-garza/page/5
Outlet,San Nicolás De Los Garza,ND,ND,ND,ND,https://guiamexican.com/tiendas-de-ropa/san-nicolas-de-los-garza/page/5
Moda Club,San Nicolás De Los Garza,ND,ND,ND,ND,https://guiamexican.com/tiendas-de-ropa/san-nicolas-de-los-garza/page/5
Moda Urbana,San Nicolás De Los Garza,ND,ND,ND,ND,https://guiamexican.com/tiendas-de-ropa/san-nicolas-de-los-garza/page/5
Novamoda,San Nicolás De Los Garza,ND,ND,ND,ND,https://guiamexican.com/tiendas-de-ropa/san-nicolas-de-los-garza/page/5
Playeras Y Estampados,San Nicolás De Los Garza,ND,ND,ND,ND,https://guiamexican.com/tiendas-de-ropa/san-nicolas-de-los-garza/page/5
Ropa Casual Para Caballero,San Nicolás De Los Garza,ND,ND,ND,ND,https://guiamexican.com/tiendas-de-ropa/san-nicolas-de-los-garza/page/5
Ropa De Artesanías,San Nicolás De Los Garza,ND,ND,ND,ND,https://guiamexican.com/tiendas-de-ropa/san-nicolas-de-los-garza/page/5
Ropa Y Novedades,San Nicolás De Los Garza,ND,ND,ND,ND,https://guiamexican.com/tiendas-de-ropa/san-nicolas-de-los-garza/page/5
Rancho Grande,San Nicolás De Los Garza,ND,ND,ND,ND,https://guiamexican.com/tiendas-de-ropa/san-nicolas-de-los-garza/page/5
Regalos Aries,San Nicolás De Los Garza,ND,ND,ND,ND,https://guiamexican.com/tiendas-de-ropa/san-nicolas-de-los-garza/page/5
Regalos Y Novedades Rossy,San Nicolás De Los Garza,ND,ND,ND,ND,https://guiamexican.com/tiendas-de-ropa/san-nicolas-de-los-garza/page/5
Regalos Y Uñas,San Nicolás De Los Garza,ND,ND,ND,ND,https://guiamexican.com/tiendas-de-ropa/san-nicolas-de-los-garza/page/5
Silvia,San Nicolás De Los Garza,ND,ND,ND,ND,https://guiamexican.com/tiendas-de-ropa/san-nicolas-de-los-garza/page/5
Uniformes Escolares,San Nicolás De Los Garza,ND,ND,ND,ND,https://guiamexican.com/tiendas-de-ropa/san-nicolas-de-los-garza/page/5
Urrutia Y Compañía,San Nicolás De Los Garza,ND,ND,ND,ND,https://guiamexican.com/tiendas-de-ropa/san-nicolas-de-los-garza/page/5
Venta De Ropa Para Dama Y Niños,San Nicolás De Los Garza,ND,ND,ND,ND,https://guiamexican.com/tiendas-de-ropa/san-nicolas-de-los-garza/page/6
Venta De Ropa Para Niño,San Nicolás De Los Garza,ND,ND,ND,ND,https://guiamexican.com/tiendas-de-ropa/san-nicolas-de-los-garza/page/6
Topps,San Nicolás De Los Garza,ND,ND,ND,ND,https://guiamexican.com/tiendas-de-ropa/san-nicolas-de-los-garza/page/6
Beatriz Boutique,San Nicolás De Los Garza,ND,ND,ND,ND,https://guiamexican.com/tiendas-de-ropa/san-nicolas-de-los-garza/page/6
Boutique Dama,San Nicolás De Los Garza,ND,ND,ND,ND,https://guiamexican.com/tiendas-de-ropa/san-nicolas-de-los-garza/page/6
Lavoro,San Nicolás De Los Garza,ND,ND,ND,ND,https://guiamexican.com/tiendas-de-ropa/san-nicolas-de-los-garza/page/7
Max Rebo,San Nicolás De Los Garza,ND,ND,ND,ND,https://guiamexican.com/tiendas-de-ropa/san-nicolas-de-los-garza/page/7
Wear It Venta De Ropa Y Accesorios,San Nicolás De Los Garza,ND,ND,ND,ND,https://guiamexican.com/tiendas-de-ropa/san-nicolas-de-los-garza/page/7
Moda Carolina,San Nicolás De Los Garza,ND,ND,ND,ND,https://guiamexican.com/tiendas-de-ropa/san-nicolas-de-los-garza/page/7
Michelle Blouses & More,San Nicolás De Los Garza,ND,ND,ND,ND,https://guiamexican.com/tiendas-de-ropa/san-nicolas-de-los-garza/page/7
The Pink Dressing Room,San Nicolás De Los Garza,ND,ND,ND,ND,https://guiamexican.com/tiendas-de-ropa/san-nicolas-de-los-garza/page/7
Bogar Piel Jeans Wear,San Nicolás De Los Garza,ND,ND,ND,ND,https://guiamexican.com/tiendas-de-ropa/san-nicolas-de-los-garza/page/8
Boutique Chaq Hatz,San Nicolás De Los Garza,ND,ND,ND,ND,https://guiamexican.com/tiendas-de-ropa/san-nicolas-de-los-garza/page/8
Total Sport Venta De Ropa Deportiva,San Nicolás De Los Garza,ND,ND,ND,ND,https://guiamexican.com/tiendas-de-ropa/san-nicolas-de-los-garza/page/8
Butike,San Nicolás De Los Garza,ND,ND,ND,ND,https://guiamexican.com/tiendas-de-ropa/san-nicolas-de-los-garza/page/8
Boutique Sara Garcia,San Nicolás De Los Garza,ND,ND,ND,ND,https://guiamexican.com/tiendas-de-ropa/san-nicolas-de-los-garza/page/8
Ana Sofía Boutique,San Nicolás De Los Garza,ND,ND,ND,ND,https://guiamexican.com/tiendas-de-ropa/san-nicolas-de-los-garza/page/8
Botike Nancy Love,San Nicolás De Los Garza,ND,ND,ND,ND,https://guiamexican.com/tiendas-de-ropa/san-nicolas-de-los-garza/page/8
Boutique De Ropa En General,San Nicolás De Los Garza,ND,ND,ND,ND,https://guiamexican.com/tiendas-de-ropa/san-nicolas-de-los-garza/page/8
Eder Venta De Ropa,San Nicolás De Los Garza,ND,ND,ND,ND,https://guiamexican.com/tiendas-de-ropa/san-nicolas-de-los-garza/page/8
Novedades 2001,San Nicolás De Los Garza,ND,ND,ND,ND,https://guiamexican.com/tiendas-de-ropa/san-nicolas-de-los-garza/page/8
Planet Girl,San Nicolás De Los Garza,ND,ND,ND,ND,https://guiamexican.com/tiendas-de-ropa/san-nicolas-de-los-garza/page/8
Aldo Conti No 174 Anahuac Monterrey,San Nicolás De Los Garza,ND,ND,ND,ND,https://guiamexican.com/tiendas-de-ropa/san-nicolas-de-los-garza/page/8
Aldo Conti No 36 Monterrey Citadel,San Nicolás De Los Garza,ND,ND,ND,ND,https://guiamexican.com/tiendas-de-ropa/san-nicolas-de-los-garza/page/8
Ropa Para Niña Chiquitita,San Nicolás De Los Garza,ND,ND,ND,ND,https://guiamexican.com/tiendas-de-ropa/san-nicolas-de-los-garza/page/8
"Suc, 104 Mty Plaza Fiesta Anahuac",San Nicolás De Los Garza,ND,ND,ND,ND,https://guiamexican.com/tiendas-de-ropa/san-nicolas-de-los-garza/page/8
Boutique De Nora,San Nicolás De Los Garza,ND,ND,ND,ND,https://guiamexican.com/tiendas-de-ropa/san-nicolas-de-los-garza/page/8
Blue Sky,San Nicolás De Los Garza,ND,ND,ND,ND,https://guiamexican.com/tiendas-de-ropa/san-nicolas-de-los-garza/page/8
Oxigen,San Nicolás De Los Garza,ND,ND,ND,ND,https://guiamexican.com/tiendas-de-ropa/san-nicolas-de-los-garza/page/9
Piny Bory,San Nicolás De Los Garza,ND,ND,ND,ND,https://guiamexican.com/tiendas-de-ropa/san-nicolas-de-los-garza/page/9
Vanguardia,San Nicolás De Los Garza,ND,ND,ND,ND,https://guiamexican.com/tiendas-de-ropa/san-nicolas-de-los-garza/page/9
Venta De Ropa Caballero,San Nicolás De Los Garza,ND,ND,ND,ND,https://guiamexican.com/tiendas-de-ropa/san-nicolas-de-los-garza/page/9
Victoria Boutique,San Nicolás De Los Garza,ND,ND,ND,ND,https://guiamexican.com/tiendas-de-ropa/san-nicolas-de-los-garza/page/9
Zona 4 Ropa De Caballero,San Nicolás De Los Garza,ND,ND,ND,ND,https://guiamexican.com/tiendas-de-ropa/san-nicolas-de-los-garza/page/9
Local Comercial,San Nicolás De Los Garza,ND,ND,ND,ND,https://guiamexican.com/tiendas-de-ropa/san-nicolas-de-los-garza/page/9
Ropa Y Regalos,San Nicolás De Los Garza,ND,ND,ND,ND,https://guiamexican.com/tiendas-de-ropa/san-nicolas-de-los-garza/page/9
Tommy Hilfiger San Pedro Monterrey,San Nicolás De Los Garza,ND,ND,ND,ND,https://guiamexican.com/tiendas-de-ropa/san-nicolas-de-los-garza/page/9
Elsy Boutique,San Nicolás De Los Garza,ND,elsa22m@hotmail.com,ND,ND,https://guiamexican.com/tiendas-de-ropa/san-nicolas-de-los-garza/page/9
Venta De Ropa De Caballero,San Nicolás De Los Garza,ND,ND,ND,ND,https://guiamexican.com/tiendas-de-ropa/san-nicolas-de-los-garza/page/9
Tanger Coleccion,San Nicolás De Los Garza,ND,butique.tanger@gmail.com,ND,ND,https://guiamexican.com/tiendas-de-ropa/san-nicolas-de-los-garza/page/9
Boutique Marysan,San Nicolás De Los Garza,ND,ND,ND,ND,https://guiamexican.com/tiendas-de-ropa/san-nicolas-de-los-garza/page/9
Diseños Y Novedades,San Nicolás De Los Garza,ND,ND,ND,ND,https://guiamexican.com/tiendas-de-ropa/san-nicolas-de-los-garza/page/9
Mm Comercial,San Nicolás De Los Garza,ND,ND,ND,ND,https://guiamexican.com/tiendas-de-ropa/san-nicolas-de-los-garza/page/9
Servicios Textiles,San Nicolás De Los Garza,ND,ND,ND,ND,https://guiamexican.com/tiendas-de-ropa/san-nicolas-de-los-garza/page/9
Área 51,San Nicolás De Los Garza,ND,cobos2001@hotmail.com,ND,ND,https://guiamexican.com/tiendas-de-ropa/san-nicolas-de-los-garza/page/10
Boutique Maria Luisa,San Nicolás De Los Garza,ND,ND,ND,ND,https://guiamexican.com/tiendas-de-ropa/san-nicolas-de-los-garza/page/10
Boutique Casa Blanca,San Nicolás De Los Garza,ND,ND,ND,ND,https://guiamexican.com/tiendas-de-ropa/san-nicolas-de-los-garza/page/10
Trapitos Y Mas,San Nicolás De Los Garza,ND,ND,ND,ND,https://guiamexican.com/tiendas-de-ropa/san-nicolas-de-los-garza/page/10
Ropa Para Caballero Pecxe,San Nicolás De Los Garza,ND,ND,ND,ND,https://guiamexican.com/tiendas-de-ropa/san-nicolas-de-los-garza/page/10
Ropa Para Caballero Yola,San Nicolás De Los Garza,ND,ND,ND,ND,https://guiamexican.com/tiendas-de-ropa/san-nicolas-de-los-garza/page/10
Mercería Betin,San Nicolás De Los Garza,ND,ND,ND,ND,https://guiamexican.com/tiendas-de-ropa/san-nicolas-de-los-garza/page/10
Moss- Online,San Nicolás De Los Garza,ND,ND,ND,ND,https://guiamexican.com/tiendas-de-ropa/san-nicolas-de-los-garza/page/10
Garbo Tuxedo,San Nicolás De Los Garza,ND,ND,ND,ND,https://guiamexican.com/tiendas-de-ropa/san-nicolas-de-los-garza/page/10
Ironic,San Nicolás De Los Garza,ND,ND,ND,ND,https://guiamexican.com/tiendas-de-ropa/san-nicolas-de-los-garza/page/10
Lilas Boutique,San Nicolás De Los Garza,ND,ND,ND,ND,https://guiamexican.com/tiendas-de-ropa/san-nicolas-de-los-garza/page/10
Iker Y Vittorio Forti (Fiesta Anahuac),San Nicolás De Los Garza,ND,ND,ND,ND,https://guiamexican.com/tiendas-de-ropa/san-nicolas-de-los-garza/page/10
Saxon Venta De Ropa,San Nicolás De Los Garza,ND,ND,ND,ND,https://guiamexican.com/tiendas-de-ropa/san-nicolas-de-los-garza/page/10
Sports &Caps,San Nicolás De Los Garza,ND,ND,ND,ND,https://guiamexican.com/tiendas-de-ropa/san-nicolas-de-los-garza/page/10
Gólgota,San Nicolás De Los Garza,ND,ND,ND,ND,https://guiamexican.com/tiendas-de-ropa/san-nicolas-de-los-garza/page/10
Axx Moda Casual,San Nicolás De Los Garza,ND,ND,ND,ND,https://guiamexican.com/tiendas-de-ropa/san-nicolas-de-los-garza/page/10
Axx Moda Niños,San Nicolás De Los Garza,ND,ND,ND,ND,https://guiamexican.com/tiendas-de-ropa/san-nicolas-de-los-garza/page/10
T.T. Blues,San Nicolás De Los Garza,ND,ND,ND,ND,https://guiamexican.com/tiendas-de-ropa/san-nicolas-de-los-garza/page/10
Y Plaza Citadel,San Nicolás De Los Garza,ND,ND,ND,ND,https://guiamexican.com/tiendas-de-ropa/san-nicolas-de-los-garza/page/10
El Arca De Noe Boutique,San Nicolás De Los Garza,ND,ND,ND,ND,https://guiamexican.com/tiendas-de-ropa/san-nicolas-de-los-garza/page/10
Arantza Sucursal Citadel,San Nicolás De Los Garza,ND,ND,ND,ND,https://m.guiamexican.com/calzado/san-nicolas-de-los-garza
Zapatería Atikus,San Nicolás De Los Garza,ND,ND,ND,ND,https://m.guiamexican.com/calzado/san-nicolas-de-los-garza
Zapatería El Traviezo,San Nicolás De Los Garza,ND,ND,ND,ND,https://m.guiamexican.com/calzado/san-nicolas-de-los-garza
Dorothy Gaynor Monterrey Citadel,San Nicolás De Los Garza,ND,ND,ND,ND,https://m.guiamexican.com/calzado/san-nicolas-de-los-garza
Zapatería Y Novedades La Familia,San Nicolás De Los Garza,ND,ND,ND,ND,https://m.guiamexican.com/calzado/san-nicolas-de-los-garza
Taf Plaza Fiesta Anáhuac,San Nicolás De Los Garza,ND,ND,ND,ND,https://m.guiamexican.com/calzado/san-nicolas-de-los-garza
Coqueta Y Audaz Número 53,San Nicolás De Los Garza,ND,ND,ND,ND,https://m.guiamexican.com/calzado/san-nicolas-de-los-garza
París Zapatería,San Nicolás De Los Garza,ND,ND,ND,ND,https://m.guiamexican.com/calzado/san-nicolas-de-los-garza
Plaza Mayoreo Sucursal 23,San Nicolás De Los Garza,ND,ND,ND,ND,https://m.guiamexican.com/calzado/san-nicolas-de-los-garza
Plaza Mayoreo Sucursal 28,San Nicolás De Los Garza,ND,ND,ND,ND,https://m.guiamexican.com/calzado/san-nicolas-de-los-garza
Zapatería Debany,San Nicolás De Los Garza,ND,ND,ND,ND,https://m.guiamexican.com/calzado/san-nicolas-de-los-garza
Arantzasucursal Anahuac,San Nicolás De Los Garza,ND,ND,ND,ND,https://m.guiamexican.com/calzado/san-nicolas-de-los-garza
Annie Zapatería,San Nicolás De Los Garza,ND,ND,ND,ND,https://m.guiamexican.com/calzado/san-nicolas-de-los-garza
Zapatería Edén,San Nicolás De Los Garza,ND,ND,ND,ND,https://m.guiamexican.com/calzado/san-nicolas-de-los-garza
El Beto Con Botas,San Nicolás De Los Garza,ND,ND,ND,ND,https://m.guiamexican.com/calzado/san-nicolas-de-los-garza
Zapatos De Hombre,San Nicolás De Los Garza,ND,ND,ND,ND,https://m.guiamexican.com/calzado/san-nicolas-de-los-garza
Zapaterías Jarking,San Nicolás De Los Garza,ND,ND,ND,ND,https://m.guiamexican.com/calzado/san-nicolas-de-los-garza
Charly Plaza Citadel,San Nicolás De Los Garza,ND,ND,ND,ND,https://m.guiamexican.com/calzado/san-nicolas-de-los-garza
Botas Los Gemelos Chavez,San Nicolás De Los Garza,ND,ND,ND,ND,https://m.guiamexican.com/calzado/san-nicolas-de-los-garza
Chaparro Boots,San Nicolás De Los Garza,ND,ND,ND,ND,https://m.guiamexican.com/calzado/san-nicolas-de-los-garza
Liz Minelli,Apodaca,ND,ND,ND,ND,https://guiamexican.com/tiendas-de-ropa/apodaca/page/6
Pasarella Boutique,Apodaca,ND,ND,ND,ND,https://guiamexican.com/tiendas-de-ropa/apodaca/page/6
Ropa Casual Ana,Apodaca,ND,ND,ND,ND,https://guiamexican.com/tiendas-de-ropa/apodaca/page/6
Salma Fashion,Apodaca,ND,ND,ND,ND,https://guiamexican.com/tiendas-de-ropa/apodaca/page/6
Tienda De Venta De Ropa,Apodaca,ND,ND,ND,ND,https://guiamexican.com/tiendas-de-ropa/apodaca/page/6
Top Top,Apodaca,ND,arturogarzaa@hotmail.com,ND,ND,https://guiamexican.com/tiendas-de-ropa/apodaca/page/6
Tutti Jeans,Apodaca,ND,ND,ND,ND,https://guiamexican.com/tiendas-de-ropa/apodaca/page/6
Venta De Disfraces,Apodaca,ND,ND,ND,ND,https://guiamexican.com/tiendas-de-ropa/apodaca/page/6
Venta Ropa Y Zapatos,Apodaca,ND,ND,ND,ND,https://guiamexican.com/tiendas-de-ropa/apodaca/page/6
Boutique Aries,Apodaca,ND,ND,ND,ND,https://guiamexican.com/tiendas-de-ropa/apodaca/page/6
Ella Novias Y Quince Años,Apodaca,ND,ND,ND,ND,https://guiamexican.com/disfraces-vestimenta-regional-vestidos-de-novia/apodaca
Venta De Vestidos Para Fiesta,Apodaca,ND,ND,ND,ND,https://guiamexican.com/disfraces-vestimenta-regional-vestidos-de-novia/apodaca
Maka Renta Y Venta De Vestidos,Apodaca,ND,ND,ND,ND,https://guiamexican.com/disfraces-vestimenta-regional-vestidos-de-novia/apodaca
Fashion Lean Nuy Renta Vestidos Fiesta,Apodaca,ND,ND,ND,ND,https://guiamexican.com/disfraces-vestimenta-regional-vestidos-de-novia/apodaca
Creaciones Olimpia,Apodaca,ND,ND,ND,ND,https://guiamexican.com/disfraces-vestimenta-regional-vestidos-de-novia/apodaca
Nive Moda,Apodaca,ND,ND,ND,ND,https://guiamexican.com/disfraces-vestimenta-regional-vestidos-de-novia/apodaca
Tienda De Disfraces,Apodaca,ND,ND,ND,ND,https://guiamexican.com/disfraces-vestimenta-regional-vestidos-de-novia/apodaca
Diva,Apodaca,ND,ND,ND,ND,https://guiamexican.com/disfraces-vestimenta-regional-vestidos-de-novia/apodaca
Ropa Y Accesorios,Apodaca,ND,ND,ND,ND,https://guiamexican.com/disfraces-vestimenta-regional-vestidos-de-novia/apodaca
Primore Elegancia,Apodaca,ND,ND,ND,ND,https://guiamexican.com/disfraces-vestimenta-regional-vestidos-de-novia/apodaca
Venta De Vestidos De Novia,Apodaca,ND,ND,ND,ND,https://guiamexican.com/disfraces-vestimenta-regional-vestidos-de-novia/apodaca
Boutique,Apodaca,ND,ND,ND,ND,https://guiamexican.com/disfraces-vestimenta-regional-vestidos-de-novia/apodaca
Costurera Doña Julia,Apodaca,ND,ND,ND,ND,https://www.guiamexican.com/mantenimiento-de-articulos-del-hogar/apodaca
Sastreria Daniel,Apodaca,ND,ND,ND,ND,https://www.guiamexican.com/mantenimiento-de-articulos-del-hogar/apodaca
Diceño Y Composturas M&D,Apodaca,ND,ND,ND,ND,https://www.guiamexican.com/mantenimiento-de-articulos-del-hogar/apodaca
Diseño Y Disfraces,Apodaca,ND,ND,ND,ND,https://www.guiamexican.com/mantenimiento-de-articulos-del-hogar/apodaca
Anidani Creaciones,Apodaca,ND,ND,ND,ND,https://www.guiamexican.com/mantenimiento-de-articulos-del-hogar/apodaca
Costurera Y Compostura De Ropa,Apodaca,ND,ND,ND,ND,https://www.guiamexican.com/mantenimiento-de-articulos-del-hogar/apodaca
Costuras De Ropa,Apodaca,ND,ND,ND,ND,https://www.guiamexican.com/mantenimiento-de-articulos-del-hogar/apodaca
Composturas De Ropa Lupita,Apodaca,ND,ND,ND,ND,https://www.guiamexican.com/mantenimiento-de-articulos-del-hogar/apodaca
Costura En General,Apodaca,ND,ND,ND,ND,https://www.guiamexican.com/mantenimiento-de-articulos-del-hogar/apodaca
El Costurero,Apodaca,ND,ND,ND,ND,https://www.guiamexican.com/mantenimiento-de-articulos-del-hogar/apodaca
Reparación De Ropa,Apodaca,ND,ND,ND,ND,https://www.guiamexican.com/mantenimiento-de-articulos-del-hogar/apodaca
Taller De Costura La Maquinita,Apodaca,ND,ND,ND,ND,https://www.guiamexican.com/mantenimiento-de-articulos-del-hogar/apodaca
El Nuevo Mundo Bodega De Muebles,Monterrey,ND,ND,ND,ND,https://guiamexican.com/tiendas-departamentales/monterrey
Cobranza Monterrey,Monterrey,ND,ND,ND,ND,https://guiamexican.com/tiendas-departamentales/monterrey
Cobranza Monterrey I,Monterrey,ND,ND,ND,ND,https://guiamexican.com/tiendas-departamentales/monterrey
Cobranza Monterrey Ii,Monterrey,ND,ND,ND,ND,https://guiamexican.com/tiendas-departamentales/monterrey
Hemsa Oficinas Generales,Monterrey,ND,ND,ND,ND,https://guiamexican.com/tiendas-departamentales/monterrey
Sucursal Colon Macroremate,Monterrey,ND,ND,ND,ND,https://guiamexican.com/tiendas-departamentales/monterrey
Soriana Hipermart Valle Poniente 545,Santa Catarina,ND,ND,ND,ND,https://guiamexican.com/supermercados/santa-catarina-nuevo-leon
Soriana . Sucursal 640. Diaz Ordaz.,Santa Catarina,ND,ND,ND,ND,https://guiamexican.com/supermercados/santa-catarina-nuevo-leon
Soriana 20 Santa Catarina,Santa Catarina,ND,ND,ND,ND,https://guiamexican.com/supermercados/santa-catarina-nuevo-leon
Waldos Santa Catarina Ordunez,Santa Catarina,ND,ND,ND,ND,https://guiamexican.com/supermercados/santa-catarina-nuevo-leon
Supercenter La Huasteca,Santa Catarina,ND,ND,ND,ND,https://guiamexican.com/supermercados/santa-catarina-nuevo-leon
Ba Express San Francisco,Santa Catarina,ND,ND,ND,ND,https://guiamexican.com/supermercados/santa-catarina-nuevo-leon
Soriana Colosio 119,Santa Catarina,ND,ND,ND,ND,https://guiamexican.com/supermercados/santa-catarina-nuevo-leon
Smart Catarina,Santa Catarina,ND,ND,ND,ND,https://guiamexican.com/supermercados/santa-catarina-nuevo-leon
Ba Express Lomas Altas,Santa Catarina,ND,ND,ND,ND,https://guiamexican.com/supermercados/santa-catarina-nuevo-leon
Bodega Aurrera Sector Viñedos,Santa Catarina,ND,ND,ND,ND,https://guiamexican.com/supermercados/santa-catarina-nuevo-leon
Ba Sector La Fama,Santa Catarina,ND,ND,ND,ND,https://guiamexican.com/supermercados/santa-catarina-nuevo-leon
Bodega Clouthier,Santa Catarina,ND,ND,ND,ND,https://guiamexican.com/supermercados/santa-catarina-nuevo-leon
Ba Express Los Viñedos,Santa Catarina,ND,ND,ND,ND,https://guiamexican.com/supermercados/santa-catarina-nuevo-leon
Ba Express Manuel Ordoñez,Santa Catarina,ND,ND,ND,ND,https://guiamexican.com/supermercados/santa-catarina-nuevo-leon
Ba Express Prados De San Jorge,Santa Catarina,ND,ND,ND,ND,https://guiamexican.com/supermercados/santa-catarina-nuevo-leon
6336 Waldos Clouthier,Santa Catarina,ND,ND,ND,ND,https://guiamexican.com/supermercados/santa-catarina-nuevo-leon
Bogega Aurrera Express,Santa Catarina,ND,ND,ND,ND,https://guiamexican.com/supermercados/santa-catarina-nuevo-leon
Super Mode Sucursal Santa Catarina,Santa Catarina,ND,ND,ND,ND,https://guiamexican.com/supermercados/santa-catarina-nuevo-leon
Bodega Aurrera Expres,Santa Catarina,ND,ND,ND,ND,https://guiamexican.com/supermercados/santa-catarina-nuevo-leon
Smart Santa Catarina,Santa Catarina,ND,ND,ND,ND,https://guiamexican.com/supermercados/santa-catarina-nuevo-leon
Casa Blanca Boutique,San Nicolás De Los Garza,ND,ND,ND,ND,https://guiamexican.com/tiendas-de-ropa/san-nicolas-de-los-garza/page/11
Kiut Kids,San Nicolás De Los Garza,ND,ND,ND,ND,https://guiamexican.com/tiendas-de-ropa/san-nicolas-de-los-garza/page/11
Satelite Ropa,San Nicolás De Los Garza,ND,ND,ND,ND,https://guiamexican.com/tiendas-de-ropa/san-nicolas-de-los-garza/page/11
Suc. 64 Mty La Fe,San Nicolás De Los Garza,ND,ND,ND,ND,https://guiamexican.com/tiendas-de-ropa/san-nicolas-de-los-garza/page/11
Grupo Sportswear Sa De Cv Catalogo La Fe,San Nicolás De Los Garza,ND,ND,ND,ND,https://guiamexican.com/tiendas-de-ropa/san-nicolas-de-los-garza/page/11
Boutique Fashion,San Nicolás De Los Garza,ND,ND,ND,ND,https://guiamexican.com/tiendas-de-ropa/san-nicolas-de-los-garza/page/11
Studio,San Nicolás De Los Garza,ND,ND,ND,ND,https://guiamexican.com/tiendas-de-ropa/san-nicolas-de-los-garza/page/11
Beso Boutique,San Nicolás De Los Garza,ND,ND,ND,ND,https://guiamexican.com/tiendas-de-ropa/san-nicolas-de-los-garza/page/11
Bortoni Sa De Cv,San Nicolás De Los Garza,ND,ND,ND,ND,https://guiamexican.com/tiendas-de-ropa/san-nicolas-de-los-garza/page/11
Boutique Diana,San Nicolás De Los Garza,ND,ND,ND,ND,https://guiamexican.com/tiendas-de-ropa/san-nicolas-de-los-garza/page/11
Creaciones Doraly,San Nicolás De Los Garza,ND,ND,ND,ND,https://guiamexican.com/tiendas-de-ropa/san-nicolas-de-los-garza/page/11
Deportes Victoria,San Nicolás De Los Garza,ND,ND,ND,ND,https://guiamexican.com/tiendas-de-ropa/san-nicolas-de-los-garza/page/11
Fashion Boutique,San Nicolás De Los Garza,ND,ND,ND,ND,https://guiamexican.com/tiendas-de-ropa/san-nicolas-de-los-garza/page/11
For You,San Nicolás De Los Garza,ND,ND,ND,ND,https://guiamexican.com/tiendas-de-ropa/san-nicolas-de-los-garza/page/11
Galfer,San Nicolás De Los Garza,ND,ND,ND,ND,https://guiamexican.com/tiendas-de-ropa/san-nicolas-de-los-garza/page/11
Galfer Girls,San Nicolás De Los Garza,ND,galfergirls@hotmail.com,ND,ND,https://guiamexican.com/tiendas-de-ropa/san-nicolas-de-los-garza/page/11
Jeans Outlet,San Nicolás De Los Garza,ND,ND,ND,ND,https://guiamexican.com/tiendas-de-ropa/san-nicolas-de-los-garza/page/11
Kueros,San Nicolás De Los Garza,ND,ND,ND,ND,https://guiamexican.com/tiendas-de-ropa/san-nicolas-de-los-garza/page/11
Naomi Boutique,San Nicolás De Los Garza,ND,ND,ND,ND,https://guiamexican.com/tiendas-de-ropa/san-nicolas-de-los-garza/page/12
New New,San Nicolás De Los Garza,ND,ND,ND,ND,https://guiamexican.com/tiendas-de-ropa/san-nicolas-de-los-garza/page/12
Novedades Romy,San Nicolás De Los Garza,ND,ND,ND,ND,https://guiamexican.com/tiendas-de-ropa/san-nicolas-de-los-garza/page/12
One,San Nicolás De Los Garza,ND,ND,ND,ND,https://guiamexican.com/tiendas-de-ropa/san-nicolas-de-los-garza/page/12
Ropa De Niños,San Nicolás De Los Garza,ND,ND,ND,ND,https://guiamexican.com/tiendas-de-ropa/san-nicolas-de-los-garza/page/12
Ropa Nueva,San Nicolás De Los Garza,ND,ND,ND,ND,https://guiamexican.com/tiendas-de-ropa/san-nicolas-de-los-garza/page/12
Mau Cel,Apodaca,ND,ND,ND,ND,https://www.guiamexican.com/mantenimiento-de-articulos-del-hogar/apodaca
Doña Irene,Apodaca,ND,ND,ND,ND,https://www.guiamexican.com/mantenimiento-de-articulos-del-hogar/apodaca
Ardyss,Allende,ND,ND,ND,ND,https://mxfirmas.com/NLE-Allende/Ropas
El Combate,Allende,ND,ND,ND,ND,https://mxfirmas.com/NLE-Allende/Ropas
Marisol Lencería,Allende,ND,ND,ND,ND,https://mxfirmas.com/NLE-Allende/Ropas
Ropa Y Blancos Blanca,Allende,8262681663,ND,ND,ND,https://mxfirmas.com/NLE-Allende/Ropas
Vanee Lencería Y Corceteria,Allende,ND,ND,ND,ND,https://mxfirmas.com/NLE-Allende/Ropas
Tienda De Ropa Y Perfumes,Allende,8262681663,ND,ND,ND,https://mxfirmas.com/NLE-Allende/Ropas
Confección De Ropa,Allende,8262681663,ND,ND,ND,https://mxfirmas.com/NLE-Allende/Ropas
Multibordados Fonsal,Allende,8262683860,ND,ND,ND,https://mxfirmas.com/NLE-Allende/Ropas
Cavazos Perez Virginia,Allende,8261155425,ND,ND,ND,https://mxfirmas.com/NLE-Allende/Ropas
Martinez Flores Hugo Javier,Allende,8262681381,ND,ND,ND,https://mxfirmas.com/NLE-Allende/Ropas
Tamez Guzman Maria Del Socorro,Allende,8262683956,ND,ND,ND,https://mxfirmas.com/NLE-Allende/Ropas
"VALDEZ VALDEZ, JOSE JUAN",Allende,ND,ND,ND,ND,https://mxfirmas.com/NLE-Allende/Ropas
Ropa Y Regalos Eva Renta De Vestidos De Fiesta,Allende,8262681663,ND,ND,ND,https://mxfirmas.com/NLE-Allende/Ropas
Bazar Venta De Ropa Usada,Allende,8262681663,ND,ND,ND,https://mxfirmas.com/NLE-Allende/Ropas
Novedades Y Ropa,Allende,8262681663,ND,ND,ND,https://mxfirmas.com/NLE-Allende/Ropas
"VILLALON SALAZAR, IRMA PATRICIA",Allende,ND,ND,ND,ND,https://mxfirmas.com/NLE-Allende/Ropas
Deessé Boutique Alta Costura Venta Renta,Monterrey,ND,ND,ND,ND,https://www.seccionamarilla.com.mx/resultados/tiendas-de-ropa/nuevo-leon/monterrey/1
Da Spot,Monterrey,ND,ND,ND,ND,https://www.seccionamarilla.com.mx/resultados/tiendas-de-ropa/nuevo-leon/monterrey/1
Tiendas Loly Mex Sapi,Monterrey,ND,ND,ND,ND,https://www.seccionamarilla.com.mx/resultados/tiendas-de-ropa/nuevo-leon/monterrey/1
Acapella Mx Sapi,Monterrey,ND,ND,ND,ND,https://www.seccionamarilla.com.mx/resultados/tiendas-de-ropa/nuevo-leon/monterrey/1
David Sanchez Rivera,Monterrey,ND,ND,ND,ND,https://www.seccionamarilla.com.mx/resultados/tiendas-de-ropa/nuevo-leon/monterrey/1
Diaz Aguilar Felipe,Monterrey,ND,ND,ND,ND,https://www.seccionamarilla.com.mx/resultados/tiendas-de-ropa/nuevo-leon/monterrey/1
Grupo Vanity,Monterrey,ND,ND,ND,ND,https://www.seccionamarilla.com.mx/resultados/tiendas-de-ropa/nuevo-leon/monterrey/1
Hemisphere Boots,Monterrey,ND,ND,ND,ND,https://www.seccionamarilla.com.mx/resultados/tiendas-de-ropa/nuevo-leon/monterrey/1
Hernandez Garcia Luis Angel,Monterrey,ND,ND,ND,ND,https://www.seccionamarilla.com.mx/resultados/tiendas-de-ropa/nuevo-leon/monterrey/1
Karla Elizabeth Loredo Zavala,Monterrey,ND,ND,ND,ND,https://www.seccionamarilla.com.mx/resultados/tiendas-de-ropa/nuevo-leon/monterrey/1
La 77,Monterrey,ND,ND,ND,ND,https://www.seccionamarilla.com.mx/resultados/tiendas-de-ropa/nuevo-leon/monterrey/1
Liverpool Monterrey Sa De Cv,Monterrey,ND,ND,ND,ND,https://www.seccionamarilla.com.mx/resultados/tiendas-de-ropa/nuevo-leon/monterrey/1
Luis Cristian Males Potosi,Monterrey,ND,ND,ND,ND,https://www.seccionamarilla.com.mx/resultados/tiendas-de-ropa/nuevo-leon/monterrey/1
Las Novedades Guadalupe Sa De Cv,Monterrey,ND,ND,ND,ND,https://www.seccionamarilla.com.mx/resultados/tiendas-ropa/nuevo-leon/monterrey/2
Asturiano,Monterrey,ND,ND,ND,ND,https://www.seccionamarilla.com.mx/resultados/tiendas-ropa/nuevo-leon/monterrey/4
Bershka Galerias Valle Oriente,Monterrey,ND,ND,ND,ND,https://www.seccionamarilla.com.mx/resultados/tiendas-ropa/nuevo-leon/monterrey/4
Globy Gift,Monterrey,ND,ND,ND,ND,https://www.seccionamarilla.com.mx/resultados/tiendas-ropa/nuevo-leon/monterrey/4
Cia Mfra De Ropa Monrey,Monterrey,ND,sandraaa110@live.com,ND,ND,https://www.seccionamarilla.com.mx/resultados/tiendas-ropa/nuevo-leon/monterrey/4
Clase Ropa Formal,Monterrey,ND,sandraaa110@live.com,ND,ND,https://www.seccionamarilla.com.mx/resultados/tiendas-ropa/nuevo-leon/monterrey/4
Dist De Ropa Marcos Tueme,Monterrey,ND,sandraaa110@live.com,ND,ND,https://www.seccionamarilla.com.mx/resultados/tiendas-ropa/nuevo-leon/monterrey/4
Elegance Vestidos Y Accesorios,Monterrey,ND,ND,ND,ND,https://www.seccionamarilla.com.mx/resultados/tiendas-ropa/nuevo-leon/monterrey/4
Tiendas Alka,Monterrey,ND,ND,ND,ND,https://www.seccionamarilla.com.mx/resultados/tiendas-ropa/nuevo-leon/monterrey/4
Tiendas Alka Sa De Cv,Monterrey,ND,ND,ND,ND,https://www.seccionamarilla.com.mx/resultados/tiendas-ropa/nuevo-leon/monterrey/4
Termos.Com.Mx,Monterrey,ND,ND,ND,ND,https://www.seccionamarilla.com.mx/resultados/tiendas-ropa/nuevo-leon/monterrey/4
Tienda De Descuento El Cercado,Monterrey,ND,ND,ND,ND,https://www.seccionamarilla.com.mx/resultados/tiendas-ropa/nuevo-leon/monterrey/5
Fercointex,Pesquería,ND,ND,ND,ND,https://www.allbiz.mx/fercointex-81-1740-3647
Boutique Dk,General Bravo,ND,ND,ND,ND,https://mexicoo.mx/empresas/nuevo-leon/general-bravo/page/2
Ropa De Segunda,Cadereyta Jiménez,8282841258,ND,ND,ND,https://mxfirmas.com/NLE-Cadereyta-Jimenez/Tiendas-de-ropa
Venta De Ropa De Dama,Cadereyta Jiménez,8281018513,ND,ND,ND,https://mxfirmas.com/NLE-Cadereyta-Jimenez/Tiendas-de-ropa
Venta De Ropa De Segunda,Cadereyta Jiménez,ND,ND,ND,ND,https://mxfirmas.com/NLE-Cadereyta-Jimenez/Tiendas-de-ropa
Venta De Ropa Usada,Cadereyta Jiménez,ND,ND,ND,ND,https://mxfirmas.com/NLE-Cadereyta-Jimenez/Tiendas-de-ropa
Flores Perales Rosaura,San Pedro Garza García,ND,ND,ND,ND,https://www.seccionamarilla.com.mx/resultados/tiendas-ropa/nuevo-leon/monterrey/2
Mario Alejandro Vargas Juarez,Monterrey,ND,ND,ND,ND,https://www.seccionamarilla.com.mx/resultados/tiendas-ropa/nuevo-leon/monterrey/2
Medica Victoria Sa De Cv,Monterrey,ND,ND,ND,ND,https://www.seccionamarilla.com.mx/resultados/tiendas-ropa/nuevo-leon/monterrey/2
Mershka Mexico,Monterrey,ND,ND,ND,ND,https://www.seccionamarilla.com.mx/resultados/tiendas-ropa/nuevo-leon/monterrey/2
Rodriguez Moreno Cesar,Monterrey,ND,ND,ND,ND,https://www.seccionamarilla.com.mx/resultados/tiendas-ropa/nuevo-leon/monterrey/2
Rodriguez Narvaez Ofelia,Monterrey,ND,ND,ND,ND,https://www.seccionamarilla.com.mx/resultados/tiendas-ropa/nuevo-leon/monterrey/2
Servs Liverpool,Monterrey,ND,ND,ND,ND,https://www.seccionamarilla.com.mx/resultados/tiendas-ropa/nuevo-leon/monterrey/2
Silva Montaño Laura,Monterrey,ND,ND,ND,ND,https://www.seccionamarilla.com.mx/resultados/tiendas-ropa/nuevo-leon/monterrey/2
Las Novedades Guadalupe Sa De Cv,Guadalupe,ND,ND,ND,ND,https://www.seccionamarilla.com.mx/resultados/tiendas-ropa/nuevo-leon/monterrey/2
Pro Desarrollo Integral La Escondida,Guadalupe,ND,ND,ND,ND,https://www.seccionamarilla.com.mx/resultados/tiendas-ropa/nuevo-leon/monterrey/2
Tiendas Cuprum,Guadalupe,ND,ND,ND,ND,https://www.seccionamarilla.com.mx/resultados/tiendas-ropa/nuevo-leon/monterrey/2
Sears,San Nicolás De Los Garza,ND,ND,ND,ND,https://www.seccionamarilla.com.mx/resultados/tiendas-ropa/nuevo-leon/monterrey/2
Senbis,Santa Catarina,ND,ND,ND,ND,https://www.seccionamarilla.com.mx/resultados/tiendas-ropa/nuevo-leon/monterrey/2
Fabrica De Ropa La Moderna,Monterrey,ND,sandraaa110@live.com,ND,ND,https://www.seccionamarilla.com.mx/resultados/tiendas-ropa/nuevo-leon/monterrey/4
Mi Vestido,Monterrey,ND,ND,ND,ND,https://www.seccionamarilla.com.mx/resultados/tiendas-ropa/nuevo-leon/monterrey/4
Oper De Trajes,Monterrey,ND,ND,ND,ND,https://www.seccionamarilla.com.mx/resultados/tiendas-ropa/nuevo-leon/monterrey/4
Paca Y Ropa Americana Mg,Monterrey,ND,sandraaa110@live.com,ND,ND,https://www.seccionamarilla.com.mx/resultados/tiendas-ropa/nuevo-leon/monterrey/4
Ropa De Aguascalientes Sa De Cv,Monterrey,ND,sandraaa110@live.com,ND,ND,https://www.seccionamarilla.com.mx/resultados/tiendas-ropa/nuevo-leon/monterrey/4
Tiendas Hexa,Monterrey,ND,ND,ND,ND,https://www.seccionamarilla.com.mx/resultados/tiendas-ropa/nuevo-leon/monterrey/5
Tiendas Hexa Sa De Cv,Monterrey,ND,ND,ND,ND,https://www.seccionamarilla.com.mx/resultados/tiendas-ropa/nuevo-leon/monterrey/5
Tiendas La Soriana,Monterrey,ND,ND,ND,ND,https://www.seccionamarilla.com.mx/resultados/tiendas-ropa/nuevo-leon/monterrey/5
Tiendas Soriana,Monterrey,ND,ND,ND,ND,https://www.seccionamarilla.com.mx/resultados/tiendas-ropa/nuevo-leon/monterrey/5
Alejandro Morales Salazar,Santiago,ND,ND,ND,ND,https://www.seccionamarilla.com.mx/resultados/tienda-de-ropa/nuevo-leon/monterrey/1
Best Buy San Pedro,San Pedro Garza García,ND,ND,ND,ND,https://www.seccionamarilla.com.mx/resultados/tienda-de-ropa/nuevo-leon/monterrey/1
Bershka Mex,Monterrey,ND,ND,ND,ND,https://www.seccionamarilla.com.mx/resultados/tienda-de-ropa/nuevo-leon/monterrey/1
Bershka Mexico,Monterrey,ND,ND,ND,ND,https://www.seccionamarilla.com.mx/resultados/tienda-de-ropa/nuevo-leon/monterrey/1
Citadel,Monterrey,ND,ND,ND,ND,https://www.seccionamarilla.com.mx/resultados/tienda-de-ropa/nuevo-leon/monterrey/1
Constructora HFC,Apodaca,ND,ND,ND,ND,https://www.seccionamarilla.com.mx/resultados/tienda-de-ropa/nuevo-leon/monterrey/1
Coppel,Monterrey,ND,ND,ND,ND,https://www.seccionamarilla.com.mx/resultados/tienda-de-ropa/nuevo-leon/monterrey/1
Tienda De Descuento El Cercado,Santiago,ND,ND,ND,ND,https://www.seccionamarilla.com.mx/resultados/tiendas-ropa/nuevo-leon/monterrey/5
Maryelena Venta y Renta de Vestidos de Novias y Quinceaneras,Allende,ND,ND,ND,ND,https://mxfirmas.com/NLE-Allende/Tiendas-para-novias
Novedades Princess,Allende,ND,ND,ND,ND,https://mxfirmas.com/NLE-Allende/Tiendas-para-novias
Ropa y Regalos Eva,Allende,8262685111,ND,ND,ND,https://mxfirmas.com/NLE-Allende/Tiendas-para-novias
Moda Club Ropa de Moda,Monterrey,8183475323,ND,ND,ND,https://mxfirmas.com/NLE-Monterrey/Ropas
Carter's / OshKosh Monterrey,Monterrey,8183350894,ND,ND,ND,https://mxfirmas.com/NLE-Monterrey/Ropas
Tienda Piñatas Ropa Y Regalos,Monterrey,8183475323,ND,ND,ND,https://mxfirmas.com/NLE-Monterrey/Ropas
Mirabell Compostura de Ropa,Monterrey,8183475323,ND,ND,ND,https://mxfirmas.com/NLE-Monterrey/Ropas
Nezfit - Ropa Deportiva Para Dama,Monterrey,8183475323,ND,ND,ND,https://mxfirmas.com/NLE-Monterrey/Ropas
Zonafutbolera.Com-Ropa Deportiva,Monterrey,8110952122,ND,ND,ND,https://mxfirmas.com/NLE-Monterrey/Ropas
"Fabricacion de Ropa Infantil, S.A. de C.V.",Monterrey,8183475323,ND,ND,ND,https://mxfirmas.com/NLE-Monterrey/Ropas
Ropa Niña,Monterrey,8183475323,ND,ND,ND,https://mxfirmas.com/NLE-Monterrey/Ropas
Ropa Y Calzado Jr,Monterrey,8183475323,ND,ND,ND,https://mxfirmas.com/NLE-Monterrey/Ropas
Uniformes la Estrella-Ropa Institucional,Monterrey,ND,ND,ND,ND,https://mxfirmas.com/NLE-Monterrey/Ropas
Boutique Los Candiles,Monterrey,ND,ND,ND,ND,https://mxfirmas.com/NLE-Monterrey/Tiendas-de-ropa-formal
Venta De Ropa Y Accesorios Usados Y Nuevos,Guadalupe,8183778178,ND,ND,ND,https://mxfirmas.com/NLE-Guadalupe/Ropas
Venta De Ropa De Segunda,Guadalupe,8182404115,ND,ND,ND,https://mxfirmas.com/NLE-Guadalupe/Ropas
Bazar De Ropa Y Zapatos Y Snack Sin Nombre,Guadalupe,8183778178,ND,ND,ND,https://mxfirmas.com/NLE-Guadalupe/Ropas
Fabricación De Ropa Sin Nombre,Guadalupe,8183778178,ND,ND,ND,https://mxfirmas.com/NLE-Guadalupe/Ropas
Ropa Usada y Merceria,Guadalupe,8183778178,ND,ND,ND,https://mxfirmas.com/NLE-Guadalupe/Ropas
Venta De Ropa Para Niño Y Niña Sin Nombre,Guadalupe,ND,ND,ND,ND,https://mxfirmas.com/NLE-Guadalupe/Ropas
Ropa De Niño Y Cortinas Sin Nombre,Guadalupe,8183778178,ND,ND,ND,https://mxfirmas.com/NLE-Guadalupe/Ropas
Taller Compostura De Ropa,Guadalupe,8183778178,ND,ND,ND,https://mxfirmas.com/NLE-Guadalupe/Ropas
Venta De Ropa Calzado Bolsas Para Dama Usado Sin Nombre,Guadalupe,ND,ND,ND,ND,https://mxfirmas.com/NLE-Guadalupe/Ropas
Composturas De Ropa,Guadalupe,8183778178,ND,ND,ND,https://mxfirmas.com/NLE-Guadalupe/Ropas
Venta De Ropa Calzado Y Aparatos Usados Sin Nombre,Guadalupe,ND,ND,ND,ND,https://mxfirmas.com/NLE-Guadalupe/Ropas
Venta De Ropa Y Zapatos Sin Nombre,Guadalupe,ND,ND,ND,ND,https://mxfirmas.com/NLE-Guadalupe/Ropas
Tienda De Ropa Abril 9,Guadalupe,8183778178,ND,ND,ND,https://mxfirmas.com/NLE-Guadalupe/Ropas
Tienda De Ropa Y Nocedades,Guadalupe,8183778178,ND,ND,ND,https://mxfirmas.com/NLE-Guadalupe/Ropas
Clase V.I.P. Ropa Formal,San Nicolás De Los Garza,8181055252,ND,ND,ND,https://mxfirmas.com/NLE-San-Nicolas-de-los-Garza/Ropas
Ropa en Tallas Extras Ropa para Gorditos,San Nicolás De Los Garza,8181055252,ND,ND,ND,https://mxfirmas.com/NLE-San-Nicolas-de-los-Garza/Ropas
Outlet de Ropa San Carlos,San Nicolás De Los Garza,8181055252,ND,ND,ND,https://mxfirmas.com/NLE-San-Nicolas-de-los-Garza/Ropas
Ropa Y Regalos Sin Nombre,San Nicolás De Los Garza,8181055252,ND,ND,ND,https://mxfirmas.com/NLE-San-Nicolas-de-los-Garza/Ropas
Bazar ropa y muebles,San Nicolás De Los Garza,8181055252,ND,ND,ND,https://mxfirmas.com/NLE-San-Nicolas-de-los-Garza/Ropas
Bazar Ropa Usda,San Nicolás De Los Garza,8181055252,ND,ND,ND,https://mxfirmas.com/NLE-San-Nicolas-de-los-Garza/Ropas
Ropa y Novedades Mixi,San Nicolás De Los Garza,8181055252,ND,ND,ND,https://mxfirmas.com/NLE-San-Nicolas-de-los-Garza/Ropas
Compostura De Ropa,San Nicolás De Los Garza,8181055252,ND,ND,ND,https://mxfirmas.com/NLE-San-Nicolas-de-los-Garza/Ropas
Manufactura De Ropa,San Nicolás De Los Garza,8181055252,ND,ND,ND,https://mxfirmas.com/NLE-San-Nicolas-de-los-Garza/Ropas
Ropa Deportiva Saqui Spa Plus,San Nicolás De Los Garza,8181055252,ND,ND,ND,https://mxfirmas.com/NLE-San-Nicolas-de-los-Garza/Ropas
Bazar De Ropa Usada Y Peluches,San Nicolás De Los Garza,8181055252,ND,ND,ND,https://mxfirmas.com/NLE-San-Nicolas-de-los-Garza/Ropas
Ropa Artesanal Soriana,San Nicolás De Los Garza,8181055252,ND,ND,ND,https://mxfirmas.com/NLE-San-Nicolas-de-los-Garza/Ropas
Costuras De Ropa,San Nicolás De Los Garza,8181055252,ND,ND,ND,https://mxfirmas.com/NLE-San-Nicolas-de-los-Garza/Ropas
Ropa Deportiva Sin Nombre,García,8120819119,ND,ND,ND,https://mxfirmas.com/NLE-Garcia/Ropas
Fabricación De Ropa Exterior De Tejido De Punto,García,8120819119,ND,ND,ND,https://mxfirmas.com/NLE-Garcia/Ropas
Productos Industriales Rg-Ropa Industrial,García,8120819119,ND,ND,ND,https://mxfirmas.com/NLE-Garcia/Ropas
Articulo Y Ropa Yami,García,8120819119,ND,ND,ND,https://mxfirmas.com/NLE-Garcia/Ropas
Welcome Venta De Ropa Deportiva,García,ND,ND,ND,ND,https://mxfirmas.com/NLE-Garcia/Ropas
Venta De Ropa Infantil Sin Nombre,García,ND,ND,ND,ND,https://mxfirmas.com/NLE-Garcia/Ropas
Bazar De Ropa,García,8120819119,ND,ND,ND,https://mxfirmas.com/NLE-Garcia/Ropas
Bazar De Ropa Usada Sin Nombre,García,8120819119,ND,ND,ND,https://mxfirmas.com/NLE-Garcia/Ropas
Tienda De Ropa Para Caballero Sin Nombre,Apodaca,8681970028,ND,ND,ND,https://mxfirmas.com/NLE-Ciudad-Apodaca/Ropas
Ropa Regalos Y Novedades Telma,Apodaca,8681970028,ND,ND,ND,https://mxfirmas.com/NLE-Ciudad-Apodaca/Ropas
Ropa Y Regalos Samantha,Apodaca,8681970028,ND,ND,ND,https://mxfirmas.com/NLE-Ciudad-Apodaca/Ropas
Ropa Casual Raquel,Apodaca,ND,ND,ND,ND,https://mxfirmas.com/NLE-Ciudad-Apodaca/Ropas
Ropa Y Novedades Sin Nombre,Apodaca,8681970028,ND,ND,ND,https://mxfirmas.com/NLE-Ciudad-Apodaca/Ropas
Venta De Ropa De Segunda,Apodaca,ND,ND,ND,ND,https://mxfirmas.com/NLE-Ciudad-Apodaca/Ropas
Cecati No. 192 Confección Industrial de Ropa,Apodaca,8681970028,ND,ND,ND,https://mxfirmas.com/NLE-Ciudad-Apodaca/Ropas
Ropa Doña Chely,Apodaca,8681970028,ND,ND,ND,https://mxfirmas.com/NLE-Ciudad-Apodaca/Ropas
Frederick Venta De Fajas Y Ropa Interior,Apodaca,8681970028,ND,ND,ND,https://mxfirmas.com/NLE-Ciudad-Apodaca/Ropas
Ropa Y Accesorios Sin Nombre,Apodaca,8681970028,ND,ND,ND,https://mxfirmas.com/NLE-Ciudad-Apodaca/Ropas
Ropa De Venta Usada,Apodaca,ND,ND,ND,ND,https://mxfirmas.com/NLE-Ciudad-Apodaca/Ropas
Reparación De Calzado Y Compostura De Ropa Las Palmas,Apodaca,8681970028,ND,ND,ND,https://mxfirmas.com/NLE-Ciudad-Apodaca/Ropas
Ropa Y Juguetes Piltzintli,Apodaca,8681970028,ND,ND,ND,https://mxfirmas.com/NLE-Ciudad-Apodaca/Ropas
Ropa Y Novedades,Apodaca,8681970028,ND,ND,ND,https://mxfirmas.com/NLE-Ciudad-Apodaca/Ropas
Ropa Y Regalos Pamela,Apodaca,8681970028,ND,ND,ND,https://mxfirmas.com/NLE-Ciudad-Apodaca/Ropas
Ropa Metalica,Apodaca,8681970028,ND,ND,ND,https://mxfirmas.com/NLE-Ciudad-Apodaca/Ropas
Maquinas Y Confecciones Jazmin,Cadereyta Jiménez,ND,ND,ND,ND,https://mxfirmas.com/NLE-Cadereyta-Jimenez/Ropa
"Luis Manuel Avila Valleavila Textiles Internacionales, S.A. de C.V.",Cadereyta Jiménez,ND,ND,ND,ND,https://mxfirmas.com/NLE-Cadereyta-Jimenez/Ropa
"Gamez Leal, María Alejandra",Cadereyta Jiménez,ND,ND,ND,ND,https://mxfirmas.com/NLE-Cadereyta-Jimenez/Ropa
Sastreria Maria Emma,Cadereyta Jiménez,ND,ND,ND,ND,https://mxfirmas.com/NLE-Cadereyta-Jimenez/Ropa
"Fritzi Moda, S.A. de C.V.",Cadereyta Jiménez,ND,ND,ND,ND,https://mxfirmas.com/NLE-Cadereyta-Jimenez/Ropa
Modista Costurera En General,Cadereyta Jiménez,ND,ND,ND,ND,https://mxfirmas.com/NLE-Cadereyta-Jimenez/Ropa
Acrideas Modernas,Cadereyta Jiménez,ND,ND,ND,ND,https://mxfirmas.com/NLE-Cadereyta-Jimenez/Ropa
Mercería Y Manualidades Cristy,Cadereyta Jiménez,ND,ND,ND,ND,https://mxfirmas.com/NLE-Cadereyta-Jimenez/Ropa
Confección De Costales,Cadereyta Jiménez,ND,ND,ND,ND,https://mxfirmas.com/NLE-Cadereyta-Jimenez/Ropa
Cidi Ventas Por Catalogo,Cadereyta Jiménez,ND,ND,ND,ND,https://mxfirmas.com/NLE-Cadereyta-Jimenez/Ropa
"Por Distinción, S.A. de C.V.",Cadereyta Jiménez,ND,ND,ND,ND,https://mxfirmas.com/NLE-Cadereyta-Jimenez/Tiendas-de-ropa-para-hombres
D'ANGELO,Cadereyta Jiménez,ND,ND,ND,ND,https://mxfirmas.com/NLE-Cadereyta-Jimenez/Tiendas-de-ropa-para-hombres
Famsa Cadereyta,Cadereyta Jiménez,ND,ND,ND,ND,https://mxfirmas.com/NLE-Cadereyta-Jimenez/Tiendas-de-ropa-para-hombres
López Boots,Cadereyta Jiménez,ND,ND,ND,ND,https://mxfirmas.com/NLE-Cadereyta-Jimenez/Tiendas-de-ropa-para-hombres
"Manufacturera de Salinas, S.A. de C.V.",Salinas Victoria,8182370007,ND,ND,ND,https://mxfirmas.com/NLE-Salinas-Victoria/Ropa
Tienda De Ropa La Estrellita,Salinas Victoria,8182370007,ND,ND,ND,https://mxfirmas.com/NLE-Salinas-Victoria/Ropa
Ropa De Dama,General Escobedo,8112056075,ND,ND,ND,https://mxfirmas.com/NLE-General-Escobedo/Ropas
Ropa Y Novedades La Nueva Esperanza,General Escobedo,8112056075,ND,ND,ND,https://mxfirmas.com/NLE-General-Escobedo/Ropas
Ropa Y Calzado Para Toda La Familia,General Escobedo,8112056075,ND,ND,ND,https://mxfirmas.com/NLE-General-Escobedo/Ropas
Puesto Artesania Ropa Y Accesorios,General Escobedo,8112056075,ND,ND,ND,https://mxfirmas.com/NLE-General-Escobedo/Ropas
Composturas De Ropa,General Escobedo,8112056075,ND,ND,ND,https://mxfirmas.com/NLE-General-Escobedo/Ropas
Bazar De Ropa,General Escobedo,8112056075,ND,ND,ND,https://mxfirmas.com/NLE-General-Escobedo/Ropas
Compostura Ropa,General Escobedo,8112056075,ND,ND,ND,https://mxfirmas.com/NLE-General-Escobedo/Ropas
Papelería Y Ropa Usada,General Escobedo,8112056075,ND,ND,ND,https://mxfirmas.com/NLE-General-Escobedo/Ropas
Deportes Martí,San Nicolás De Los Garza,ND,ND,ND,ND,https://mxfirmas.com/NLE-San-Nicolas-de-los-Garza/Tiendas-de-ropa-para-hombres
Aldo Conti,San Nicolás De Los Garza,ND,ND,ND,ND,https://mxfirmas.com/NLE-San-Nicolas-de-los-Garza/Tiendas-de-ropa-para-hombres
Ilusión San Nicolas De Los Garza,San Nicolás De Los Garza,8180571476,ND,ND,ND,https://mxfirmas.com/NLE-San-Nicolas-de-los-Garza/Tiendas-de-ropa-de-mujer
"Lavoro Jeans, S.A. de C.V.",San Nicolás De Los Garza,8183005230,ND,ND,ND,https://mxfirmas.com/NLE-San-Nicolas-de-los-Garza/Tiendas-de-ropa-de-mujer
Frederick,San Nicolás De Los Garza,8112470667,ND,ND,ND,https://mxfirmas.com/NLE-San-Nicolas-de-los-Garza/Tiendas-de-ropa-de-mujer
Muzza,San Nicolás De Los Garza,8115000776,ND,ND,ND,https://mxfirmas.com/NLE-San-Nicolas-de-los-Garza/Tiendas-de-ropa-de-mujer
"Ab Boutique, S.A. de C.V.",San Nicolás De Los Garza,8183005230,ND,ND,ND,https://mxfirmas.com/NLE-San-Nicolas-de-los-Garza/Tiendas-de-ropa-de-mujer
"vicky form, s.a. de c.v. - Cárdenas",San Nicolás De Los Garza,ND,ND,ND,ND,https://mxfirmas.com/NLE-San-Nicolas-de-los-Garza/Tiendas-de-ropa-de-mujer
"Tienda de Ropa la Argentina de Monterrey, S.A. de C.V.",Monterrey,8118784420,ND,ND,ND,https://mxfirmas.com/NLE-Monterrey/Tiendas-de-ropa
Tienda De Ropa Infantil Pekes,Monterrey,8118784420,ND,ND,ND,https://mxfirmas.com/NLE-Monterrey/Tiendas-de-ropa
Tienda De Ropa Jollpat,Monterrey,8118784420,ND,ND,ND,https://mxfirmas.com/NLE-Monterrey/Tiendas-de-ropa
Tienda De Ropa Local A,Monterrey,8118784420,ND,ND,ND,https://mxfirmas.com/NLE-Monterrey/Tiendas-de-ropa
Tienda De Ropa Deportiva Sin Nombre,Monterrey,8118784420,ND,ND,ND,https://mxfirmas.com/NLE-Monterrey/Tiendas-de-ropa
Tienda De Ropa Y Accesorios,Monterrey,8118784420,ND,ND,ND,https://mxfirmas.com/NLE-Monterrey/Tiendas-de-ropa
Tienda De Ropa De Niño Dios O Típica,Monterrey,8118784420,ND,ND,ND,https://mxfirmas.com/NLE-Monterrey/Tiendas-de-ropa
Tienda De Ropa Se7ven,Monterrey,8118784420,ND,ND,ND,https://mxfirmas.com/NLE-Monterrey/Tiendas-de-ropa
Tienda De Ropa La Campeona,Monterrey,8118784420,ND,ND,ND,https://mxfirmas.com/NLE-Monterrey/Tiendas-de-ropa
Tienda De Ropa´Rubios,Monterrey,8118784420,ND,ND,ND,https://mxfirmas.com/NLE-Monterrey/Tiendas-de-ropa
Tienda De Ropa Nueva Juny,Monterrey,8118784420,ND,ND,ND,https://mxfirmas.com/NLE-Monterrey/Tiendas-de-ropa
Mi Angel Ropa De Niños,General Escobedo,8183070478,ND,ND,ND,https://mxfirmas.com/NLE-General-Escobedo/Tiendas-de-ropa-para-ninos
Tienda de ropa la central,Montemorelos,8262630900,ND,ND,ND,https://mxfirmas.com/NLE-Montemorelos/Ropas
Ropa Para Dama Y Caballero Sin Nombre,Montemorelos,8262630900,ND,ND,ND,https://mxfirmas.com/NLE-Montemorelos/Ropas
Venta De Ropa Usada,Montemorelos,8261042389,ND,ND,ND,https://mxfirmas.com/NLE-Montemorelos/Ropas
Novedades Bedolla,Montemorelos,8262632746,ND,ND,ND,https://mxfirmas.com/NLE-Montemorelos/Ropas
"DE LA GARZA FERNANDEZ, IRMA ADRIANA",Montemorelos,8262673487,ND,ND,ND,https://mxfirmas.com/NLE-Montemorelos/Ropas
Salas Sepulveda Maria Enedelia,Montemorelos,8261031468,ND,ND,ND,https://mxfirmas.com/NLE-Montemorelos/Ropas
La Plazita 806,Montemorelos,8262633315,ND,ND,ND,https://mxfirmas.com/NLE-Montemorelos/Ropas
Manufactura De Prendas De Exportacion Sa De Cv,Montemorelos,8262633824,ND,ND,ND,https://mxfirmas.com/NLE-Montemorelos/Ropas
Laura Elena Ramos Castanon,Montemorelos,8262634056,ND,ND,ND,https://mxfirmas.com/NLE-Montemorelos/Ropas
Ayala Tamez Norma,Montemorelos,8262673487,ND,ND,ND,https://mxfirmas.com/NLE-Montemorelos/Ropas
Montalvo Lorenzo Jose Luis,Montemorelos,8261054020,ND,ND,ND,https://mxfirmas.com/NLE-Montemorelos/Ropas
Bordados De Camisetas,Montemorelos,ND,ND,ND,ND,https://mxfirmas.com/NLE-Montemorelos/Ropas
Venta De Ropa De Segunda,Montemorelos,ND,ND,ND,ND,https://mxfirmas.com/NLE-Montemorelos/Ropas
Ropa De Bebe Sin Nombre,Montemorelos,8262630900,ND,ND,ND,https://mxfirmas.com/NLE-Montemorelos/Ropas
Brayan Ropa Y Accesorios,Montemorelos,8262630900,ND,ND,ND,https://mxfirmas.com/NLE-Montemorelos/Ropas
Zapatito Tienda De Ropa De Bebe Y Zapatos,Montemorelos,ND,ND,ND,ND,https://mxfirmas.com/NLE-Montemorelos/Ropas
Tienda De Ropa Usada,Montemorelos,8262630900,ND,ND,ND,https://mxfirmas.com/NLE-Montemorelos/Ropas
Trajes El Buen Vestir,Montemorelos,ND,ND,ND,ND,https://mxfirmas.com/NLE-Montemorelos/Ropas
"BERLANGA BERLANGA, VERONICA ELIZABETH",Montemorelos,ND,ND,ND,ND,https://mxfirmas.com/NLE-Montemorelos/Ropas
Monchis SA de CV,Montemorelos,ND,ND,ND,ND,https://mxfirmas.com/NLE-Montemorelos/Ropa
Green Kiwi Casual Wear,Montemorelos,ND,ND,ND,ND,https://mxfirmas.com/NLE-Montemorelos/Ropa
Maquilas Mg,Montemorelos,ND,ND,ND,ND,https://mxfirmas.com/NLE-Montemorelos/Ropa
JESUS BALLESTEROS IBARRA,Montemorelos,ND,ND,ND,ND,https://mxfirmas.com/NLE-Montemorelos/Ropa
"Vargas Vargas, José Guillermo",Montemorelos,ND,ND,ND,ND,https://mxfirmas.com/NLE-Montemorelos/Ropa
"RODRIGUEZ GONZALEZ, RAUL",Montemorelos,ND,ND,ND,ND,https://mxfirmas.com/NLE-Montemorelos/Ropa
MARIANA BOUTIQUE,Montemorelos,ND,ND,ND,ND,https://mxfirmas.com/NLE-Montemorelos/Ropa
Casa De Novias Mi Ilusión,Montemorelos,ND,ND,ND,ND,https://mxfirmas.com/NLE-Montemorelos/Ropa
Taller De Costura,Montemorelos,ND,ND,ND,ND,https://mxfirmas.com/NLE-Montemorelos/Ropa
Costura Carmela,Montemorelos,ND,ND,ND,ND,https://mxfirmas.com/NLE-Montemorelos/Ropa
The Goodies Store,San Pedro Garza García,8181922114,ND,ND,ND,https://mxfirmas.com/NLE-San-Pedro-Garza-Garcia/Ropas
Chic Petit,San Pedro Garza García,8183564657,ND,ND,ND,https://mxfirmas.com/NLE-San-Pedro-Garza-Garcia/Ropas
Tienda De Ropa Juvenil,San Pedro Garza García,8119686140,ND,ND,ND,https://mxfirmas.com/NLE-San-Pedro-Garza-Garcia/Ropas
Nice Kids ®,San Pedro Garza García,8182447900,ND,ND,ND,https://mxfirmas.com/NLE-San-Pedro-Garza-Garcia/Ropas
Heel Quik Reparación De Calzado Y Compostura De Ropa,San Pedro Garza García,8119686140,ND,ND,ND,https://mxfirmas.com/NLE-San-Pedro-Garza-Garcia/Ropas
Bazar De Ropa,San Pedro Garza García,8119686140,ND,ND,ND,https://mxfirmas.com/NLE-San-Pedro-Garza-Garcia/Ropas
Venta De Ropa Sig Sag,San Pedro Garza García,8116440996,ND,ND,ND,https://mxfirmas.com/NLE-San-Pedro-Garza-Garcia/Ropas
Dw Sport Sa De Cv,San Pedro Garza García,ND,ND,ND,ND,https://mxfirmas.com/NLE-San-Pedro-Garza-Garcia/Ropa
Trevi Bordados Exclusivos,San Pedro Garza García,ND,ND,ND,ND,https://mxfirmas.com/NLE-San-Pedro-Garza-Garcia/Ropa
Basics And Shirts Sa De Cv,San Pedro Garza García,ND,ND,ND,ND,https://mxfirmas.com/NLE-San-Pedro-Garza-Garcia/Ropa
Peperino Sa De Cv,San Pedro Garza García,ND,ND,ND,ND,https://mxfirmas.com/NLE-San-Pedro-Garza-Garcia/Ropa
Lemon Cron,San Pedro Garza García,ND,ND,ND,ND,https://mxfirmas.com/NLE-San-Pedro-Garza-Garcia/Ropa
Cheny Blosom,San Pedro Garza García,ND,ND,ND,ND,https://mxfirmas.com/NLE-San-Pedro-Garza-Garcia/Ropa
Rovitex,San Pedro Garza García,ND,ND,ND,ND,https://mxfirmas.com/NLE-San-Pedro-Garza-Garcia/Ropa
Compass Consultores Sc,San Pedro Garza García,ND,ND,ND,ND,https://mxfirmas.com/NLE-San-Pedro-Garza-Garcia/Ropa
Coly Boutiqe,San Pedro Garza García,ND,ND,ND,ND,https://mxfirmas.com/NLE-San-Pedro-Garza-Garcia/Ropa
Minervas Boutique,San Pedro Garza García,ND,ND,ND,ND,https://mxfirmas.com/NLE-San-Pedro-Garza-Garcia/Ropa
El Nuevo Mundo De Monterrey Sa,San Pedro Garza García,ND,ND,ND,ND,https://mxfirmas.com/NLE-San-Pedro-Garza-Garcia/Tiendas-de-ropa-para-hombres
Pronovia,San Pedro Garza García,ND,ND,ND,ND,https://mxfirmas.com/NLE-San-Pedro-Garza-Garcia/Tiendas-de-ropa-para-hombres
Ermenegildo Zegna,San Pedro Garza García,ND,ND,ND,ND,https://mxfirmas.com/NLE-San-Pedro-Garza-Garcia/Tiendas-de-ropa-para-hombres
Pineda Covalin,San Pedro Garza García,ND,ND,ND,ND,https://mxfirmas.com/NLE-San-Pedro-Garza-Garcia/Tiendas-de-ropa-para-hombres
Tiny People,San Pedro Garza García,ND,ND,ND,ND,https://mxfirmas.com/NLE-San-Pedro-Garza-Garcia/Tiendas-de-ropa-para-hombres
Caracteristico,San Pedro Garza García,ND,ND,ND,ND,https://mxfirmas.com/NLE-San-Pedro-Garza-Garcia/Tiendas-de-ropa-para-hombres
Louis Vuitton,San Pedro Garza García,ND,ND,ND,ND,https://mxfirmas.com/NLE-San-Pedro-Garza-Garcia/Tiendas-de-ropa-para-hombres
Steve Madden,San Pedro Garza García,ND,ND,ND,ND,https://mxfirmas.com/NLE-San-Pedro-Garza-Garcia/Tiendas-de-ropa-para-hombres
Maternity Inc,San Pedro Garza García,ND,ND,ND,ND,https://mxfirmas.com/NLE-San-Pedro-Garza-Garcia/Tiendas-de-ropa-para-hombres
El Palacio de Hierro,San Pedro Garza García,ND,ND,ND,ND,https://mxfirmas.com/NLE-San-Pedro-Garza-Garcia/Tiendas-de-ropa-para-hombres
Taf,San Pedro Garza García,ND,ND,ND,ND,https://mxfirmas.com/NLE-San-Pedro-Garza-Garcia/Tiendas-de-ropa-para-hombres
Creaciones y Confecciones-Uniformes,Guadalupe,ND,ND,ND,ND,https://mxfirmas.com/NLE-Guadalupe/Tiendas-de-uniformes
Intercorp Mexico,Guadalupe,ND,ND,ND,ND,https://mxfirmas.com/NLE-Guadalupe/Tiendas-de-uniformes
Bordados Arcoiris,Guadalupe,ND,ND,ND,ND,https://mxfirmas.com/NLE-Guadalupe/Tiendas-de-uniformes
Maquila De Uniformes Deportivos,Guadalupe,8183604471,ND,ND,ND,https://mxfirmas.com/NLE-Guadalupe/Tiendas-de-uniformes
Acermaz Fabricación De Uniformes Escolares,Guadalupe,ND,ND,ND,ND,https://mxfirmas.com/NLE-Guadalupe/Tiendas-de-uniformes
Uniformes Escolares,Guadalupe,ND,ND,ND,ND,https://mxfirmas.com/NLE-Guadalupe/Tiendas-de-uniformes
Costura,Guadalupe,ND,ND,ND,ND,https://mxfirmas.com/NLE-Guadalupe/Tiendas-de-uniformes
Taller De Costura Sin Nombre,Guadalupe,ND,ND,ND,ND,https://mxfirmas.com/NLE-Guadalupe/Tiendas-de-uniformes
Venta De Uniformes Escolares Cardenas,Guadalupe,ND,ND,ND,ND,https://mxfirmas.com/NLE-Guadalupe/Tiendas-de-uniformes
Uniformes y Mas,Guadalupe,ND,ND,ND,ND,https://mxfirmas.com/NLE-Guadalupe/Tiendas-de-uniformes
Uniformes Ejecutivos Isael,Guadalupe,ND,ND,ND,ND,https://mxfirmas.com/NLE-Guadalupe/Tiendas-de-uniformes
"D`Coleccion Uniformes, S.A. de C.V.",Guadalupe,ND,ND,ND,ND,https://mxfirmas.com/NLE-Guadalupe/Tiendas-de-uniformes
CIA MEXICANA DE UNIFORMES SECRETARIALES,Guadalupe,ND,ND,ND,ND,https://mxfirmas.com/NLE-Guadalupe/Tiendas-de-uniformes
Uniformes Ocañas,Guadalupe,ND,ND,ND,ND,https://mxfirmas.com/NLE-Guadalupe/Tiendas-de-uniformes
Ivan Uniformes,Guadalupe,ND,ND,ND,ND,https://mxfirmas.com/NLE-Guadalupe/Tiendas-de-uniformes
Uniformes Industriales Franco,Guadalupe,ND,ND,ND,ND,https://mxfirmas.com/NLE-Guadalupe/Tiendas-de-uniformes
Uniformes Regam,Guadalupe,ND,ND,ND,ND,https://mxfirmas.com/NLE-Guadalupe/Tiendas-de-uniformes
Grey Uniformes,Guadalupe,ND,ND,ND,ND,https://mxfirmas.com/NLE-Guadalupe/Tiendas-de-uniformes
Roolgar,Guadalupe,ND,ND,ND,ND,https://mxfirmas.com/NLE-Guadalupe/Tiendas-de-uniformes
Pubicidad Textil,Guadalupe,ND,ND,ND,ND,https://mxfirmas.com/NLE-Guadalupe/Tiendas-de-uniformes
Textiles Juárez,Guadalupe,ND,ND,ND,ND,https://mxfirmas.com/NLE-Guadalupe/Tiendas-de-uniformes
Confecciones y Maquilas D'mym,Guadalupe,ND,ND,ND,ND,https://mxfirmas.com/NLE-Guadalupe/Tiendas-de-uniformes
"Creaciones Elians, S.A. de C.V.",Guadalupe,ND,ND,ND,ND,https://mxfirmas.com/NLE-Guadalupe/Tiendas-de-uniformes
Uniformes Quirúrgicos,Guadalupe,ND,ND,ND,ND,https://mxfirmas.com/NLE-Guadalupe/Tiendas-de-uniformes
Casa Gomez,Guadalupe,ND,ND,ND,ND,https://mxfirmas.com/NLE-Guadalupe/Tiendas-de-uniformes
Total Chef,Monterrey,ND,ND,ND,ND,https://mxfirmas.com/NLE-Monterrey/Tiendas-de-uniformes
Uniformes De Calidad Sa De Cv,Monterrey,ND,ND,ND,ND,https://mxfirmas.com/NLE-Monterrey/Tiendas-de-uniformes
"Uniformes Empresariales, S.A. de C.V.",Monterrey,ND,ND,ND,ND,https://mxfirmas.com/NLE-Monterrey/Tiendas-de-uniformes
Juguel Uniformes,Monterrey,ND,ND,ND,ND,https://mxfirmas.com/NLE-Monterrey/Tiendas-de-uniformes
Uniformes La Providencia Sa De Cv,Monterrey,ND,ND,ND,ND,https://mxfirmas.com/NLE-Monterrey/Tiendas-de-uniformes
Uniformes de Tampico,Monterrey,ND,ND,ND,ND,https://mxfirmas.com/NLE-Monterrey/Tiendas-de-uniformes
Uniformes en Linea,Monterrey,ND,ND,ND,ND,https://mxfirmas.com/NLE-Monterrey/Tiendas-de-uniformes
Lumar Uniformes,Monterrey,ND,ND,ND,ND,https://mxfirmas.com/NLE-Monterrey/Tiendas-de-uniformes
Uniformes Y Equipos Industriales El Vigilante,Monterrey,ND,ND,ND,ND,https://mxfirmas.com/NLE-Monterrey/Tiendas-de-uniformes
Uniformes MTY,Monterrey,ND,ND,ND,ND,https://mxfirmas.com/NLE-Monterrey/Tiendas-de-uniformes
Anonimo Uniformes y Playeras,Monterrey,ND,ND,ND,ND,https://mxfirmas.com/NLE-Monterrey/Tiendas-de-uniformes
UNIFORMES SECRETARIALES RUTH MAR,Monterrey,ND,ND,ND,ND,https://mxfirmas.com/NLE-Monterrey/Tiendas-de-uniformes
Accesorios y Uniformes,Monterrey,ND,ND,ND,ND,https://mxfirmas.com/NLE-Monterrey/Tiendas-de-uniformes
Uniformes Lazzar Monterrey,Monterrey,ND,ND,ND,ND,https://mxfirmas.com/NLE-Monterrey/Tiendas-de-uniformes
Uniformes Mardan,Monterrey,ND,ND,ND,ND,https://mxfirmas.com/NLE-Monterrey/Tiendas-de-uniformes
CREATEX DE MONTERREY,Monterrey,ND,ND,ND,ND,https://mxfirmas.com/NLE-Monterrey/Tiendas-de-uniformes
Uniformes Industriales,Monterrey,ND,ND,ND,ND,https://mxfirmas.com/NLE-Monterrey/Tiendas-de-uniformes
10 Uniformes 11 Promociones S.A. De C.V.,Monterrey,ND,ND,ND,ND,https://mxfirmas.com/NLE-Monterrey/Tiendas-de-uniformes
UNITAM,Monterrey,ND,ND,ND,ND,https://mxfirmas.com/NLE-Monterrey/Tiendas-de-uniformes
Uniformes De La Salle,Monterrey,ND,ND,ND,ND,https://mxfirmas.com/NLE-Monterrey/Tiendas-de-uniformes
Uniformes Marcad,Monterrey,ND,ND,ND,ND,https://mxfirmas.com/NLE-Monterrey/Tiendas-de-uniformes
El Vigilante Uniformes,Monterrey,ND,ND,ND,ND,https://mxfirmas.com/NLE-Monterrey/Tiendas-de-uniformes
Uniformes en Monterrey | UNIFORMEXA,Monterrey,ND,ND,ND,ND,https://mxfirmas.com/NLE-Monterrey/Tiendas-de-uniformes
Sigue Uniformes,Monterrey,ND,ND,ND,ND,https://mxfirmas.com/NLE-Monterrey/Tiendas-de-uniformes
DISTRIBUIDORA MEDALLA GACELA SA DE CV,Monterrey,ND,ND,ND,ND,https://mxfirmas.com/NLE-Monterrey/Tiendas-de-uniformes
Ditmo,Monterrey,ND,ND,ND,ND,https://mxfirmas.com/NLE-Monterrey/Tiendas-de-uniformes
Uniformes Pimentelli,Monterrey,ND,ND,ND,ND,https://mxfirmas.com/NLE-Monterrey/Tiendas-de-uniformes
PREZENZA MONTERREY,Monterrey,ND,ND,ND,ND,https://mxfirmas.com/NLE-Monterrey/Tiendas-de-uniformes
GRAN SPORT,Monterrey,ND,ND,ND,ND,https://mxfirmas.com/NLE-Monterrey/Tiendas-de-uniformes
GRUPO MANTEX,Monterrey,ND,ND,ND,ND,https://mxfirmas.com/NLE-Monterrey/Tiendas-de-uniformes
Industrias Martell,Monterrey,ND,ND,ND,ND,https://mxfirmas.com/NLE-Monterrey/Tiendas-de-uniformes
Grupo Telva,Monterrey,ND,ND,ND,ND,https://mxfirmas.com/NLE-Monterrey/Tiendas-de-uniformes
"Valeria de México, S.A. de C.V.",Monterrey,ND,ND,ND,ND,https://mxfirmas.com/NLE-Monterrey/Tiendas-de-uniformes
Uniformes de Liz,Monterrey,ND,ND,ND,ND,https://mxfirmas.com/NLE-Monterrey/Tiendas-de-uniformes
Uniformes Secretariales,Monterrey,ND,ND,ND,ND,https://mxfirmas.com/NLE-Monterrey/Tiendas-de-uniformes
Uniformes Escolares Mexicanos,Monterrey,ND,ND,ND,ND,https://mxfirmas.com/NLE-Monterrey/Tiendas-de-uniformes
Uniformes Imagen Hospitalaria,Monterrey,ND,ND,ND,ND,https://mxfirmas.com/NLE-Monterrey/Tiendas-de-uniformes
Uniformes Starmoda,Monterrey,ND,ND,ND,ND,https://mxfirmas.com/NLE-Monterrey/Tiendas-de-uniformes
Uniformes Secretariales Magdaniel,Monterrey,ND,ND,ND,ND,https://mxfirmas.com/NLE-Monterrey/Tiendas-de-uniformes
Confección En Serie De Uniformes,Monterrey,ND,ND,ND,ND,https://mxfirmas.com/NLE-Monterrey/Tiendas-de-uniformes
UNIFORMES DOMESTICOS NONIS,San Pedro Garza García,ND,ND,ND,ND,https://mxfirmas.com/NLE-San-Pedro-Garza-Garcia/Tiendas-de-armas
Fast Tailor,San Pedro Garza García,ND,ND,ND,ND,https://mxfirmas.com/NLE-San-Pedro-Garza-Garcia/Tiendas-de-armas
Sastreria Jose Antonio,San Pedro Garza García,ND,ND,ND,ND,https://mxfirmas.com/NLE-San-Pedro-Garza-Garcia/Tiendas-de-armas
Sastrería La Pasadita,San Pedro Garza García,ND,ND,ND,ND,https://mxfirmas.com/NLE-San-Pedro-Garza-Garcia/Tiendas-de-armas
Sastreria Rivera,San Pedro Garza García,ND,ND,ND,ND,https://mxfirmas.com/NLE-San-Pedro-Garza-Garcia/Tiendas-de-armas
ALM A la Medida Compostura de Ropa Express,San Pedro Garza García,8181920361,ND,ND,ND,https://mxfirmas.com/NLE-San-Pedro-Garza-Garcia/Tiendas-de-armas
Sastreria Dujar,San Pedro Garza García,ND,ND,ND,ND,https://mxfirmas.com/NLE-San-Pedro-Garza-Garcia/Tiendas-de-armas
Deportes Vinicio Garcia,San Nicolás De Los Garza,ND,ND,ND,ND,https://mxfirmas.com/NLE-San-Nicolas-de-los-Garza/Tiendas-de-uniformes
Sublimados Economicos,San Nicolás De Los Garza,ND,ND,ND,ND,https://mxfirmas.com/NLE-San-Nicolas-de-los-Garza/Tiendas-de-uniformes
UNIFORMES CADENA 33 D,San Nicolás De Los Garza,ND,ND,ND,ND,https://mxfirmas.com/NLE-San-Nicolas-de-los-Garza/Tiendas-de-uniformes
Uniformes Hector 2000,San Nicolás De Los Garza,ND,ND,ND,ND,https://mxfirmas.com/NLE-San-Nicolas-de-los-Garza/Tiendas-de-uniformes
Uniformes Escolares Paymi,San Nicolás De Los Garza,8383533831,ND,ND,ND,https://mxfirmas.com/NLE-San-Nicolas-de-los-Garza/Tiendas-de-uniformes
Sport Ii Uniformes Viybe,San Nicolás De Los Garza,ND,ND,ND,ND,https://mxfirmas.com/NLE-San-Nicolas-de-los-Garza/Tiendas-de-uniformes
Uniformes ilimitados,San Nicolás De Los Garza,8183754806,ND,ND,ND,https://mxfirmas.com/NLE-San-Nicolas-de-los-Garza/Tiendas-de-uniformes
"Uniformes Jeiss, S.A. de C.V.",San Nicolás De Los Garza,ND,ND,ND,ND,https://mxfirmas.com/NLE-San-Nicolas-de-los-Garza/Tiendas-de-uniformes
Isy Uniformes,San Nicolás De Los Garza,8183326172,ND,ND,ND,https://mxfirmas.com/NLE-San-Nicolas-de-los-Garza/Tiendas-de-uniformes
Confección En Serie De Uniformes,San Nicolás De Los Garza,8188802539,ND,ND,ND,https://mxfirmas.com/NLE-San-Nicolas-de-los-Garza/Tiendas-de-uniformes
Uniformes Y Maquilas,San Nicolás De Los Garza,ND,ND,ND,ND,https://mxfirmas.com/NLE-San-Nicolas-de-los-Garza/Tiendas-de-uniformes
UNIFORMES CASTILLO,San Nicolás De Los Garza,ND,ND,ND,ND,https://mxfirmas.com/NLE-San-Nicolas-de-los-Garza/Tiendas-de-uniformes
Uniformes Vive,San Nicolás De Los Garza,ND,ND,ND,ND,https://mxfirmas.com/NLE-San-Nicolas-de-los-Garza/Tiendas-de-uniformes
Uniformes Industriales Rome,Apodaca,ND,ND,ND,ND,https://mxfirmas.com/NLE-Ciudad-Apodaca/Tiendas-de-uniformes
Uniformes D'cache,Apodaca,8183147013,ND,ND,ND,https://mxfirmas.com/NLE-Ciudad-Apodaca/Tiendas-de-uniformes
Drivero Uniformes,Apodaca,ND,ND,ND,ND,https://mxfirmas.com/NLE-Ciudad-Apodaca/Tiendas-de-uniformes
Uniformes Gely,Apodaca,ND,ND,ND,ND,https://mxfirmas.com/NLE-Ciudad-Apodaca/Tiendas-de-uniformes
BILBAO BARCENAS,Apodaca,ND,ND,ND,ND,https://mxfirmas.com/NLE-Ciudad-Apodaca/Tiendas-de-uniformes
"Elizondo Garza, Myrna",Apodaca,ND,ND,ND,ND,https://mxfirmas.com/NLE-Ciudad-Apodaca/Tiendas-de-uniformes
Taller De Costura Rubí,San Nicolás De Los Garza,8183796121,ND,ND,ND,https://mxfirmas.com/NLE-San-Nicolas-de-los-Garza/Ropa
Bordados las Puentes,San Nicolás De Los Garza,8180573739,ND,ND,ND,https://mxfirmas.com/NLE-San-Nicolas-de-los-Garza/Ropa
Duan Bordados,San Nicolás De Los Garza,8183320786,ND,ND,ND,https://mxfirmas.com/NLE-San-Nicolas-de-los-Garza/Ropa
Tecno Bordados,San Nicolás De Los Garza,8114995560,ND,ND,ND,https://mxfirmas.com/NLE-San-Nicolas-de-los-Garza/Ropa
Tienda De Disfraces,San Nicolás De Los Garza,8119505708,ND,ND,ND,https://mxfirmas.com/NLE-San-Nicolas-de-los-Garza/Ropa
D&D Diseños Exclusibos De Ropa,San Nicolás De Los Garza,8183831895,ND,ND,ND,https://mxfirmas.com/NLE-San-Nicolas-de-los-Garza/Ropa
Proimsa,San Nicolás De Los Garza,8183534358,ND,ND,ND,https://mxfirmas.com/NLE-San-Nicolas-de-los-Garza/Ropa
Confección De Prendas De Vestir Sobre Medida,San Nicolás De Los Garza,8188805730,ND,ND,ND,https://mxfirmas.com/NLE-San-Nicolas-de-los-Garza/Ropa
Maquilas Victoria,San Nicolás De Los Garza,8180571853,ND,ND,ND,https://mxfirmas.com/NLE-San-Nicolas-de-los-Garza/Ropa
Adc Asesoria Diseño y Confeccion en Uniformes y Bordados,San Nicolás De Los Garza,8183321522,ND,ND,ND,https://mxfirmas.com/NLE-San-Nicolas-de-los-Garza/Ropa
Jaifer Manufactura,San Nicolás De Los Garza,8183835967,ND,ND,ND,https://mxfirmas.com/NLE-San-Nicolas-de-los-Garza/Ropa
Teneria Treviño,San Nicolás De Los Garza,8183303022,ND,ND,ND,https://mxfirmas.com/NLE-San-Nicolas-de-los-Garza/Ropa
"Confecciones Cadena, S.A. de C.V.",San Nicolás De Los Garza,8183762650,ND,ND,ND,https://mxfirmas.com/NLE-San-Nicolas-de-los-Garza/Ropa
"LORD S TUXEDO, S.A. de C.V.",San Nicolás De Los Garza,8183302131,ND,ND,ND,https://mxfirmas.com/NLE-San-Nicolas-de-los-Garza/Tiendas-de-trajes
Renta de Trajes Elite Tuxedo,San Nicolás De Los Garza,8183022762,ND,ND,ND,https://mxfirmas.com/NLE-San-Nicolas-de-los-Garza/Tiendas-de-trajes
"Moda en Trajes, S.A. de C.V.",San Nicolás De Los Garza,8183692878,ND,ND,ND,https://mxfirmas.com/NLE-San-Nicolas-de-los-Garza/Tiendas-de-trajes
Elite Tuxedo,San Nicolás De Los Garza,8183837882,ND,ND,ND,https://mxfirmas.com/NLE-San-Nicolas-de-los-Garza/Tiendas-de-trajes
Trajes Tipicos Mexicanos,San Nicolás De Los Garza,8183769702,ND,ND,ND,https://mxfirmas.com/NLE-San-Nicolas-de-los-Garza/Tiendas-de-trajes
Renta Y Venta De Trajes Finos Y Etiqueta,San Nicolás De Los Garza,8182320227,ND,ND,ND,https://mxfirmas.com/NLE-San-Nicolas-de-los-Garza/Tiendas-de-trajes
Renta de Trajes,San Nicolás De Los Garza,8182120166,ND,ND,ND,https://mxfirmas.com/NLE-San-Nicolas-de-los-Garza/Tiendas-de-trajes
Renta y Venta de Trajes Estilo,San Nicolás De Los Garza,8180577898,ND,ND,ND,https://mxfirmas.com/NLE-San-Nicolas-de-los-Garza/Tiendas-de-trajes
Soledad Aguirre Nunez,San Nicolás De Los Garza,8183136434,ND,ND,ND,https://mxfirmas.com/NLE-San-Nicolas-de-los-Garza/Tiendas-de-trajes
Confección De Uniformes Escolares Y Disfraces,San Pedro Garza García,ND,ND,ND,ND,https://mxfirmas.com/NLE-San-Pedro-Garza-Garcia/Ropa
Vixen Boutique Venta De Ropa,San Pedro Garza García,ND,ND,ND,ND,https://mxfirmas.com/NLE-San-Pedro-Garza-Garcia/Ropa
Secciones Textiles,San Pedro Garza García,ND,ND,ND,ND,https://mxfirmas.com/NLE-San-Pedro-Garza-Garcia/Ropa
Bina Boutique,San Pedro Garza García,ND,ND,ND,ND,https://mxfirmas.com/NLE-San-Pedro-Garza-Garcia/Tiendas-de-ropa-y-accesorios-femeninos
Bendita Novias,San Pedro Garza García,ND,ND,ND,ND,https://mxfirmas.com/NLE-San-Pedro-Garza-Garcia/Tiendas-de-ropa-y-accesorios-femeninos
Vera Wang Bride México,San Pedro Garza García,ND,ND,ND,ND,https://mxfirmas.com/NLE-San-Pedro-Garza-Garcia/Tiendas-de-ropa-y-accesorios-femeninos
Uniformes Scirocco,Santa Catarina,8189895251,ND,ND,ND,https://mxfirmas.com/NLE-Santa-Catarina/Tiendas-de-uniformes
Composturas De Ropa Y Uniformes Escolares,Santa Catarina,8189895251,ND,ND,ND,https://mxfirmas.com/NLE-Santa-Catarina/Tiendas-de-uniformes
Bordados Marron,Santa Catarina,8180593449,ND,ND,ND,https://mxfirmas.com/NLE-Santa-Catarina/Tiendas-de-uniformes
Uniformes Deportivos Sin Nombre,Santa Catarina,8117674793,ND,ND,ND,https://mxfirmas.com/NLE-Santa-Catarina/Tiendas-de-uniformes
Identity,Santa Catarina,8183362673,ND,ND,ND,https://mxfirmas.com/NLE-Santa-Catarina/Tiendas-de-uniformes
Uniformes Jimmy,Santa Catarina,8183888711,ND,ND,ND,https://mxfirmas.com/NLE-Santa-Catarina/Tiendas-de-uniformes
Uniformes la Providencia,Santa Catarina,8111355742,ND,ND,ND,https://mxfirmas.com/NLE-Santa-Catarina/Tiendas-de-uniformes
Uniformes Marrott,Santa Catarina,8183885092,ND,ND,ND,https://mxfirmas.com/NLE-Santa-Catarina/Tiendas-de-uniformes
Jazmin Uniformes Escolares Y Disfraces,Santa Catarina,8120486219,ND,ND,ND,https://mxfirmas.com/NLE-Santa-Catarina/Tiendas-de-uniformes
"Susy y Fer Uniformes de Calidad, S.A. de C.V.",General Escobedo,ND,ND,ND,ND,https://mxfirmas.com/NLE-General-Escobedo/Tiendas-de-uniformes
Uniformes y Accesorios Industriales S.A.,General Escobedo,ND,ND,ND,ND,https://mxfirmas.com/NLE-General-Escobedo/Tiendas-de-uniformes
Elaboracio De Uniformes,General Escobedo,ND,ND,ND,ND,https://mxfirmas.com/NLE-General-Escobedo/Tiendas-de-uniformes
Galeria de Uniformes,San Pedro Garza García,ND,ND,ND,ND,https://mxfirmas.com/NLE-San-Pedro-Garza-Garcia/Tiendas-de-uniformes
Uniformes Empresariales,San Pedro Garza García,ND,ND,ND,ND,https://mxfirmas.com/NLE-San-Pedro-Garza-Garcia/Tiendas-de-uniformes
School Outfits Fabrica de Tejido de Punto Uniformes Escolares,San Pedro Garza García,ND,ND,ND,ND,https://mxfirmas.com/NLE-San-Pedro-Garza-Garcia/Tiendas-de-uniformes
Fraher Uniformes,San Pedro Garza García,ND,ND,ND,ND,https://mxfirmas.com/NLE-San-Pedro-Garza-Garcia/Tiendas-de-uniformes
Vicky Form,Santa Catarina,ND,ND,ND,ND,https://mxfirmas.com/NLE-Santa-Catarina/Tiendas-de-ropa-de-mujer
Maxima Comercial,Monterrey,8183456620,ND,ND,ND,https://mxfirmas.com/NLE-Monterrey/Tiendas-de-ropa-deportiva
DEPORTES MARTI,Monterrey,8183468403,ND,ND,ND,https://mxfirmas.com/NLE-Monterrey/Tiendas-de-ropa-deportiva
"DISTRIBUIDORA DEPORTIVA EL PROFE, S.A. de C.V.",Monterrey,8183870911,ND,ND,ND,https://mxfirmas.com/NLE-Monterrey/Tiendas-de-ropa-deportiva
"Innova Sport, S.A. de C.V.",Monterrey,8119105827,ND,ND,ND,https://mxfirmas.com/NLE-Monterrey/Tiendas-de-ropa-deportiva
Deportes Evodio,Monterrey,8184788862,ND,ND,ND,https://mxfirmas.com/NLE-Monterrey/Tiendas-de-ropa-deportiva
Pulga Río,Monterrey,8183401166,ND,ND,ND,https://mxfirmas.com/NLE-Monterrey/Tiendas-de-ropa-deportiva
Deportes Azteca,Monterrey,8183740442,ND,ND,ND,https://mxfirmas.com/NLE-Monterrey/Tiendas-de-ropa-deportiva
Uniformes Deportivos Palafox,Monterrey,8181644455,ND,ND,ND,https://mxfirmas.com/NLE-Monterrey/Tiendas-de-ropa-deportiva
Uniformes Deportivos De Panteras,Monterrey,8183115074,ND,ND,ND,https://mxfirmas.com/NLE-Monterrey/Tiendas-de-ropa-deportiva
Mundo Deportivo,Monterrey,8183755517,ND,ND,ND,https://mxfirmas.com/NLE-Monterrey/Tiendas-de-ropa-deportiva
Distribuidora Deportiva del Norte,Monterrey,8189897417,ND,ND,ND,https://mxfirmas.com/NLE-Monterrey/Tiendas-de-ropa-deportiva
Vanguardia Diseño,Monterrey,8183311146,ND,ND,ND,https://mxfirmas.com/NLE-Monterrey/Tiendas-de-ropa-deportiva
Telas Deportivas Monterrey,Monterrey,8183754776,ND,ND,ND,https://mxfirmas.com/NLE-Monterrey/Tiendas-de-ropa-deportiva
Proveedora Deportiva Estadio,Monterrey,8183759018,ND,ND,ND,https://mxfirmas.com/NLE-Monterrey/Tiendas-de-ropa-deportiva
Mayoreo Deportvio-Ropa Deportiva,Monterrey,8183456620,ND,ND,ND,https://mxfirmas.com/NLE-Monterrey/Tiendas-de-ropa-deportiva
Deportes Milán,Monterrey,8183755843,ND,ND,ND,https://mxfirmas.com/NLE-Monterrey/Tiendas-de-ropa-deportiva
Deportes Treto Cisneros,Monterrey,8183736900,ND,ND,ND,https://mxfirmas.com/NLE-Monterrey/Tiendas-de-ropa-deportiva
Deportes Off Side,Monterrey,8183726080,ND,ND,ND,https://mxfirmas.com/NLE-Monterrey/Tiendas-de-ropa-deportiva
"El Mundo de Las Gorras, S.A. de C.V.",Monterrey,8183691941,ND,ND,ND,https://mxfirmas.com/NLE-Monterrey/Tiendas-de-ropa-deportiva
"Distribuidora Deportiva del Noreste, S.A. de C.V.",Monterrey,8183112250,ND,ND,ND,https://mxfirmas.com/NLE-Monterrey/Tiendas-de-ropa-deportiva
Uniformes Deportivos Perez,Monterrey,8183753669,ND,ND,ND,https://mxfirmas.com/NLE-Monterrey/Tiendas-de-ropa-deportiva
Deportes 365,Monterrey,8183320600,ND,ND,ND,https://mxfirmas.com/NLE-Monterrey/Tiendas-de-ropa-deportiva
Deportes Guerrero,Monterrey,8184797824,ND,ND,ND,https://mxfirmas.com/NLE-Monterrey/Tiendas-de-ropa-deportiva
Deportes Pepe-ropa Deportiva,Monterrey,8183456620,ND,ND,ND,https://mxfirmas.com/NLE-Monterrey/Tiendas-de-ropa-deportiva
Deportes Chuy,Monterrey,8183754615,ND,ND,ND,https://mxfirmas.com/NLE-Monterrey/Tiendas-de-ropa-deportiva
Equipos Deportivos Roque S. De R.L. Mi,Monterrey,ND,ND,ND,ND,https://mxfirmas.com/NLE-Monterrey/Tiendas-de-ropa-deportiva
Ropa Deportivo,Monterrey,8183456620,ND,ND,ND,https://mxfirmas.com/NLE-Monterrey/Tiendas-de-ropa-deportiva
Deportivos Moroleon,Monterrey,ND,ND,ND,ND,https://mxfirmas.com/NLE-Monterrey/Tiendas-de-ropa-deportiva
C&A,Monterrey,8113245303,ND,ND,ND,https://mxfirmas.com/NLE-Monterrey/Tiendas-de-ropa-para-ninos
Liverpool,Monterrey,8181334300,ND,ND,ND,https://mxfirmas.com/NLE-Monterrey/Tiendas-de-ropa-para-ninos
Sears,Monterrey,8180480900,ND,ND,ND,https://mxfirmas.com/NLE-Monterrey/Tiendas-de-ropa-para-ninos
Monpetit,Monterrey,8119693362,ND,ND,ND,https://mxfirmas.com/NLE-Monterrey/Tiendas-de-ropa-para-ninos
Ropa Para Niños Payasito,Monterrey,8113245303,ND,ND,ND,https://mxfirmas.com/NLE-Monterrey/Tiendas-de-ropa-para-ninos
Comic Baby,Monterrey,8181619334,ND,ND,ND,https://mxfirmas.com/NLE-Monterrey/Tiendas-de-ropa-para-ninos
Baby Mink,Monterrey,8183755994,ND,ND,ND,https://mxfirmas.com/NLE-Monterrey/Tiendas-de-ropa-para-ninos
Galería Infantil,Monterrey,8183400622,ND,ND,ND,https://mxfirmas.com/NLE-Monterrey/Tiendas-de-ropa-para-ninos
Fussli Sa De Cv,Monterrey,8189945818,ND,ND,ND,https://mxfirmas.com/NLE-Monterrey/Tiendas-de-ropa-para-ninos
Grupo Missiva,Monterrey,8183717048,ND,ND,ND,https://mxfirmas.com/NLE-Monterrey/Tiendas-de-ropa-para-ninos
Venta De Ropa De Bebe,Monterrey,ND,ND,ND,ND,https://mxfirmas.com/NLE-Monterrey/Tiendas-de-ropa-para-ninos
Ropa Para Bebe Y Accesorios,Monterrey,8113245303,ND,ND,ND,https://mxfirmas.com/NLE-Monterrey/Tiendas-de-ropa-para-ninos
Local Venta De Ropa Para Bebe,Monterrey,8113245303,ND,ND,ND,https://mxfirmas.com/NLE-Monterrey/Tiendas-de-ropa-para-ninos
Saide,Monterrey,8183476237,ND,ND,ND,https://mxfirmas.com/NLE-Monterrey/Tiendas-de-ropa-para-ninos
Artículos Para Bebe,Monterrey,ND,ND,ND,ND,https://mxfirmas.com/NLE-Monterrey/Tiendas-de-ropa-para-ninos
"Kukitos Moda Infantil Española, Polanco",Monterrey,ND,ND,ND,ND,https://mxfirmas.com/NLE-Monterrey/Tiendas-de-ropa-para-ninos
"Cheearleader Mexico, S.A. de C.V.",Guadalupe,8180301384,ND,ND,ND,https://mxfirmas.com/NLE-Guadalupe/Tiendas-de-ropa-para-ninos
Zapatería Moda Tu,Guadalupe,8182824230,ND,ND,ND,https://mxfirmas.com/NLE-Guadalupe/Tiendas-de-ropa-para-ninos
"DE JESUS RESENDEZ VILLARREAL, TERESITA",Guadalupe,8183608470,ND,ND,ND,https://mxfirmas.com/NLE-Guadalupe/Tiendas-de-ropa-para-ninos
Venta De Ropa Para Dama Y Accesorios Sin Nombre,Guadalupe,ND,ND,ND,ND,https://mxfirmas.com/NLE-Guadalupe/Tiendas-de-ropa-para-ninos
Ropa Para Bebe Sin Nombre,Guadalupe,8180301384,ND,ND,ND,https://mxfirmas.com/NLE-Guadalupe/Tiendas-de-ropa-para-ninos
Bella Renta De Vestidos De Fiesta,Guadalupe,ND,ND,ND,ND,https://mxfirmas.com/NLE-Guadalupe/Tiendas-de-ropa-para-ninos
Artículos Para Bebé Irma Angélica Zapata,Guadalupe,ND,ND,ND,ND,https://mxfirmas.com/NLE-Guadalupe/Tiendas-de-ropa-para-ninos
Venta De Mueblesde Bebe,Guadalupe,ND,ND,ND,ND,https://mxfirmas.com/NLE-Guadalupe/Tiendas-de-ropa-para-ninos
Elena Boutique,San Nicolás De Los Garza,8183539333,ND,ND,ND,https://mxfirmas.com/NLE-San-Nicolas-de-los-Garza/Ropa
Ivory Bridal Couture,San Pedro Garza García,ND,ND,ND,ND,https://mxfirmas.com/NLE-San-Pedro-Garza-Garcia/Tiendas-de-ropa-y-accesorios-femeninos
Corner Palé,San Pedro Garza García,ND,ND,ND,ND,https://mxfirmas.com/NLE-San-Pedro-Garza-Garcia/Tiendas-de-ropa-y-accesorios-femeninos
Elementos,San Pedro Garza García,ND,ND,ND,ND,https://mxfirmas.com/NLE-San-Pedro-Garza-Garcia/Tiendas-de-ropa-y-accesorios-femeninos
Armando Elizondo - Experto En Bodas,San Pedro Garza García,ND,ND,ND,ND,https://mxfirmas.com/NLE-San-Pedro-Garza-Garcia/Tiendas-de-ropa-y-accesorios-femeninos
Valentina y Valentina Novias,San Pedro Garza García,ND,ND,ND,ND,https://mxfirmas.com/NLE-San-Pedro-Garza-Garcia/Tiendas-de-ropa-y-accesorios-femeninos
Sweet Fascinators,San Pedro Garza García,ND,ND,ND,ND,https://mxfirmas.com/NLE-San-Pedro-Garza-Garcia/Tiendas-de-ropa-y-accesorios-femeninos
Wed Haus,San Pedro Garza García,ND,ND,ND,ND,https://mxfirmas.com/NLE-San-Pedro-Garza-Garcia/Tiendas-de-ropa-y-accesorios-femeninos
Romantica Headpieces & Fascinators.,San Pedro Garza García,ND,ND,ND,ND,https://mxfirmas.com/NLE-San-Pedro-Garza-Garcia/Tiendas-de-ropa-y-accesorios-femeninos
Vera Wang,San Pedro Garza García,ND,ND,ND,ND,https://mxfirmas.com/NLE-San-Pedro-Garza-Garcia/Tiendas-de-ropa-y-accesorios-femeninos
Novias & Novias,San Pedro Garza García,ND,ND,ND,ND,https://mxfirmas.com/NLE-San-Pedro-Garza-Garcia/Tiendas-de-ropa-y-accesorios-femeninos
NW Studio,San Pedro Garza García,ND,ND,ND,ND,https://mxfirmas.com/NLE-San-Pedro-Garza-Garcia/Tiendas-de-ropa-y-accesorios-femeninos
Grupo Infla Depot S.A. De C.V.,Monterrey,ND,ND,ND,ND,https://mxfirmas.com/NLE-Monterrey/Tiendas-de-ropa-de-bano
UOMOUNDERWEAR,Monterrey,ND,ND,ND,ND,https://mxfirmas.com/NLE-Monterrey/Tiendas-de-ropa-de-bano
Tienda Monterrey 3,Monterrey,ND,ND,ND,ND,https://mxfirmas.com/NLE-Monterrey/Tiendas-de-ropa-de-bano
Velox,Monterrey,ND,ND,ND,ND,https://mxfirmas.com/NLE-Monterrey/Tiendas-de-ropa-de-bano
Toallas La Josefina & Hilasal,Monterrey,ND,ND,ND,ND,https://mxfirmas.com/NLE-Monterrey/Tiendas-de-ropa-de-bano
Barichara Trajes De Bano Sa De Cv,Monterrey,ND,ND,ND,ND,https://mxfirmas.com/NLE-Monterrey/Tiendas-de-ropa-de-bano
Wds Marketing Of Mexico S.A. De C.V.,Monterrey,ND,ND,ND,ND,https://mxfirmas.com/NLE-Monterrey/Tiendas-de-ropa-de-bano
Rofer S.A. De C.V.,Monterrey,ND,ND,ND,ND,https://mxfirmas.com/NLE-Monterrey/Tiendas-de-ropa-de-bano
"Blancos De Calidad, S.A. de C.V.",Monterrey,ND,ND,ND,ND,https://mxfirmas.com/NLE-Monterrey/Tiendas-de-ropa-de-bano
Almohadas Y Similares De Mexico,Monterrey,ND,ND,ND,ND,https://mxfirmas.com/NLE-Monterrey/Tiendas-de-ropa-de-bano
Deportes Century,Guadalupe,ND,ND,ND,ND,https://mxfirmas.com/NLE-Guadalupe/Deportes-de-equipo
Sport Caps,Guadalupe,ND,ND,ND,ND,https://mxfirmas.com/NLE-Guadalupe/Deportes-de-equipo
Impresionarte,Guadalupe,ND,ND,ND,ND,https://mxfirmas.com/NLE-Guadalupe/Deportes-de-equipo
Innova Sport Suc - 08 Outlet Sun Mall,Guadalupe,ND,ND,ND,ND,https://mxfirmas.com/NLE-Guadalupe/Deportes-de-equipo
Compra Y Venta De Aparatos Deportivos,Guadalupe,ND,ND,ND,ND,https://mxfirmas.com/NLE-Guadalupe/Deportes-de-equipo
Venta De Artículos Para Box,Guadalupe,ND,ND,ND,ND,https://mxfirmas.com/NLE-Guadalupe/Deportes-de-equipo
Deportes Brenda,Guadalupe,ND,ND,ND,ND,https://mxfirmas.com/NLE-Guadalupe/Deportes-de-equipo
Venta de Articulos Deportivos Ruiz and Ruiz,Guadalupe,ND,ND,ND,ND,https://mxfirmas.com/NLE-Guadalupe/Deportes-de-equipo
Charly Sun Mall,Guadalupe,8183935513,ND,ND,ND,https://mxfirmas.com/NLE-Guadalupe/Tiendas-de-ropa-deportiva
Nueva Italia Ropa Deportiva,Guadalupe,8183935513,ND,ND,ND,https://mxfirmas.com/NLE-Guadalupe/Tiendas-de-ropa-deportiva
Deportes Pandy,Guadalupe,8183372033,ND,ND,ND,https://mxfirmas.com/NLE-Guadalupe/Tiendas-de-ropa-deportiva
Venta De Gorras Y Accesorios Deportivos Sin Nombre,Guadalupe,ND,ND,ND,ND,https://mxfirmas.com/NLE-Guadalupe/Tiendas-de-ropa-deportiva
Monica Gallardo alta costura,Monterrey,ND,ND,ND,ND,https://mxfirmas.com/NLE-Monterrey/Tiendas-de-ropa-formal
LAFAYETTE NOVIAS,Monterrey,ND,ND,ND,ND,https://mxfirmas.com/NLE-Monterrey/Tiendas-de-ropa-formal
D'RENTA,Monterrey,ND,ND,ND,ND,https://mxfirmas.com/NLE-Monterrey/Tiendas-de-ropa-formal
DE ETIQUETA DE MONTERREY,Monterrey,ND,ND,ND,ND,https://mxfirmas.com/NLE-Monterrey/Tiendas-de-ropa-formal
COUTURE CORPORACION RAFAEL,Monterrey,ND,ND,ND,ND,https://mxfirmas.com/NLE-Monterrey/Tiendas-de-ropa-formal
Gian Carlo,Monterrey,ND,ND,ND,ND,https://mxfirmas.com/NLE-Monterrey/Tiendas-de-ropa-formal
Imelda Saavedra,Monterrey,ND,ND,ND,ND,https://mxfirmas.com/NLE-Monterrey/Tiendas-de-ropa-formal
Guevara Garcia Elsa Margarita,Monterrey,ND,ND,ND,ND,https://mxfirmas.com/NLE-Monterrey/Tiendas-de-ropa-formal
MODELOS ALAMO,Monterrey,ND,ND,ND,ND,https://mxfirmas.com/NLE-Monterrey/Tiendas-de-ropa-formal
Telles Alanis Deisy,Monterrey,ND,ND,ND,ND,https://mxfirmas.com/NLE-Monterrey/Tiendas-de-ropa-formal
CORONADO LOPEZ MA GUADALUPE,Monterrey,ND,ND,ND,ND,https://mxfirmas.com/NLE-Monterrey/Tiendas-de-ropa-formal
JESUS ALEJANDRO JIMENEZ RIVERA,Monterrey,ND,ND,ND,ND,https://mxfirmas.com/NLE-Monterrey/Tiendas-de-ropa-formal
Guerra Ojeda Luis Antonio,Monterrey,ND,ND,ND,ND,https://mxfirmas.com/NLE-Monterrey/Tiendas-de-ropa-formal
"Carmona Reyes, Lic. Rosa Isela",Monterrey,ND,ND,ND,ND,https://mxfirmas.com/NLE-Monterrey/Tiendas-de-ropa-formal
Forbes Marcos Patricio Ing,Monterrey,ND,ND,ND,ND,https://mxfirmas.com/NLE-Monterrey/Tiendas-de-ropa-formal
Oysho,San Pedro Garza García,ND,ND,ND,ND,https://mxfirmas.com/NLE-San-Pedro-Garza-Garcia/Boutiques
Dream Boutique,San Pedro Garza García,ND,ND,ND,ND,https://mxfirmas.com/NLE-San-Pedro-Garza-Garcia/Boutiques
Rosa Palo,San Pedro Garza García,ND,ND,ND,ND,https://mxfirmas.com/NLE-San-Pedro-Garza-Garcia/Boutiques
Scarlett Intima Boutique,San Pedro Garza García,ND,ND,ND,ND,https://mxfirmas.com/NLE-San-Pedro-Garza-Garcia/Boutiques
Locura Boutique,Apodaca,8182408847,ND,ND,ND,https://mxfirmas.com/NLE-Ciudad-Apodaca/Boutiques
Boutique Santa Rosa,Apodaca,8183851181,ND,ND,ND,https://mxfirmas.com/NLE-Ciudad-Apodaca/Boutiques
Boutique Veroch,Apodaca,8182320283,ND,ND,ND,https://mxfirmas.com/NLE-Ciudad-Apodaca/Boutiques
Boutique Miyrza,Apodaca,8112541903,ND,ND,ND,https://mxfirmas.com/NLE-Ciudad-Apodaca/Boutiques
Boutique Mirna,Apodaca,8183864998,ND,ND,ND,https://mxfirmas.com/NLE-Ciudad-Apodaca/Boutiques
Boutique Vero Castro,Apodaca,8184486537,ND,ND,ND,https://mxfirmas.com/NLE-Ciudad-Apodaca/Boutiques
Boutique Cheque Y Cheque,Apodaca,8184610127,ND,ND,ND,https://mxfirmas.com/NLE-Ciudad-Apodaca/Boutiques
Boutique Liz,Apodaca,ND,ND,ND,ND,https://mxfirmas.com/NLE-Ciudad-Apodaca/Boutiques
Boutique D Figo,Apodaca,ND,ND,ND,ND,https://mxfirmas.com/NLE-Ciudad-Apodaca/Boutiques
Boutique Emma,Apodaca,ND,ND,ND,ND,https://mxfirmas.com/NLE-Ciudad-Apodaca/Boutiques
Ivahna Boutique,Apodaca,ND,ND,ND,ND,https://mxfirmas.com/NLE-Ciudad-Apodaca/Boutiques
Boutique Kony,Apodaca,ND,ND,ND,ND,https://mxfirmas.com/NLE-Ciudad-Apodaca/Boutiques
Boutique More Limitless,Apodaca,ND,ND,ND,ND,https://mxfirmas.com/NLE-Ciudad-Apodaca/Boutiques
Boutique Salma,Apodaca,ND,ND,ND,ND,https://mxfirmas.com/NLE-Ciudad-Apodaca/Boutiques
Boutique Lupita,Apodaca,ND,ND,ND,ND,https://mxfirmas.com/NLE-Ciudad-Apodaca/Boutiques
Boutique Jaimito,Apodaca,ND,ND,ND,ND,https://mxfirmas.com/NLE-Ciudad-Apodaca/Boutiques
Boutique Daniela,Apodaca,ND,ND,ND,ND,https://mxfirmas.com/NLE-Ciudad-Apodaca/Boutiques
Boutique Y Regalos,Apodaca,ND,ND,ND,ND,https://mxfirmas.com/NLE-Ciudad-Apodaca/Boutiques
Boutique Pekeña,Apodaca,ND,ND,ND,ND,https://mxfirmas.com/NLE-Ciudad-Apodaca/Boutiques
Boutique Sweet Emotion,Apodaca,ND,ND,ND,ND,https://mxfirmas.com/NLE-Ciudad-Apodaca/Boutiques
Boutique Mirad,Apodaca,ND,ND,ND,ND,https://mxfirmas.com/NLE-Ciudad-Apodaca/Boutiques
BACIK Boutique - Alfonso Reyes,Apodaca,ND,ND,ND,ND,https://mxfirmas.com/NLE-Ciudad-Apodaca/Boutiques
Boutique Luna Hostil,Apodaca,ND,ND,ND,ND,https://mxfirmas.com/NLE-Ciudad-Apodaca/Boutiques
Boutique Ropa De Niña,Apodaca,8182408847,ND,ND,ND,https://mxfirmas.com/NLE-Ciudad-Apodaca/Boutiques
Boutique Alfredo,Apodaca,ND,ND,ND,ND,https://mxfirmas.com/NLE-Ciudad-Apodaca/Boutiques
Boutique De Ropa,Apodaca,8182408847,ND,ND,ND,https://mxfirmas.com/NLE-Ciudad-Apodaca/Boutiques
"Uniformes Rosbet, S.A. de C.V.",Monterrey,ND,ND,ND,ND,https://mxfirmas.com/NLE-Monterrey/Tiendas-de-uniformes/page2
Albero Uniformes Industriales,Monterrey,ND,ND,ND,ND,https://mxfirmas.com/NLE-Monterrey/Tiendas-de-uniformes/page2
"Uniformes y Seguridad Industrial de Monterrey, S.A. de C.V.",Monterrey,ND,ND,ND,ND,https://mxfirmas.com/NLE-Monterrey/Tiendas-de-uniformes/page2
Maquila De Uniformes,Monterrey,ND,ND,ND,ND,https://mxfirmas.com/NLE-Monterrey/Tiendas-de-uniformes/page2
UNIFORMES INDUSTRIALES MONTERREY,Monterrey,ND,ND,ND,ND,https://mxfirmas.com/NLE-Monterrey/Tiendas-de-uniformes/page2
RAGO COMERCIALIZADORA DE ZAPATOS Y UNIFORMES,Monterrey,ND,ND,ND,ND,https://mxfirmas.com/NLE-Monterrey/Tiendas-de-uniformes/page2
Moda-k,Apodaca,8110969012,ND,ND,ND,https://mxfirmas.com/NLE-Ciudad-Apodaca/Ropa
Vestidos De Fiesta De Niña,Apodaca,8182402715,ND,ND,ND,https://mxfirmas.com/NLE-Ciudad-Apodaca/Ropa
Ventex,Apodaca,8183210154,ND,ND,ND,https://mxfirmas.com/NLE-Ciudad-Apodaca/Ropa
Venta De Disrraces,Apodaca,8118731121,ND,ND,ND,https://mxfirmas.com/NLE-Ciudad-Apodaca/Ropa
Taller De Costura Sin Nombre,Apodaca,8119332527,ND,ND,ND,https://mxfirmas.com/NLE-Ciudad-Apodaca/Ropa
"Santory Internacional, S.A. de C.V.",Apodaca,ND,ND,ND,ND,https://mxfirmas.com/NLE-Ciudad-Apodaca/Ropa
Compostura De Ropa,Apodaca,8189941555,ND,ND,ND,https://mxfirmas.com/NLE-Ciudad-Apodaca/Ropa
Maquiladora De Ropa Sin Nombre,Apodaca,8189941555,ND,ND,ND,https://mxfirmas.com/NLE-Ciudad-Apodaca/Ropa
"TAMEZ LOPEZ, ADRIANA PATRICIA",Allende,ND,ND,ND,ND,https://mxfirmas.com/NLE-Allende/Tiendas-de-ropa-de-mujer
Baby Boom Tienda De Ropa Para Bebe,Allende,8262658439,ND,ND,ND,https://mxfirmas.com/NLE-Allende/Tiendas-de-ropa-de-bebe
Ropa Y Novedades Bambi,Allende,8262658439,ND,ND,ND,https://mxfirmas.com/NLE-Allende/Tiendas-de-ropa-de-bebe
Todo Para Bebe Zuisu,Allende,ND,ND,ND,ND,https://mxfirmas.com/NLE-Allende/Tiendas-de-ropa-de-bebe
Ropa Y Novedades Juany,Cadereyta Jiménez,8282841258,ND,ND,ND,https://mxfirmas.com/NLE-Cadereyta-Jimenez/Ropas
Tienda De Ropa Fidencio Leal Leal,Cadereyta Jiménez,8282841258,ND,ND,ND,https://mxfirmas.com/NLE-Cadereyta-Jimenez/Ropas
Bazar De Ropa,Cadereyta Jiménez,8282841258,ND,ND,ND,https://mxfirmas.com/NLE-Cadereyta-Jimenez/Ropas
D glam renta de trajes,Cadereyta Jiménez,ND,ND,ND,ND,https://mxfirmas.com/NLE-Cadereyta-Jimenez/Ropas
Renta De Smooking,Cadereyta Jiménez,ND,ND,ND,ND,https://mxfirmas.com/NLE-Cadereyta-Jimenez/Ropas
Disfraces Infantiles Andeli,Cadereyta Jiménez,ND,ND,ND,ND,https://mxfirmas.com/NLE-Cadereyta-Jimenez/Ropas
Eva Garcia Garcia,Montemorelos,ND,ND,ND,ND,https://mxfirmas.com/NLE-Montemorelos/Tiendas-de-ropa-de-mujer
lavoro - Plaza México,Montemorelos,ND,ND,ND,ND,https://mxfirmas.com/NLE-Montemorelos/Tiendas-de-ropa-de-mujer
lavoro - Interplaza,Montemorelos,ND,ND,ND,ND,https://mxfirmas.com/NLE-Montemorelos/Tiendas-de-ropa-de-mujer
Trajes Elegance,Montemorelos,ND,ND,ND,ND,https://mxfirmas.com/NLE-Montemorelos/Tiendas-de-ropa-de-mujer
Casa de Novias Ema,Montemorelos,ND,ND,ND,ND,https://mxfirmas.com/NLE-Montemorelos/Tiendas-de-ropa-de-mujer
Comercio Al Por Menor De Disfraces Vestimenta Regional Y Vestidos De Novia,Montemorelos,ND,ND,ND,ND,https://mxfirmas.com/NLE-Montemorelos/Tiendas-de-ropa-de-mujer
Tienda De Ropa Segunda Y Usada Sin Nombre,Linares,8212143381,ND,ND,ND,https://mxfirmas.com/NLE-Linares/Tiendas-de-ropa-para-ninos
Tienda de Ropa El Remate,Linares,8212143381,ND,ND,ND,https://mxfirmas.com/NLE-Linares/Tiendas-de-ropa-para-ninos
Boutique Kass,Linares,ND,ND,ND,ND,https://mxfirmas.com/NLE-Linares/Tiendas-de-ropa-para-ninos
Venta De Ropa Excepto De Bebe Y Lencería,San Nicolás De Los Garza,ND,ND,ND,ND,https://mxfirmas.com/NLE-San-Nicolas-de-los-Garza/Tiendas-de-ropa
Tea & Coffee Co. by Organica Boutique,San Pedro Garza García,ND,ND,ND,ND,https://mxfirmas.com/NLE-San-Pedro-Garza-Garcia/Boutiques
Chateau Boutique,San Pedro Garza García,ND,ND,ND,ND,https://mxfirmas.com/NLE-San-Pedro-Garza-Garcia/Boutiques
Brummell Menswear,San Pedro Garza García,ND,ND,ND,ND,https://mxfirmas.com/NLE-San-Pedro-Garza-Garcia/Boutiques
Yogurt Boutique,San Pedro Garza García,ND,ND,ND,ND,https://mxfirmas.com/NLE-San-Pedro-Garza-Garcia/Boutiques
Mox,San Pedro Garza García,ND,ND,ND,ND,https://mxfirmas.com/NLE-San-Pedro-Garza-Garcia/Boutiques
Optica Ejecutiva Boutique,San Pedro Garza García,ND,ND,ND,ND,https://mxfirmas.com/NLE-San-Pedro-Garza-Garcia/Boutiques
Uniformes La Cabaña,Monterrey,ND,ND,ND,ND,https://mxfirmas.com/NLE-Monterrey/Tiendas-de-uniformes/page2
C-Medical Uniformes,Monterrey,ND,ND,ND,ND,https://mxfirmas.com/NLE-Monterrey/Tiendas-de-uniformes/page2
MACH,Monterrey,ND,ND,ND,ND,https://mxfirmas.com/NLE-Monterrey/Tiendas-de-uniformes/page2
Creaciones y Bordados Lg -Elaboracion de Uniformes,Monterrey,ND,ND,ND,ND,https://mxfirmas.com/NLE-Monterrey/Tiendas-de-uniformes/page2
Bordados Serypen,Monterrey,ND,ND,ND,ND,https://mxfirmas.com/NLE-Monterrey/Tiendas-de-uniformes/page2
Smart Uniformes,Monterrey,ND,ND,ND,ND,https://mxfirmas.com/NLE-Monterrey/Tiendas-de-uniformes/page2
Uniformes Policiacos Monterrey,Monterrey,ND,ND,ND,ND,https://mxfirmas.com/NLE-Monterrey/Tiendas-de-uniformes/page2
Uniformes Y Manufacturas Canvil S.A. De C.V.,Monterrey,ND,ND,ND,ND,https://mxfirmas.com/NLE-Monterrey/Tiendas-de-uniformes/page2
Uniformes Secretariales Pilar Rodriguez,Monterrey,ND,ND,ND,ND,https://mxfirmas.com/NLE-Monterrey/Tiendas-de-uniformes/page2
Abianka Uniformes Secretariales,Monterrey,ND,ND,ND,ND,https://mxfirmas.com/NLE-Monterrey/Tiendas-de-uniformes/page2
"Alta Calidad en Uniformes la Víctoria, S.A. de C.V.",Monterrey,ND,ND,ND,ND,https://mxfirmas.com/NLE-Monterrey/Tiendas-de-uniformes/page2
FEBE UNIFORMES SECRETARIALES,Monterrey,ND,ND,ND,ND,https://mxfirmas.com/NLE-Monterrey/Tiendas-de-uniformes/page2
Blinc Uniformes y Accesorios,Monterrey,ND,ND,ND,ND,https://mxfirmas.com/NLE-Monterrey/Tiendas-de-uniformes/page2
"Domel Uniformes, S.A. de C.V.",Monterrey,ND,ND,ND,ND,https://mxfirmas.com/NLE-Monterrey/Tiendas-de-uniformes/page2
ABC UNIFORMES MONTERREY,Monterrey,ND,ND,ND,ND,https://mxfirmas.com/NLE-Monterrey/Tiendas-de-uniformes/page2
Uniformes La Estrella,Monterrey,ND,ND,ND,ND,https://mxfirmas.com/NLE-Monterrey/Tiendas-de-uniformes/page2
Bordado De Uniformes,Monterrey,ND,ND,ND,ND,https://mxfirmas.com/NLE-Monterrey/Tiendas-de-uniformes/page2
Uniformes Etc,Monterrey,ND,ND,ND,ND,https://mxfirmas.com/NLE-Monterrey/Tiendas-de-uniformes/page2
Uniformes Deportivos Escolares,Monterrey,ND,ND,ND,ND,https://mxfirmas.com/NLE-Monterrey/Tiendas-de-uniformes/page2
Bodega Uniformes,Monterrey,ND,ND,ND,ND,https://mxfirmas.com/NLE-Monterrey/Tiendas-de-uniformes/page2
Uniformes La Silla,Monterrey,ND,ND,ND,ND,https://mxfirmas.com/NLE-Monterrey/Tiendas-de-uniformes/page2
Egros Uniformes,Monterrey,ND,ND,ND,ND,https://mxfirmas.com/NLE-Monterrey/Tiendas-de-uniformes/page2
Uniformes Contry,Monterrey,ND,ND,ND,ND,https://mxfirmas.com/NLE-Monterrey/Tiendas-de-uniformes/page2
"Nibe Moda, S. de R.L. de M.I.",Monterrey,ND,ND,ND,ND,https://mxfirmas.com/NLE-Monterrey/Tiendas-de-uniformes/page2
Caballero Uniformes Decorativos,Monterrey,ND,ND,ND,ND,https://mxfirmas.com/NLE-Monterrey/Tiendas-de-uniformes/page2
Guaraci Barbosa,Monterrey,ND,ND,ND,ND,https://mxfirmas.com/NLE-Monterrey/Tiendas-de-uniformes/page2
Uniformes Escolares Adry,Monterrey,ND,ND,ND,ND,https://mxfirmas.com/NLE-Monterrey/Tiendas-de-uniformes/page2
Uniformes Sin Nombre,Monterrey,ND,ND,ND,ND,https://mxfirmas.com/NLE-Monterrey/Tiendas-de-uniformes/page2
LEAL MARROQUIN YOLANDA IDALIA,Monterrey,ND,ND,ND,ND,https://mxfirmas.com/NLE-Monterrey/Tiendas-de-uniformes
Tubo Decorado Monterrey S.A. De C.V.,San Nicolás De Los Garza,ND,ND,ND,ND,https://mxfirmas.com/NLE-San-Nicolas-de-los-Garza/Tiendas-de-trajes
Belle Chic,San Nicolás De Los Garza,8183023760,ND,ND,ND,https://mxfirmas.com/NLE-San-Nicolas-de-los-Garza/Tiendas-de-trajes
Italian Tuxedo,San Nicolás De Los Garza,8114937247,ND,ND,ND,https://mxfirmas.com/NLE-San-Nicolas-de-los-Garza/Tiendas-de-trajes
Renta De Trajes Eleganty,San Nicolás De Los Garza,8183309923,ND,ND,ND,https://mxfirmas.com/NLE-San-Nicolas-de-los-Garza/Tiendas-de-trajes
Stylo Renta De Trajes,San Nicolás De Los Garza,8180577898,ND,ND,ND,https://mxfirmas.com/NLE-San-Nicolas-de-los-Garza/Tiendas-de-trajes
RENTA DE VESTIDOS CECY,San Nicolás De Los Garza,8183820963,ND,ND,ND,https://mxfirmas.com/NLE-San-Nicolas-de-los-Garza/Tiendas-de-trajes
Renta de Ropa de Etiqueta,San Nicolás De Los Garza,8183302131,ND,ND,ND,https://mxfirmas.com/NLE-San-Nicolas-de-los-Garza/Tiendas-de-trajes
After Six Tuxedo Rental,San Nicolás De Los Garza,8183508619,ND,ND,ND,https://mxfirmas.com/NLE-San-Nicolas-de-los-Garza/Tiendas-de-trajes
Galvan Rodriguez Maribel,San Nicolás De Los Garza,8183774571,ND,ND,ND,https://mxfirmas.com/NLE-San-Nicolas-de-los-Garza/Tiendas-de-trajes
Renta De Trajes Romeo Blak Tuxedo,San Nicolás De Los Garza,ND,ND,ND,ND,https://mxfirmas.com/NLE-San-Nicolas-de-los-Garza/Tiendas-de-trajes
Boutique Dior,Guadalupe,ND,ND,ND,ND,https://mxfirmas.com/NLE-Guadalupe/Boutiques
Femme Dresses,Guadalupe,ND,ND,ND,ND,https://mxfirmas.com/NLE-Guadalupe/Boutiques
Mambo Boutique,Guadalupe,ND,ND,ND,ND,https://mxfirmas.com/NLE-Guadalupe/Boutiques
Boutique Ari,Guadalupe,ND,ND,ND,ND,https://mxfirmas.com/NLE-Guadalupe/Boutiques
Renta Y Venta De Vestidos Norella Boutique,Guadalupe,ND,ND,ND,ND,https://mxfirmas.com/NLE-Guadalupe/Boutiques
Sandy Boutique,Guadalupe,ND,ND,ND,ND,https://mxfirmas.com/NLE-Guadalupe/Boutiques
Carolina Boutique,Guadalupe,ND,ND,ND,ND,https://mxfirmas.com/NLE-Guadalupe/Boutiques
Boutique Jana,Guadalupe,ND,ND,ND,ND,https://mxfirmas.com/NLE-Guadalupe/Boutiques
Boutique Esmeralda,Guadalupe,ND,ND,ND,ND,https://mxfirmas.com/NLE-Guadalupe/Boutiques
Boutique Grecia,Guadalupe,ND,ND,ND,ND,https://mxfirmas.com/NLE-Guadalupe/Boutiques
Boutique JUANY,Guadalupe,ND,ND,ND,ND,https://mxfirmas.com/NLE-Guadalupe/Boutiques
Couture Boutique,Guadalupe,ND,ND,ND,ND,https://mxfirmas.com/NLE-Guadalupe/Boutiques
Boutique Marce,Guadalupe,ND,ND,ND,ND,https://mxfirmas.com/NLE-Guadalupe/Boutiques
Yamilet Boutique,Guadalupe,ND,ND,ND,ND,https://mxfirmas.com/NLE-Guadalupe/Boutiques
Boutique Y Regalos Elsy,Guadalupe,ND,ND,ND,ND,https://mxfirmas.com/NLE-Guadalupe/Boutiques
Boutique Eres,Guadalupe,ND,ND,ND,ND,https://mxfirmas.com/NLE-Guadalupe/Boutiques
Boutique Faride,Guadalupe,ND,ND,ND,ND,https://mxfirmas.com/NLE-Guadalupe/Boutiques
Norella Boutique,Guadalupe,ND,ND,ND,ND,https://mxfirmas.com/NLE-Guadalupe/Boutiques
Eclipse Boutique,Guadalupe,ND,ND,ND,ND,https://mxfirmas.com/NLE-Guadalupe/Boutiques
Boutique Dcenit,Guadalupe,ND,ND,ND,ND,https://mxfirmas.com/NLE-Guadalupe/Boutiques
Boutique Ziania,Guadalupe,ND,ND,ND,ND,https://mxfirmas.com/NLE-Guadalupe/Boutiques
Boutique Deli,Guadalupe,ND,ND,ND,ND,https://mxfirmas.com/NLE-Guadalupe/Boutiques
Boutique Mia,Guadalupe,ND,ND,ND,ND,https://mxfirmas.com/NLE-Guadalupe/Boutiques
Boutique Maye,Guadalupe,ND,ND,ND,ND,https://mxfirmas.com/NLE-Guadalupe/Boutiques
Boutique Y Novedades,Guadalupe,ND,ND,ND,ND,https://mxfirmas.com/NLE-Guadalupe/Boutiques
Boutique Lety,Guadalupe,ND,ND,ND,ND,https://mxfirmas.com/NLE-Guadalupe/Boutiques
Victoria Boutique,Guadalupe,ND,ND,ND,ND,https://mxfirmas.com/NLE-Guadalupe/Boutiques
Urraca Boutique,Guadalupe,ND,ND,ND,ND,https://mxfirmas.com/NLE-Guadalupe/Boutiques
Fridas Boutique,Guadalupe,ND,ND,ND,ND,https://mxfirmas.com/NLE-Guadalupe/Boutiques
Boutique Family Fashion,Guadalupe,ND,ND,ND,ND,https://mxfirmas.com/NLE-Guadalupe/Boutiques
Karina Fashion Boutique,Guadalupe,ND,ND,ND,ND,https://mxfirmas.com/NLE-Guadalupe/Boutiques
Boutique Divas,Guadalupe,ND,ND,ND,ND,https://mxfirmas.com/NLE-Guadalupe/Boutiques
Rojo Boutique,Guadalupe,ND,ND,ND,ND,https://mxfirmas.com/NLE-Guadalupe/Boutiques
Aglae Boutique,Guadalupe,ND,ND,ND,ND,https://mxfirmas.com/NLE-Guadalupe/Boutiques
Renta de vestidos DGloria Boutique,Guadalupe,ND,ND,ND,ND,https://mxfirmas.com/NLE-Guadalupe/Boutiques
Camisetas Monterrey,Monterrey,ND,ND,ND,ND,https://mxfirmas.com/NLE-Monterrey/Tiendas-de-camisetas
Playeras Y Camisetas Yazbek,Monterrey,ND,ND,ND,ND,https://mxfirmas.com/NLE-Monterrey/Tiendas-de-camisetas
Bordados Jr,Monterrey,ND,ND,ND,ND,https://mxfirmas.com/NLE-Monterrey/Tiendas-de-camisetas
Soluciones Promocionales,Monterrey,ND,ND,ND,ND,https://mxfirmas.com/NLE-Monterrey/Tiendas-de-camisetas
Vendo Camisetas,Monterrey,ND,ND,ND,ND,https://mxfirmas.com/NLE-Monterrey/Tiendas-de-camisetas
Camisetas Kamar,Monterrey,ND,ND,ND,ND,https://mxfirmas.com/NLE-Monterrey/Tiendas-de-camisetas
Vendo Camisetas.Com,Monterrey,ND,ND,ND,ND,https://mxfirmas.com/NLE-Monterrey/Tiendas-de-camisetas
Stark,Monterrey,ND,ND,ND,ND,https://mxfirmas.com/NLE-Monterrey/Tiendas-de-camisetas
Bibo,Monterrey,ND,ND,ND,ND,https://mxfirmas.com/NLE-Monterrey/Tiendas-de-camisetas
Teycon Sa De Cv,Monterrey,ND,ND,ND,ND,https://mxfirmas.com/NLE-Monterrey/Tiendas-de-camisetas
Big Bang Regalos,Monterrey,ND,ND,ND,ND,https://mxfirmas.com/NLE-Monterrey/Tiendas-de-camisetas
Ymac Textil,Monterrey,ND,ND,ND,ND,https://mxfirmas.com/NLE-Monterrey/Tiendas-de-camisetas
Paulivar,Monterrey,ND,ND,ND,ND,https://mxfirmas.com/NLE-Monterrey/Tiendas-de-camisetas
Playeras Jr,Monterrey,ND,ND,ND,ND,https://mxfirmas.com/NLE-Monterrey/Tiendas-de-camisetas
Playeras Y Camisetas De Guadalajara Sa De Cv,Monterrey,ND,ND,ND,ND,https://mxfirmas.com/NLE-Monterrey/Tiendas-de-camisetas
Venta De Camisetas,Monterrey,ND,ND,ND,ND,https://mxfirmas.com/NLE-Monterrey/Tiendas-de-camisetas
La Camiseta,Monterrey,ND,ND,ND,ND,https://mxfirmas.com/NLE-Monterrey/Tiendas-de-camisetas
Rc Estudio,Monterrey,ND,ND,ND,ND,https://mxfirmas.com/NLE-Monterrey/Tiendas-de-camisetas
Diva Novias,San Nicolás De Los Garza,ND,ND,ND,ND,https://mxfirmas.com/NLE-San-Nicolas-de-los-Garza/Tiendas-de-novias
Vestidos De 15 Años,San Nicolás De Los Garza,ND,ND,ND,ND,https://mxfirmas.com/NLE-San-Nicolas-de-los-Garza/Tiendas-de-novias
Comercio Al Por Menor De Disfraces Vestimenta Regional Y Vestidos De Novia,San Nicolás De Los Garza,ND,ND,ND,ND,https://mxfirmas.com/NLE-San-Nicolas-de-los-Garza/Tiendas-de-novias
Marvin´S Novias Y Xv Años,San Nicolás De Los Garza,ND,ND,ND,ND,https://mxfirmas.com/NLE-San-Nicolas-de-los-Garza/Tiendas-de-novias
Novias Fernanda,San Nicolás De Los Garza,ND,ND,ND,ND,https://mxfirmas.com/NLE-San-Nicolas-de-los-Garza/Tiendas-de-novias
Renta De Trajes Y Smoking Dandy,Guadalupe,ND,ND,ND,ND,https://mxfirmas.com/NLE-Guadalupe/Tiendas-de-esmoquines
Renta de Smoking y Trajes,Guadalupe,ND,ND,ND,ND,https://mxfirmas.com/NLE-Guadalupe/Tiendas-de-esmoquines
Eleganz Renta Y Venta De Trajes Y Smoking,Guadalupe,ND,ND,ND,ND,https://mxfirmas.com/NLE-Guadalupe/Tiendas-de-esmoquines
"Zapaterias Mona Lisa, S.A. de C.V.",Monterrey,ND,ND,ND,ND,https://mxfirmas.com/NLE-Monterrey/Tiendas-de-zapatos
Bodega De Remate De Calzado,Monterrey,ND,ND,ND,ND,https://mxfirmas.com/NLE-Monterrey/Tiendas-de-zapatos
BOLSAS Y ZAPATOS DE PIEL SA DE CV,Monterrey,ND,ND,ND,ND,https://mxfirmas.com/NLE-Monterrey/Tiendas-de-zapatos
"Calzado Noveccento, S.A. de C.V.",Monterrey,ND,ND,ND,ND,https://mxfirmas.com/NLE-Monterrey/Tiendas-de-zapatos
Rocc Zapaterías,Monterrey,ND,ND,ND,ND,https://mxfirmas.com/NLE-Monterrey/Tiendas-de-zapatos
"Zapaterias Limon,S.A. de C.V.",Monterrey,ND,ND,ND,ND,https://mxfirmas.com/NLE-Monterrey/Tiendas-de-zapatos
Outlet De Calzado,Monterrey,ND,ND,ND,ND,https://mxfirmas.com/NLE-Monterrey/Tiendas-de-zapatos
Reamate De Calzado,Monterrey,ND,ND,ND,ND,https://mxfirmas.com/NLE-Monterrey/Tiendas-de-zapatos
Fabrica De Calzado Rilo Sa De Cv,Monterrey,ND,ND,ND,ND,https://mxfirmas.com/NLE-Monterrey/Tiendas-de-zapatos
"Fábricas de Calzado Andrea, S.A. de C.V.",Monterrey,ND,ND,ND,ND,https://mxfirmas.com/NLE-Monterrey/Tiendas-de-zapatos
ANDREA,Monterrey,ND,ND,ND,ND,https://mxfirmas.com/NLE-Monterrey/Tiendas-de-zapatos
Zapaterías 3 Hermanos,Monterrey,ND,ND,ND,ND,https://mxfirmas.com/NLE-Monterrey/Tiendas-de-zapatos
Fabrica de Calzado Andrea,Monterrey,ND,ND,ND,ND,https://mxfirmas.com/NLE-Monterrey/Tiendas-de-zapatos
"Calzado Insurgentes, S.A. de C.V.",Monterrey,ND,ND,ND,ND,https://mxfirmas.com/NLE-Monterrey/Tiendas-de-zapatos
Calzado Industrial D´ Magno,Monterrey,ND,ND,ND,ND,https://mxfirmas.com/NLE-Monterrey/Tiendas-de-zapatos
Calzado Escolar Unycca,Monterrey,ND,ND,ND,ND,https://mxfirmas.com/NLE-Monterrey/Tiendas-de-zapatos
Zapato Guante,Monterrey,ND,ND,ND,ND,https://mxfirmas.com/NLE-Monterrey/Tiendas-de-zapatos
"Zapatos y Distribuciones, S.A. de C.V.",Monterrey,ND,ND,ND,ND,https://mxfirmas.com/NLE-Monterrey/Tiendas-de-zapatos
Mexicana De Zapatos,Monterrey,ND,ND,ND,ND,https://mxfirmas.com/NLE-Monterrey/Tiendas-de-zapatos
Fabrica De Calzado Ama,Monterrey,ND,ND,ND,ND,https://mxfirmas.com/NLE-Monterrey/Tiendas-de-zapatos
Fabricación De Zapatos Sintetico,Monterrey,ND,ND,ND,ND,https://mxfirmas.com/NLE-Monterrey/Tiendas-de-zapatos
Muzzá Zapaterías,Monterrey,ND,ND,ND,ND,https://mxfirmas.com/NLE-Monterrey/Tiendas-de-zapatos
Distribuidora De Calzado Canada,Monterrey,ND,ND,ND,ND,https://mxfirmas.com/NLE-Monterrey/Tiendas-de-zapatos
Calzado Y Artículos De Seguridad,Monterrey,ND,ND,ND,ND,https://mxfirmas.com/NLE-Monterrey/Tiendas-de-zapatos
Oficina de Zapatos,Monterrey,ND,ND,ND,ND,https://mxfirmas.com/NLE-Monterrey/Tiendas-de-zapatos
"Distribuidora de Calzado Canadá, S.A. de C.V.",Monterrey,ND,ND,ND,ND,https://mxfirmas.com/NLE-Monterrey/Tiendas-de-zapatos
"FERRI ZAPATOS, S.A. de C.V.",Monterrey,ND,ND,ND,ND,https://mxfirmas.com/NLE-Monterrey/Tiendas-de-zapatos
Reparacion de Calzado El Cuate,Monterrey,ND,ND,ND,ND,https://mxfirmas.com/NLE-Monterrey/Tiendas-de-zapatos
Reparacion de Calzado y Deportes Los Alamos,Monterrey,ND,ND,ND,ND,https://mxfirmas.com/NLE-Monterrey/Tiendas-de-zapatos
Proveedora de calzado industrial del Centro,Monterrey,ND,ND,ND,ND,https://mxfirmas.com/NLE-Monterrey/Tiendas-de-zapatos
Calzado Y Artículos De Piel,Monterrey,ND,ND,ND,ND,https://mxfirmas.com/NLE-Monterrey/Tiendas-de-zapatos
Venta De Zapatos Y Ropa Para Dama,Monterrey,ND,ND,ND,ND,https://mxfirmas.com/NLE-Monterrey/Tiendas-de-zapatos
Comando Fabricas De Calzado De Seguridad,San Nicolás De Los Garza,8183831895,ND,ND,ND,https://mxfirmas.com/NLE-San-Nicolas-de-los-Garza/Tiendas-de-zapatos
Fabricas De Calzado Andrea,San Nicolás De Los Garza,8180573187,ND,ND,ND,https://mxfirmas.com/NLE-San-Nicolas-de-los-Garza/Tiendas-de-zapatos
zapatos de seguridad PEINSA,San Nicolás De Los Garza,ND,ND,ND,ND,https://mxfirmas.com/NLE-San-Nicolas-de-los-Garza/Tiendas-de-zapatos
Renavadora de Calzado Elbotin,San Nicolás De Los Garza,ND,ND,ND,ND,https://mxfirmas.com/NLE-San-Nicolas-de-los-Garza/Tiendas-de-zapatos
Reparacion Calzado Arva,San Nicolás De Los Garza,ND,ND,ND,ND,https://mxfirmas.com/NLE-San-Nicolas-de-los-Garza/Tiendas-de-zapatos
Reparación De Calzado Ferdan,San Nicolás De Los Garza,ND,ND,ND,ND,https://mxfirmas.com/NLE-San-Nicolas-de-los-Garza/Tiendas-de-zapatos
Reparacion de Calzado Lg,San Nicolás De Los Garza,ND,ND,ND,ND,https://mxfirmas.com/NLE-San-Nicolas-de-los-Garza/Tiendas-de-zapatos
Las Torres Reparación De Calzado,San Nicolás De Los Garza,ND,ND,ND,ND,https://mxfirmas.com/NLE-San-Nicolas-de-los-Garza/Tiendas-de-zapatos
Novedades Y Zapatos,San Nicolás De Los Garza,ND,ND,ND,ND,https://mxfirmas.com/NLE-San-Nicolas-de-los-Garza/Tiendas-de-zapatos
Miss Boutique,San Nicolás De Los Garza,ND,ND,ND,ND,https://mxfirmas.com/NLE-San-Nicolas-de-los-Garza/Boutiques
Facial Boutique,San Nicolás De Los Garza,ND,ND,ND,ND,https://mxfirmas.com/NLE-San-Nicolas-de-los-Garza/Boutiques
"Zapaterias Limon,S.A. de C.V.",Guadalupe,ND,ND,ND,ND,https://mxfirmas.com/NLE-Guadalupe/Tiendas-de-botas
BOLSAS Y ZAPATOS DE PIEL SA DE CV,Guadalupe,ND,ND,ND,ND,https://mxfirmas.com/NLE-Guadalupe/Tiendas-de-botas
"Calzado Noveccento, S.A. de C.V.",Guadalupe,ND,ND,ND,ND,https://mxfirmas.com/NLE-Guadalupe/Tiendas-de-botas
Botas Reyme,Guadalupe,ND,ND,ND,ND,https://mxfirmas.com/NLE-Guadalupe/Tiendas-de-botas
Hunter Internacional,Guadalupe,ND,ND,ND,ND,https://mxfirmas.com/NLE-Guadalupe/Tiendas-de-botas
Botas Primo Mito,Guadalupe,ND,ND,ND,ND,https://mxfirmas.com/NLE-Guadalupe/Tiendas-de-botas
Venta De Botas Y Cintos Luz María Treviño Molina,Guadalupe,ND,ND,ND,ND,https://mxfirmas.com/NLE-Guadalupe/Tiendas-de-botas
Nacho Botas Y Sombreros,Guadalupe,ND,ND,ND,ND,https://mxfirmas.com/NLE-Guadalupe/Tiendas-de-botas
Boutique Elvia,Cadereyta Jiménez,ND,ND,ND,ND,https://mxfirmas.com/NLE-Cadereyta-Jimenez/Boutiques
Boutique Lupitas,Cadereyta Jiménez,ND,ND,ND,ND,https://mxfirmas.com/NLE-Cadereyta-Jimenez/Boutiques
Diva Boutique,Cadereyta Jiménez,ND,ND,ND,ND,https://mxfirmas.com/NLE-Cadereyta-Jimenez/Boutiques
Boutique Ana Paola,Cadereyta Jiménez,ND,ND,ND,ND,https://mxfirmas.com/NLE-Cadereyta-Jimenez/Boutiques
Boutique Vita,Cadereyta Jiménez,ND,ND,ND,ND,https://mxfirmas.com/NLE-Cadereyta-Jimenez/Boutiques
Boutique Gosslie,Cadereyta Jiménez,ND,ND,ND,ND,https://mxfirmas.com/NLE-Cadereyta-Jimenez/Boutiques
Karina Boutique,Cadereyta Jiménez,ND,ND,ND,ND,https://mxfirmas.com/NLE-Cadereyta-Jimenez/Boutiques
Boutique Chic.K,Cadereyta Jiménez,ND,ND,ND,ND,https://mxfirmas.com/NLE-Cadereyta-Jimenez/Boutiques
Boutique Je,Cadereyta Jiménez,ND,ND,ND,ND,https://mxfirmas.com/NLE-Cadereyta-Jimenez/Boutiques
Boutique La Victoria,Cadereyta Jiménez,ND,ND,ND,ND,https://mxfirmas.com/NLE-Cadereyta-Jimenez/Boutiques
Boutique El Closet,Santa Catarina,ND,ND,ND,ND,https://mxfirmas.com/NLE-Santa-Catarina/Boutiques
Tetes Boutique,Santa Catarina,ND,ND,ND,ND,https://mxfirmas.com/NLE-Santa-Catarina/Boutiques
Boutique Mercería Y Regalos,Santa Catarina,ND,ND,ND,ND,https://mxfirmas.com/NLE-Santa-Catarina/Boutiques
Boutique De Playa Terranova Sa De Cv,General Escobedo,ND,ND,ND,ND,https://mxfirmas.com/NLE-General-Escobedo/Boutiques
Ninet Boutique,General Escobedo,ND,ND,ND,ND,https://mxfirmas.com/NLE-General-Escobedo/Boutiques
Boutique Lady,General Escobedo,ND,ND,ND,ND,https://mxfirmas.com/NLE-General-Escobedo/Boutiques
Boutique Rosy,General Escobedo,ND,ND,ND,ND,https://mxfirmas.com/NLE-General-Escobedo/Boutiques
Boutique July,General Escobedo,ND,ND,ND,ND,https://mxfirmas.com/NLE-General-Escobedo/Boutiques
Boutique Tere,General Escobedo,ND,ND,ND,ND,https://mxfirmas.com/NLE-General-Escobedo/Boutiques
Boutique Dayren,General Escobedo,ND,ND,ND,ND,https://mxfirmas.com/NLE-General-Escobedo/Boutiques
Gris Boutique,General Escobedo,ND,ND,ND,ND,https://mxfirmas.com/NLE-General-Escobedo/Boutiques
Boutique Lucero,General Escobedo,ND,ND,ND,ND,https://mxfirmas.com/NLE-General-Escobedo/Boutiques
Boutique Para Damas,General Escobedo,ND,ND,ND,ND,https://mxfirmas.com/NLE-General-Escobedo/Boutiques
Zapatería Y Boutique Cortéz,García,ND,ND,ND,ND,https://mxfirmas.com/NLE-Garcia/Boutiques
Boutique Carlo'S Jean'S,San Nicolás De Los Garza,ND,ND,ND,ND,https://mxfirmas.com/NLE-San-Nicolas-de-los-Garza/Boutiques
Boutique Paulita,San Nicolás De Los Garza,ND,ND,ND,ND,https://mxfirmas.com/NLE-San-Nicolas-de-los-Garza/Boutiques
Novedades Aribet,San Nicolás De Los Garza,ND,ND,ND,ND,https://mxfirmas.com/NLE-San-Nicolas-de-los-Garza/Boutiques
Beatriz Boutique...PLAZA FIESTA ANÁHUAC,San Nicolás De Los Garza,ND,ND,ND,ND,https://mxfirmas.com/NLE-San-Nicolas-de-los-Garza/Boutiques
Mac & Cheese Pastry Boutique,San Nicolás De Los Garza,ND,ND,ND,ND,https://mxfirmas.com/NLE-San-Nicolas-de-los-Garza/Boutiques
Estética Y Boutique Pelones,San Nicolás De Los Garza,ND,ND,ND,ND,https://mxfirmas.com/NLE-San-Nicolas-de-los-Garza/Boutiques
Boutique Irasema,San Nicolás De Los Garza,ND,ND,ND,ND,https://mxfirmas.com/NLE-San-Nicolas-de-los-Garza/Boutiques
Tenis Kook Fabrica de Zapato Tenis Escolar,Santa Catarina,ND,ND,ND,ND,https://mxfirmas.com/NLE-Santa-Catarina/Tiendas-de-zapatos
Reparación De Calzado Reyna,Santa Catarina,ND,ND,ND,ND,https://mxfirmas.com/NLE-Santa-Catarina/Tiendas-de-zapatos
Renovadora de Calzado,Santa Catarina,ND,ND,ND,ND,https://mxfirmas.com/NLE-Santa-Catarina/Tiendas-de-zapatos
Renovadora De Calzado La Zapatilla,Santa Catarina,ND,ND,ND,ND,https://mxfirmas.com/NLE-Santa-Catarina/Tiendas-de-zapatos
Calza Imagen Zapaterías,Santa Catarina,ND,ND,ND,ND,https://mxfirmas.com/NLE-Santa-Catarina/Tiendas-de-zapatos
Reparación De Calzado Chávez,Santa Catarina,ND,ND,ND,ND,https://mxfirmas.com/NLE-Santa-Catarina/Tiendas-de-zapatos
Reparación De Calzado El Hermano Ríos,Santa Catarina,ND,ND,ND,ND,https://mxfirmas.com/NLE-Santa-Catarina/Tiendas-de-zapatos
Reparación De Calzado Pedregal,General Escobedo,ND,ND,ND,ND,https://mxfirmas.com/NLE-General-Escobedo/Tiendas-de-zapatos
Reparacion de Calzado Martinez,General Escobedo,ND,ND,ND,ND,https://mxfirmas.com/NLE-General-Escobedo/Tiendas-de-zapatos
Reparación De Calzado Raul,General Escobedo,ND,ND,ND,ND,https://mxfirmas.com/NLE-General-Escobedo/Tiendas-de-zapatos
Tienda De Lencería,San Nicolás De Los Garza,8183132085,ND,ND,ND,https://mxfirmas.com/NLE-San-Nicolas-de-los-Garza/Tiendas-de-ropa-de-mujer
Venta De Ropa De Segunda,General Escobedo,ND,ND,ND,ND,https://mxfirmas.com/NLE-General-Escobedo/Ropas
Venta De Ropa Usada,General Escobedo,ND,ND,ND,ND,https://mxfirmas.com/NLE-General-Escobedo/Ropas
Uniformes Escolares,General Escobedo,ND,ND,ND,ND,https://mxfirmas.com/NLE-General-Escobedo/Ropa
KAZARU,General Escobedo,ND,ND,ND,ND,https://mxfirmas.com/NLE-General-Escobedo/Ropa
D' France Bride's,General Escobedo,ND,ND,ND,ND,https://mxfirmas.com/NLE-General-Escobedo/Ropa
Taller Costura,General Escobedo,ND,ND,ND,ND,https://mxfirmas.com/NLE-General-Escobedo/Ropa
Laida Ho Moda,General Escobedo,ND,ND,ND,ND,https://mxfirmas.com/NLE-General-Escobedo/Ropa
Costuras Sin Nombre,General Escobedo,ND,ND,ND,ND,https://mxfirmas.com/NLE-General-Escobedo/Ropa
Comercializadora Guerra,General Escobedo,ND,ND,ND,ND,https://mxfirmas.com/NLE-General-Escobedo/Ropa
Jims Tuxedo Renta De Trajes Fums,Santa Catarina,ND,ND,ND,ND,https://mxfirmas.com/NLE-Santa-Catarina/Tiendas-de-trajes
Imr De Mexico Sa De Cv,Santa Catarina,ND,ND,ND,ND,https://mxfirmas.com/NLE-Santa-Catarina/Tiendas-de-trajes
Grupo Becalo Trajes Ejecutivos,Santa Catarina,ND,ND,ND,ND,https://mxfirmas.com/NLE-Santa-Catarina/Tiendas-de-trajes
Venta De Ropa,Cadereyta Jiménez,8113875526,ND,ND,ND,https://mxfirmas.com/NLE-Cadereyta-Jimenez/Tiendas-de-ropa
KIDS Globos y Regalos Hospitaria,General Escobedo,ND,ND,ND,ND,https://mxfirmas.com/NLE-General-Escobedo/Tiendas-de-ropa-para-ninos
Venta De Ropa De Niño D Albis,General Escobedo,ND,ND,ND,ND,https://mxfirmas.com/NLE-General-Escobedo/Tiendas-de-ropa-para-ninos
Tiendas Hexa Sa De Cv,Cadereyta Jiménez,8282847630,ND,ND,ND,https://mxfirmas.com/NLE-Cadereyta-Jimenez/Tiendas-de-lenceria
Hot Topic Room,Cadereyta Jiménez,8110507860,ND,ND,ND,https://mxfirmas.com/NLE-Cadereyta-Jimenez/Tiendas-de-lenceria
BEYNO,Cadereyta Jiménez,8281110300,ND,ND,ND,https://mxfirmas.com/NLE-Cadereyta-Jimenez/Tiendas-de-lenceria
Casa Josefina,Cadereyta Jiménez,8282840636,ND,ND,ND,https://mxfirmas.com/NLE-Cadereyta-Jimenez/Tiendas-de-lenceria
Authentic Brand,Cadereyta Jiménez,8282816113,ND,ND,ND,https://mxfirmas.com/NLE-Cadereyta-Jimenez/Tiendas-de-lenceria
Ofertas Isa,Cadereyta Jiménez,8282840750,ND,ND,ND,https://mxfirmas.com/NLE-Cadereyta-Jimenez/Tiendas-de-lenceria
Sensacion,Cadereyta Jiménez,ND,ND,ND,ND,https://mxfirmas.com/NLE-Cadereyta-Jimenez/Tiendas-de-lenceria
Angel Residencial,San Nicolás De Los Garza,8183321404,ND,ND,ND,https://mxfirmas.com/NLE-San-Nicolas-de-los-Garza/Tiendas-de-ropa-de-mujer
Ardyss,San Nicolás De Los Garza,ND,ND,ND,ND,https://mxfirmas.com/NLE-San-Nicolas-de-los-Garza/Tiendas-de-ropa-de-mujer
Venta De Ropa Para Caballero,San Nicolás De Los Garza,ND,ND,ND,ND,https://mxfirmas.com/NLE-San-Nicolas-de-los-Garza/Tiendas-de-ropa-de-mujer
Comercio Al Por Menor De Ropa Excepto De Bebé Y Lencería,San Nicolás De Los Garza,8183321404,ND,ND,ND,https://mxfirmas.com/NLE-San-Nicolas-de-los-Garza/Tiendas-de-ropa-de-mujer
Bordados Velmo,General Escobedo,ND,ND,ND,ND,https://mxfirmas.com/NLE-General-Escobedo/Ropa
Venta De Ropa Infantil Sin Nombre,General Escobedo,ND,ND,ND,ND,https://mxfirmas.com/NLE-General-Escobedo/Ropa
Sopka Boutique,Sabinas Hidalgo,ND,ND,ND,ND,https://mxfirmas.com/NLE-Sabinas-Hidalgo/Boutiques
Boutique Belinda,Sabinas Hidalgo,ND,ND,ND,ND,https://mxfirmas.com/NLE-Sabinas-Hidalgo/Boutiques
Boutique Letty,Sabinas Hidalgo,ND,ND,ND,ND,https://mxfirmas.com/NLE-Sabinas-Hidalgo/Boutiques
RAKS Boutique,Sabinas Hidalgo,ND,ND,ND,ND,https://mxfirmas.com/NLE-Sabinas-Hidalgo/Boutiques
Azalia Boutique,Sabinas Hidalgo,ND,ND,ND,ND,https://mxfirmas.com/NLE-Sabinas-Hidalgo/Boutiques
Boutique D Vanessa,Sabinas Hidalgo,ND,ND,ND,ND,https://mxfirmas.com/NLE-Sabinas-Hidalgo/Boutiques
Flor Marina,Sabinas Hidalgo,ND,ND,ND,ND,https://mxfirmas.com/NLE-Sabinas-Hidalgo/Boutiques
Erika Boutique,Sabinas Hidalgo,ND,ND,ND,ND,https://mxfirmas.com/NLE-Sabinas-Hidalgo/Boutiques
Boutique D´ Karla,Sabinas Hidalgo,ND,ND,ND,ND,https://mxfirmas.com/NLE-Sabinas-Hidalgo/Boutiques
Letty's Boutiique,Sabinas Hidalgo,ND,ND,ND,ND,https://mxfirmas.com/NLE-Sabinas-Hidalgo/Boutiques
Boutique Camila,Sabinas Hidalgo,ND,ND,ND,ND,https://mxfirmas.com/NLE-Sabinas-Hidalgo/Boutiques
Helen Boutique,Sabinas Hidalgo,ND,ND,ND,ND,https://mxfirmas.com/NLE-Sabinas-Hidalgo/Boutiques
Linda´S Boutique,Sabinas Hidalgo,ND,ND,ND,ND,https://mxfirmas.com/NLE-Sabinas-Hidalgo/Boutiques
Boutique 78,Sabinas Hidalgo,ND,ND,ND,ND,https://mxfirmas.com/NLE-Sabinas-Hidalgo/Boutiques
Boutique Katy,Sabinas Hidalgo,ND,ND,ND,ND,https://mxfirmas.com/NLE-Sabinas-Hidalgo/Boutiques
Diva´S Boutique,Sabinas Hidalgo,ND,ND,ND,ND,https://mxfirmas.com/NLE-Sabinas-Hidalgo/Boutiques
Locura Boutique,Ciudad Apodaca,ND,ND,ND,ND,https://mxfirmas.com/NLE-Ciudad-Apodaca/Boutiques
Boutique Santa Rosa,Ciudad Apodaca,ND,ND,ND,ND,https://mxfirmas.com/NLE-Ciudad-Apodaca/Boutiques
Boutique Veroch,Ciudad Apodaca,ND,ND,ND,ND,https://mxfirmas.com/NLE-Ciudad-Apodaca/Boutiques
Boutique Nanis,Ciudad Apodaca,ND,ND,ND,ND,https://mxfirmas.com/NLE-Ciudad-Apodaca/Boutiques
Boutique Miyrza,Ciudad Apodaca,ND,ND,ND,ND,https://mxfirmas.com/NLE-Ciudad-Apodaca/Boutiques
Boutique Sin Nombre,Ciudad Apodaca,8115192396,ND,ND,ND,https://mxfirmas.com/NLE-Ciudad-Apodaca/Boutiques
Boutique Mirna,Ciudad Apodaca,ND,ND,ND,ND,https://mxfirmas.com/NLE-Ciudad-Apodaca/Boutiques
Boutique Vero Castro,Ciudad Apodaca,ND,ND,ND,ND,https://mxfirmas.com/NLE-Ciudad-Apodaca/Boutiques
Boutique Cheque Y Cheque,Ciudad Apodaca,ND,ND,ND,ND,https://mxfirmas.com/NLE-Ciudad-Apodaca/Boutiques
Beatriz Boutique,Ciudad Apodaca,ND,ND,ND,ND,https://mxfirmas.com/NLE-Ciudad-Apodaca/Boutiques
Boutique Aries,Ciudad Apodaca,ND,ND,ND,ND,https://mxfirmas.com/NLE-Ciudad-Apodaca/Boutiques
Boutique Liz,Ciudad Apodaca,ND,ND,ND,ND,https://mxfirmas.com/NLE-Ciudad-Apodaca/Boutiques
Boutique D Figo,Ciudad Apodaca,ND,ND,ND,ND,https://mxfirmas.com/NLE-Ciudad-Apodaca/Boutiques
Boutique Emma,Ciudad Apodaca,ND,ND,ND,ND,https://mxfirmas.com/NLE-Ciudad-Apodaca/Boutiques
Ivahna Boutique,Ciudad Apodaca,ND,ND,ND,ND,https://mxfirmas.com/NLE-Ciudad-Apodaca/Boutiques
Boutique Kony,Ciudad Apodaca,ND,ND,ND,ND,https://mxfirmas.com/NLE-Ciudad-Apodaca/Boutiques
Boutique More Limitless,Ciudad Apodaca,ND,ND,ND,ND,https://mxfirmas.com/NLE-Ciudad-Apodaca/Boutiques
Boutique Salma,Ciudad Apodaca,ND,ND,ND,ND,https://mxfirmas.com/NLE-Ciudad-Apodaca/Boutiques
Boutique Lupita,Ciudad Apodaca,ND,ND,ND,ND,https://mxfirmas.com/NLE-Ciudad-Apodaca/Boutiques
Boutique Jaimito,Ciudad Apodaca,ND,ND,ND,ND,https://mxfirmas.com/NLE-Ciudad-Apodaca/Boutiques
Boutique Daniela,Ciudad Apodaca,ND,ND,ND,ND,https://mxfirmas.com/NLE-Ciudad-Apodaca/Boutiques
Boutique Y Regalos,Ciudad Apodaca,ND,ND,ND,ND,https://mxfirmas.com/NLE-Ciudad-Apodaca/Boutiques
Boutique Pekeña,Ciudad Apodaca,ND,ND,ND,ND,https://mxfirmas.com/NLE-Ciudad-Apodaca/Boutiques
Boutique Sweet Emotion,Ciudad Apodaca,ND,ND,ND,ND,https://mxfirmas.com/NLE-Ciudad-Apodaca/Boutiques
Boutique Mirad,Ciudad Apodaca,ND,ND,ND,ND,https://mxfirmas.com/NLE-Ciudad-Apodaca/Boutiques
BACIK Boutique - Alfonso Reyes,Ciudad Apodaca,ND,ND,ND,ND,https://mxfirmas.com/NLE-Ciudad-Apodaca/Boutiques
Boutique Luna Hostil,Ciudad Apodaca,ND,ND,ND,ND,https://mxfirmas.com/NLE-Ciudad-Apodaca/Boutiques
Boutique Ropa De Niña,Ciudad Apodaca,ND,ND,ND,ND,https://mxfirmas.com/NLE-Ciudad-Apodaca/Boutiques
Boutique Alfredo,Ciudad Apodaca,ND,ND,ND,ND,https://mxfirmas.com/NLE-Ciudad-Apodaca/Boutiques
Boutique De Ropa,Ciudad Apodaca,ND,ND,ND,ND,https://mxfirmas.com/NLE-Ciudad-Apodaca/Boutiques
Tienda De Ropa Para Caballero Sin Nombre,Ciudad Apodaca,ND,ND,ND,ND,https://mxfirmas.com/NLE-Ciudad-Apodaca/Tiendas-de-ropa
Tienda De Venta De Ropa Sin Nombre,Ciudad Apodaca,8681970028,ND,ND,ND,https://mxfirmas.com/NLE-Ciudad-Apodaca/Tiendas-de-ropa
Tienda De Ropa Y Calzado Sin Nombre,Ciudad Apodaca,8681970028,ND,ND,ND,https://mxfirmas.com/NLE-Ciudad-Apodaca/Tiendas-de-ropa
Tienda De Ropa Sin Nombre,Ciudad Apodaca,8681970028,ND,ND,ND,https://mxfirmas.com/NLE-Ciudad-Apodaca/Tiendas-de-ropa
Venta De Ropa,Ciudad Apodaca,ND,ND,ND,ND,https://mxfirmas.com/NLE-Ciudad-Apodaca/Tiendas-de-ropa
Tienda De Ropa,Ciudad Apodaca,8681970028,ND,ND,ND,https://mxfirmas.com/NLE-Ciudad-Apodaca/Tiendas-de-ropa
Ropa Casual Raquel,Ciudad Apodaca,ND,ND,ND,ND,https://mxfirmas.com/NLE-Ciudad-Apodaca/Tiendas-de-ropa-para-hombres
CAMARA MUÑOZ ARACELY,Ciudad Apodaca,9999231421,ND,ND,ND,https://mxfirmas.com/NLE-Ciudad-Apodaca/Tiendas-de-ropa-para-hombres
Distribuidora Femina,Ciudad Apodaca,8183825586,ND,ND,ND,https://mxfirmas.com/NLE-Ciudad-Apodaca/Tiendas-de-ropa-para-hombres
Lubicy,Ciudad Apodaca,8183827770,ND,ND,ND,https://mxfirmas.com/NLE-Ciudad-Apodaca/Tiendas-de-ropa-para-hombres
Conecion,Ciudad Apodaca,ND,ND,ND,ND,https://mxfirmas.com/NLE-Ciudad-Apodaca/Tiendas-de-ropa-para-hombres
Venta De Ropa Usada,Ciudad Apodaca,8120458044,ND,ND,ND,https://mxfirmas.com/NLE-Ciudad-Apodaca/Tiendas-de-ropa-de-segunda-mano
Bazar De Ropa,Ciudad Apodaca,8120458044,ND,ND,ND,https://mxfirmas.com/NLE-Ciudad-Apodaca/Tiendas-de-ropa-de-segunda-mano
Venta De Ropa De Segunda,Ciudad Apodaca,ND,ND,ND,ND,https://mxfirmas.com/NLE-Ciudad-Apodaca/Tiendas-de-ropa-de-segunda-mano
Ropa De Venta Usada,Ciudad Apodaca,ND,ND,ND,ND,https://mxfirmas.com/NLE-Ciudad-Apodaca/Tiendas-de-ropa-de-segunda-mano
Venta De Accesorios Y Ropa,Ciudad Apodaca,8116117615,ND,ND,ND,https://mxfirmas.com/NLE-Ciudad-Apodaca/Tiendas-de-ropa-para-ninos
Tienda De Ropa Adela Cardona,Ciudad Apodaca,8116117615,ND,ND,ND,https://mxfirmas.com/NLE-Ciudad-Apodaca/Tiendas-de-ropa-para-ninos
Creaciones Olimpia,Ciudad Apodaca,ND,ND,ND,ND,https://mxfirmas.com/NLE-Ciudad-Apodaca/Tiendas-de-ropa-de-bebe
Venta De Ropa Excepto De Bebe Y Lencería,Ciudad Apodaca,8183419671,ND,ND,ND,https://mxfirmas.com/NLE-Ciudad-Apodaca/Tiendas-de-ropa-de-bebe
Comercio Al Por Menor De Ropa Excepto De Bebé Y Lencería,Ciudad Apodaca,8183419671,ND,ND,ND,https://mxfirmas.com/NLE-Ciudad-Apodaca/Tiendas-de-ropa-de-bebe
Boutique La Maison des Fleurs,San Pedro Garza García,ND,ND,ND,ND,https://mxfirmas.com/NLE-San-Pedro-Garza-Garcia/Boutiques
Santa Monica Boutique,San Pedro Garza García,ND,ND,ND,ND,https://mxfirmas.com/NLE-San-Pedro-Garza-Garcia/Boutiques
Mere Boutique,San Pedro Garza García,ND,ND,ND,ND,https://mxfirmas.com/NLE-San-Pedro-Garza-Garcia/Boutiques
Siris,San Pedro Garza García,ND,ND,ND,ND,https://mxfirmas.com/NLE-San-Pedro-Garza-Garcia/Boutiques
Babycakes Boutique,San Pedro Garza García,ND,ND,ND,ND,https://mxfirmas.com/NLE-San-Pedro-Garza-Garcia/Boutiques
Moreno Margarita,San Pedro Garza García,ND,ND,ND,ND,https://mxfirmas.com/NLE-San-Pedro-Garza-Garcia/Boutiques
Stella,San Pedro Garza García,ND,ND,ND,ND,https://mxfirmas.com/NLE-San-Pedro-Garza-Garcia/Boutiques
D BABY AND KIDS BOUTIQUE,San Pedro Garza García,ND,ND,ND,ND,https://mxfirmas.com/NLE-San-Pedro-Garza-Garcia/Boutiques
Michelle Boutique,San Pedro Garza García,ND,ND,ND,ND,https://mxfirmas.com/NLE-San-Pedro-Garza-Garcia/Boutiques
Boutique Mapis,San Pedro Garza García,ND,ND,ND,ND,https://mxfirmas.com/NLE-San-Pedro-Garza-Garcia/Boutiques
Chic Boutique De Accesorios,San Pedro Garza García,ND,ND,ND,ND,https://mxfirmas.com/NLE-San-Pedro-Garza-Garcia/Boutiques
Sweet Boutique,San Pedro Garza García,ND,ND,ND,ND,https://mxfirmas.com/NLE-San-Pedro-Garza-Garcia/Boutiques
Loly In The Sky,San Pedro Garza García,ND,ND,ND,ND,https://mxfirmas.com/NLE-San-Pedro-Garza-Garcia/Tiendas-de-zapatos
"Manufacturas de Calzado Fino, S.A. de C.V.",San Pedro Garza García,ND,ND,ND,ND,https://mxfirmas.com/NLE-San-Pedro-Garza-Garcia/Tiendas-de-zapatos
"Calzado Insurgentes, S.A. de C.V.",San Pedro Garza García,ND,ND,ND,ND,https://mxfirmas.com/NLE-San-Pedro-Garza-Garcia/Tiendas-de-zapatos
Comercio Al Por Menor De Calzado,San Pedro Garza García,ND,ND,ND,ND,https://mxfirmas.com/NLE-San-Pedro-Garza-Garcia/Tiendas-de-zapatos
Reparadora De Calzado Y Artículos De Piel,San Pedro Garza García,ND,ND,ND,ND,https://mxfirmas.com/NLE-San-Pedro-Garza-Garcia/Tiendas-de-zapatos
Uniformes Deportivos Sin Nombre,Monterrey,8183730424,ND,ND,ND,https://mxfirmas.com/NLE-Monterrey/Tiendas-de-ropa-deportiva
Telas Mundo Del Deporte S.A. De C.V.,Monterrey,8183755859,ND,ND,ND,https://mxfirmas.com/NLE-Monterrey/Tiendas-de-ropa-deportiva
Crazy Wear Gym,Monterrey,8183593229,ND,ND,ND,https://mxfirmas.com/NLE-Monterrey/Tiendas-de-ropa-deportiva
Oficina De Ventas Ropa Deportiva,Monterrey,8183456620,ND,ND,ND,https://mxfirmas.com/NLE-Monterrey/Tiendas-de-ropa-deportiva
Venta De Ropa Deportiva Planta Baja E-34,Monterrey,ND,ND,ND,ND,https://mxfirmas.com/NLE-Monterrey/Tiendas-de-ropa-deportiva
Venta Ropa Deportiva,Monterrey,ND,ND,ND,ND,https://mxfirmas.com/NLE-Monterrey/Tiendas-de-ropa-deportiva
Ropa Deportiva Fighter Ben,Monterrey,8183456620,ND,ND,ND,https://mxfirmas.com/NLE-Monterrey/Tiendas-de-ropa-deportiva
Tienda de Deportes Sport Palace,Monterrey,ND,ND,ND,ND,https://mxfirmas.com/NLE-Monterrey/Tiendas-de-ropa-deportiva
DEPORTES MEXICO,Monterrey,ND,ND,ND,ND,https://mxfirmas.com/NLE-Monterrey/Tiendas-de-ropa-deportiva
Smart,Monterrey,ND,ND,ND,ND,https://mxfirmas.com/NLE-Monterrey/Tiendas-de-uniformes
Rebeca Acosta,Monterrey,ND,ND,ND,ND,https://mxfirmas.com/NLE-Monterrey/Tiendas-de-uniformes
LIMSEG,Monterrey,ND,ND,ND,ND,https://mxfirmas.com/NLE-Monterrey/Tiendas-de-uniformes
Boutique Engracia,Anáhuac,8737370660,ND,ND,ND,https://mxfirmas.com/NLE-Anahuac/Boutiques
Tienda De Ropa Ilianas Boutique,Anáhuac,8737370660,ND,ND,ND,https://mxfirmas.com/NLE-Anahuac/Boutiques
Tienda De Ropa Beautys Boutique,Anáhuac,8737370660,ND,ND,ND,https://mxfirmas.com/NLE-Anahuac/Boutiques
Boutique Géminis,Anáhuac,ND,ND,ND,ND,https://mxfirmas.com/NLE-Anahuac/Boutiques
Millenium Boutique,Anáhuac,ND,ND,ND,ND,https://mxfirmas.com/NLE-Anahuac/Boutiques
Fayette Novias,Monterrey,ND,ND,ND,ND,https://mxfirmas.com/NLE-Monterrey/Tiendas-de-trajes
Yadalli renta de vestidos,Monterrey,ND,ND,ND,ND,https://mxfirmas.com/NLE-Monterrey/Tiendas-de-trajes
V.I.P Clase,Monterrey,ND,ND,ND,ND,https://mxfirmas.com/NLE-Monterrey/Tiendas-de-trajes
W Atelier,Monterrey,ND,ND,ND,ND,https://mxfirmas.com/NLE-Monterrey/Tiendas-de-trajes
White Closet,Monterrey,ND,ND,ND,ND,https://mxfirmas.com/NLE-Monterrey/Tiendas-de-trajes
Colomer Sa De Cv,Monterrey,ND,ND,ND,ND,https://mxfirmas.com/NLE-Monterrey/Tiendas-de-trajes
Renta de Trajes,Monterrey,ND,ND,ND,ND,https://mxfirmas.com/NLE-Monterrey/Tiendas-de-trajes
"Operadora de Trajes, S.A. de C.V.",Monterrey,ND,ND,ND,ND,https://mxfirmas.com/NLE-Monterrey/Tiendas-de-trajes
Elite Tuxedo,Monterrey,ND,ND,ND,ND,https://mxfirmas.com/NLE-Monterrey/Tiendas-de-trajes
Textiles Y Estambres De Aguascalientes,Monterrey,ND,ND,ND,ND,https://mxfirmas.com/NLE-Monterrey/Tiendas-de-trajes
Wisell Promocionales,Monterrey,ND,ND,ND,ND,https://mxfirmas.com/NLE-Monterrey/Tiendas-de-trajes
Angelo Sartoria,Monterrey,ND,ND,ND,ND,https://mxfirmas.com/NLE-Monterrey/Tiendas-de-trajes
Emma Vestidos Novia y Cocktail,Monterrey,ND,ND,ND,ND,https://mxfirmas.com/NLE-Monterrey/Tiendas-de-trajes
Ddanz,Monterrey,ND,ND,ND,ND,https://mxfirmas.com/NLE-Monterrey/Tiendas-de-trajes
Oysho,Monterrey,ND,ND,ND,ND,https://mxfirmas.com/NLE-Monterrey/Tiendas-de-trajes
"Moda en Trajes, S.A. de C.V.",Monterrey,ND,ND,ND,ND,https://mxfirmas.com/NLE-Monterrey/Tiendas-de-trajes
Colección Tajimaroa,Monterrey,ND,ND,ND,ND,https://mxfirmas.com/NLE-Monterrey/Tiendas-de-trajes
Plasma Cut,Monterrey,ND,ND,ND,ND,https://mxfirmas.com/NLE-Monterrey/Tiendas-de-trajes
Marianella Gonzalez Outlet Wedding Dresses,Monterrey,ND,ND,ND,ND,https://mxfirmas.com/NLE-Monterrey/Tiendas-de-trajes
Eme style boutique,Monterrey,ND,ND,ND,ND,https://mxfirmas.com/NLE-Monterrey/Boutiques
Chocolate Boutique,Monterrey,ND,ND,ND,ND,https://mxfirmas.com/NLE-Monterrey/Boutiques
Boutique Era,Monterrey,ND,ND,ND,ND,https://mxfirmas.com/NLE-Monterrey/Boutiques
Franca Boutique,Monterrey,ND,ND,ND,ND,https://mxfirmas.com/NLE-Monterrey/Boutiques
Eme style boutique (Suc. Vista Hermosa),Monterrey,ND,ND,ND,ND,https://mxfirmas.com/NLE-Monterrey/Boutiques
Amber Boutique,Monterrey,ND,ND,ND,ND,https://mxfirmas.com/NLE-Monterrey/Boutiques
Montblanc Boutique,Monterrey,ND,ND,ND,ND,https://mxfirmas.com/NLE-Monterrey/Boutiques
Suburbia,Monterrey,ND,ND,ND,ND,https://mxfirmas.com/NLE-Monterrey/Boutiques
Zapatería Chantel,Monterrey,ND,ND,ND,ND,https://mxfirmas.com/NLE-Monterrey/Boutiques
"Massimo Dutti México, S.A. de C.V.",Monterrey,ND,ND,ND,ND,https://mxfirmas.com/NLE-Monterrey/Boutiques
Punto Erogeno Sex Shop Monterrey,Monterrey,ND,ND,ND,ND,https://mxfirmas.com/NLE-Monterrey/Boutiques
Boutique Playa Terran,Monterrey,ND,ND,ND,ND,https://mxfirmas.com/NLE-Monterrey/Boutiques
Organica Boutique Company,Monterrey,ND,ND,ND,ND,https://mxfirmas.com/NLE-Monterrey/Boutiques
Boutique Tregos,Monterrey,ND,ND,ND,ND,https://mxfirmas.com/NLE-Monterrey/Boutiques
Boutique Sophie,Monterrey,ND,ND,ND,ND,https://mxfirmas.com/NLE-Monterrey/Boutiques
Boutique del payaso,Monterrey,ND,ND,ND,ND,https://mxfirmas.com/NLE-Monterrey/Boutiques
Boutique alameda,Monterrey,ND,ND,ND,ND,https://mxfirmas.com/NLE-Monterrey/Boutiques
Zilbeth Boutique,Monterrey,ND,ND,ND,ND,https://mxfirmas.com/NLE-Monterrey/Boutiques
Ana Maria Boutique,Monterrey,ND,ND,ND,ND,https://mxfirmas.com/NLE-Monterrey/Boutiques
Atoa Boutique,Monterrey,ND,ND,ND,ND,https://mxfirmas.com/NLE-Monterrey/Boutiques
Lila Boutique,Monterrey,ND,ND,ND,ND,https://mxfirmas.com/NLE-Monterrey/Boutiques
Rent The Dress,Monterrey,ND,ND,ND,ND,https://mxfirmas.com/NLE-Monterrey/Boutiques
Boutique Vero,Monterrey,ND,ND,ND,ND,https://mxfirmas.com/NLE-Monterrey/Boutiques
Hucha Perro Boutique & Accesorios,Monterrey,ND,ND,ND,ND,https://mxfirmas.com/NLE-Monterrey/Boutiques
Chipp´s Boutique,Monterrey,ND,ND,ND,ND,https://mxfirmas.com/NLE-Monterrey/Boutiques
Chic boutique,Monterrey,ND,ND,ND,ND,https://mxfirmas.com/NLE-Monterrey/Boutiques
Uka Boutique,Monterrey,ND,ND,ND,ND,https://mxfirmas.com/NLE-Monterrey/Boutiques
Boutique Le Petit,Monterrey,ND,ND,ND,ND,https://mxfirmas.com/NLE-Monterrey/Boutiques
Shejina Boutique,Monterrey,ND,ND,ND,ND,https://mxfirmas.com/NLE-Monterrey/Boutiques
Boutique Karina,Monterrey,ND,ND,ND,ND,https://mxfirmas.com/NLE-Monterrey/Boutiques
BOUTIQUE SANDRA,Monterrey,ND,ND,ND,ND,https://mxfirmas.com/NLE-Monterrey/Boutiques
Ellie Boutique,Monterrey,ND,ND,ND,ND,https://mxfirmas.com/NLE-Monterrey/Boutiques
Boutique Armate,Monterrey,ND,ND,ND,ND,https://mxfirmas.com/NLE-Monterrey/Boutiques
Chatré,Linares,ND,ND,ND,ND,https://mxfirmas.com/NLE-Linares/Boutiques
YEN y BREN Boutique,Linares,ND,ND,ND,ND,https://mxfirmas.com/NLE-Linares/Boutiques
De La Garza Guajardo Ma Guadalupe,Linares,ND,ND,ND,ND,https://mxfirmas.com/NLE-Linares/Boutiques
"Lozano Saldaña, Sra. Laura Nydia",Linares,ND,ND,ND,ND,https://mxfirmas.com/NLE-Linares/Boutiques
Boutique Bazar,Linares,ND,ND,ND,ND,https://mxfirmas.com/NLE-Linares/Boutiques
FRESA Boutique Linares,Linares,ND,ND,ND,ND,https://mxfirmas.com/NLE-Linares/Boutiques
"Pérez Ramirez, Oscar",Anáhuac,8737370272,ND,ND,ND,https://mxfirmas.com/NLE-Anahuac/Tiendas-de-ropa-de-mujer
Novedades Amelia (Venta De Ropa Interior Accesorios Y Bisutería-),Anáhuac,8737370272,ND,ND,ND,https://mxfirmas.com/NLE-Anahuac/Tiendas-de-ropa-de-mujer
Tienda De Venta De Ropa Y Novedades Doris,Anáhuac,8737370272,ND,ND,ND,https://mxfirmas.com/NLE-Anahuac/Tiendas-de-ropa-de-mujer
Venta De Ropa De Caballero Sin Nombre,San Nicolás De Los Garza,ND,ND,ND,ND,https://mxfirmas.com/NLE-San-Nicolas-de-los-Garza/Tiendas-de-ropa
Venta De Ropa De Dama,San Nicolás De Los Garza,ND,ND,ND,ND,https://mxfirmas.com/NLE-San-Nicolas-de-los-Garza/Tiendas-de-ropa
Uniformes,Monterrey,ND,ND,ND,ND,https://mxfirmas.com/NLE-Monterrey/Tiendas-de-uniformes/page2
Uniformes ilimitados,Monterrey,ND,ND,ND,ND,https://mxfirmas.com/NLE-Monterrey/Tiendas-de-uniformes/page2
UNIFORMES STARMODA SA DE CV,Monterrey,ND,ND,ND,ND,https://mxfirmas.com/NLE-Monterrey/Tiendas-de-uniformes/page2
Venta De Uniformes Sin Nombre,Monterrey,ND,ND,ND,ND,https://mxfirmas.com/NLE-Monterrey/Tiendas-de-uniformes/page2
La Cabaña Uniformes,Monterrey,ND,ND,ND,ND,https://mxfirmas.com/NLE-Monterrey/Tiendas-de-uniformes/page2
Uniformes Deportivos,Monterrey,ND,ND,ND,ND,https://mxfirmas.com/NLE-Monterrey/Tiendas-de-uniformes/page2
Uniformes Empresariales,Monterrey,ND,ND,ND,ND,https://mxfirmas.com/NLE-Monterrey/Tiendas-de-uniformes/page2
Lady Elegance,Monterrey,ND,ND,ND,ND,https://mxfirmas.com/NLE-Monterrey/Tiendas-de-uniformes/page2
"Fabrica de Trajes y Uniformes, S.A. de C.V.",Monterrey,ND,ND,ND,ND,https://mxfirmas.com/NLE-Monterrey/Tiendas-de-uniformes/page3
Venta de Uniformes Deportivos,Monterrey,ND,ND,ND,ND,https://mxfirmas.com/NLE-Monterrey/Tiendas-de-uniformes/page3
Uniformes Tony,Monterrey,ND,ND,ND,ND,https://mxfirmas.com/NLE-Monterrey/Tiendas-de-uniformes/page3
"Uniformes María Teresa, S. de R.L. M.I.",Monterrey,ND,ND,ND,ND,https://mxfirmas.com/NLE-Monterrey/Tiendas-de-uniformes/page3
Maquiladora De Uniformes,Monterrey,ND,ND,ND,ND,https://mxfirmas.com/NLE-Monterrey/Tiendas-de-uniformes/page3
Servs Textiles Promociones e Impresos,Monterrey,ND,ND,ND,ND,https://mxfirmas.com/NLE-Monterrey/Tiendas-de-uniformes/page3
Norelly Uniformes Secretariales,Monterrey,ND,ND,ND,ND,https://mxfirmas.com/NLE-Monterrey/Tiendas-de-uniformes/page3
Muc,Monterrey,ND,ND,ND,ND,https://mxfirmas.com/NLE-Monterrey/Tiendas-de-uniformes/page3
Uniformes Rosbet,Monterrey,ND,ND,ND,ND,https://mxfirmas.com/NLE-Monterrey/Tiendas-de-uniformes/page3
Uniformes Cumbres,Monterrey,ND,ND,ND,ND,https://mxfirmas.com/NLE-Monterrey/Tiendas-de-uniformes/page3
Uniformes TanYre,Monterrey,ND,ND,ND,ND,https://mxfirmas.com/NLE-Monterrey/Tiendas-de-uniformes/page3
V.L Uniformes,Monterrey,ND,ND,ND,ND,https://mxfirmas.com/NLE-Monterrey/Tiendas-de-uniformes/page3
GONZALEZ BENAVIDES MAURICIO ALBERTO,Monterrey,ND,ND,ND,ND,https://mxfirmas.com/NLE-Monterrey/Tiendas-de-uniformes/page3
10 UNIFORMES 11 PROMOCIONES,Monterrey,ND,ND,ND,ND,https://mxfirmas.com/NLE-Monterrey/Tiendas-de-uniformes/page3
Maria Karen,Monterrey,ND,ND,ND,ND,https://mxfirmas.com/NLE-Monterrey/Tiendas-de-uniformes/page3
Raul Aguirre Gonzalez,Monterrey,ND,ND,ND,ND,https://mxfirmas.com/NLE-Monterrey/Tiendas-de-uniformes/page3
Di Crea,Monterrey,ND,ND,ND,ND,https://mxfirmas.com/NLE-Monterrey/Tiendas-de-uniformes/page3
Rencomex,Monterrey,ND,ND,ND,ND,https://mxfirmas.com/NLE-Monterrey/Tiendas-de-uniformes/page3
Uniformes Industriales Lema,Monterrey,ND,ND,ND,ND,https://mxfirmas.com/NLE-Monterrey/Tiendas-de-uniformes/page3
Uniformes Carmen,Monterrey,ND,ND,ND,ND,https://mxfirmas.com/NLE-Monterrey/Tiendas-de-uniformes/page3
Renata Saga- Uniformes Para Damas,Monterrey,ND,ND,ND,ND,https://mxfirmas.com/NLE-Monterrey/Tiendas-de-uniformes/page3
Taller De Costura,Monterrey,ND,ND,ND,ND,https://mxfirmas.com/NLE-Monterrey/Tiendas-de-uniformes/page3
Uniformes/ Trajes hector,Monterrey,ND,ND,ND,ND,https://mxfirmas.com/NLE-Monterrey/Tiendas-de-uniformes/page3
Uniformes del Norte-Uniformes Industriales,Monterrey,ND,ND,ND,ND,https://mxfirmas.com/NLE-Monterrey/Tiendas-de-uniformes/page3
Uniformes Similares,Monterrey,ND,ND,ND,ND,https://mxfirmas.com/NLE-Monterrey/Tiendas-de-uniformes/page3
Boutique New Era,Juárez,ND,ND,ND,ND,https://mxfirmas.com/NLE-Juarez/Boutiques
Boutique Minerva,Juárez,ND,ND,ND,ND,https://mxfirmas.com/NLE-Juarez/Boutiques
Boutique Garza,Juárez,ND,ND,ND,ND,https://mxfirmas.com/NLE-Juarez/Boutiques
Boutique Juaniss,Juárez,ND,ND,ND,ND,https://mxfirmas.com/NLE-Juarez/Boutiques
Boutique De Mary,Salinas Victoria,ND,ND,ND,ND,https://mxfirmas.com/NLE-Salinas-Victoria/Boutiques
Boutique Marilú,Salinas Victoria,ND,ND,ND,ND,https://mxfirmas.com/NLE-Salinas-Victoria/Boutiques
Boutique Dayan,Salinas Victoria,ND,ND,ND,ND,https://mxfirmas.com/NLE-Salinas-Victoria/Boutiques
Boutique Nayely,Salinas Victoria,ND,ND,ND,ND,https://mxfirmas.com/NLE-Salinas-Victoria/Boutiques
Cami Bordados,Juárez,ND,ND,ND,ND,https://mxfirmas.com/NLE-Juarez/Tiendas-de-trajes
Casa Mary Renta De Vestidos,Sabinas Hidalgo,ND,ND,ND,ND,https://mxfirmas.com/NLE-Sabinas-Hidalgo/Tienda-de-articulos-deportivos
Taller De Costura Mary's,Anáhuac,ND,ND,ND,ND,https://mxfirmas.com/NLE-Anahuac/Ropa
Roxy Boutique,Guadalupe,018124328533,ND,ND,ND,https://www.cylex.mx/guadalupe-guadalupe-nuevo%2Ble%C3%B3n/boutiques.html
Fantasy Disfraces,Guadalupe,018120256371,ND,ND,ND,https://www.cylex.mx/guadalupe-guadalupe-nuevo%2Ble%C3%B3n/boutiques.html
Lady Fashion Boutique,Guadalupe,018122692236,ND,ND,ND,https://www.cylex.mx/guadalupe-guadalupe-nuevo%2Ble%C3%B3n/boutiques.html
Soo Curvy Tallas Extras,Guadalupe,018127534215,ND,ND,ND,https://www.cylex.mx/guadalupe-guadalupe-nuevo%2Ble%C3%B3n/boutiques.html
Disfraces Infantiles Candy,Guadalupe,018183098540,ND,ND,ND,https://www.cylex.mx/guadalupe-guadalupe-nuevo%2Ble%C3%B3n/boutiques.html
Rincon de Mc Allen,Guadalupe,8117997212,ND,ND,ND,https://www.cylex.mx/guadalupe-guadalupe-nuevo%2Ble%C3%B3n/boutiques.html
Extravagant,Guadalupe,018132658601,ND,ND,ND,https://www.cylex.mx/guadalupe-guadalupe-nuevo%2Ble%C3%B3n/boutiques.html
Emmy boutique,Guadalupe,018129563196,ND,ND,ND,https://www.cylex.mx/guadalupe-guadalupe-nuevo%2Ble%C3%B3n/boutiques.html
Planeta Kids,Guadalupe,018129725840,ND,ND,ND,https://www.cylex.mx/guadalupe-guadalupe-nuevo%2Ble%C3%B3n/boutiques.html
Victoriana Renta de vestidos,Guadalupe,018183093187,ND,ND,ND,https://www.cylex.mx/guadalupe-guadalupe-nuevo%2Ble%C3%B3n/boutiques.html
Renta y Venta de vestidos Melissa,Guadalupe,018183679088,ND,ND,ND,https://www.cylex.mx/guadalupe-guadalupe-nuevo%2Ble%C3%B3n/boutiques.html
Isabella Vestidos Renta Venta,Guadalupe,018121349666,ND,ND,ND,https://www.cylex.mx/guadalupe-guadalupe-nuevo%2Ble%C3%B3n/gorra-2.html
Divina Renta de Vestidos,Guadalupe,018119920122,ND,ND,ND,https://www.cylex.mx/guadalupe-guadalupe-nuevo%2Ble%C3%B3n/gorra-2.html
MATMA,Guadalupe,018119103998,ND,ND,ND,https://www.cylex.mx/guadalupe-guadalupe-nuevo%2Ble%C3%B3n/gorra-2.html
Liz Sensations Cute Clothing,Guadalupe,018121765665,ND,ND,ND,https://www.cylex.mx/guadalupe-guadalupe-nuevo%2Ble%C3%B3n/gorra-2.html
La Remera Guadalupe,Guadalupe,018123595765,ND,ND,ND,https://www.cylex.mx/guadalupe-guadalupe-nuevo%2Ble%C3%B3n/gorra-2.html
Zona Outlet Oficial,Guadalupe,018132317577,ND,ND,ND,https://www.cylex.mx/guadalupe-guadalupe-nuevo%2Ble%C3%B3n/gorra-4.html
Bordados GUVI,Guadalupe,ND,ND,ND,ND,https://www.cylex.mx/guadalupe-guadalupe-nuevo%2Ble%C3%B3n/gorra-4.html
Yolis Confecciones y Bordados,Guadalupe,018116047006,ND,ND,ND,https://www.cylex.mx/guadalupe-guadalupe-nuevo%2Ble%C3%B3n/gorra-4.html
Kleid Renta de Vestidos - Guadalupe,Guadalupe,018118707261,ND,ND,ND,https://www.cylex.mx/guadalupe-guadalupe-nuevo%2Ble%C3%B3n/gorra-4.html
Mariscal Moda Hombre,Monterrey,018181307800,ND,ND,ND,https://www.cylex.mx/monterrey-monterrey/venta-de-ropa-y-accesorios/?dst=Obispado
Only Fifteen,Monterrey,018125112275,ND,ND,ND,https://www.cylex.mx/monterrey-monterrey/venta-de-ropa-y-accesorios/?dst=Obispado
Brantex,Monterrey,018144442394,ND,ND,ND,https://www.cylex.mx/monterrey-monterrey/venta-de-ropa-y-accesorios/?dst=Obispado
Creaciones Alygu S.a,Monterrey,018183438640,ND,ND,ND,https://www.cylex.mx/monterrey-monterrey/venta-de-ropa-y-accesorios/?dst=Obispado
The Brave Store,Monterrey,017445085468,ND,ND,ND,https://www.cylex.mx/monterrey-monterrey/venta-de-ropa-y-accesorios/?dst=Obispado
Dickies Confecciones y Bordados Regiomontanos,Monterrey,018111339749,ND,ND,ND,https://www.cylex.mx/monterrey-monterrey/venta-de-ropa-y-accesorios/?dst=Obispado
Uomo Store,Monterrey,018115110337,ND,ND,ND,https://www.cylex.mx/monterrey-monterrey/venta-de-ropa-y-accesorios/?dst=buenos-aires
Marcados.mx,Monterrey,018182106666,ND,ND,ND,https://www.cylex.mx/monterrey-monterrey/venta-de-ropa-y-accesorios/?dst=buenos-aires
Bordarey,Monterrey,018181900852,ND,ND,ND,https://www.cylex.mx/monterrey-monterrey/venta-de-ropa-y-accesorios/?dst=buenos-aires
Mi Playera,Monterrey,018112345000,ND,ND,ND,https://www.cylex.mx/monterrey-monterrey/venta-de-ropa-y-accesorios/?dst=buenos-aires
Creativo Playeras,Monterrey,018120471189,ND,ND,ND,https://www.cylex.mx/monterrey-monterrey/venta-de-ropa-y-accesorios/?dst=buenos-aires
Mundo DISARE,Monterrey,018187619479,ND,ND,ND,https://www.cylex.mx/monterrey-monterrey/venta-de-ropa-y-accesorios/?dst=buenos-aires
Optima Playeras - Monterrey,Monterrey,018181903428,ND,ND,ND,https://www.cylex.mx/monterrey-monterrey/venta-de-ropa-y-accesorios/?dst=buenos-aires
MOGA Formal Dresses,Monterrey,018134024368,ND,ND,ND,https://www.cylex.mx/monterrey-monterrey/venta-de-ropa-y-accesorios/?dst=buenos-aires
"Fritzi Moda, S.a. de C.v",Monterrey,018181030499,ND,ND,ND,https://www.cylex.mx/monterrey-monterrey/venta-de-ropa-y-accesorios/?dst=buenos-aires
TodoFutbol Monterrey,Monterrey,018140504635,ND,ND,ND,https://www.cylex.mx/monterrey-monterrey/venta-de-ropa-y-accesorios/?dst=buenos-aires
Amelia boutique,Monterrey,018116311994,ND,ND,ND,https://www.cylex.mx/monterrey-monterrey/venta-de-ropa-y-accesorios/?dst=buenos-aires
Magellan,Monterrey,018132372604,ND,ND,ND,https://www.cylex.mx/monterrey-monterrey/venta-de-ropa-y-accesorios/?dst=buenos-aires
Tirso Gutierrez Del Angel,Monterrey,018183403105,ND,ND,ND,https://www.cylex.mx/monterrey-monterrey/venta-de-ropa-y-accesorios/?dst=buenos-aires
Magica Princesa Vestidos Monterrey,Monterrey,8131039052,ND,ND,ND,https://www.cylex.mx/monterrey-monterrey/tiendas%2Bde%2Bropa-6.html
Serigrafia y Bordados Rebeca,Guadalupe,018182824676,ND,ND,ND,https://www.cylex.mx/monterrey-monterrey/tiendas%2Bde%2Bropa-6.html
Aurora Palma Boutique,Allende,+528261233134,ND,ND,https://aurorapalmaboutique.com/,https://aurorapalmaboutique.com/
Aurora Palma Boutique,Montemorelos,+528262632173,ND,ND,https://aurorapalmaboutique.com/,https://aurorapalmaboutique.com/
Exotiq Boutique,Allende,8261224093,exotiqboutique@gmail.com,ND,https://exotiqboutique.com.mx/,https://exotiqboutique.com.mx/sucursales/
Exotiq Boutique,Linares,8131004042,ND,ND,https://exotiqboutique.com.mx/,https://exotiqboutique.com.mx/sucursales/
Titis Boutique,Santiago,8112040359,ND,ND,https://titisboutique.mx/,https://titisboutique.mx/
Hey Lola,Montemorelos,82634049,ND,ND,https://www.heylola.mx/,https://mx.linkedin.com/company/heylola
Fegarroli,San Pedro Garza García,8123666480,ND,ND,ND,https://fegarroli.ueniweb.com/
Boutique Carolina Online,Santa Catarina,8120145388,b.c.o.carolina@gmail.com,ND,boutique-carolina-online.negocio.site,https://www.allbiz.mx/boutique-carolina-online-81-2014-5388
Compeán Tendenss,Santa Catarina,ND,ND,ND,ND,https://sam-mia.ueniweb.com/
LAOLA Sendero Santa Catarina,Santa Catarina,ND,ND,ND,https://laolamoda.mx/,https://laolamoda.mx/store/l014-sendero-sta-catarina/
Rots Boutique,Allende,ND,ND,ND,ND,https://rots-boutique.ueniweb.com/about-us/moda-de-calidad-para-todos-los-gustos-6182952
Aída Moños Boutique,García,ND,ND,ND,ND,https://aida-monos-boutique.ueniweb.com/
Ropa y Accesorios Beky,Cadereyta Jiménez,ND,rebecaflorescelis@gmail.com,ND,ND,https://ropa-y-accesorios-beky.ueniweb.com/about-us/boutique-de-moda-en-cadereyta-jimenez-6181379
Anubis,Sabinas Hidalgo,ND,[email protected],ND,ND,https://anubis-2.ueniweb.com/
La Lupita/Ropa Artesanal Mexicana,Sabinas Hidalgo,8241170022,ferretera2000@hotmail.com,ND,ND,https://www.allbiz.mx/la-lupita-ropa-artesanal-mexicana-824-117-0022
BOUTIQUE BLANCA NELLY,Sabinas Hidalgo,8242421125,ND,ND,ND,https://lasempresas.com.mx/boutique-blanca-nelly/
STATUS ALTA COSTURA,Sabinas Hidalgo,ND,ND,ND,ND,https://pymes.org.mx/pyme/status-alta-costura-24b0f386.html
Regalos Gema,Sabinas Hidalgo,8242423919,ND,ND,ND,https://www.allbiz.mx/regalos-gema-824-242-3919
Nelly's Design,Sabinas Hidalgo,8241088114,ND,ND,ND,https://www.allbiz.mx/nellys-design-824-108-8114
The Room Boutique,Santiago,8112544393,admin@theroom-store.com,ND,www.theroom-store.com,https://www.allbiz.mx/the-room-boutique_39-81-1254-4393
La Cueva Calavera,García,ND,ND,ND,ND,https://www.allbiz.mx/la-cueva-calavera
Confecciones Jade,García,8117409075,carrillloangelica@gmail.com,ND,ND,https://www.allbiz.mx/confecciones-jade-81-1740-9075
La Paquina Boutique,Santa Catarina,8117783657,ND,ND,ND,https://www.allbiz.mx/la-paquina-boutique-81-1778-3657
Le Petit Tita Boutique,Santa Catarina,8112039053,ND,ND,ND,https://www.allbiz.mx/le-petit-tita-boutique-81-1203-9053
Le Cabinet boutique,San Pedro Garza García,8184503184,ND,ND,ND,https://www.allbiz.mx/le-cabinet-boutique-81-8450-3184
Moda & glamour,Linares,8211121069,simeacuerdo123@outlook.es,ND,ND,https://www.allbiz.mx/moda-glamour_2l-821-112-1069
GR Boutique,Linares,8211214760,ND,ND,ND,https://www.allbiz.mx/gr-boutique_16-821-121-4760
Tienda de Ropa Olga Olivares,Montemorelos,2632900,anai.9317@hotmail.com,ND,ND,https://www.allbiz.mx/tienda-de-ropa-olga-olivares_1q
Criss Dress Renta de Vestidos,Cadereyta Jiménez,8110408145,crisscastillodress@hotmail.com,ND,ND,https://www.allbiz.mx/criss-dress-renta-de-vestidos-81-1040-8145
Evolution boutique,Cadereyta Jiménez,8282844694,ND,ND,ND,https://www.allbiz.mx/evolution-boutique_2r-828-284-4694
El Closet de Lola,Cadereyta Jiménez,8281135199,elclosetdelola12@hotmail.com,ND,dh-solutions.mx,https://www.allbiz.mx/el-closet-de-lola-828-113-5199
Tienda Del Centro,Allende,8261156765,ND,ND,ND,https://www.allbiz.mx/tienda-del-centro-826-115-6765
Tejidos Nelly,Apodaca,8118889844,er337704@gmail.com,ND,ND,https://tejidos-nelly.ueniweb.com/
Isa Boutique & Creaciones,Apodaca,8112309789,ND,ND,ND,https://isa-boutique-creaciones.ueniweb.com/
Luwany,Ciudad Apodaca,ND,[email protected],ND,ND,https://luwany.ueniweb.com/
Bazar Magnolias,Ciudad Apodaca,8186611281,[email protected],ND,ND,https://bazar-magnolias.ueniweb.com/
Mi Bazar Boutique,Ciudad Apodaca,22628130,mibazar10@gmail.com,ND,ND,https://www.allbiz.mx/mi-bazar-boutique
BO Dresses,Apodaca,8181695457,bodresses@gmail.com,ND,ND,https://www.allbiz.mx/bo-dresses_1p
"Moda, Estilo Y Más",San Nicolás de los Garza,ND,[email protected],ND,ND,https://moda-estilo-y-mas.ueniweb.com/
Artesanal Clothes,San Nicolás de los Garza,8181753357,[email protected],ND,ND,https://artesanal-clothes.ueniweb.com/
Lady Shoes & More,San Nicolás de los Garza,8132376172,ND,ND,ND,https://lady-shoes-more.ueniweb.com/
Chula 19,San Nicolás de los Garza,8111061126,[email protected],ND,ND,https://chula-19.ueniweb.com/
Dress and Shoes,Guadalupe,8124620060,ND,ND,ND,https://www.allbiz.mx/dress-and-shoes-81-2462-0060
Boutique AR,San Nicolás de los Garza,8135882894,ND,ND,ND,https://www.allbiz.mx/boutique-ar-81-3588-2894
Clothing 4 you,San Nicolás de los Garza,8115030915,ND,ND,ND,https://www.allbiz.mx/clothing-you-81-1503-0915
Secret boutique renta de vestidos,San Nicolás de los Garza,8110816577,secretbout@outlook.com,ND,ND,https://www.allbiz.mx/secret-boutique-renta-de-vestidos-81-1081-6577
M&M Boutique,San Nicolás de los Garza,8119063861,ND,ND,mm-boutique.negocio.site,https://www.allbiz.mx/m-m-boutique_23-81-1906-3861
Frida's Boutique,San Nicolás de los Garza,8112057057,ND,ND,ND,https://www.allbiz.mx/fridas-boutique_14A-81-1205-7057
SHEK Unique Women,San Nicolás de los Garza,8125580480,ND,ND,ND,https://www.allbiz.mx/shek-unique-women_1O-81-2558-0480
Yuls,San Nicolás de los Garza,8117933983,yuls.boutique@gmail.com,ND,ND,https://www.allbiz.mx/yuls-81-1793-3983
Regias 21 faceboutique,San Nicolás de los Garza,8116605939,ND,ND,ND,https://www.allbiz.mx/regias-faceboutique-81-1660-5939
Karla Clothes,San Nicolás de los Garza,8119041425,karlaclothes@hotmail.com,ND,ND,https://www.allbiz.mx/karla-clothes_1O-81-1904-1425
Boutique Plaza Antequera,San Nicolás de los Garza,8183531437,ND,ND,ND,https://www.allbiz.mx/boutique-plaza-antequera_1X-81-8353-1437
Fashion Couture,General Escobedo,8113153023,fashion_couturee@hotmail.com,ND,ND,https://www.allbiz.mx/fashion-couture_1t-81-1315-3023
Lovely clothes and more,General Escobedo,8114133453,ND,ND,ND,https://www.allbiz.mx/lovely-clothes-and-more-81-1413-3453
MEGVa Boutique,General Escobedo,8127199655,ND,ND,ND,https://www.allbiz.mx/megva-boutique-81-2719-9655
Lizboutique,General Escobedo,8118515387,ND,ND,ND,https://www.allbiz.mx/lizboutique-81-1851-5387
Boutique Mariel,General Escobedo,8112377567 / 8117282633,ND,ND,ND,https://www.allbiz.mx/boutique-mariel_4R-81-1728-2633
S&H Boutique,General Escobedo,8112301347 / 8115367114,ND,ND,ND,https://www.allbiz.mx/s-h-boutique-81-1230-1347
"Ab Boutique, S.A. De C.V.",General Escobedo,8183005230,ND,ND,ND,https://www.allbiz.mx/ab-boutique-s-a-de-c-v_92-81-8300-5230
Aryam Boutique,Apodaca,8118015937,ND,ND,ND,https://www.allbiz.mx/aryam-boutique-81-1801-5937
Alejandra Boutique,Apodaca,8186855596,ND,ND,ND,https://www.allbiz.mx/alejandra-boutique-81-8685-5596
M&M boutique,Linares,8115446433,ND,ND,ND,https://www.allbiz.mx/m-m-boutique_40-81-1544-6433
Candy Suxxx Lencería,Linares,8211025468,candy-suxxxlenceria@hotmail.com,ND,candysuxxxlenceria.mex.tl,https://www.allbiz.mx/candy-suxxx-lencer-u-eda-821-102-5468
Renta de Vestidos Lucy,Allende,8261031493,ND,ND,ND,https://www.allbiz.mx/renta-de-vestidos-lucy-826-103-1493
Tienda De Ropa Para Dama,Guadalupe,8118167669,ND,ND,venta-de-ropa-de-dama.negocio.site,https://www.allbiz.mx/tienda-de-ropa-para-dama_24L-81-1816-7669
DK tienda de ropa,Guadalupe,8127323648,ND,ND,dk-tienda-de-ropa.negocio.site,https://www.allbiz.mx/dk-tienda-de-ropa-81-2732-3648
Tienda de Ropa,Monterrey,8183743790,ND,ND,ND,https://www.allbiz.mx/tienda-de-ropa_1v-81-8374-3790
DG tienda de ropa,Monterrey,8125589762,ND,ND,dg-tienda-de-ropa.negocio.site,https://www.allbiz.mx/dg-tienda-de-ropa-81-2558-9762
El Faro Tienda de Ropa,Monterrey,8183759268,ND,ND,fb.me,https://www.allbiz.mx/el-faro-tienda-de-ropa-81-8375-9268
Creaciones y ventas Baaes Herrera,General Escobedo,8112757995,baaes.herrera@gmail.com,ND,ND,https://www.allbiz.mx/creaciones-y-ventas-baaes-herrera-81-1275-7995
Gallery Fashion Store,San Pedro Garza García,8117669557,gallery.showroom512@gmail.com,ND,ND,https://www.allbiz.mx/gallery-fashion-store-81-1766-9557
OLIVE Concept Store,San Pedro Garza García,8117763360,ND,ND,ND,https://www.allbiz.mx/olive-concept-store-81-1776-3360
The dress woman,Guadalupe,8116563121,cboutiquemty@gmail.com,ND,ND,https://www.allbiz.mx/the-dress-woman-81-1656-3121
Boutique R&R,Guadalupe,8115871575,ND,8115871575,ND,https://www.allbiz.mx/boutique-r-r-81-1587-1575
M&N Boutique,Guadalupe,8111998382,ND,ND,ND,https://www.allbiz.mx/m-n-boutique-81-1199-8382
"Venta de Ropa ""A&G""",General Zuazua,8126085101,ND,ND,ND,https://www.allbiz.mx/venta-de-ropa-%22a-g%22-81-2608-5101
Venta de ropa Americana VS,General Zuazua,8128588650,ND,ND,www-ropa-americana-vs.negocio.site,https://www.allbiz.mx/venta-de-ropa-aeropostale-81-2858-8650
Playeras personalizadas.,General Zuazua,8121286755,rosalindagza@hotmail.com,ND,ND,https://www.allbiz.mx/playeras-personalizadas-81-2128-6755
"Taller de costura ""Lupita""",General Zuazua,8116407063,ND,ND,ND,https://www.allbiz.mx/taller-de-costura-lupita_1T-81-1640-7063
"Butique ""DOÑA COCO""",Pesquería,8122610534,ND,ND,ND,https://www.allbiz.mx/butique-%22do%C3%B1a-coco%22-81-2261-0534
Costuras kandyzol,Pesquería,8111291823,ND,ND,santamariaradio.blogspot.mx,https://www.allbiz.mx/costuras-kandyzol-81-1129-1823
Tejidos y màs,Ciénega de Flores,8127555866,chalyrbk@hotmail.com,ND,ND,https://www.allbiz.mx/tejidos-y-m%C3%A0s-81-2755-5866
Lili Boutique,Hualahuises,8211193955,ND,ND,ND,https://www.allbiz.mx/lili-boutique_1u-821-119-3955
Talabarteria Salazar,Hualahuises,8212180600,ND,ND,ND,https://www.allbiz.mx/talabarteria-salazar-821-218-0600
GOS,Hualahuises,2180442,ol.gonzalez88@hotmail.com,ND,ND,https://www.allbiz.mx/gos_1P
Fibesa Dr.Arroyo NL,Doctor Arroyo,4888881422,victorhdzchi@gmail.com,ND,victorhdzchi.wixsite.com,https://www.allbiz.mx/fibesa-dr-arroyo-nl-488-888-1422
Ana Maria's Boutique,General Terán,8261542782,anamariasboutique@yahoo.com,ND,ND,https://www.allbiz.mx/ana-marias-boutique-826-154-2782
Yuli Boutique,General Terán,8262670404,ND,ND,ND,https://www.allbiz.mx/yuli-boutique-826-267-0404
Mi Tienda USA,General Terán,8262670979,chelanegocio@icloud.com,ND,ND,https://www.allbiz.mx/mi-tienda-usa-826-267-0979
Super Películas Joyería y Regalos,General Terán,8262670120,ND,ND,ND,https://www.allbiz.mx/super-pel%C3%ADculas-joyer%C3%ADa-y-regalos-826-267-0120
"Ropa Deportiva & Casual ""El Can Can""",Monterrey,3545451275 / 3238497402,ND,ND,ND,https://www.allbiz.mx/ropa-deportiva-casual-el-can-can-354-545-1275
Central De Ropa Y Boneteria,Monterrey,8183453408,ND,ND,ND,https://www.allbiz.mx/central-de-ropa-y-boneteria-81-8345-3408
Uniformes Riga,Monterrey,8183449288 / 8131430657,info@uniformesriga.com,ND,www.uniformesriga.com,https://www.allbiz.mx/uniformes-riga-81-8344-9288
"Industrias Loving, S.A. De C.V.",Villaldama,8777726011 / 8777720312,ND,ND,ND,https://www.allbiz.mx/industrias-loving-s-a-de-c-v-877-772-6011
Villanueva Villanueva Melissa,Aramberri,8262690027,ND,ND,ND,https://www.allbiz.mx/villanueva-villanueva-melissa-826-269-0027
Canaima Boutique,San Pedro Garza García,8122149739,canaimaboutique@gmail.com,ND,ND,https://www.allbiz.mx/canaima-boutique-81-2214-9739
Melanie Boutique,García,8110209675,ND,ND,ND,https://www.allbiz.mx/melanie-boutique_1p-81-1020-9675
Artemissa Dresses,García,8129088065 / 8184681408,ND,ND,ND,https://www.allbiz.mx/artemissa-dresses-81-2908-8065
Alexa Shopping,García,8114986648,ND,ND,ND,https://www.allbiz.mx/alexa-shopping-81-1498-6648
Bikini Paradise,García,8124152165,ND,ND,ND,https://www.allbiz.mx/bikini-paradise-81-2415-2165
Uniformes Y Accesorios Industriales,General Escobedo,8183769690,ND,ND,ND,https://www.allbiz.mx/uniformes-y-accesorios-industriales-81-8376-9690
Uniformes Escolares,Apodaca,8119314153,ND,ND,ND,https://www.allbiz.mx/uniformes-escolares_82W-81-1931-4153
ECG Moda,General Escobedo,8115028409,jesara75@hotmail.com,ND,ecg-moda.business.site,https://www.allbiz.mx/ecgmoda-81-1502-8409
LMB Uniformes Deportivos y Escolares,Monterrey,8114969668,lmbuniformes@gmail.com,ND,ND,https://www.allbiz.mx/lmb-uniformes-deportivos-y-escolares-81-1496-9668
Uniformes Económicos,San Nicolás de los Garza,8114651332,ND,ND,ND,https://www.allbiz.mx/uniformes-econ%C3%B3micos-81-1465-1332
Norelly Uniformes Secretariales,San Nicolás de los Garza,8183307763,ND,ND,ND,https://www.allbiz.mx/norelly-uniformes-secretariales-81-8330-7763
Regio Diseños,Apodaca,8182595413,regiodisenos@gmail.com,ND,ND,https://www.allbiz.mx/regio-dise%C3%B1os-81-8259-5413
ADC Uniformes y Bordados,Monterrey,8115611874,ND,ND,www.adcbordados.com,https://www.allbiz.mx/adc-uniformes-y-bordados_1H-81-1561-1874
Versaaga Moda y Confeccion,Monterrey,8120211675,ND,ND,ND,https://www.allbiz.mx/versaaga-moda-y-confeccion-81-2021-1675
Uniformes Micky Sport,Guadalupe,8117827101,mickysport_77@hotmail.com,ND,ND,https://www.allbiz.mx/uniformes-micky-sport-81-1782-7101
Uniformes y Más S.A. de C.V.,Guadalupe,8183935663,ND,ND,uniformesymas.com.mx,https://www.allbiz.mx/uniformes-y-m%C3%A1s-s-a-de-c-v-81-8393-5663
Jerseys y Uniformes Ipiña,Guadalupe,8120659299,ND,ND,uniformesipina.mex.tl,https://www.allbiz.mx/jerseys-y-uniformes-ipi%C3%B1a-81-2065-9299
Ponle Nombre y Número a tu Jersey.,Guadalupe,8123595765,jerseys@live.com.mx,ND,ND,https://www.allbiz.mx/ponle-nombre-y-n%C3%BAmero-a-tu-jersey-81-2359-5765
Confecciones Izzaga,Guadalupe,8196889674,ND,ND,ND,https://www.allbiz.mx/confecciones-izzaga-81-9688-9674
D Ara Confecciones,Guadalupe,8113603588 / 8114930573 / 8110734552,d-ara-75@hotmail.com,ND,d-ara-confecciones.negocio.site,https://www.allbiz.mx/d-ara-confecciones-81-1360-3588
AERO Cvz Playeras & Jerseys,Guadalupe,8112743176 / 8110693560,ND,ND,ND,https://www.allbiz.mx/aero-cvz-playeras-jerseys-81-1274-3176
Cheerleader México,Guadalupe,8180301384 / 8180753152,cheerleadermexico@yahoo.com,ND,ND,https://www.allbiz.mx/cheerleader-m%C3%A9xico-81-8030-1384
Disfraces y Trajes Típicos Folklóricos,Guadalupe,8126318452,vestuariosregionalesyolis@gmail.com,ND,ND,https://www.allbiz.mx/disfraces-y-trajes-t%C3%ADpicos-folkl%C3%B3ricos-81-2631-8452
Bordados Scape-I,Guadalupe,8113135830 / 8111614754,bizet717@gmail.com,ND,scape-i.biz,https://www.allbiz.mx/bordados-scape-i-81-1313-5830
Boutique AdoB,El Carmen,8116051476,ND,ND,ND,https://www.allbiz.mx/boutique-adob-81-1605-1476
Génesis Papelería,El Carmen,8119066690 / 8125275331,ND,ND,ND,https://www.allbiz.mx/g%C3%A9nesis-papeler%C3%ADa-81-1906-6690
Ropa y Novedades Anahis,China,8231000202,ND,ND,ND,https://www.allbiz.mx/ropa-y-novedades-anahis-823-100-0202
Casa Rosy,China,8232320604,ND,ND,ND,https://www.allbiz.mx/casa-rosy_6L-823-232-0604
Sweetly Sam FP,Marín,8126100824 / 8181871479,ND,ND,ND,https://www.allbiz.mx/sweetly-sam-fp-81-2610-0824
Accesoriios Crysma,Bustamante,8332121931,ND,ND,ND,https://www.allbiz.mx/accesoriios-crysma-833-212-1931
Soluciones Integrales Rodríguez,China,8232322018,ND,ND,ND,https://www.allbiz.mx/soluciones-integrales-rodr%C3%ADguez-823-232-2018
Micelania Ochia,Los Ramones,ND,ND,ND,ND,https://www.municipiodata.com/en/municipios/nuevo-leon/los-ramones/entreprises/commerce-detail
Venta de Ropa Bere N Clari,Los Ramones,ND,ND,ND,ND,https://www.municipiodata.com/en/municipios/nuevo-leon/los-ramones/entreprises/commerce-detail
Venta de Ropa y Artículos para el Hogar Johana,Los Ramones,ND,ND,ND,ND,https://www.municipiodata.com/en/municipios/nuevo-leon/los-ramones/entreprises/commerce-detail
Costurera Monica,Los Ramones,ND,ND,ND,ND,https://www.municipiodata.com/en/municipios/nuevo-leon/los-ramones/entreprises
Comercio al por Menor de Ropa Excepto de Bebe y Lenceria Sin Nombre,Mier y Noriega,ND,ND,ND,ND,https://www.municipiodata.com/en/municipios/nuevo-leon/mier-y-noriega/entreprises
Novedades La Ferre,Mier y Noriega,ND,ND,ND,ND,https://www.municipiodata.com/en/municipios/nuevo-leon/mier-y-noriega/entreprises
Tienda de Ropa Soto,General Zaragoza,ND,ND,ND,ND,https://www.municipiodata.com/en/municipios/nuevo-leon/general-zaragoza/entreprises/commerce-detail
Missblossom's Closet,San Pedro Garza García,8115883995,miss.blossom.closet@gmail.com,ND,ND,https://www.allbiz.mx/missblossoms-closet-81-1588-3995
La Boutique de Natalia,San Pedro Garza García,83785741,ND,ND,ND,https://www.allbiz.mx/la-boutique-de-natalia
Aliz boutique,San Pedro Garza García,8126482094,ND,ND,www.alizboutiquemty.com,https://www.allbiz.mx/aliz-boutique_2b-81-2648-2094
Beto superhéroes outfitx,Guadalupe,8121758721,ND,ND,ND,https://www.allbiz.mx/beto-superh-u-e-roes-outfitx-81-2175-8721
Glamour Vestidos Renta y venta,Guadalupe,8183984500,ND,ND,glamour-vestidos-renta-y-venta.negocio.site,https://www.allbiz.mx/glamour-vestidos-renta-y-venta-81-8398-4500
Ropa Para Mujeres Tallas Plus,San Nicolás de los Garza,8183537200 / 8180571443,sureyma.delao20@gmail.com,ND,ND,https://www.allbiz.mx/ropa-para-mujeres-tallas-plus-81-8353-7200
B-tin,San Nicolás de los Garza,8110308061,boutique.betin@hotmail.com,ND,ND,https://www.allbiz.mx/b-tin-81-1030-8061
Luxx Avenue Boutique,Santa Catarina,8119682025 / 8138579171,ND,ND,ND,https://www.allbiz.mx/luxx-avenue-boutique-81-1968-2025
Esteff Accesorios & Boutique,Apodaca,8117989412,fanniic.91@hotmail.com,ND,ND,https://www.allbiz.mx/esteff-accesorios-boutique-81-1798-9412
Kleo boutique,San Nicolás de los Garza,8119338133,ND,ND,ND,https://www.allbiz.mx/kleo-boutique-81-1933-8133
Melina Dressess,Apodaca,8125270678,ND,ND,ND,https://www.allbiz.mx/melina-dressess-81-2527-0678
ONE Dresses Boutique,Linares,8211173292,ND,ND,ND,https://www.allbiz.mx/one-dresses-boutique-821-117-3292
Paris Dresses&Boutique,Linares,8211193114,ND,ND,ND,https://www.allbiz.mx/paris-dresses-boutique-821-119-3114
Banana Boutique,Linares,8212125568,ND,ND,ND,https://www.allbiz.mx/banana-boutique_3Z-821-212-5568
L&nda's Boutique,Cadereyta Jiménez,8282811756,linda_fdzgzz@hotmail.com,ND,ND,https://www.allbiz.mx/l-ndas-boutique-828-281-1756
D Vanessa Boutique,Sabinas Hidalgo,8242422243,ND,ND,ND,https://www.allbiz.mx/d-vanessa-boutique_1u-824-242-2243
G&B Shop,Linares,8211181120,ND,ND,ND,https://www.allbiz.mx/g-b-shop-821-118-1120
Norma boutique,General Escobedo,8188688344,ND,ND,ND,https://www.allbiz.mx/norma-boutique_4E-81-8868-8344
Glam Dresses Renta y venta de vestidos,General Escobedo,8180589495,ND,ND,ND,https://www.allbiz.mx/glam-dresses-renta-y-venta-de-vestidos-81-8058-9495
Boutique D'Judith solo entregas en punto a convenir,General Escobedo,8181797296,ND,ND,ND,https://www.allbiz.mx/boutique-djudith-solo-entregas-en-punto-81-8179-7296
Glamour Salem's,General Escobedo,8116399042,ND,ND,ND,https://www.allbiz.mx/glamour-salems-81-1639-9042
El Armario de Aglae,General Escobedo,8180257907,ND,ND,ND,https://www.allbiz.mx/el-armario-de-aglae-81-8025-7907
Antonella Jardín & Boutique,General Escobedo,8112558343,ND,ND,ND,https://www.allbiz.mx/antonella-jard%C3%ADn-boutique-81-1255-8343
Sra.LuLü Costuras&Composturas,Guadalupe,8112590310,ND,ND,ND,https://www.allbiz.mx/sra-lul%C3%BC-costuras-composturas-81-1259-0310
Mabell Boutique,Guadalupe,8183374305,izza_ruiz@hotmail.com,ND,ND,https://www.allbiz.mx/mabell-boutique-81-8337-4305
Mely García Bordados e Impresiones,Guadalupe,8180208273 / 8183933545,melygarciabordados@gmail.com,ND,ND,https://www.allbiz.mx/mely-garc%C3%ADa-bordados-e-impresiones-81-8020-8273
Bordarey,Guadalupe,8133990092 / 8181900852,ventas@bordarey.com,ND,www.bordarey.com,https://www.allbiz.mx/bordarey-81-3399-0092
Renta de Vestidos en Monterrey - Elegance,Monterrey,8122357418,ND,ND,ND,https://www.allbiz.mx/renta-de-vestidos-en-monterrey-elegance-81-2235-7418
POSH boutique mx,Monterrey,8112880181,ND,ND,ND,https://www.allbiz.mx/posh-boutique-mx-81-1288-0181
Fernanda's Glam,Monterrey,83493008,fernandasglam@gmail.com,ND,ND,https://www.allbiz.mx/fernandas-glam
Aglae Boutique,Monterrey,8112273199,ND,ND,ND,https://www.allbiz.mx/aglae-boutique_1r-81-1227-3199
Renta de vestidos,Monterrey,8120895546,ND,ND,www.rentadevestido.com,https://www.allbiz.mx/renta-de-vestidos_11M-81-2089-5546
Torana Trend Boutique,Monterrey,8110950228,ND,ND,ND,https://www.allbiz.mx/torana-trend-boutique-81-1095-0228
Fashion Boutique Araujo,Monterrey,8115391308,ND,ND,ND,https://www.allbiz.mx/fashion-boutique-araujo-81-1539-1308
Anabelle Dress,Monterrey,83725542,anabelledress@hotmail.com,ND,ND,https://www.allbiz.mx/anabelle-dress
SIMA Boutique,Monterrey,8116060398,ND,ND,ND,https://www.allbiz.mx/sima-boutique-81-1606-0398
GLAM & PARTY Renta de Vestidos,Monterrey,8119522456,glamandparty@hotmail.com,ND,ND,https://www.allbiz.mx/glam-party-renta-de-vestidos-81-1952-2456
Renta de Vestidos de Fiesta en Monterrey,Monterrey,8110793641,glendavestidos@gmail.com,ND,ND,https://www.allbiz.mx/renta-de-vestidos-de-fiesta-en-81-1079-3641
Mapsi Boutique,San Pedro Garza García,8183561808,ND,ND,ND,https://www.allbiz.mx/mapsi-boutique-81-8356-1808
MEGVa Boutique,San Pedro Garza García,8123218700,megvaboutique@gmail.com,ND,ND,https://www.allbiz.mx/megva-boutique_1H-81-2321-8700
Pink Lencería,Cadereyta Jiménez,ND,pinklenceriamx@gmail.com,ND,ND,https://www.allbiz.mx/pink-lencer%C3%ADa
Lady's chic,Montemorelos,8183665210,ND,ND,ND,https://www.allbiz.mx/ladys-chic-81-8366-5210
Faena moda fashion,Santiago,8122852101,ND,ND,ND,https://www.allbiz.mx/faena-moda-fashion-81-2285-2101
Holala montemorelos,Montemorelos,8262634049,ND,ND,ND,https://www.allbiz.mx/holala-montemorelos-826-263-4049
Anna Sofia Boutique,Santiago,8187789341,ND,ND,ND,https://www.allbiz.mx/anna-sofia-boutique-81-8778-9341
MARo. Boutique,Santiago,8122205982,marianaavch14@gmail.com,ND,ND,https://www.allbiz.mx/maro-boutique-81-2220-5982
Carters de Montemorelos,Montemorelos,8262636356,ND,ND,ND,https://www.allbiz.mx/carters-de-montemorelos_1m-826-263-6356
Aranda Boutique,San Nicolás de los Garza,8111053564,naritardz90@gmail.com,ND,aranda-boutique.negocio.site,https://www.allbiz.mx/aranda-boutique-81-1105-3564
Boutique Allc,Guadalupe,8122014481,alma77742@gmail.com,ND,allc-boutique.negocio.site,https://www.allbiz.mx/boutique-allc-81-2201-4481
Tienda de Ropa Capricho,Monterrey,8183744353,ND,ND,tienda-de-ropa-el-capricho.negocio.site,https://www.allbiz.mx/tienda-de-ropa-capricho-81-8374-4353
Florencia boutique,General Escobedo,8116754263,ND,ND,ND,https://www.allbiz.mx/florencia-boutique_21-81-1675-4263
Par La Roy,San Pedro Garza García,8183031485,ND,ND,ND,https://www.allbiz.mx/par-la-roy-81-8303-1485
Hincha Store,San Nicolás de los Garza,8116025814,ND,ND,ND,https://www.allbiz.mx/hincha-store-81-1602-5814
Wear West,San Nicolás de los Garza,83763925,ironshark@hotmail.com,ND,wearwest.com,https://www.allbiz.mx/wear-west
Querubines Fashion Store,San Nicolás de los Garza,8124263599,ND,ND,ND,https://www.allbiz.mx/querubines-fashion-store-81-2426-3599
La Sartoria,Santa Catarina,8135672300 / 8118586004,ND,ND,ND,https://www.allbiz.mx/la-sartoria_5L-81-3567-2300
Blueberry Dress Boutique,Montemorelos,8261286135 / 8261132087,ND,ND,ND,https://www.allbiz.mx/blueberry-dress-boutique-826-128-6135
Jr. Fuxion Santa Catarina,Santa Catarina,8111298830,ND,ND,ND,https://www.allbiz.mx/jr-fuxion-santa-catarina-81-1129-8830
VeLu's Boutique,Linares,8211007088,ND,ND,ND,https://www.allbiz.mx/velus-boutique-821-100-7088
Roberta Renta de vestidos,Guadalupe,8114836280,ND,ND,ND,https://www.allbiz.mx/roberta-renta-de-vestidos-81-1483-6280
BAZAR ROPA De paca,Guadalupe,8112501556,ND,ND,ND,https://www.allbiz.mx/bazar-ropa-de-paca-81-1250-1556
López García Tomas,Guadalupe,8183611351,ND,ND,ND,https://www.allbiz.mx/l%C3%B3pez-garc%C3%ADa-tomas-81-8361-1351
Boutique Paloma Rico,Apodaca,ND,ND,ND,ND,https://boutique-paloma-rico.ueniweb.com/
Zapatería Cantú suc. La Fe,Guadalupe,8117380970 / 8117882103 / 8118719218,ND,ND,zapateria-la-fe.negocio.site,https://www.allbiz.mx/zapater%C3%ADa-cant%C3%BA-suc-la-fe-81-1738-0970
Zapateria Javi,Guadalupe,8124738222,ND,ND,ND,https://www.allbiz.mx/zapateria-javi-81-2473-8222
MG Zapateria,Guadalupe,83344819,mgzapateria@gmail.com,ND,ND,https://www.allbiz.mx/mg-zapateria_2X
Zapatería Gloria,Guadalupe,8112140109,ND,ND,ND,https://www.allbiz.mx/zapater%C3%ADa-gloria_8G-81-1214-0109
Muzza Zapaterías,General Escobedo,8180589282,ND,ND,ND,https://www.allbiz.mx/muzza-zapater%C3%ADas-81-8058-9282
Flats Beckiss,Guadalupe,8121975284,ND,ND,ND,https://www.allbiz.mx/flats-beckiss-81-2197-5284
Zapaterías Reynaldo,San Nicolás de los Garza,8183320315,facturacion@zapateriasreynaldo.mx,ND,zapaterias-reynaldo.negocio.site,https://www.allbiz.mx/zapater%C3%ADas-reynaldo_2P-81-8332-0315
Urban Shop MTY,Guadalupe,8182094401,ND,ND,ND,https://www.allbiz.mx/urban-shop-mty-81-8209-4401
Gemeplas,General Escobedo,8183848410,ND,ND,www.gemeplas.com,https://www.allbiz.mx/gemeplas_2l-81-8384-8410
Uniformes Vazquez,Guadalupe,8183553547 / 8183558984,ND,ND,ND,https://www.allbiz.mx/uniformes-vazquez_46-81-8355-3547
Moda petite,Guadalupe,8188054920,monyreyes04@gmail.com,ND,ND,https://www.allbiz.mx/moda-petite-81-8805-4920
Tilichitos de Kika,Guadalupe,8180884219,ND,ND,ND,https://www.allbiz.mx/tilichitos-de-kika-81-8088-4219
Linda Vestidos Y Tutus,Guadalupe,8110229826,ND,ND,linda-vestidos-y-tutus.negocio.site,https://www.allbiz.mx/linda-vestidos-y-tutus-81-1022-9826
Mamá y yo bazar,Guadalupe,8116114846,ND,ND,ND,https://www.allbiz.mx/mam%C3%A1-y-yo-bazar-81-1611-4846
Los regalos,Guadalupe,8123872072,ND,ND,ND,https://www.allbiz.mx/los-regalos_2U-81-2387-2072
Aracely Bazar Del Bebé,Guadalupe,8119275089,ND,ND,ND,https://www.allbiz.mx/aracely-bazar-del-beb-u-e-81-1927-5089
Galfer,Guadalupe,8183606429,ND,ND,galfer-store.negocio.site,https://www.allbiz.mx/galfer_4c-81-8360-6429
Monse Kids,Monterrey,8126641976,ND,ND,monse-kids.negocio.site,https://www.allbiz.mx/monse-kids_1D-81-2664-1976
Proveedora De Pieles Y Calzado,Montemorelos,8266430590,ND,ND,ND,https://www.allbiz.mx/proveedora-de-pieles-y-calzado-826-643-0590
Representaciones De Calzado Martinez,Montemorelos,8183433862,ND,ND,ND,https://www.allbiz.mx/representaciones-de-calzado-martinez-81-8343-3862
Nice Bazar,Guadalupe,8183937352,ND,ND,ND,https://www.allbiz.mx/nice-bazar-81-8393-7352
Zapateria El Angel,Linares,8212128245,ND,ND,ND,https://www.allbiz.mx/zapateria-el-angel_4Y-821-212-8245
BESOS carmin,Guadalupe,8126081637,sandara_accesorios@hotmail.com,ND,www.dropbox.com,https://www.allbiz.mx/besos-carmin_1W-81-2608-1637
Zapatería Trayectoria,Montemorelos,8261140746,ND,ND,ND,https://www.allbiz.mx/zapater%C3%ADa-trayectoria-826-114-0746
Zapatería Andrea Outlet Linares,Linares,8212121962,andreacalzado1@hotmail.com,ND,mx.andrea.com,https://www.allbiz.mx/zapater%C3%ADa-andrea-outlet-linares-821-212-1962
Calzado Andrea Linda Vista,Guadalupe,8183343222,andrealindavista1@hotmail.com,ND,www.andrea.com,https://www.allbiz.mx/calzado-andrea-linda-vista-81-8334-3222
Dress Couture MX,San Pedro Garza García,8182544468,ND,ND,ND,https://www.allbiz.mx/dress-couture-mx-81-8254-4468
NYA Dresses & Accesories,San Pedro Garza García,8184010165,ND,ND,ND,https://www.allbiz.mx/nya-dresses-accesories-81-8401-0165
Venta de ropa Perlita.,Apodaca,8114949094,ND,ND,ND,https://www.allbiz.mx/venta-de-ropa-perlita-81-1494-9094
Gaby Dresses,Apodaca,8182581709,gdresses@outlook.com,ND,ND,https://www.allbiz.mx/gaby-dresses_1Y-81-8258-1709
BOUTIQUE GARZA,Doctor González,8110650541,MARIAEGZA@HOTMAIL.COM,ND,ND,https://lasempresas.com.mx/boutique-garza/
NOVEDADES NENA MARTÍNEZ,Higueras,ND,ND,ND,ND,https://mexicopymes.com/empresas/ubicacion/nuevo-leon/higueras/
SUPER JOS MART,Los Herreras,8232350176,JORGESALINAS@54HOTMAIL.COM,ND,ND,https://lasempresas.com.mx/super-jos-mart
Ropa y Regalos Cantú,Los Herreras,ND,ND,ND,ND,https://www.bizarchivo.mx/ropa-y-regalos-cant%C3%BA
TIENDA DE ABARROTES MONA,Agualeguas,ND,ND,ND,ND,https://pymes.org.mx/pyme/tienda-de-abarrotes-mona-c205d090.html
Venta De Ropa,Monterrey,8114923569,ND,ND,ND,https://mxfirmas.com/NLE-Monterrey/Tiendas-de-ropa
Zapata Gonzalez Alma Rosa,Monterrey,8111675827,ND,ND,ND,https://mxfirmas.com/NLE-Monterrey/Tiendas-de-ropa-para-ninos
TREVIÑO BARRERA IRACEMA,Monterrey,8183154423,ND,ND,ND,https://mxfirmas.com/NLE-Monterrey/Tiendas-de-ropa-para-ninos
Manzur Badra Juan Jesus,Monterrey,8183421595,ND,ND,ND,https://mxfirmas.com/NLE-Monterrey/Tiendas-de-ropa-para-ninos
"Centro Beibi, S.A. de C.V.",Monterrey,8183446530,ND,ND,ND,https://mxfirmas.com/NLE-Monterrey/Tiendas-de-ropa-para-ninos
Sauceda Flores Gustavo Javier,Monterrey,8183426475,ND,ND,ND,https://mxfirmas.com/NLE-Monterrey/Tiendas-de-ropa-para-ninos
ESCALANTE UMBRAL MARIBEL,Monterrey,8180584339,ND,ND,ND,https://mxfirmas.com/NLE-Monterrey/Tiendas-de-ropa-para-ninos
"Jenny Fashion, S.A. de C.V.",Monterrey,8183753663,ND,ND,ND,https://mxfirmas.com/NLE-Monterrey/Tiendas-de-ropa-para-ninos
GOMEZ STRINGEL MAYDA T,Monterrey,8183449288,ND,ND,ND,https://mxfirmas.com/NLE-Monterrey/Tiendas-de-ropa-para-ninos
Mimi,Monterrey,8183496043,ND,ND,ND,https://mxfirmas.com/NLE-Monterrey/Tiendas-de-ropa-para-ninos
CARDENAS RODRIGUEZ IDALIA MARGARITA,Monterrey,8183524583,ND,ND,ND,https://mxfirmas.com/NLE-Monterrey/Tiendas-de-ropa-formal
"Lafayette Novias, S.A. de C.V.",Monterrey,8183588152,ND,ND,http://www.lupanavilchez.com/,https://mxfirmas.com/NLE-Monterrey/Tiendas-de-ropa-de-mujer
Casa Iza,Monterrey,8183755680,ND,ND,http://casaiza.com.mx/,https://mxfirmas.com/NLE-Monterrey/Tiendas-de-ropa-de-mujer
Emma Novias y Cocktail,Monterrey,8183475651,ND,ND,http://emmanovias.com/,https://mxfirmas.com/NLE-Monterrey/Tiendas-de-ropa-de-mujer
ZAZ Producciones,Monterrey,8113657717,ND,ND,http://zazproducciones.com/,https://mxfirmas.com/NLE-Monterrey/Tiendas-de-ropa-de-mujer
Hemsa,Monterrey,8183185500,ND,ND,https://www.hemsa.com/,https://mxfirmas.com/NLE-Monterrey/Tiendas-de-ropa-para-hombres
Lavoro,Monterrey,8181514143,ND,ND,http://lavorojeans.com.mx/,https://mxfirmas.com/NLE-Monterrey/Tiendas-de-ropa-para-hombres
La Reforma,Monterrey,8183422371,ND,ND,http://www.lareforma.com.mx/,https://mxfirmas.com/NLE-Monterrey/Tiendas-de-ropa-para-hombres
Zara Galerías Valle Oriente,Monterrey,8184860082,ND,ND,http://www.inditex.com/home/us,https://mxfirmas.com/NLE-Monterrey/Tiendas-de-ropa-para-hombres
Zara Galerías Monterrey,Monterrey,ND,ND,ND,ND,https://mxfirmas.com/NLE-Monterrey/Tiendas-de-ropa-para-hombres
Ventas Jyj,General Escobedo,8183976692,ND,ND,ND,https://mxfirmas.com/NLE-General-Escobedo/Ropa
Vestidos Para Xv Años Sin Nombre,General Escobedo,8117430607,ND,ND,ND,https://mxfirmas.com/NLE-General-Escobedo/Ropa
Venta De Vestidos Sin Nombre,General Escobedo,ND,ND,ND,ND,https://mxfirmas.com/NLE-General-Escobedo/Ropa
Ropa para Gorditos,San Nicolás de los Garza,8113989531,ND,ND,ND,https://mxfirmas.com/NLE-San-Nicolas-de-los-Garza/Ropas
Clase Ropa Formal,San Nicolás de los Garza,8183325077,ND,ND,ND,https://mxfirmas.com/NLE-San-Nicolas-de-los-Garza/Ropas
EL CLOSET DE BOCHIS,San Nicolás de los Garza,ND,ND,ND,ND,https://www.municipiodata.com/en/municipios/nuevo-leon/san-nicolas-de-los-garza/entreprises/etablissement/el-closet-de-bochis-d6446843
Renta De Trajes Sin Nombre,Cadereyta Jiménez,ND,ND,ND,ND,https://mxfirmas.com/NLE-Cadereyta-Jimenez/Tiendas-de-trajes
Mantenimiento Generamex S.A. De C.V.,Guadalupe,8183412526,ND,ND,ND,https://mxfirmas.com/NLE-Guadalupe/Tiendas-de-uniformes
Soluciones Prim Familiares,Guadalupe,8183419823,ND,ND,ND,https://mxfirmas.com/NLE-Guadalupe/Tiendas-de-uniformes
Cmedical,Guadalupe,8183371424,ND,ND,ND,https://mxfirmas.com/NLE-Guadalupe/Tiendas-de-uniformes
"Comercializadora Industrial Franco, S.A. de C.V.",Guadalupe,8183670500,ND,ND,ND,https://mxfirmas.com/NLE-Guadalupe/Tiendas-de-uniformes
Raul Rivera Cantu,Guadalupe,8183670228,ND,ND,ND,https://mxfirmas.com/NLE-Guadalupe/Tiendas-de-uniformes
Uniformes Escolares Sin Nombre,Guadalupe,ND,ND,ND,ND,https://mxfirmas.com/NLE-Guadalupe/Tiendas-de-uniformes
Venta de Uniformes Escolares,Guadalupe,ND,ND,ND,ND,https://mxfirmas.com/NLE-Guadalupe/Tiendas-de-uniformes
Valery Vestidos,Monterrey,8119469000,ND,ND,http://valeryvestidos.com/,https://mxfirmas.com/NLE-Monterrey/Tiendas-de-trajes
Uomo Veneto Sa De Cv,Monterrey,8183454565,ND,ND,http://venetomex.com/,https://mxfirmas.com/NLE-Monterrey/Tiendas-de-trajes
Organizacion Robert Sa De Cv,Monterrey,8183436512,ND,ND,http://roberts.com.mx/,https://mxfirmas.com/NLE-Monterrey/Tiendas-de-trajes
IVY Collection,Monterrey,8118710444,ND,ND,http://www.ivycollection.com.mx/,https://mxfirmas.com/NLE-Monterrey/Tiendas-de-trajes
Qg De Monterrey Sa De Cv,Monterrey,8182896603,ND,ND,http://www.qgdemonterrey.com.mx/,https://mxfirmas.com/NLE-Monterrey/Tiendas-de-trajes
"TRAJES Y LEOTARDOS VELOX, S.A. de C.V.",Monterrey,8181907001,ND,ND,ND,https://mxfirmas.com/NLE-Monterrey/Tiendas-de-trajes
Trajes Modelo,Monterrey,8183750017,ND,ND,ND,https://mxfirmas.com/NLE-Monterrey/Tiendas-de-trajes
Trajes Madero,Monterrey,8183741165,ND,ND,ND,https://mxfirmas.com/NLE-Monterrey/Tiendas-de-trajes
Marcos Varga Renta de Trajes de Etiqueta,Monterrey,8182420548,ND,ND,ND,https://mxfirmas.com/NLE-Monterrey/Tiendas-de-trajes
Rent An Outfit,Monterrey,8120484151,ND,ND,ND,https://mxfirmas.com/NLE-Monterrey/Tiendas-de-trajes
Trevesa,Monterrey,8183497985,ND,ND,ND,https://mxfirmas.com/NLE-Monterrey/Tiendas-de-ropa-de-mujer/page2
Chacon Velasquez Mariana,Monterrey,8183675413,ND,ND,ND,https://mxfirmas.com/NLE-Monterrey/Tiendas-de-ropa-de-mujer/page2
Ricordare,Monterrey,8184000917,ND,ND,ND,https://mxfirmas.com/NLE-Monterrey/Tiendas-de-ropa-de-mujer/page2
Grupo Sportswear Sa De Cv,Monterrey,8181282828,ND,ND,ND,https://mxfirmas.com/NLE-Monterrey/Tiendas-de-ropa-de-mujer/page2
"Camisas Palomino de Mexico, S.A. de C.V.",Monterrey,8183434531,ND,ND,ND,https://mxfirmas.com/NLE-Monterrey/Tiendas-de-ropa-de-mujer/page2
Liz Minelli,Monterrey,8183407776,ND,ND,ND,https://mxfirmas.com/NLE-Monterrey/Tiendas-de-ropa-de-mujer/page2
Venta De Ropa Para Mujer Sin Nombre,Monterrey,ND,ND,ND,ND,https://mxfirmas.com/NLE-Monterrey/Tiendas-de-ropa-de-mujer/page2
"Mujer Ejecutiva, S.A. de C.V.",Monterrey,ND,ND,ND,ND,https://mxfirmas.com/NLE-Monterrey/Tiendas-de-ropa-de-mujer/page2
Mujer Bonita,Monterrey,ND,ND,ND,ND,https://mxfirmas.com/NLE-Monterrey/Tiendas-de-ropa-de-mujer/page2
Tienda De Disfraz Y Lencería,Monterrey,ND,ND,ND,ND,https://mxfirmas.com/NLE-Monterrey/Tiendas-de-ropa-de-mujer/page2
Tt Blues,Monterrey,ND,ND,ND,ND,https://mxfirmas.com/NLE-Monterrey/Tiendas-de-ropa-de-mujer/page2
Cereza de Tul,Monterrey,ND,ND,ND,ND,https://mxfirmas.com/NLE-Monterrey/Tiendas-de-ropa-de-mujer/page2
"Ropa y Regalos Finos,s.a. de C.v.",Monterrey,8183497985,ND,ND,ND,https://mxfirmas.com/NLE-Monterrey/Tiendas-de-ropa-de-mujer/page2
Monse Glam Boutique,Monterrey,ND,ND,ND,ND,https://mxfirmas.com/NLE-Monterrey/Tiendas-de-ropa-de-mujer/page2
"El Aire Centro de Arte, A.C.",Monterrey,8182183388,ND,ND,ND,https://mxfirmas.com/NLE-Monterrey/Tiendas-de-ropa-para-ninos
"Telas y Estampados de Monterrey, S.A. de C.V.",Monterrey,8183714567,ND,ND,ND,https://mxfirmas.com/NLE-Monterrey/Tiendas-de-ropa-para-ninos
Comercio Al Por Menor De Ropa De Bebé,Monterrey,8117770432,ND,ND,ND,https://mxfirmas.com/NLE-Monterrey/Tiendas-de-ropa-para-ninos
"Maquila de Pieles de Calidad, S.A. de C.V.",Monterrey,8183652334,ND,ND,ND,https://mxfirmas.com/NLE-Monterrey/Tiendas-de-ropa-para-ninos
"Industria Textil Fobia, S.A. de C.V.",Monterrey,8183714851,ND,ND,ND,https://mxfirmas.com/NLE-Monterrey/Tiendas-de-ropa-para-ninos
Laura Helena Malo Ortiz,Monterrey,8183484710,ND,ND,ND,https://mxfirmas.com/NLE-Monterrey/Tiendas-de-ropa-para-ninos
Blues & Co Sa De Cv,Monterrey,8183434187,ND,ND,ND,https://mxfirmas.com/NLE-Monterrey/Tiendas-de-ropa-para-ninos
Timboos,Monterrey,8180407595,ND,ND,ND,https://mxfirmas.com/NLE-Monterrey/Tiendas-de-ropa-para-ninos
"Industrias Gaftany, S.A. de C.V.",Monterrey,8183732938,ND,ND,ND,https://mxfirmas.com/NLE-Monterrey/Tiendas-de-ropa-para-ninos
COLORES RAUDALES JUAN JOSE,Monterrey,8183746953,ND,ND,ND,https://mxfirmas.com/NLE-Monterrey/Tiendas-de-ropa-para-ninos
Ropa De Niños Sin Nombre,Monterrey,8113245303,ND,ND,ND,https://mxfirmas.com/NLE-Monterrey/Tiendas-de-ropa-para-ninos
Venta De Playeras Para Niños,Monterrey,ND,ND,ND,ND,https://mxfirmas.com/NLE-Monterrey/Tiendas-de-ropa-para-ninos
Ropa De Bebe Sin Nombre,Monterrey,8113245303,ND,ND,ND,https://mxfirmas.com/NLE-Monterrey/Tiendas-de-ropa-para-ninos
Reparación De Ropa Ade,Monterrey,8181232759,ND,ND,ND,https://mxfirmas.com/NLE-Monterrey/Tiendas-de-ropa-de-hogar
Reparación De Ropa,Monterrey,8181232759,ND,ND,ND,https://mxfirmas.com/NLE-Monterrey/Tiendas-de-ropa-de-hogar
Composturas De Ropa,Monterrey,8181232759,ND,ND,ND,https://mxfirmas.com/NLE-Monterrey/Tiendas-de-ropa-de-hogar
Tienda De Ropa Usada,Monterrey,8119276170,ND,ND,ND,https://mxfirmas.com/NLE-Monterrey/Tiendas-de-ropa-de-segunda-mano
Venta De Ropa Usada,Monterrey,8181165063,ND,ND,ND,https://mxfirmas.com/NLE-Monterrey/Tiendas-de-ropa-de-segunda-mano
Venta De Ropa Y Lavadoras,Monterrey,8118775218,ND,ND,ND,https://mxfirmas.com/NLE-Monterrey/Tiendas-de-ropa-de-segunda-mano
Ropa Dona Elena,Monterrey,8183437015,ND,ND,ND,https://mxfirmas.com/NLE-Monterrey/Tiendas-de-ropa-de-segunda-mano
Ropa De Paca Sin Nombre,Monterrey,8119276170,ND,ND,ND,https://mxfirmas.com/NLE-Monterrey/Tiendas-de-ropa-de-segunda-mano
Bazar De Ropa Y Herramienta,Monterrey,8119276170,ND,ND,ND,https://mxfirmas.com/NLE-Monterrey/Tiendas-de-ropa-de-segunda-mano
Bazar De Ropa,Monterrey,8119276170,ND,ND,ND,https://mxfirmas.com/NLE-Monterrey/Tiendas-de-ropa-de-segunda-mano
Venta De Ropa Sin Nombre,Guadalupe,ND,ND,ND,ND,https://mxfirmas.com/NLE-Guadalupe/Tiendas-de-ropa-para-ninos
Compra Venta De Ropa Sin Nombre,Guadalupe,8180301384,ND,ND,ND,https://mxfirmas.com/NLE-Guadalupe/Tiendas-de-ropa-para-ninos
Venta De Ropa Y Novedades Sin Nombre,Guadalupe,ND,ND,ND,ND,https://mxfirmas.com/NLE-Guadalupe/Tiendas-de-ropa-para-ninos
Venta De Ropa Y Accesorios Sin Nombre,Linares,8212125752,ND,ND,ND,https://mxfirmas.com/NLE-Linares/Tiendas-de-ropa
Tienda De Ropa Sin Nombre,Linares,8212123101,ND,ND,ND,https://mxfirmas.com/NLE-Linares/Tiendas-de-ropa
Tienda De Ropa Y Regalos Sin Nombre,Linares,8212125752,ND,ND,ND,https://mxfirmas.com/NLE-Linares/Tiendas-de-ropa
Tienda De Ropa Usada Sin Nombre,Linares,8212125752,ND,ND,ND,https://mxfirmas.com/NLE-Linares/Tiendas-de-ropa
Tienda De Ropa De Segunda Bazar Sin Nombre,Linares,8212143381,ND,ND,ND,https://mxfirmas.com/NLE-Linares/Tiendas-de-ropa-para-ninos
Bazar De Artículos De Segunda Sin Nombre,Linares,8212121172,ND,ND,ND,https://mxfirmas.com/NLE-Linares/Tiendas-de-ropa-para-ninos
Tienda de Ropa Deportiva Rodriguez,Linares,8212123437,ND,ND,ND,https://mxfirmas.com/NLE-Linares/Tiendas-de-ropa-deportiva
Venta De Ropa Y Artículos Deportivos Sport Linares,Linares,8212122310,ND,ND,ND,https://mxfirmas.com/NLE-Linares/Tiendas-de-ropa-deportiva
Tienda De Ropa,Montemorelos,8262632295,ND,ND,ND,https://mxfirmas.com/NLE-Montemorelos/Tiendas-de-ropa
Comercio Al Por Menor De Ropa Excepto De Bebé Y Lencería,Montemorelos,8262139153,ND,ND,ND,https://mxfirmas.com/NLE-Montemorelos/Tiendas-de-ropa
Venta De Ropa,Montemorelos,ND,ND,ND,ND,https://mxfirmas.com/NLE-Montemorelos/Tiendas-de-ropa
Ziel,San Pedro Garza García,ND,zielboutique@gmail.com,ND,ND,https://www.allbiz.mx/ziel
Naked Boutique,San Pedro Garza García,81 4050 9941,hola@nakedboutique.com,ND,www.nakedboutique.com,https://www.allbiz.mx/naked-boutique_3B-81-4050-9941
Dianis Boutique Infantil,San Pedro Garza García,81 2282 4541,dianisboutique@gmail.com,ND,ND,https://www.allbiz.mx/dianis-boutique-infantil-81-2282-4541
Palé Eco Store,San Pedro Garza García,81 8255 2184,paleecostore@gmail.com,ND,ND,https://www.allbiz.mx/pal%C3%A9-eco-store-81-8255-2184
Pixie Lava,San Pedro Garza García,81 2092 1192,ND,ND,www.pixielava.com,https://www.allbiz.mx/pixie-lava_1D-81-2092-1192
Sal de Mar,San Pedro Garza García,81 2315 0910,shop@saldemar.mx,ND,saldemar.mx,https://www.allbiz.mx/sal-de-mar_7m-81-2315-0910
NC Renta venta de vestidos,San Nicolás de los Garza,81 2504 4672,cl.vestidos@hotmail.com,ND,nc-renta-de-vestidos.negocio.site,https://www.allbiz.mx/nc-renta-venta-de-vestidos-81-2504-4672
Renta de vestidos,San Nicolás de los Garza,81 8352 0997,ND,ND,renta-de-vestidos-de-fiesta.negocio.site,https://www.allbiz.mx/renta-de-vestidos_8w-81-8352-0997
IVY Collection Renta de Vestidos y Venta de Vestidos,San Nicolás de los Garza,81 1873 8499,ND,ND,ND,https://www.allbiz.mx/ivy-collection-renta-de-vestidos-y-venta-81-1873-8499
Vestidos Ivonne,San Nicolás de los Garza,81 1404 0613,ND,ND,vestidos-ivonne.negocio.site,https://www.allbiz.mx/vestidos-ivonne_1M-81-1404-0613
Vestidos de Novia,San Nicolás de los Garza,81 2043 5546,ND,ND,www.lacasadelosvestidos.com,https://www.allbiz.mx/vestidos-de-novia_2i-81-2043-5546
Dots and Spots Vintage Wear,San Nicolás de los Garza,81 1644 5329,dotsandspotsmx@hotmail.com,ND,ND,https://www.allbiz.mx/dots-and-spots-vintage-wear_1e-81-1644-5329
Coquetas / Renta de Vestidos y mas.,Santa Catarina,81 1793 6160,ND,ND,ND,https://www.allbiz.mx/coquetas-renta-de-vestidos-y-mas_1V-81-1793-6160
Uniformes Dicomi Nuevo Leon,Juárez,81 8233 0453,dicomi_@hotmail.com,ND,ND,https://www.allbiz.mx/uniformes-dicomi-nuevo-leon-81-8233-0453
Tréz Renta De Vestidos,Apodaca,81 2230 8911,trez.rentadevestidos@gmail.com,ND,ND,https://www.allbiz.mx/tr%C3%A9z-renta-de-vestidos-81-2230-8911
Gala Dresses Renta De Vestidos,Apodaca,81 1606 6244,ND,ND,ND,https://www.allbiz.mx/gala-dresses-renta-de-vestidos-81-1606-6244
París Renta de vestidos,Monterrey,81 8095 4966,parisvestidos@hotmail.com,ND,ND,https://www.allbiz.mx/par%C3%ADs-renta-de-vestidos-81-8095-4966
BG Dresses - Renta de Vestidos,Monterrey,81 1612 3214,brendag.ventas@gmail.com,ND,ND,https://www.allbiz.mx/bg-dresses-renta-de-vestidos-81-1612-3214
Elve Dress - Renta de Vestidos,Monterrey,866 209 3193,ND,ND,ND,https://www.allbiz.mx/elve-dress-renta-de-vestidos-866-209-3193
Veinte Veinte Renta de Vestidos,Monterrey,81 1088 5795,ND,ND,ND,https://www.allbiz.mx/veinte-veinte-renta-de-vestidos-81-1088-5795
Vestidos Oliver,Monterrey,81 2939 0888,ND,ND,vestidos-oliver.negocio.site,https://www.allbiz.mx/vestidos-oliver-81-2939-0888
Renta de vestidos Lindas,Guadalupe,81 1588 4436,linda.vestidos@outlook.com,ND,ND,https://www.allbiz.mx/renta-de-vestidos-lindas-81-1588-4436
Bazaar Annie,Guadalupe,81 1221 1026,anabelhinojosa26@hotmail.com,ND,ND,https://www.allbiz.mx/bazaar-annie-81-1221-1026
Moda Actual,Sabinas Hidalgo,824 113 0217,ND,ND,ND,https://www.allbiz.mx/moda-actual-824-113-0217
Ventas Susana,Linares,821 126 7363,ND,ND,ND,https://www.allbiz.mx/ventas-susana-821-126-7363
Renta De Vestidos D'Blanca,Cadereyta Jiménez,81 8882 5515,ND,ND,ND,https://www.allbiz.mx/renta-de-vestidos-dblanca_1I-81-8882-5515
Brianda Boutique & Spa,García,81 1327 2141,ND,ND,ND,https://www.allbiz.mx/brianda-boutique-spa-81-1327-2141
Boutique Marymar,Iturbide,ND,ND,ND,ND,https://vivecalle.com/nuevo-leon/iturbide/calle-francisco-sarabia
Zania's Place,General Treviño,892 100 1413,ND,ND,ND,https://www.allbiz.mx/zanias-place-892-100-1413
Renta de vestidos The New,San Nicolás de los Garza,81 1542 8150,ND,ND,ND,https://www.allbiz.mx/renta-de-vestidos-the-new-81-1542-8150
Nina Dresses,San Nicolás de los Garza,81 1748 9316,ND,ND,ND,https://www.allbiz.mx/nina-dresses-81-1748-9316
Dress & more,San Nicolás de los Garza,81 1496 3960,ND,ND,ND,https://www.allbiz.mx/dress-more-81-1496-3960
Renta de Vestidos Moon,San Nicolás de los Garza,81 1386 6969,ND,ND,ND,https://www.allbiz.mx/renta-de-vestidos-%22moon-81-1386-6969
Kc Dresses,San Nicolás de los Garza,81 2092 2041,ND,ND,ND,https://www.allbiz.mx/kc-dresses
MC Dresses,Cadereyta Jiménez,81 8083 6548,melissaechapoy@hotmail.com,ND,ND,https://www.allbiz.mx/mc-dresses_2K-81-8083-6548
Boutique Nina,Cadereyta Jiménez,ND,ND,ND,ND,https://www.allbiz.mx/https://www.bizarchivo.mx/boutique-nina_2P
Grace Fashion Dress,Juárez,81 2197 0672,ND,ND,ND,https://www.allbiz.mx/grace-fashion-dress-81-2197-0672
Renta y Venta de Vestidos Monterrey,Monterrey,83780043,hollydressmty@gmail.com,ND,ND,https://www.allbiz.mx/renta-y-venta-de-vestidos-monterrey
Dress Me,Monterrey,ND,dressmemty@gmail.com,ND,ND,https://www.allbiz.mx/dress-me_2H
Tienda Facundo,Abasolo,ND,ND,ND,ND,https://pymes.org.mx/pyme/tienda-facundo-7a0b4d38.html
Uniformes Lordes,Abasolo,ND,ND,ND,ND,https://pymes.org.mx/pyme/uniformes-lordes-3d3663af.html
Taller de Costura,Mina,ND,ND,ND,ND,https://pymes.org.mx/pyme/taller-de-costura-5d22d74d.html
Very Vaquero,Monterrey,81 8340 4353,ND,ND,ND,https://barrioantiguo.mx/stores/
Optima,Monterrey,81 8340 7432,ND,ND,tiendasoptima.com,https://barrioantiguo.mx/stores/
KANA Dress - Renta y Venta de Vestidos de XV,Monterrey,81 1164 3630,ND,ND,ND,https://barrioantiguo.mx/stores/
Mister caps,Monterrey,81 8345 8463,ND,ND,2cap.com.mx,https://barrioantiguo.mx/stores/
Angélica vali vestidos,Monterrey,81 2351 3276,ND,ND,ND,https://barrioantiguo.mx/stores/
Legítimo,Monterrey,951 297 4935,ND,ND,ND,https://barrioantiguo.mx/stores/
Sport HG tenis,Monterrey,ND,ND,ND,ND,https://barrioantiguo.mx/stores/
Bloggers Bazaar,Monterrey,ND,ND,ND,ND,https://barrioantiguo.mx/stores/
Ropa,Monterrey,81 8883 9669,ND,ND,ND,https://mxfirmas.com/NLE-Monterrey/Tiendas-de-ropa
"Telas y Ropa Metro de Paris, S.A. de C.V.",Monterrey,81 8375 5859,ND,ND,ND,https://mxfirmas.com/NLE-Monterrey/Tiendas-de-ropa
Mayorista De Ropa,Monterrey,81 8375 3807,ND,ND,ND,https://mxfirmas.com/NLE-Monterrey/Tiendas-de-ropa
Ropa Y Discos,Monterrey,81 8375 4578,ND,ND,ND,https://mxfirmas.com/NLE-Monterrey/Tiendas-de-ropa
Ropa Y Calzado De Puebla,Monterrey,81 8391 4048,ND,ND,ND,https://mxfirmas.com/NLE-Monterrey/Tiendas-de-ropa
Tienda Ropa Infantil Cri Cri,Monterrey,81 8344 9496,ND,ND,ND,https://mxfirmas.com/NLE-Monterrey/Tiendas-de-ropa
Fabrica de Ropa Gallery,Monterrey,81 8342 4182,ND,ND,ND,https://mxfirmas.com/NLE-Monterrey/Tiendas-de-ropa
Bazar De Ropa De Gregoria Silva Reyna,Rayones,ND,ND,ND,ND,https://vivecalle.com/nuevo-leon/rayones/miguel-valdez
Moda Magy,Parás,ND,ND,ND,ND,https://www.planetamexico.com.mx/paras
Tienda De Ropa,Cadereyta Jiménez,+52 828 284 0632,ND,ND,ND,https://mxfirmas.com/NLE-Cadereyta-Jimenez/Tiendas-de-ropa
"García García, Gloria",Cadereyta Jiménez,+52 818 284 3844,ND,ND,ND,https://mxfirmas.com/NLE-Cadereyta-Jimenez/Tiendas-de-ropa-para-hombres
Comercio Al Por Menor De Ropa Excepto De Bebé Y Lencería,Cadereyta Jiménez,+52 828 284 5117,ND,ND,ND,https://mxfirmas.com/NLE-Cadereyta-Jimenez/Tiendas-de-lenceria
Venta De Vestidos Sin Nombre,Cadereyta Jiménez,ND,ND,ND,ND,https://mxfirmas.com/NLE-Cadereyta-Jimenez/Tiendas-para-novias
Tienda De Ropa Sin Nombre,Sabinas Hidalgo,8242424848,ND,ND,ND,https://mxfirmas.com/NLE-Sabinas-Hidalgo/Tiendas-de-regalos
Tienda de Ropa,Sabinas Hidalgo,8242424848,ND,ND,ND,https://mxfirmas.com/NLE-Sabinas-Hidalgo/Tiendas-de-regalos
Mini Super El Mezquite,Vallecillo,ND,ND,ND,ND,https://pymes.org.mx/pyme/mini-super-el-mezquite-6ba32a4e.html
Nuvant Outlet - Confecciones Exclusivas del Noreste SA de CV,Monterrey,ND,ND,ND,ND,https://pymes.org.mx/pyme/nuvant-outlet-34e931a3.html
Bantu Outlet - Confecciones Exclusivas del Noreste SA de CV,Monterrey,ND,ND,ND,ND,https://pymes.org.mx/pyme/bantu-outlet-5c215b09.html
"Comercio Al Por Menor De Ropa, Excepto De Bebé Y Lencería",Monterrey,8183744896,ND,ND,ND,https://pymes.org.mx/pyme/comercio-al-por-menor-de-ropa-excepto-de-bebe-y-lenceria-2a5d8eff.html
FYTEX,Monterrey,81 8374 1480,[email protected],ND,www.fictex.com.mx,https://pymes.org.mx/pyme/fytex-652c123c.html
Venta De Ropa Artesanal,Monterrey,ND,ND,ND,ND,https://pymes.org.mx/pyme/venta-de-ropa-artesanal-d4a2cbbb.html
Chamarras Y Bordados,Monterrey,ND,ND,ND,ND,https://pymes.org.mx/pyme/chamarras-y-bordados-8b38f023.html
Novedades Maru,Monterrey,ND,ND,ND,ND,https://pymes.org.mx/pyme/novedades-maru-1bbf90ef.html
Ay Guey - Mexico Parriba SA de CV,Monterrey,81 1281 3737,[email protected],ND,www.ayguey.mx,https://pymes.org.mx/pyme/ay-guey-f64d498c.html
Narrika 7,Monterrey,ND,ND,ND,ND,https://pymes.org.mx/pyme/narrika-7-599549e8.html
Oleitha Servicios Integrales S.A. de C.V.,Monterrey,81 8310 8852,[email protected],ND,www.oleitha.com,https://www.oleitha.com/seguridad/
"Playeras Y Bordados Guistteh, Ditexsa",Guadalupe,ND,ND,ND,ND,https://pymes.org.mx/pyme/playeras-y-bordados-guistteh-ditexsa-9035b3c0.html
Bazar La Pulguita,Guadalupe,ND,ND,ND,ND,https://pymes.org.mx/pyme/bazar-la-pulguita-769ddcfe.html
Taller De Costura Desartes,San Nicolás de los Garza,ND,ND,ND,ND,https://pymes.org.mx/pyme/taller-de-costura-desartes-138e9a89.html
Little Black Dress,Guadalupe,ND,ND,ND,ND,https://pymes.org.mx/pyme/little-black-dress-70f141bf.html
Rapsodia San Pedro Monterrey,San Pedro Garza García,ND,ND,ND,ND,https://pymes.org.mx/pyme/rapsodia-san-pedro-monterrey-ecdd9fce.html
Coppel Los Angeles 37,San Nicolás de los Garza,ND,ND,ND,ND,https://pymes.org.mx/pyme/coppel-los-angeles-370-c138a0ca.html
Harlem Romero,Monterrey,81 8342 2790,ND,ND,ND,https://www.monitor.com.mx/2917545/harlem-romero/
