nombre,municipio,teléfono,correo,WhatsApp,sitio_red,url_fuente
Boutique Aracely,Ahualulco,+52 97 0575 1371,ND,https://wa.me/529705751371,https://www.facebook.com/search/pages/?q=Boutique%20Aracely%20Ahualulco,"https://www.google.com/maps/search/?api=1&query=22.39980131,-101.16410315"
Boutique De Ropa,Ahualulco,+52 44 4854 8182,ND,https://wa.me/524448548182,https://www.facebook.com/search/pages/?q=Boutique%20De%20Ropa%20Ahualulco,"https://www.google.com/maps/search/?api=1&query=22.40031825,-101.16547995"
J&J Boutique,Ahualulco,+52 44 4314 0649,ND,https://wa.me/524443140649,https://www.facebook.com/search/pages/?q=J%26J%20Boutique%20Ahualulco,"https://www.google.com/maps/search/?api=1&query=22.4017066,-101.16450879"
Jp Boutique,Ahualulco,+52 44 4330 1853,ND,https://wa.me/524443301853,https://www.facebook.com/search/pages/?q=Jp%20Boutique%20Ahualulco,"https://www.google.com/maps/search/?api=1&query=22.39968927,-101.1654116"
Pink Shop,Ahualulco,+52 44 4543 3158,ND,https://wa.me/524445433158,https://www.facebook.com/search/pages/?q=Pink%20Shop%20Ahualulco,"https://www.google.com/maps/search/?api=1&query=22.3993752,-101.16466031"
Tienda De Ropa Lili S Closet,Alaquines,ND,ND,ND,https://www.facebook.com/search/pages/?q=Tienda%20De%20Ropa%20Lili%20S%20Closet%20Alaquines,"https://www.google.com/maps/search/?api=1&query=22.12935883,-99.6005224"
Boutique Bambu,Aquismón,+52 48 1145 6595,ND,https://wa.me/524811456595,https://www.facebook.com/search/pages/?q=Boutique%20Bambu%20Aquismón,"https://www.google.com/maps/search/?api=1&query=21.62127743,-99.01998167"
Citlali Boutique,Aquismón,+52 48 1380 2983,ND,https://wa.me/524813802983,https://www.facebook.com/search/pages/?q=Citlali%20Boutique%20Aquismón,"https://www.google.com/maps/search/?api=1&query=21.62339581,-99.02169767"
Mar Boutique,Aquismón,+52 48 1140 1681,ND,https://wa.me/524811401681,https://www.facebook.com/search/pages/?q=Mar%20Boutique%20Aquismón,"https://www.google.com/maps/search/?api=1&query=21.62340371,-99.01503146"
Modas Garay,Aquismón,+52 48 2100 0750,ND,https://wa.me/524821000750,https://www.facebook.com/search/pages/?q=Modas%20Garay%20Aquismón,"https://www.google.com/maps/search/?api=1&query=21.6217482,-99.0204287"
Venta De Ropa,Armadillo de los Infante,ND,ND,ND,https://www.facebook.com/search/pages/?q=Venta%20De%20Ropa%20Armadillo%20de%20los%20Infante,"https://www.google.com/maps/search/?api=1&query=22.24423167,-100.65504402"
Be Nice Boutique,Axtla de Terrazas,+52 48 1156 2424,ND,https://wa.me/524811562424,https://www.facebook.com/search/pages/?q=Be%20Nice%20Boutique%20Axtla%20de%20Terrazas,"https://www.google.com/maps/search/?api=1&query=21.43769157,-98.872879"
Bellmart Shop,Axtla de Terrazas,+52 48 9107 7628,ND,https://wa.me/524891077628,https://www.facebook.com/search/pages/?q=Bellmart%20Shop%20Axtla%20de%20Terrazas,"https://www.google.com/maps/search/?api=1&query=21.43580442,-98.87322732"
Boutique Galilea,Axtla de Terrazas,+52 48 9113 6880,ND,https://wa.me/524891136880,https://www.facebook.com/search/pages/?q=Boutique%20Galilea%20Axtla%20de%20Terrazas,"https://www.google.com/maps/search/?api=1&query=21.43679051,-98.87168974"
Boutique La Pasarela,Axtla de Terrazas,+52 48 3112 6168,ND,https://wa.me/524831126168,https://www.facebook.com/search/pages/?q=Boutique%20La%20Pasarela%20Axtla%20de%20Terrazas,"https://www.google.com/maps/search/?api=1&query=21.43741946,-98.87525273"
Boutique Merida,Axtla de Terrazas,+52 48 9130 5786,ND,https://wa.me/524891305786,https://www.facebook.com/search/pages/?q=Boutique%20Merida%20Axtla%20de%20Terrazas,"https://www.google.com/maps/search/?api=1&query=21.43628892,-98.87251813"
Boutique Tout Concept,Axtla de Terrazas,+52 48 1102 8542,ND,https://wa.me/524811028542,https://www.facebook.com/search/pages/?q=Boutique%20Tout%20Concept%20Axtla%20de%20Terrazas,"https://www.google.com/maps/search/?api=1&query=21.43501912,-98.87533818"
My Fashion Boutique,Axtla de Terrazas,+52 48 9113 8257,ND,https://wa.me/524891138257,https://www.facebook.com/search/pages/?q=My%20Fashion%20Boutique%20Axtla%20de%20Terrazas,"https://www.google.com/maps/search/?api=1&query=21.43576577,-98.87212122"
Rm Boutique,Axtla de Terrazas,+52 55 4539 6984,ND,https://wa.me/525545396984,https://www.facebook.com/search/pages/?q=Rm%20Boutique%20Axtla%20de%20Terrazas,"https://www.google.com/maps/search/?api=1&query=21.43846798,-98.87611845"
Tienda De Ropa Victoria Boutique,Cárdenas,+52 48 7195 6026,ND,https://wa.me/524871956026,https://www.facebook.com/search/pages/?q=Tienda%20De%20Ropa%20Victoria%20Boutique%20Cárdenas,"https://www.google.com/maps/search/?api=1&query=22.00010083,-99.64282149"
Vintage Boutique,Cárdenas,+52 48 7107 3881,ND,https://wa.me/524871073881,https://www.facebook.com/search/pages/?q=Vintage%20Boutique%20Cárdenas,"https://www.google.com/maps/search/?api=1&query=21.99635913,-99.64613223"
Venta De Ropa,Catorce,+52 48 8137 2281,ND,https://wa.me/524881372281,https://www.facebook.com/search/pages/?q=Venta%20De%20Ropa%20Catorce,"https://www.google.com/maps/search/?api=1&query=23.68961234,-100.88414388"
Acuario Boutique,Cedral,+52 48 8142 7315,ND,https://wa.me/524881427315,https://www.facebook.com/search/pages/?q=Acuario%20Boutique%20Cedral,"https://www.google.com/maps/search/?api=1&query=23.81965137,-100.7281634"
Boutique Shop Galeana,Cedral,+52 48 8112 2563,ND,https://wa.me/524881122563,https://www.facebook.com/search/pages/?q=Boutique%20Shop%20Galeana%20Cedral,"https://www.google.com/maps/search/?api=1&query=23.82120551,-100.72707942"
Boutique Yaneth,Cedral,+52 48 8111 1119,ND,https://wa.me/524881111119,https://www.facebook.com/search/pages/?q=Boutique%20Yaneth%20Cedral,"https://www.google.com/maps/search/?api=1&query=23.82391763,-100.73140854"
Deivis Store,Cedral,+52 48 8179 3517,ND,https://wa.me/524881793517,https://www.facebook.com/search/pages/?q=Deivis%20Store%20Cedral,"https://www.google.com/maps/search/?api=1&query=23.81993762,-100.72837972"
Helen Boutique,Cedral,+52 48 8100 6915,ND,https://wa.me/524881006915,https://www.facebook.com/search/pages/?q=Helen%20Boutique%20Cedral,"https://www.google.com/maps/search/?api=1&query=23.81896597,-100.72562463"
Moda Forever Boutique,Cedral,+52 48 8101 1746,ND,https://wa.me/524881011746,https://www.facebook.com/search/pages/?q=Moda%20Forever%20Boutique%20Cedral,"https://www.google.com/maps/search/?api=1&query=23.81913207,-100.72486317"
Cristys Boutique,Cerritos,+52 48 6112 3900,ND,https://wa.me/524861123900,https://www.facebook.com/search/pages/?q=Cristys%20Boutique%20Cerritos,"https://www.google.com/maps/search/?api=1&query=22.43239215,-100.28341755"
Gali Boutique,Cerritos,+52 48 6106 0640,ND,https://wa.me/524861060640,https://www.facebook.com/search/pages/?q=Gali%20Boutique%20Cerritos,"https://www.google.com/maps/search/?api=1&query=22.43327792,-100.28333075"
Hernandez Western Wear,Cerritos,+52 48 6116 3747,ND,https://wa.me/524861163747,https://www.facebook.com/search/pages/?q=Hernandez%20Western%20Wear%20Cerritos,"https://www.google.com/maps/search/?api=1&query=22.43230045,-100.28130407"
Moda Kzual 3X3,Cerritos,+52 48 6115 1850,ND,https://wa.me/524861151850,https://www.facebook.com/search/pages/?q=Moda%20Kzual%203X3%20Cerritos,"https://www.google.com/maps/search/?api=1&query=22.43300939,-100.28233"
Modas Fenix,Cerritos,+52 44 4865 2366,ND,https://wa.me/524448652366,https://www.facebook.com/search/pages/?q=Modas%20Fenix%20Cerritos,"https://www.google.com/maps/search/?api=1&query=22.43426045,-100.28146121"
Modas Gaby,Cerritos,+52 48 6110 3047,ND,https://wa.me/524861103047,https://www.facebook.com/search/pages/?q=Modas%20Gaby%20Cerritos,"https://www.google.com/maps/search/?api=1&query=22.43332901,-100.28189148"
Ropa Memedora,Cerro de San Pedro,+52 44 4270 3325,ND,https://wa.me/524442703325,https://www.facebook.com/search/pages/?q=Ropa%20Memedora%20Cerro%20de%20San%20Pedro,"https://www.google.com/maps/search/?api=1&query=22.1531967,-100.8472815"
Hotel Boutique Las Palmas,Charcas,+52 48 6104 5607,ND,https://wa.me/524861045607,https://www.facebook.com/search/pages/?q=Hotel%20Boutique%20Las%20Palmas%20Charcas,"https://www.google.com/maps/search/?api=1&query=23.13169474,-101.11327948"
Tienda De Ropa De Moda Maritita,Charcas,+52 55 4076 7430,ND,https://wa.me/525540767430,https://www.facebook.com/search/pages/?q=Tienda%20De%20Ropa%20De%20Moda%20Maritita%20Charcas,"https://www.google.com/maps/search/?api=1&query=23.13138531,-101.11294637"
Tienda De Ropa Dv Fashion Boutique,Charcas,+52 48 6103 8628,ND,https://wa.me/524861038628,https://www.facebook.com/search/pages/?q=Tienda%20De%20Ropa%20Dv%20Fashion%20Boutique%20Charcas,"https://www.google.com/maps/search/?api=1&query=23.13228194,-101.11224843"
Tienda De Ropa Modas Hidalgo,Charcas,+52 48 6121 9669,ND,https://wa.me/524861219669,https://www.facebook.com/search/pages/?q=Tienda%20De%20Ropa%20Modas%20Hidalgo%20Charcas,"https://www.google.com/maps/search/?api=1&query=23.13211795,-101.11220948"
Tienda De Ropa Modas Kate,Charcas,+52 48 6865 1562,ND,https://wa.me/524868651562,https://www.facebook.com/search/pages/?q=Tienda%20De%20Ropa%20Modas%20Kate%20Charcas,"https://www.google.com/maps/search/?api=1&query=23.13206807,-101.11414283"
Venta De Ropa Y Accesorios Jhosvi Shop,Charcas,+52 48 8141 5560,ND,https://wa.me/524881415560,https://www.facebook.com/search/pages/?q=Venta%20De%20Ropa%20Y%20Accesorios%20Jhosvi%20Shop%20Charcas,"https://www.google.com/maps/search/?api=1&query=23.13246118,-101.11215533"
Boutique Fulanitos,Ciudad del Maíz,+52 44 4532 9010,ND,https://wa.me/524445329010,https://www.facebook.com/search/pages/?q=Boutique%20Fulanitos%20Ciudad%20del%20Maíz,"https://www.google.com/maps/search/?api=1&query=22.40083333,-99.59820836"
Boutique Litzi,Ciudad del Maíz,+52 48 2110 1072,ND,https://wa.me/524821101072,https://www.facebook.com/search/pages/?q=Boutique%20Litzi%20Ciudad%20del%20Maíz,"https://www.google.com/maps/search/?api=1&query=22.48142631,-99.85439987"
El Norteño Western Store,Ciudad del Maíz,+52 48 2107 8833,ND,https://wa.me/524821078833,https://www.facebook.com/search/pages/?q=El%20Norteño%20Western%20Store%20Ciudad%20del%20Maíz,"https://www.google.com/maps/search/?api=1&query=22.40420654,-99.60205375"
Moda Urban,Ciudad del Maíz,+52 48 2100 8509,ND,https://wa.me/524821008509,https://www.facebook.com/search/pages/?q=Moda%20Urban%20Ciudad%20del%20Maíz,"https://www.google.com/maps/search/?api=1&query=22.4025187,-99.60145046"
Boutique,Ciudad Fernández,+52 48 7109 4024,ND,https://wa.me/524871094024,https://www.facebook.com/search/pages/?q=Boutique%20Ciudad%20Fernández,"https://www.google.com/maps/search/?api=1&query=21.94484047,-100.01023754"
Boutique Shulada,Ciudad Fernández,+52 48 7143 2211,ND,https://wa.me/524871432211,https://www.facebook.com/search/pages/?q=Boutique%20Shulada%20Ciudad%20Fernández,"https://www.google.com/maps/search/?api=1&query=21.93601364,-100.04713342"
Dulce Boutique,Ciudad Fernández,+52 48 7149 0343,ND,https://wa.me/524871490343,https://www.facebook.com/search/pages/?q=Dulce%20Boutique%20Ciudad%20Fernández,"https://www.google.com/maps/search/?api=1&query=21.93298781,-100.05251555"
Tienda De Ropa Flore Boutique,Ciudad Fernández,+52 48 7110 4994,ND,https://wa.me/524871104994,https://www.facebook.com/search/pages/?q=Tienda%20De%20Ropa%20Flore%20Boutique%20Ciudad%20Fernández,"https://www.google.com/maps/search/?api=1&query=21.93979993,-100.01917632"
Tienda De Ropa Moda Y Accesorios Camils,Ciudad Fernández,+52 48 7103 3769,ND,https://wa.me/524871033769,https://www.facebook.com/search/pages/?q=Tienda%20De%20Ropa%20Moda%20Y%20Accesorios%20Camils%20Ciudad%20Fernández,"https://www.google.com/maps/search/?api=1&query=21.93305776,-100.04691016"
Tienda De Ropa New Jean,Ciudad Fernández,+52 48 7875 6381,ND,https://wa.me/524878756381,https://www.facebook.com/search/pages/?q=Tienda%20De%20Ropa%20New%20Jean%20Ciudad%20Fernández,"https://www.google.com/maps/search/?api=1&query=21.92849696,-100.04718515"
Tienda De Ropa Y Accessorios Nova Fashion,Ciudad Fernández,+52 48 7124 9325,ND,https://wa.me/524871249325,https://www.facebook.com/search/pages/?q=Tienda%20De%20Ropa%20Y%20Accessorios%20Nova%20Fashion%20Ciudad%20Fernández,"https://www.google.com/maps/search/?api=1&query=21.93765668,-100.01239739"
Boutique Closet De Lua,Ciudad Valles,+52 48 1105 1638,deluacloset300@gmail.com,https://wa.me/524811051638,https://www.facebook.com/search/pages/?q=Boutique%20Closet%20De%20Lua%20Ciudad%20Valles,"https://www.google.com/maps/search/?api=1&query=21.99433566,-99.02543124"
Boutique Elle,Ciudad Valles,+52 48 1113 1212,laurarhz@hotmail.com,https://wa.me/524811131212,https://www.facebook.com/search/pages/?q=Boutique%20Elle%20Ciudad%20Valles,"https://www.google.com/maps/search/?api=1&query=21.98519446,-99.01456529"
Boutique Iuniq Moda In,Ciudad Valles,+52 48 1114 9683,iuniq2005@hotmail.com,https://wa.me/524811149683,https://www.facebook.com/search/pages/?q=Boutique%20Iuniq%20Moda%20In%20Ciudad%20Valles,"https://www.google.com/maps/search/?api=1&query=21.9868216,-99.01372853"
Boutique Thara,Ciudad Valles,+52 48 1111 3838,escobar_clara@hotmail.com,https://wa.me/524811113838,https://www.facebook.com/search/pages/?q=Boutique%20Thara%20Ciudad%20Valles,"https://www.google.com/maps/search/?api=1&query=21.98315031,-99.00552145"
Boutique Vae,Ciudad Valles,+52 48 1112 7452,ropavae@yahoo.vom.mx,https://wa.me/524811127452,https://www.facebook.com/search/pages/?q=Boutique%20Vae%20Ciudad%20Valles,"https://www.google.com/maps/search/?api=1&query=21.98499937,-99.01322718"
Lovglam Fashion Boutique,Ciudad Valles,+52 83 3452 1552,plazaslp8622@gmail.com,https://wa.me/528334521552,https://www.facebook.com/search/pages/?q=Lovglam%20Fashion%20Boutique%20Ciudad%20Valles,"https://www.google.com/maps/search/?api=1&query=21.98898019,-99.01221384"
Tienda De Ropa Modas Yaritza,Ciudad Valles,+52 48 1120 0059,mercadovalles85@hotmail.com,https://wa.me/524811200059,https://www.facebook.com/search/pages/?q=Tienda%20De%20Ropa%20Modas%20Yaritza%20Ciudad%20Valles,"https://www.google.com/maps/search/?api=1&query=21.98468733,-99.01819922"
Allison Boutique,Ciudad Valles,+52 48 1120 0583,ND,https://wa.me/524811200583,https://www.facebook.com/search/pages/?q=Allison%20Boutique%20Ciudad%20Valles,"https://www.google.com/maps/search/?api=1&query=22.0104035,-99.0254133"
Anna Iris Boutique,Ciudad Valles,+52 48 1103 3331,ND,https://wa.me/524811033331,https://www.facebook.com/search/pages/?q=Anna%20Iris%20Boutique%20Ciudad%20Valles,"https://www.google.com/maps/search/?api=1&query=21.99702953,-99.00723397"
Boutique Accesorios Y Ropa Karly,Ciudad Valles,+52 48 1120 8177,ND,https://wa.me/524811208177,https://www.facebook.com/search/pages/?q=Boutique%20Accesorios%20Y%20Ropa%20Karly%20Ciudad%20Valles,"https://www.google.com/maps/search/?api=1&query=21.99816148,-99.02538644"
Boutique Actuals,Ciudad Valles,+52 48 1114 1401,ND,https://wa.me/524811141401,https://www.facebook.com/search/pages/?q=Boutique%20Actuals%20Ciudad%20Valles,"https://www.google.com/maps/search/?api=1&query=21.98568141,-99.01746593"
Boutique American Fashion,Ciudad Valles,+52 48 1261 1761,ND,https://wa.me/524812611761,https://www.facebook.com/search/pages/?q=Boutique%20American%20Fashion%20Ciudad%20Valles,"https://www.google.com/maps/search/?api=1&query=21.99684989,-99.00738426"
Boutique Casual Eres,Ciudad Valles,+52 48 1154 1164,ND,https://wa.me/524811541164,https://www.facebook.com/search/pages/?q=Boutique%20Casual%20Eres%20Ciudad%20Valles,"https://www.google.com/maps/search/?api=1&query=21.9828446,-99.01510159"
Boutique Casual Store,Ciudad Valles,+52 48 1122 7440,ND,https://wa.me/524811227440,https://www.facebook.com/search/pages/?q=Boutique%20Casual%20Store%20Ciudad%20Valles,"https://www.google.com/maps/search/?api=1&query=21.98407909,-99.01369586"
Boutique Curvy Love,Ciudad Valles,+52 48 1103 3454,ND,https://wa.me/524811033454,https://www.facebook.com/search/pages/?q=Boutique%20Curvy%20Love%20Ciudad%20Valles,"https://www.google.com/maps/search/?api=1&query=21.99171138,-99.01353478"
Boutique De Ropa Lollipop Bq,Ciudad Valles,+52 44 4386 1715,ND,https://wa.me/524443861715,https://www.facebook.com/search/pages/?q=Boutique%20De%20Ropa%20Lollipop%20Bq%20Ciudad%20Valles,"https://www.google.com/maps/search/?api=1&query=21.98234742,-99.01521065"
Boutique Elegancia Cami Di,Ciudad Valles,+52 48 1101 7372,ND,https://wa.me/524811017372,https://www.facebook.com/search/pages/?q=Boutique%20Elegancia%20Cami%20Di%20Ciudad%20Valles,"https://www.google.com/maps/search/?api=1&query=21.98271303,-99.01500222"
Boutique Emilia,Ciudad Valles,+52 48 1137 9819,ND,https://wa.me/524811379819,https://www.facebook.com/search/pages/?q=Boutique%20Emilia%20Ciudad%20Valles,"https://www.google.com/maps/search/?api=1&query=21.98783339,-99.01987688"
Boutique Estudio 54,Ciudad Valles,+52 48 1107 6069,ND,https://wa.me/524811076069,https://www.facebook.com/search/pages/?q=Boutique%20Estudio%2054%20Ciudad%20Valles,"https://www.google.com/maps/search/?api=1&query=22.00630285,-99.03239293"
Boutique Golden Dress,Ciudad Valles,+52 48 1111 6855,ND,https://wa.me/524811116855,https://www.facebook.com/search/pages/?q=Boutique%20Golden%20Dress%20Ciudad%20Valles,"https://www.google.com/maps/search/?api=1&query=21.98314701,-99.01524019"
Boutique Good Vides,Ciudad Valles,+52 48 1123 7880,ND,https://wa.me/524811237880,https://www.facebook.com/search/pages/?q=Boutique%20Good%20Vides%20Ciudad%20Valles,"https://www.google.com/maps/search/?api=1&query=21.98638582,-99.0160782"
Boutique Hr,Ciudad Valles,+52 48 1126 4646,ND,https://wa.me/524811264646,https://www.facebook.com/search/pages/?q=Boutique%20Hr%20Ciudad%20Valles,"https://www.google.com/maps/search/?api=1&query=21.9862157,-99.00638395"
Boutique Julis,Ciudad Valles,+52 83 3158 1482,ND,https://wa.me/528331581482,https://www.facebook.com/search/pages/?q=Boutique%20Julis%20Ciudad%20Valles,"https://www.google.com/maps/search/?api=1&query=21.98798351,-99.01371642"
Boutique Kitty Mens,Ciudad Valles,+52 48 1124 3823,ND,https://wa.me/524811243823,https://www.facebook.com/search/pages/?q=Boutique%20Kitty%20Mens%20Ciudad%20Valles,"https://www.google.com/maps/search/?api=1&query=21.98059196,-99.01504132"
Boutique Kitty Women,Ciudad Valles,+52 48 1243 8237,ND,https://wa.me/524812438237,https://www.facebook.com/search/pages/?q=Boutique%20Kitty%20Women%20Ciudad%20Valles,"https://www.google.com/maps/search/?api=1&query=21.9806282,-99.01504247"
Boutique Lilis,Ciudad Valles,+52 48 1103 8087,ND,https://wa.me/524811038087,https://www.facebook.com/search/pages/?q=Boutique%20Lilis%20Ciudad%20Valles,"https://www.google.com/maps/search/?api=1&query=21.98372489,-99.0150961"
Boutique Luna Fashiom,Ciudad Valles,+52 48 1109 5346,ND,https://wa.me/524811095346,https://www.facebook.com/search/pages/?q=Boutique%20Luna%20Fashiom%20Ciudad%20Valles,"https://www.google.com/maps/search/?api=1&query=21.98519949,-99.01459517"
Boutique M & K,Ciudad Valles,+52 48 1107 8682,ND,https://wa.me/524811078682,https://www.facebook.com/search/pages/?q=Boutique%20M%20%26%20K%20Ciudad%20Valles,"https://www.google.com/maps/search/?api=1&query=21.97446741,-98.99532083"
Boutique Majo Accesorios,Ciudad Valles,+52 48 1101 1617,ND,https://wa.me/524811011617,https://www.facebook.com/search/pages/?q=Boutique%20Majo%20Accesorios%20Ciudad%20Valles,"https://www.google.com/maps/search/?api=1&query=21.98752324,-99.00943336"
Boutique Mare Concept Store,Ciudad Valles,+52 48 1120 1885,ND,https://wa.me/524811201885,https://www.facebook.com/search/pages/?q=Boutique%20Mare%20Concept%20Store%20Ciudad%20Valles,"https://www.google.com/maps/search/?api=1&query=21.99163869,-99.01354335"
Boutique Marina Fashion,Ciudad Valles,+52 48 1145 0885,ND,https://wa.me/524811450885,https://www.facebook.com/search/pages/?q=Boutique%20Marina%20Fashion%20Ciudad%20Valles,"https://www.google.com/maps/search/?api=1&query=21.97788722,-99.0160125"
Boutique Mr,Ciudad Valles,+52 48 1139 7107,ND,https://wa.me/524811397107,https://www.facebook.com/search/pages/?q=Boutique%20Mr%20Ciudad%20Valles,"https://www.google.com/maps/search/?api=1&query=21.98523378,-99.01442876"
Boutique Nara,Ciudad Valles,+52 48 1115 5995,ND,https://wa.me/524811155995,https://www.facebook.com/search/pages/?q=Boutique%20Nara%20Ciudad%20Valles,"https://www.google.com/maps/search/?api=1&query=21.99436942,-99.00416889"
Boutique Porte Fino,Ciudad Valles,+52 48 1122 4349,ND,https://wa.me/524811224349,https://www.facebook.com/search/pages/?q=Boutique%20Porte%20Fino%20Ciudad%20Valles,"https://www.google.com/maps/search/?api=1&query=21.98523378,-99.01442876"
Boutique Ymara,Ciudad Valles,+52 44 4415 8541,ND,https://wa.me/524444158541,https://www.facebook.com/search/pages/?q=Boutique%20Ymara%20Ciudad%20Valles,"https://www.google.com/maps/search/?api=1&query=21.9880123,-99.01379938"
Boutique Yuls Opening,Ciudad Valles,+52 48 1107 7188,ND,https://wa.me/524811077188,https://www.facebook.com/search/pages/?q=Boutique%20Yuls%20Opening%20Ciudad%20Valles,"https://www.google.com/maps/search/?api=1&query=21.98627348,-99.01348163"
Boutique Zona Exclusiva,Ciudad Valles,+52 48 1115 1574,ND,https://wa.me/524811151574,https://www.facebook.com/search/pages/?q=Boutique%20Zona%20Exclusiva%20Ciudad%20Valles,"https://www.google.com/maps/search/?api=1&query=21.98656612,-99.01834374"
Brina Boutique,Ciudad Valles,+52 48 1389 5551,ND,https://wa.me/524813895551,https://www.facebook.com/search/pages/?q=Brina%20Boutique%20Ciudad%20Valles,"https://www.google.com/maps/search/?api=1&query=21.98701758,-99.0171742"
Destellos Boutique,Ciudad Valles,+52 48 1115 9914,ND,https://wa.me/524811159914,https://www.facebook.com/search/pages/?q=Destellos%20Boutique%20Ciudad%20Valles,"https://www.google.com/maps/search/?api=1&query=22.00406385,-99.0107631"
Evans Boutique,Ciudad Valles,+52 48 1144 4601,ND,https://wa.me/524811444601,https://www.facebook.com/search/pages/?q=Evans%20Boutique%20Ciudad%20Valles,"https://www.google.com/maps/search/?api=1&query=21.98872135,-98.99877564"
For Red Boutique,Ciudad Valles,+52 48 1135 9886,ND,https://wa.me/524811359886,https://www.facebook.com/search/pages/?q=For%20Red%20Boutique%20Ciudad%20Valles,"https://www.google.com/maps/search/?api=1&query=21.9960295,-98.99461048"
Giseelle Boutique,Ciudad Valles,+52 48 1381 2617,ND,https://wa.me/524813812617,https://www.facebook.com/search/pages/?q=Giseelle%20Boutique%20Ciudad%20Valles,"https://www.google.com/maps/search/?api=1&query=21.9868458,-99.01502126"
Hugo Mens Boutique,Ciudad Valles,+52 48 1183 0236,ND,https://wa.me/524811830236,https://www.facebook.com/search/pages/?q=Hugo%20Mens%20Boutique%20Ciudad%20Valles,"https://www.google.com/maps/search/?api=1&query=21.9818584,-99.01339801"
Kenia Boutique,Ciudad Valles,+52 48 1146 3079,ND,https://wa.me/524811463079,https://www.facebook.com/search/pages/?q=Kenia%20Boutique%20Ciudad%20Valles,"https://www.google.com/maps/search/?api=1&query=21.98451091,-99.01578926"
Kprichos Boutique,Ciudad Valles,+52 48 1111 9633,ND,https://wa.me/524811119633,https://www.facebook.com/search/pages/?q=Kprichos%20Boutique%20Ciudad%20Valles,"https://www.google.com/maps/search/?api=1&query=22.21977566,-99.24232611"
La Boutique,Ciudad Valles,+52 48 1100 3798,ND,https://wa.me/524811003798,https://www.facebook.com/search/pages/?q=La%20Boutique%20Ciudad%20Valles,"https://www.google.com/maps/search/?api=1&query=21.98686489,-99.01501713"
La Casa Del Pantalon,Ciudad Valles,+52 83 1898 9940,ND,https://wa.me/528318989940,https://www.facebook.com/search/pages/?q=La%20Casa%20Del%20Pantalon%20Ciudad%20Valles,"https://www.google.com/maps/search/?api=1&query=21.96793148,-98.99922307"
Mons Boutique,Ciudad Valles,+52 48 1122 8472,ND,https://wa.me/524811228472,https://www.facebook.com/search/pages/?q=Mons%20Boutique%20Ciudad%20Valles,"https://www.google.com/maps/search/?api=1&query=21.99395458,-99.02206123"
Paos Boutique,Ciudad Valles,+52 48 1120 9529,ND,https://wa.me/524811209529,https://www.facebook.com/search/pages/?q=Paos%20Boutique%20Ciudad%20Valles,"https://www.google.com/maps/search/?api=1&query=22.00706586,-99.0178073"
Shantal Boutique,Ciudad Valles,+52 48 1126 2349,ND,https://wa.me/524811262349,https://www.facebook.com/search/pages/?q=Shantal%20Boutique%20Ciudad%20Valles,"https://www.google.com/maps/search/?api=1&query=21.99713822,-99.00762056"
Sielo Shop,Ciudad Valles,+52 48 1120 4827,ND,https://wa.me/524811204827,https://www.facebook.com/search/pages/?q=Sielo%20Shop%20Ciudad%20Valles,"https://www.google.com/maps/search/?api=1&query=21.99442659,-99.00530655"
Tienda De Ropa Centro Pantalonero De Moroleon,Ciudad Valles,+52 77 1366 1718,ND,https://wa.me/527713661718,https://www.facebook.com/search/pages/?q=Tienda%20De%20Ropa%20Centro%20Pantalonero%20De%20Moroleon%20Ciudad%20Valles,"https://www.google.com/maps/search/?api=1&query=21.98581379,-99.01757947"
Vikys Boutique,Ciudad Valles,+52 48 1131 4866,ND,https://wa.me/524811314866,https://www.facebook.com/search/pages/?q=Vikys%20Boutique%20Ciudad%20Valles,"https://www.google.com/maps/search/?api=1&query=21.99616378,-98.99515217"
Tienda De Ropa Noris Detalles Y Mas,Coxcatlán,+52 48 9116 3218,ND,https://wa.me/524891163218,https://www.facebook.com/search/pages/?q=Tienda%20De%20Ropa%20Noris%20Detalles%20Y%20Mas%20Coxcatlán,"https://www.google.com/maps/search/?api=1&query=21.54103668,-98.90593924"
Modas Ciclon,Coxcatlán,ND,ND,ND,https://www.facebook.com/search/pages/?q=Modas%20Ciclon%20Coxcatlán,"https://www.google.com/maps/search/?api=1&query=21.54096484,-98.90558668"
Karly Store,Ebano,+52 84 5102 9946,karly.valdez27@gmail.com,https://wa.me/528451029946,https://www.facebook.com/search/pages/?q=Karly%20Store%20Ebano,"https://www.google.com/maps/search/?api=1&query=22.22449739,-98.37512669"
Boutique Belen,Ebano,+52 84 5103 5958,ND,https://wa.me/528451035958,https://www.facebook.com/search/pages/?q=Boutique%20Belen%20Ebano,"https://www.google.com/maps/search/?api=1&query=22.22914301,-98.36982506"
Boutique Blanca Nieves,Ebano,+52 84 5107 6143,ND,https://wa.me/528451076143,https://www.facebook.com/search/pages/?q=Boutique%20Blanca%20Nieves%20Ebano,"https://www.google.com/maps/search/?api=1&query=22.22435993,-98.3746918"
Boutique Chabely,Ebano,+52 55 3723 8177,ND,https://wa.me/525537238177,https://www.facebook.com/search/pages/?q=Boutique%20Chabely%20Ebano,"https://www.google.com/maps/search/?api=1&query=22.21327387,-98.38938041"
Boutique Dayane,Ebano,+52 83 3258 0170,ND,https://wa.me/528332580170,https://www.facebook.com/search/pages/?q=Boutique%20Dayane%20Ebano,"https://www.google.com/maps/search/?api=1&query=22.20813578,-98.37797605"
Boutique De Ropa Vaquera El Monarca,Ebano,+52 55 6443 1367,ND,https://wa.me/525564431367,https://www.facebook.com/search/pages/?q=Boutique%20De%20Ropa%20Vaquera%20El%20Monarca%20Ebano,"https://www.google.com/maps/search/?api=1&query=22.21239362,-98.37708432"
Boutique Delia,Ebano,+52 83 3343 6149,ND,https://wa.me/528333436149,https://www.facebook.com/search/pages/?q=Boutique%20Delia%20Ebano,"https://www.google.com/maps/search/?api=1&query=22.21160522,-98.37790761"
Boutique Karla,Ebano,+52 83 3261 9191,ND,https://wa.me/528332619191,https://www.facebook.com/search/pages/?q=Boutique%20Karla%20Ebano,"https://www.google.com/maps/search/?api=1&query=22.21197369,-98.38892901"
Boutique Lily Ramirez,Ebano,+52 83 3394 5479,ND,https://wa.me/528333945479,https://www.facebook.com/search/pages/?q=Boutique%20Lily%20Ramirez%20Ebano,"https://www.google.com/maps/search/?api=1&query=22.1758979,-98.50487949"
Boutique Roses,Ebano,+52 84 5103 8914,ND,https://wa.me/528451038914,https://www.facebook.com/search/pages/?q=Boutique%20Roses%20Ebano,"https://www.google.com/maps/search/?api=1&query=22.21080038,-98.37838093"
Venta De Pantalones De Mezclilla,Ebano,+52 84 5101 8439,ND,https://wa.me/528451018439,https://www.facebook.com/search/pages/?q=Venta%20De%20Pantalones%20De%20Mezclilla%20Ebano,"https://www.google.com/maps/search/?api=1&query=22.21095977,-98.3720286"
Aranza Moda Tu Segundo Closet,El Naranjo,+52 83 1898 2314,ND,https://wa.me/528318982314,https://www.facebook.com/search/pages/?q=Aranza%20Moda%20Tu%20Segundo%20Closet%20El%20Naranjo,"https://www.google.com/maps/search/?api=1&query=22.52284547,-99.32234553"
Boutique Annie,El Naranjo,+52 48 2102 6283,ND,https://wa.me/524821026283,https://www.facebook.com/search/pages/?q=Boutique%20Annie%20El%20Naranjo,"https://www.google.com/maps/search/?api=1&query=22.52445471,-99.32592159"
Boutique Moda Shein,El Naranjo,+52 48 2115 7900,ND,https://wa.me/524821157900,https://www.facebook.com/search/pages/?q=Boutique%20Moda%20Shein%20El%20Naranjo,"https://www.google.com/maps/search/?api=1&query=22.51818832,-99.3314674"
Boutique Yaqui Shein,El Naranjo,+52 98 4271 5800,ND,https://wa.me/529842715800,https://www.facebook.com/search/pages/?q=Boutique%20Yaqui%20Shein%20El%20Naranjo,"https://www.google.com/maps/search/?api=1&query=22.5170392,-99.32234159"
Boutique Yosepz Zorien,El Naranjo,+52 48 2102 1475,ND,https://wa.me/524821021475,https://www.facebook.com/search/pages/?q=Boutique%20Yosepz%20Zorien%20El%20Naranjo,"https://www.google.com/maps/search/?api=1&query=22.52182829,-99.32541569"
Moda Casual Mara,El Naranjo,+52 48 2102 0555,ND,https://wa.me/524821020555,https://www.facebook.com/search/pages/?q=Moda%20Casual%20Mara%20El%20Naranjo,"https://www.google.com/maps/search/?api=1&query=22.52244404,-99.32421319"
Modas Cristell,El Naranjo,+52 48 2109 8226,ND,https://wa.me/524821098226,https://www.facebook.com/search/pages/?q=Modas%20Cristell%20El%20Naranjo,"https://www.google.com/maps/search/?api=1&query=22.52229944,-99.3240951"
Tienda De Ropa Omar,Lagunillas,ND,ND,ND,https://www.facebook.com/search/pages/?q=Tienda%20De%20Ropa%20Omar%20Lagunillas,"https://www.google.com/maps/search/?api=1&query=21.58731813,-99.56633205"
Boutique Mc,Matehuala,+52 48 8882 6868,antoniamc2014@hotmail.com,https://wa.me/524888826868,https://www.facebook.com/search/pages/?q=Boutique%20Mc%20Matehuala,"https://www.google.com/maps/search/?api=1&query=23.64329727,-100.6453776"
Ivy Boutique Venta De Ropa Nueva,Matehuala,+52 48 8889 4047,ivypisis@gmail.com,https://wa.me/524888894047,https://www.facebook.com/search/pages/?q=Ivy%20Boutique%20Venta%20De%20Ropa%20Nueva%20Matehuala,"https://www.google.com/maps/search/?api=1&query=23.64469356,-100.63373004"
My Shop,Matehuala,+52 48 8149 5957,anagp.24@hotmail.com,https://wa.me/524881495957,https://www.facebook.com/search/pages/?q=My%20Shop%20Matehuala,"https://www.google.com/maps/search/?api=1&query=23.66134354,-100.63811076"
Tienda De Ropa Betzi Boutique,Matehuala,+52 48 8132 9428,toviasbetzabe@gmail.com,https://wa.me/524881329428,https://www.facebook.com/search/pages/?q=Tienda%20De%20Ropa%20Betzi%20Boutique%20Matehuala,"https://www.google.com/maps/search/?api=1&query=23.6597436,-100.6241223"
121 Sneaker Store,Matehuala,+52 48 8173 3650,ND,https://wa.me/524881733650,https://www.facebook.com/search/pages/?q=121%20Sneaker%20Store%20Matehuala,"https://www.google.com/maps/search/?api=1&query=23.65083676,-100.64476861"
American Cowboy Store,Matehuala,+52 48 8124 0433,ND,https://wa.me/524881240433,https://www.facebook.com/search/pages/?q=American%20Cowboy%20Store%20Matehuala,"https://www.google.com/maps/search/?api=1&query=23.64637915,-100.64232577"
Asis Shop,Matehuala,+52 48 8123 2486,ND,https://wa.me/524881232486,https://www.facebook.com/search/pages/?q=Asis%20Shop%20Matehuala,"https://www.google.com/maps/search/?api=1&query=23.64904575,-100.64399216"
Boutique Algo Bonito,Matehuala,+52 44 4307 4188,ND,https://wa.me/524443074188,https://www.facebook.com/search/pages/?q=Boutique%20Algo%20Bonito%20Matehuala,"https://www.google.com/maps/search/?api=1&query=23.65106132,-100.64660395"
Boutique Anna,Matehuala,+52 48 8123 8506,ND,https://wa.me/524881238506,https://www.facebook.com/search/pages/?q=Boutique%20Anna%20Matehuala,"https://www.google.com/maps/search/?api=1&query=23.64876626,-100.64466661"
Boutique Apples,Matehuala,+52 48 8128 5483,ND,https://wa.me/524881285483,https://www.facebook.com/search/pages/?q=Boutique%20Apples%20Matehuala,"https://www.google.com/maps/search/?api=1&query=23.64914815,-100.64475328"
Boutique Eli Fhasion,Matehuala,+52 48 8128 3312,ND,https://wa.me/524881283312,https://www.facebook.com/search/pages/?q=Boutique%20Eli%20Fhasion%20Matehuala,"https://www.google.com/maps/search/?api=1&query=23.65025612,-100.64479979"
Boutique Espys Clothing,Matehuala,+52 48 8120 4599,ND,https://wa.me/524881204599,https://www.facebook.com/search/pages/?q=Boutique%20Espys%20Clothing%20Matehuala,"https://www.google.com/maps/search/?api=1&query=23.64926642,-100.65169806"
Boutique Glam,Matehuala,+52 48 8889 5993,ND,https://wa.me/524888895993,https://www.facebook.com/search/pages/?q=Boutique%20Glam%20Matehuala,"https://www.google.com/maps/search/?api=1&query=23.64921117,-100.64469502"
Boutique Keny,Matehuala,+52 48 8111 1298,ND,https://wa.me/524881111298,https://www.facebook.com/search/pages/?q=Boutique%20Keny%20Matehuala,"https://www.google.com/maps/search/?api=1&query=23.64895827,-100.63902567"
Boutique Mode,Matehuala,+52 48 8110 3949,ND,https://wa.me/524881103949,https://www.facebook.com/search/pages/?q=Boutique%20Mode%20Matehuala,"https://www.google.com/maps/search/?api=1&query=23.64811573,-100.64605588"
Boutique Oxford,Matehuala,+52 48 8112 0949,ND,https://wa.me/524881120949,https://www.facebook.com/search/pages/?q=Boutique%20Oxford%20Matehuala,"https://www.google.com/maps/search/?api=1&query=23.64943101,-100.64632496"
Boutique Paola,Matehuala,+52 48 8105 4556,ND,https://wa.me/524881054556,https://www.facebook.com/search/pages/?q=Boutique%20Paola%20Matehuala,"https://www.google.com/maps/search/?api=1&query=23.64601263,-100.64448746"
Boutique Roxanas,Matehuala,+52 48 8105 3717,ND,https://wa.me/524881053717,https://www.facebook.com/search/pages/?q=Boutique%20Roxanas%20Matehuala,"https://www.google.com/maps/search/?api=1&query=23.6471858,-100.64464022"
Boutique Sensacion,Matehuala,+52 48 8123 7195,ND,https://wa.me/524881237195,https://www.facebook.com/search/pages/?q=Boutique%20Sensacion%20Matehuala,"https://www.google.com/maps/search/?api=1&query=23.65614509,-100.64977573"
Boutique Zefis,Matehuala,+52 48 8101 8236,ND,https://wa.me/524881018236,https://www.facebook.com/search/pages/?q=Boutique%20Zefis%20Matehuala,"https://www.google.com/maps/search/?api=1&query=23.64951723,-100.62268298"
Casa De Moda,Matehuala,+52 48 8136 5455,ND,https://wa.me/524881365455,https://www.facebook.com/search/pages/?q=Casa%20De%20Moda%20Matehuala,"https://www.google.com/maps/search/?api=1&query=23.65320969,-100.64511461"
Charlotte Boutique,Matehuala,+52 48 8115 8111,ND,https://wa.me/524881158111,https://www.facebook.com/search/pages/?q=Charlotte%20Boutique%20Matehuala,"https://www.google.com/maps/search/?api=1&query=23.66710217,-100.64915944"
Closet De Monroe,Matehuala,+52 48 8174 0354,ND,https://wa.me/524881740354,https://www.facebook.com/search/pages/?q=Closet%20De%20Monroe%20Matehuala,"https://www.google.com/maps/search/?api=1&query=23.65158242,-100.64487603"
Clothes Shop Yare,Matehuala,+52 48 8142 7302,ND,https://wa.me/524881427302,https://www.facebook.com/search/pages/?q=Clothes%20Shop%20Yare%20Matehuala,"https://www.google.com/maps/search/?api=1&query=23.65202326,-100.62992445"
Coketa Boutique,Matehuala,+52 48 8136 4213,ND,https://wa.me/524881364213,https://www.facebook.com/search/pages/?q=Coketa%20Boutique%20Matehuala,"https://www.google.com/maps/search/?api=1&query=23.65158525,-100.64317867"
Fashion Boutique,Matehuala,+52 48 8101 1160,ND,https://wa.me/524881011160,https://www.facebook.com/search/pages/?q=Fashion%20Boutique%20Matehuala,"https://www.google.com/maps/search/?api=1&query=23.6481032,-100.63954802"
Kendra Fashion,Matehuala,+52 48 8137 9643,ND,https://wa.me/524881379643,https://www.facebook.com/search/pages/?q=Kendra%20Fashion%20Matehuala,"https://www.google.com/maps/search/?api=1&query=23.64535264,-100.64508594"
Lechuza Shop,Matehuala,+52 48 8101 5684,ND,https://wa.me/524881015684,https://www.facebook.com/search/pages/?q=Lechuza%20Shop%20Matehuala,"https://www.google.com/maps/search/?api=1&query=23.65178943,-100.6446751"
Lua Boutique,Matehuala,+52 48 8131 0681,ND,https://wa.me/524881310681,https://www.facebook.com/search/pages/?q=Lua%20Boutique%20Matehuala,"https://www.google.com/maps/search/?api=1&query=23.64945415,-100.64763523"
Maryal Boutique,Matehuala,+52 48 8114 9287,ND,https://wa.me/524881149287,https://www.facebook.com/search/pages/?q=Maryal%20Boutique%20Matehuala,"https://www.google.com/maps/search/?api=1&query=23.65182763,-100.64829169"
Mis Caprichos Boutique,Matehuala,+52 48 8101 2821,ND,https://wa.me/524881012821,https://www.facebook.com/search/pages/?q=Mis%20Caprichos%20Boutique%20Matehuala,"https://www.google.com/maps/search/?api=1&query=23.65177723,-100.63652676"
Moda Femenina Aria,Matehuala,+52 48 8112 4337,ND,https://wa.me/524881124337,https://www.facebook.com/search/pages/?q=Moda%20Femenina%20Aria%20Matehuala,"https://www.google.com/maps/search/?api=1&query=23.65179175,-100.64505923"
Moda Kiss,Matehuala,+52 48 8129 2576,ND,https://wa.me/524881292576,https://www.facebook.com/search/pages/?q=Moda%20Kiss%20Matehuala,"https://www.google.com/maps/search/?api=1&query=23.64550281,-100.64651242"
Moda Tdmx Tienda De Ropa,Matehuala,+52 48 8882 4195,ND,https://wa.me/524888824195,https://www.facebook.com/search/pages/?q=Moda%20Tdmx%20Tienda%20De%20Ropa%20Matehuala,"https://www.google.com/maps/search/?api=1&query=23.64652274,-100.64460878"
Mofra Store Venta De Ropa,Matehuala,+52 48 8144 0162,ND,https://wa.me/524881440162,https://www.facebook.com/search/pages/?q=Mofra%20Store%20Venta%20De%20Ropa%20Matehuala,"https://www.google.com/maps/search/?api=1&query=23.66935725,-100.6478637"
Morena Boutique,Matehuala,+52 48 8106 2324,ND,https://wa.me/524881062324,https://www.facebook.com/search/pages/?q=Morena%20Boutique%20Matehuala,"https://www.google.com/maps/search/?api=1&query=23.64536826,-100.64282906"
Nagay Boutique,Matehuala,+52 48 8100 6076,ND,https://wa.me/524881006076,https://www.facebook.com/search/pages/?q=Nagay%20Boutique%20Matehuala,"https://www.google.com/maps/search/?api=1&query=23.64506807,-100.64385461"
Piel Canela Boutique,Matehuala,+52 48 8131 3783,ND,https://wa.me/524881313783,https://www.facebook.com/search/pages/?q=Piel%20Canela%20Boutique%20Matehuala,"https://www.google.com/maps/search/?api=1&query=23.64978877,-100.63446843"
Rauba Boutique,Matehuala,+52 48 8178 4441,ND,https://wa.me/524881784441,https://www.facebook.com/search/pages/?q=Rauba%20Boutique%20Matehuala,"https://www.google.com/maps/search/?api=1&query=23.6643565,-100.63724178"
Resset Shoesstore,Matehuala,+52 77 1358 0651,ND,https://wa.me/527713580651,https://www.facebook.com/search/pages/?q=Resset%20Shoesstore%20Matehuala,"https://www.google.com/maps/search/?api=1&query=23.65178695,-100.644485"
Ropa Y Accesorios Moda,Matehuala,+52 44 4552 9395,ND,https://wa.me/524445529395,https://www.facebook.com/search/pages/?q=Ropa%20Y%20Accesorios%20Moda%20Matehuala,"https://www.google.com/maps/search/?api=1&query=23.64499501,-100.64369714"
Shoping Time,Matehuala,+52 48 8100 6290,ND,https://wa.me/524881006290,https://www.facebook.com/search/pages/?q=Shoping%20Time%20Matehuala,"https://www.google.com/maps/search/?api=1&query=23.66391881,-100.63797555"
Sj Boutique,Matehuala,+52 48 8120 5436,ND,https://wa.me/524881205436,https://www.facebook.com/search/pages/?q=Sj%20Boutique%20Matehuala,"https://www.google.com/maps/search/?api=1&query=23.64932778,-100.64151428"
Sueño Vaquero,Matehuala,+52 48 8149 8586,ND,https://wa.me/524881498586,https://www.facebook.com/search/pages/?q=Sueño%20Vaquero%20Matehuala,"https://www.google.com/maps/search/?api=1&query=23.64827456,-100.64101488"
Tactical Store,Matehuala,+52 48 8110 3253,ND,https://wa.me/524881103253,https://www.facebook.com/search/pages/?q=Tactical%20Store%20Matehuala,"https://www.google.com/maps/search/?api=1&query=23.64834223,-100.64143735"
Tienda De Pantalones Levis,Matehuala,+52 48 8101 2768,ND,https://wa.me/524881012768,https://www.facebook.com/search/pages/?q=Tienda%20De%20Pantalones%20Levis%20Matehuala,"https://www.google.com/maps/search/?api=1&query=23.6448638,-100.64361992"
Tienda De Ropa Beka Shop,Matehuala,+52 48 8883 8389,ND,https://wa.me/524888838389,https://www.facebook.com/search/pages/?q=Tienda%20De%20Ropa%20Beka%20Shop%20Matehuala,"https://www.google.com/maps/search/?api=1&query=23.64280731,-100.64965664"
Tienda De Ropa Catrines Shop,Matehuala,+52 48 8173 8392,ND,https://wa.me/524881738392,https://www.facebook.com/search/pages/?q=Tienda%20De%20Ropa%20Catrines%20Shop%20Matehuala,"https://www.google.com/maps/search/?api=1&query=23.65016508,-100.64479634"
Tienda De Ropa Cero Fashion Store,Matehuala,+52 48 8882 9112,ND,https://wa.me/524888829112,https://www.facebook.com/search/pages/?q=Tienda%20De%20Ropa%20Cero%20Fashion%20Store%20Matehuala,"https://www.google.com/maps/search/?api=1&query=23.64607515,-100.63786446"
Tienda De Ropa Fashion Chic,Matehuala,+52 48 8141 7209,ND,https://wa.me/524881417209,https://www.facebook.com/search/pages/?q=Tienda%20De%20Ropa%20Fashion%20Chic%20Matehuala,"https://www.google.com/maps/search/?api=1&query=23.64855021,-100.64917708"
Tienda De Ropa Fashion Men,Matehuala,+52 48 8178 4433,ND,https://wa.me/524881784433,https://www.facebook.com/search/pages/?q=Tienda%20De%20Ropa%20Fashion%20Men%20Matehuala,"https://www.google.com/maps/search/?api=1&query=23.64821788,-100.64440655"
Tienda De Ropa Mi Dulce Moda,Matehuala,+52 48 8101 4628,ND,https://wa.me/524881014628,https://www.facebook.com/search/pages/?q=Tienda%20De%20Ropa%20Mi%20Dulce%20Moda%20Matehuala,"https://www.google.com/maps/search/?api=1&query=23.64549357,-100.64644346"
Vanity Boutique,Matehuala,+52 48 8100 7953,ND,https://wa.me/524881007953,https://www.facebook.com/search/pages/?q=Vanity%20Boutique%20Matehuala,"https://www.google.com/maps/search/?api=1&query=23.64697085,-100.6421167"
Venta De Ropa Anabella Moda,Matehuala,+52 48 8126 9804,ND,https://wa.me/524881269804,https://www.facebook.com/search/pages/?q=Venta%20De%20Ropa%20Anabella%20Moda%20Matehuala,"https://www.google.com/maps/search/?api=1&query=23.6379611,-100.64151618"
Wappa Boutique,Matehuala,+52 48 8100 3619,ND,https://wa.me/524881003619,https://www.facebook.com/search/pages/?q=Wappa%20Boutique%20Matehuala,"https://www.google.com/maps/search/?api=1&query=23.65138642,-100.64330422"
Boutique Arcoiris,Matlapa,+52 48 3121 1805,ND,https://wa.me/524831211805,https://www.facebook.com/search/pages/?q=Boutique%20Arcoiris%20Matlapa,"https://www.google.com/maps/search/?api=1&query=21.33745356,-98.8280428"
Modas Beto Y Fanny,Matlapa,+52 48 1126 2691,ND,https://wa.me/524811262691,https://www.facebook.com/search/pages/?q=Modas%20Beto%20Y%20Fanny%20Matlapa,"https://www.google.com/maps/search/?api=1&query=21.33642779,-98.82653437"
Modas Jazmin,Matlapa,+52 48 3128 1362,ND,https://wa.me/524831281362,https://www.facebook.com/search/pages/?q=Modas%20Jazmin%20Matlapa,"https://www.google.com/maps/search/?api=1&query=21.3373469,-98.82737613"
Tienda De Ropa Jacks Boutique,Matlapa,+52 48 3103 6496,ND,https://wa.me/524831036496,https://www.facebook.com/search/pages/?q=Tienda%20De%20Ropa%20Jacks%20Boutique%20Matlapa,"https://www.google.com/maps/search/?api=1&query=21.33814652,-98.82853699"
Tienda De Ropa,Mexquitic de Carmona,+52 44 4421 8503,ND,https://wa.me/524444218503,https://www.facebook.com/search/pages/?q=Tienda%20De%20Ropa%20Mexquitic%20de%20Carmona,"https://www.google.com/maps/search/?api=1&query=22.19218797,-101.05202308"
Local De Ropa Studio,Mexquitic de Carmona,ND,ND,ND,https://www.facebook.com/search/pages/?q=Local%20De%20Ropa%20Studio%20Mexquitic%20de%20Carmona,"https://www.google.com/maps/search/?api=1&query=22.19226088,-101.05202635"
Boutique Hidalgo,Moctezuma,+52 44 4507 0633,ND,https://wa.me/524445070633,https://www.facebook.com/search/pages/?q=Boutique%20Hidalgo%20Moctezuma,"https://www.google.com/maps/search/?api=1&query=22.75113453,-101.08361611"
Venta De Ropa Modas El General,Moctezuma,+52 48 6100 9788,ND,https://wa.me/524861009788,https://www.facebook.com/search/pages/?q=Venta%20De%20Ropa%20Modas%20El%20General%20Moctezuma,"https://www.google.com/maps/search/?api=1&query=22.75068328,-101.08455732"
Balderas Clothing Store,Rayón,+52 48 7138 5722,ND,https://wa.me/524871385722,https://www.facebook.com/search/pages/?q=Balderas%20Clothing%20Store%20Rayón,"https://www.google.com/maps/search/?api=1&query=21.84222339,-99.64550984"
D Zamudio Boutique,Rayón,+52 48 7104 0886,ND,https://wa.me/524871040886,https://www.facebook.com/search/pages/?q=D%20Zamudio%20Boutique%20Rayón,"https://www.google.com/maps/search/?api=1&query=21.84312697,-99.64470062"
Lulus Closets,Rayón,+52 48 7195 2216,ND,https://wa.me/524871952216,https://www.facebook.com/search/pages/?q=Lulus%20Closets%20Rayón,"https://www.google.com/maps/search/?api=1&query=21.84348639,-99.6467588"
M Y L Store,Rayón,+52 48 7125 5476,ND,https://wa.me/524871255476,https://www.facebook.com/search/pages/?q=M%20Y%20L%20Store%20Rayón,"https://www.google.com/maps/search/?api=1&query=21.84288895,-99.64361133"
Boutique 120 By Yulissa Gonzalez Yss,Rioverde,+52 48 7111 4848,ND,https://wa.me/524871114848,https://www.facebook.com/search/pages/?q=Boutique%20120%20By%20Yulissa%20Gonzalez%20Yss%20Rioverde,"https://www.google.com/maps/search/?api=1&query=21.9328733,-99.99431623"
Boutique Abba Kadosh,Rioverde,+52 44 4244 9086,ND,https://wa.me/524442449086,https://www.facebook.com/search/pages/?q=Boutique%20Abba%20Kadosh%20Rioverde,"https://www.google.com/maps/search/?api=1&query=21.93412195,-99.99510317"
Boutique El Potrerito,Rioverde,+52 48 7148 5410,ND,https://wa.me/524871485410,https://www.facebook.com/search/pages/?q=Boutique%20El%20Potrerito%20Rioverde,"https://www.google.com/maps/search/?api=1&query=21.93757493,-100.00002895"
Boutique Glamour,Rioverde,+52 48 7149 0701,ND,https://wa.me/524871490701,https://www.facebook.com/search/pages/?q=Boutique%20Glamour%20Rioverde,"https://www.google.com/maps/search/?api=1&query=21.92302299,-100.00117036"
Boutique Maresa,Rioverde,+52 44 2475 1273,ND,https://wa.me/524424751273,https://www.facebook.com/search/pages/?q=Boutique%20Maresa%20Rioverde,"https://www.google.com/maps/search/?api=1&query=21.93303761,-99.99428319"
Boutique Mencanta,Rioverde,+52 48 7140 7205,ND,https://wa.me/524871407205,https://www.facebook.com/search/pages/?q=Boutique%20Mencanta%20Rioverde,"https://www.google.com/maps/search/?api=1&query=21.93748946,-99.98912016"
Boutique Merian,Rioverde,+52 48 7129 8160,ND,https://wa.me/524871298160,https://www.facebook.com/search/pages/?q=Boutique%20Merian%20Rioverde,"https://www.google.com/maps/search/?api=1&query=21.93407436,-99.99232105"
Boutique Punto Rosa,Rioverde,+52 48 7101 8802,ND,https://wa.me/524871018802,https://www.facebook.com/search/pages/?q=Boutique%20Punto%20Rosa%20Rioverde,"https://www.google.com/maps/search/?api=1&query=21.9328842,-99.99438055"
D Eva Boutique,Rioverde,+52 48 7126 1634,ND,https://wa.me/524871261634,https://www.facebook.com/search/pages/?q=D%20Eva%20Boutique%20Rioverde,"https://www.google.com/maps/search/?api=1&query=21.93104968,-99.99361926"
Dandys Boutique,Rioverde,+52 48 7167 5302,ND,https://wa.me/524871675302,https://www.facebook.com/search/pages/?q=Dandys%20Boutique%20Rioverde,"https://www.google.com/maps/search/?api=1&query=21.94026726,-99.99047791"
Exclusive Store Moda Y Estilo Para Hombre,Rioverde,+52 48 7124 0690,ND,https://wa.me/524871240690,https://www.facebook.com/search/pages/?q=Exclusive%20Store%20Moda%20Y%20Estilo%20Para%20Hombre%20Rioverde,"https://www.google.com/maps/search/?api=1&query=21.93252132,-99.994387"
Heishe Nails Con Estilo,Rioverde,+52 48 7143 9481,ND,https://wa.me/524871439481,https://www.facebook.com/search/pages/?q=Heishe%20Nails%20Con%20Estilo%20Rioverde,"https://www.google.com/maps/search/?api=1&query=21.92950488,-99.99322573"
Ik Boutique,Rioverde,+52 48 7195 5199,ND,https://wa.me/524871955199,https://www.facebook.com/search/pages/?q=Ik%20Boutique%20Rioverde,"https://www.google.com/maps/search/?api=1&query=21.93030613,-99.99370701"
Lilis Shop,Rioverde,+52 48 7101 9068,ND,https://wa.me/524871019068,https://www.facebook.com/search/pages/?q=Lilis%20Shop%20Rioverde,"https://www.google.com/maps/search/?api=1&query=21.92984642,-99.99592605"
M&A Boutique,Rioverde,+52 48 7109 5246,ND,https://wa.me/524871095246,https://www.facebook.com/search/pages/?q=M%26A%20Boutique%20Rioverde,"https://www.google.com/maps/search/?api=1&query=21.9303436,-99.9938446"
Mikes Shop,Rioverde,+52 48 7107 7867,ND,https://wa.me/524871077867,https://www.facebook.com/search/pages/?q=Mikes%20Shop%20Rioverde,"https://www.google.com/maps/search/?api=1&query=21.93270369,-99.99246701"
Modas Bebita,Rioverde,+52 48 7101 9744,ND,https://wa.me/524871019744,https://www.facebook.com/search/pages/?q=Modas%20Bebita%20Rioverde,"https://www.google.com/maps/search/?api=1&query=21.9295663,-99.99268275"
Mr Panther Boutique,Rioverde,+52 48 7114 5163,ND,https://wa.me/524871145163,https://www.facebook.com/search/pages/?q=Mr%20Panther%20Boutique%20Rioverde,"https://www.google.com/maps/search/?api=1&query=21.93456748,-99.98937605"
Prada Boutique,Rioverde,+52 48 7128 0981,ND,https://wa.me/524871280981,https://www.facebook.com/search/pages/?q=Prada%20Boutique%20Rioverde,"https://www.google.com/maps/search/?api=1&query=21.92659767,-99.99545487"
Store Clothes Rioverde,Rioverde,+52 48 7107 0499,ND,https://wa.me/524871070499,https://www.facebook.com/search/pages/?q=Store%20Clothes%20Rioverde%20Rioverde,"https://www.google.com/maps/search/?api=1&query=21.93539643,-100.00632311"
Tienda De Ropa Blue Jeans For Mens,Rioverde,+52 48 7112 0843,ND,https://wa.me/524871120843,https://www.facebook.com/search/pages/?q=Tienda%20De%20Ropa%20Blue%20Jeans%20For%20Mens%20Rioverde,"https://www.google.com/maps/search/?api=1&query=21.92957528,-99.99268161"
Tienda De Ropa Boutique Gm Dama,Rioverde,+52 48 7105 6945,ND,https://wa.me/524871056945,https://www.facebook.com/search/pages/?q=Tienda%20De%20Ropa%20Boutique%20Gm%20Dama%20Rioverde,"https://www.google.com/maps/search/?api=1&query=21.93147453,-99.99004472"
Tienda De Ropa Eyva Boutique,Rioverde,+52 48 7155 8951,ND,https://wa.me/524871558951,https://www.facebook.com/search/pages/?q=Tienda%20De%20Ropa%20Eyva%20Boutique%20Rioverde,"https://www.google.com/maps/search/?api=1&query=21.92941574,-99.9930709"
Tienda De Ropa Koral Boutique,Rioverde,+52 48 7140 1957,ND,https://wa.me/524871401957,https://www.facebook.com/search/pages/?q=Tienda%20De%20Ropa%20Koral%20Boutique%20Rioverde,"https://www.google.com/maps/search/?api=1&query=21.92945489,-99.99332336"
Tienda De Ropa Maria Boutique,Rioverde,+52 48 7130 8087,ND,https://wa.me/524871308087,https://www.facebook.com/search/pages/?q=Tienda%20De%20Ropa%20Maria%20Boutique%20Rioverde,"https://www.google.com/maps/search/?api=1&query=21.90840342,-99.97861894"
Tienda De Ropa Martinez Boutique,Rioverde,+52 48 7113 5099,ND,https://wa.me/524871135099,https://www.facebook.com/search/pages/?q=Tienda%20De%20Ropa%20Martinez%20Boutique%20Rioverde,"https://www.google.com/maps/search/?api=1&query=21.92988437,-99.99376504"
Tienda De Ropa Modas Martinez,Rioverde,+52 48 7109 2535,ND,https://wa.me/524871092535,https://www.facebook.com/search/pages/?q=Tienda%20De%20Ropa%20Modas%20Martinez%20Rioverde,"https://www.google.com/maps/search/?api=1&query=21.93295645,-99.99398723"
Tienda De Ropa Pink Boutique,Rioverde,+52 48 7110 0506,ND,https://wa.me/524871100506,https://www.facebook.com/search/pages/?q=Tienda%20De%20Ropa%20Pink%20Boutique%20Rioverde,"https://www.google.com/maps/search/?api=1&query=21.90557612,-99.97945166"
Tienda De Ropa Vaquera,Rioverde,+52 48 7149 2939,ND,https://wa.me/524871492939,https://www.facebook.com/search/pages/?q=Tienda%20De%20Ropa%20Vaquera%20Rioverde,"https://www.google.com/maps/search/?api=1&query=21.92727515,-99.9916798"
Vaqueros Western,Rioverde,+52 48 7166 6706,ND,https://wa.me/524871666706,https://www.facebook.com/search/pages/?q=Vaqueros%20Western%20Rioverde,"https://www.google.com/maps/search/?api=1&query=21.93297303,-99.99429617"
Venta De Ropa Vaquera Las Potranca,Rioverde,+52 44 4188 2342,ND,https://wa.me/524441882342,https://www.facebook.com/search/pages/?q=Venta%20De%20Ropa%20Vaquera%20Las%20Potranca%20Rioverde,"https://www.google.com/maps/search/?api=1&query=21.92663813,-99.99094361"
Only Glow Boutique,Salinas,+52 49 6178 2720,ND,https://wa.me/524961782720,https://www.facebook.com/search/pages/?q=Only%20Glow%20Boutique%20Salinas,"https://www.google.com/maps/search/?api=1&query=22.62771966,-101.71452925"
Tienda De Ropa Keiry Shop,Salinas,+52 49 6172 3097,ND,https://wa.me/524961723097,https://www.facebook.com/search/pages/?q=Tienda%20De%20Ropa%20Keiry%20Shop%20Salinas,"https://www.google.com/maps/search/?api=1&query=22.63103829,-101.71124934"
Trends Cl Boutique,Salinas,+52 49 2251 6060,ND,https://wa.me/524922516060,https://www.facebook.com/search/pages/?q=Trends%20Cl%20Boutique%20Salinas,"https://www.google.com/maps/search/?api=1&query=22.63038263,-101.71472173"
Venta De Ropa,San Antonio,ND,ND,ND,https://www.facebook.com/search/pages/?q=Venta%20De%20Ropa%20San%20Antonio,"https://www.google.com/maps/search/?api=1&query=21.61965738,-98.90343973"
Boutique Sandy,San Ciro de Acosta,+52 48 7101 6287,ND,https://wa.me/524871016287,https://www.facebook.com/search/pages/?q=Boutique%20Sandy%20San%20Ciro%20de%20Acosta,"https://www.google.com/maps/search/?api=1&query=21.64693415,-99.81816989"
Bobois Store,San Luis Potosí,+52 44 4205 3982,ND,https://wa.me/524442053982,https://WWW.BOBOIS.COM.MX/,"https://www.google.com/maps/search/?api=1&query=22.15504706,-101.00275424"
Boutique A Y X Desing,San Luis Potosí,+52 44 4803 5933,susy_lovegril4@hotmail.com,https://wa.me/524448035933,https://www.facebook.com/search/pages/?q=Boutique%20A%20Y%20X%20Desing%20San%20Luis%20Potosí,"https://www.google.com/maps/search/?api=1&query=22.17194422,-101.0019901"
Boutique Angie Fashion,San Luis Potosí,+52 44 4389 1790,angyetoj10@gmail.com,https://wa.me/524443891790,https://www.facebook.com/search/pages/?q=Boutique%20Angie%20Fashion%20San%20Luis%20Potosí,"https://www.google.com/maps/search/?api=1&query=22.18612015,-101.00674451"
Boutique De Ropa Ixty,San Luis Potosí,+52 44 4573 3357,yucatan.boutique@gmail.com,https://wa.me/524445733357,https://www.facebook.com/search/pages/?q=Boutique%20De%20Ropa%20Ixty%20San%20Luis%20Potosí,"https://www.google.com/maps/search/?api=1&query=22.13797333,-100.98682175"
Boutique Mandy,San Luis Potosí,+52 44 4109 6138,rosycardona@hotmail.com,https://wa.me/524441096138,https://www.facebook.com/search/pages/?q=Boutique%20Mandy%20San%20Luis%20Potosí,"https://www.google.com/maps/search/?api=1&query=22.16885418,-100.99402613"
Boutique Verdin,San Luis Potosí,+52 44 4191 7037,verdincollezione@gmail.com,https://wa.me/524441917037,https://www.facebook.com/search/pages/?q=Boutique%20Verdin%20San%20Luis%20Potosí,"https://www.google.com/maps/search/?api=1&query=22.16842668,-100.99955947"
Clothes Shop,San Luis Potosí,+52 44 4582 4311,griseldaleyva37@gmail.com,https://wa.me/524445824311,https://www.facebook.com/search/pages/?q=Clothes%20Shop%20San%20Luis%20Potosí,"https://www.google.com/maps/search/?api=1&query=22.1670834,-101.01953458"
El Gordo Boutique,San Luis Potosí,+52 44 4130 7841,elgordoboutique@outlook.com,https://wa.me/524441307841,https://www.facebook.com/search/pages/?q=El%20Gordo%20Boutique%20San%20Luis%20Potosí,"https://www.google.com/maps/search/?api=1&query=22.15442925,-100.97755476"
Encanto Boutique Talls Extra Slp,San Luis Potosí,+52 44 4485 7137,contacto@encantotallasextras.com,https://wa.me/524444857137,https://ENCANTOTALLASEXTRAS.COM/,"https://www.google.com/maps/search/?api=1&query=22.13013045,-100.93226055"
Grows Shop,San Luis Potosí,+52 44 4497 5714,growshopc@gmail.com,https://wa.me/524444975714,https://www.facebook.com/search/pages/?q=Grows%20Shop%20San%20Luis%20Potosí,"https://www.google.com/maps/search/?api=1&query=22.12655226,-100.92913071"
Irena Moda Boutique,San Luis Potosí,+52 44 4243 2424,sergioirena@hotmail.com,https://wa.me/524442432424,https://www.facebook.com/search/pages/?q=Irena%20Moda%20Boutique%20San%20Luis%20Potosí,"https://www.google.com/maps/search/?api=1&query=22.15136923,-100.97555577"
Marwel Shop,San Luis Potosí,+52 44 4443 2636,sc.cepeda3a@gmail.com,https://wa.me/524444432636,https://www.facebook.com/search/pages/?q=Marwel%20Shop%20San%20Luis%20Potosí,"https://www.google.com/maps/search/?api=1&query=22.15099318,-100.97960815"
Mc Al2 Store,San Luis Potosí,+52 44 4192 1910,ND,https://wa.me/524441921910,https://WWW.MCAL2.MX/,"https://www.google.com/maps/search/?api=1&query=22.1384704,-100.98867779"
Meraki Concept Store,San Luis Potosí,+52 44 4142 7674,victoriarobledoescamilla@gmail.com,https://wa.me/524441427674,https://www.facebook.com/search/pages/?q=Meraki%20Concept%20Store%20San%20Luis%20Potosí,"https://www.google.com/maps/search/?api=1&query=22.15081971,-100.9858304"
Moda Para Todos,San Luis Potosí,+52 44 4367 5341,modaparatodos@gmail.com,https://wa.me/524443675341,https://www.facebook.com/search/pages/?q=Moda%20Para%20Todos%20San%20Luis%20Potosí,"https://www.google.com/maps/search/?api=1&query=22.15178506,-100.97771624"
Moda Para Todos,San Luis Potosí,+52 44 4829 6463,modaparatodosslp@gmail.com,https://wa.me/524448296463,https://www.facebook.com/search/pages/?q=Moda%20Para%20Todos%20San%20Luis%20Potosí,"https://www.google.com/maps/search/?api=1&query=22.15178506,-100.97771624"
Momstore,San Luis Potosí,+52 44 4316 8947,momstore.mx@gmail.com,https://wa.me/524443168947,https://www.facebook.com/search/pages/?q=Momstore%20San%20Luis%20Potosí,"https://www.google.com/maps/search/?api=1&query=22.15215852,-101.0105922"
Rosa De Seda Boutique,San Luis Potosí,+52 44 4199 6060,fridasofiacf@hotmail.com,https://wa.me/524441996060,https://www.facebook.com/search/pages/?q=Rosa%20De%20Seda%20Boutique%20San%20Luis%20Potosí,"https://www.google.com/maps/search/?api=1&query=22.15061211,-100.9881613"
Tienda De Ropa De Dama Ferska Boutique,San Luis Potosí,+52 44 4495 8707,fernandopreciado25@hotmail.com,https://wa.me/524444958707,https://www.facebook.com/search/pages/?q=Tienda%20De%20Ropa%20De%20Dama%20Ferska%20Boutique%20San%20Luis%20Potosí,"https://www.google.com/maps/search/?api=1&query=22.1571141,-100.97534903"
Af Boutique,San Luis Potosí,+52 44 4195 8919,ND,https://wa.me/524441958919,https://www.facebook.com/search/pages/?q=Af%20Boutique%20San%20Luis%20Potosí,"https://www.google.com/maps/search/?api=1&query=22.15504706,-101.00275424"
Agacy Boutique,San Luis Potosí,+52 44 4813 4882,ND,https://wa.me/524448134882,https://www.facebook.com/search/pages/?q=Agacy%20Boutique%20San%20Luis%20Potosí,"https://www.google.com/maps/search/?api=1&query=22.14993013,-100.99686822"
American Fashion Style,San Luis Potosí,+52 44 4651 0074,ND,https://wa.me/524446510074,https://www.facebook.com/search/pages/?q=American%20Fashion%20Style%20San%20Luis%20Potosí,"https://www.google.com/maps/search/?api=1&query=22.13659428,-100.94512739"
Ananda Boutique,San Luis Potosí,+52 44 4105 6310,ND,https://wa.me/524441056310,https://www.facebook.com/search/pages/?q=Ananda%20Boutique%20San%20Luis%20Potosí,"https://www.google.com/maps/search/?api=1&query=22.15359937,-100.97967946"
Ashlee Boutique,San Luis Potosí,+52 44 4401 6259,ND,https://wa.me/524444016259,https://www.facebook.com/search/pages/?q=Ashlee%20Boutique%20San%20Luis%20Potosí,"https://www.google.com/maps/search/?api=1&query=22.18594073,-101.0061176"
Barberia Afroditas Barber Shop,San Luis Potosí,+52 44 4200 6155,ND,https://wa.me/524442006155,https://www.facebook.com/search/pages/?q=Barberia%20Afroditas%20Barber%20Shop%20San%20Luis%20Potosí,"https://www.google.com/maps/search/?api=1&query=22.13091653,-100.98566826"
Bertha Boutique,San Luis Potosí,+52 44 4207 0029,ND,https://wa.me/524442070029,https://www.facebook.com/search/pages/?q=Bertha%20Boutique%20San%20Luis%20Potosí,"https://www.google.com/maps/search/?api=1&query=22.14527875,-100.9798211"
Boutique Abershop,San Luis Potosí,+52 44 4131 7631,ND,https://wa.me/524441317631,https://www.facebook.com/search/pages/?q=Boutique%20Abershop%20San%20Luis%20Potosí,"https://www.google.com/maps/search/?api=1&query=22.17144951,-100.97738599"
Boutique Alenka,San Luis Potosí,+52 44 4180 6761,ND,https://wa.me/524441806761,https://www.facebook.com/search/pages/?q=Boutique%20Alenka%20San%20Luis%20Potosí,"https://www.google.com/maps/search/?api=1&query=22.17377523,-101.01116107"
Boutique Anyee,San Luis Potosí,+52 44 4666 4355,ND,https://wa.me/524446664355,https://www.facebook.com/search/pages/?q=Boutique%20Anyee%20San%20Luis%20Potosí,"https://www.google.com/maps/search/?api=1&query=22.18977732,-100.99791392"
Boutique Bizio,San Luis Potosí,+52 44 4481 5491,ND,https://wa.me/524444815491,https://www.facebook.com/search/pages/?q=Boutique%20Bizio%20San%20Luis%20Potosí,"https://www.google.com/maps/search/?api=1&query=22.15734881,-100.9797491"
Boutique Blanquita,San Luis Potosí,+52 44 4231 0704,ND,https://wa.me/524442310704,https://www.facebook.com/search/pages/?q=Boutique%20Blanquita%20San%20Luis%20Potosí,"https://www.google.com/maps/search/?api=1&query=22.16014355,-100.98622749"
Boutique Cadena,San Luis Potosí,+52 44 4145 6790,ND,https://wa.me/524441456790,https://www.facebook.com/search/pages/?q=Boutique%20Cadena%20San%20Luis%20Potosí,"https://www.google.com/maps/search/?api=1&query=22.15354861,-100.97875455"
Boutique Camila,San Luis Potosí,+52 44 4493 9739,ND,https://wa.me/524444939739,https://www.facebook.com/search/pages/?q=Boutique%20Camila%20San%20Luis%20Potosí,"https://www.google.com/maps/search/?api=1&query=22.14545165,-100.93945432"
Boutique Claus,San Luis Potosí,+52 44 4614 8462,ND,https://wa.me/524446148462,https://www.facebook.com/search/pages/?q=Boutique%20Claus%20San%20Luis%20Potosí,"https://www.google.com/maps/search/?api=1&query=22.16536938,-100.99127389"
Boutique D Chiquititas,San Luis Potosí,+52 44 4634 6133,ND,https://wa.me/524446346133,https://www.facebook.com/search/pages/?q=Boutique%20D%20Chiquititas%20San%20Luis%20Potosí,"https://www.google.com/maps/search/?api=1&query=22.16133838,-100.99443078"
Boutique D Rossy,San Luis Potosí,+52 44 4825 7379,ND,https://wa.me/524448257379,https://www.facebook.com/search/pages/?q=Boutique%20D%20Rossy%20San%20Luis%20Potosí,"https://www.google.com/maps/search/?api=1&query=22.14026897,-101.02930855"
Boutique Danielly,San Luis Potosí,+52 44 4165 5729,ND,https://wa.me/524441655729,https://www.facebook.com/search/pages/?q=Boutique%20Danielly%20San%20Luis%20Potosí,"https://www.google.com/maps/search/?api=1&query=22.1587396,-101.0191488"
Boutique De Ropa Dama,San Luis Potosí,+52 44 4805 3305,ND,https://wa.me/524448053305,https://www.facebook.com/search/pages/?q=Boutique%20De%20Ropa%20Dama%20San%20Luis%20Potosí,"https://www.google.com/maps/search/?api=1&query=22.16403968,-101.04457518"
Boutique De Ropa Eduards,San Luis Potosí,+52 44 4715 5870,ND,https://wa.me/524447155870,https://www.facebook.com/search/pages/?q=Boutique%20De%20Ropa%20Eduards%20San%20Luis%20Potosí,"https://www.google.com/maps/search/?api=1&query=22.11948302,-100.94825495"
Boutique Ellis Shop,San Luis Potosí,+52 44 4131 9779,ND,https://wa.me/524441319779,https://www.facebook.com/search/pages/?q=Boutique%20Ellis%20Shop%20San%20Luis%20Potosí,"https://www.google.com/maps/search/?api=1&query=22.13939715,-100.9351382"
Boutique Garo,San Luis Potosí,+52 44 4204 2599,ND,https://wa.me/524442042599,https://www.facebook.com/search/pages/?q=Boutique%20Garo%20San%20Luis%20Potosí,"https://www.google.com/maps/search/?api=1&query=22.17391273,-101.01098614"
Boutique Itzara,San Luis Potosí,+52 44 4131 0166,ND,https://wa.me/524441310166,https://www.facebook.com/search/pages/?q=Boutique%20Itzara%20San%20Luis%20Potosí,"https://www.google.com/maps/search/?api=1&query=22.14601768,-100.97132633"
Boutique Jazly,San Luis Potosí,+52 44 4722 1895,ND,https://wa.me/524447221895,https://www.facebook.com/search/pages/?q=Boutique%20Jazly%20San%20Luis%20Potosí,"https://www.google.com/maps/search/?api=1&query=22.15873055,-100.97470121"
Boutique Juanita,San Luis Potosí,+52 44 4502 0883,ND,https://wa.me/524445020883,https://www.facebook.com/search/pages/?q=Boutique%20Juanita%20San%20Luis%20Potosí,"https://www.google.com/maps/search/?api=1&query=22.18235778,-100.9732053"
Boutique Kairos,San Luis Potosí,+52 44 4150 6321,ND,https://wa.me/524441506321,https://www.facebook.com/search/pages/?q=Boutique%20Kairos%20San%20Luis%20Potosí,"https://www.google.com/maps/search/?api=1&query=22.16571175,-101.00415196"
Boutique Las Consentidas,San Luis Potosí,+52 44 4152 2636,ND,https://wa.me/524441522636,https://www.facebook.com/search/pages/?q=Boutique%20Las%20Consentidas%20San%20Luis%20Potosí,"https://www.google.com/maps/search/?api=1&query=22.1797812,-101.01770583"
Boutique Lau,San Luis Potosí,+52 44 4119 4899,ND,https://wa.me/524441194899,https://www.facebook.com/search/pages/?q=Boutique%20Lau%20San%20Luis%20Potosí,"https://www.google.com/maps/search/?api=1&query=22.12444965,-100.9282419"
Boutique Laura,San Luis Potosí,+52 44 4430 3001,ND,https://wa.me/524444303001,https://www.facebook.com/search/pages/?q=Boutique%20Laura%20San%20Luis%20Potosí,"https://www.google.com/maps/search/?api=1&query=22.189843,-101.0013153"
Boutique Liid,San Luis Potosí,+52 44 4827 2372,ND,https://wa.me/524448272372,https://www.facebook.com/search/pages/?q=Boutique%20Liid%20San%20Luis%20Potosí,"https://www.google.com/maps/search/?api=1&query=22.15227567,-100.97989549"
Boutique Lizeth,San Luis Potosí,+52 44 4336 3858,ND,https://wa.me/524443363858,https://www.facebook.com/search/pages/?q=Boutique%20Lizeth%20San%20Luis%20Potosí,"https://www.google.com/maps/search/?api=1&query=22.17008047,-100.99988215"
Boutique London,San Luis Potosí,+52 44 4326 8858,ND,https://wa.me/524443268858,https://www.facebook.com/search/pages/?q=Boutique%20London%20San%20Luis%20Potosí,"https://www.google.com/maps/search/?api=1&query=22.1374519,-100.93570084"
Boutique Lu,San Luis Potosí,+52 44 4444 4717,ND,https://wa.me/524444444717,https://www.facebook.com/search/pages/?q=Boutique%20Lu%20San%20Luis%20Potosí,"https://www.google.com/maps/search/?api=1&query=22.15476614,-101.0028537"
Boutique Lupita,San Luis Potosí,+52 44 4814 0626,ND,https://wa.me/524448140626,https://www.facebook.com/search/pages/?q=Boutique%20Lupita%20San%20Luis%20Potosí,"https://www.google.com/maps/search/?api=1&query=22.14717816,-100.9779211"
Boutique Maria Jose,San Luis Potosí,+52 44 4501 8070,ND,https://wa.me/524445018070,https://www.facebook.com/search/pages/?q=Boutique%20Maria%20Jose%20San%20Luis%20Potosí,"https://www.google.com/maps/search/?api=1&query=22.1379835,-100.93001778"
Boutique Minelv,San Luis Potosí,+52 44 4448 2322,ND,https://wa.me/524444482322,https://www.facebook.com/search/pages/?q=Boutique%20Minelv%20San%20Luis%20Potosí,"https://www.google.com/maps/search/?api=1&query=22.15151606,-100.97479387"
Boutique Modas Teddy,San Luis Potosí,+52 44 4707 5596,ND,https://wa.me/524447075596,https://www.facebook.com/search/pages/?q=Boutique%20Modas%20Teddy%20San%20Luis%20Potosí,"https://www.google.com/maps/search/?api=1&query=22.19174935,-101.02110854"
Boutique Momoka,San Luis Potosí,+52 44 4426 6259,ND,https://wa.me/524444266259,https://www.facebook.com/search/pages/?q=Boutique%20Momoka%20San%20Luis%20Potosí,"https://www.google.com/maps/search/?api=1&query=22.14992861,-100.99359407"
Boutique Monkeys,San Luis Potosí,+52 44 4385 1086,ND,https://wa.me/524443851086,https://www.facebook.com/search/pages/?q=Boutique%20Monkeys%20San%20Luis%20Potosí,"https://www.google.com/maps/search/?api=1&query=22.13305753,-100.97219811"
Boutique Moreno,San Luis Potosí,+52 44 4420 5814,ND,https://wa.me/524444205814,https://www.facebook.com/search/pages/?q=Boutique%20Moreno%20San%20Luis%20Potosí,"https://www.google.com/maps/search/?api=1&query=22.15484584,-100.96118045"
Boutique Multi Marca,San Luis Potosí,+52 44 4188 8557,ND,https://wa.me/524441888557,https://www.facebook.com/search/pages/?q=Boutique%20Multi%20Marca%20San%20Luis%20Potosí,"https://www.google.com/maps/search/?api=1&query=22.19070172,-101.01139994"
Boutique Naranka,San Luis Potosí,+52 44 4510 0348,ND,https://wa.me/524445100348,https://www.facebook.com/search/pages/?q=Boutique%20Naranka%20San%20Luis%20Potosí,"https://www.google.com/maps/search/?api=1&query=22.12867603,-100.98605012"
Boutique Nina Fashion,San Luis Potosí,+52 44 4512 8592,ND,https://wa.me/524445128592,https://www.facebook.com/search/pages/?q=Boutique%20Nina%20Fashion%20San%20Luis%20Potosí,"https://www.google.com/maps/search/?api=1&query=22.12955259,-100.95344659"
Boutique Rima,San Luis Potosí,+52 44 4812 8861,ND,https://wa.me/524448128861,https://www.facebook.com/search/pages/?q=Boutique%20Rima%20San%20Luis%20Potosí,"https://www.google.com/maps/search/?api=1&query=22.15563003,-100.97525634"
Boutique Rocio,San Luis Potosí,+52 44 4450 0958,ND,https://wa.me/524444500958,https://www.facebook.com/search/pages/?q=Boutique%20Rocio%20San%20Luis%20Potosí,"https://www.google.com/maps/search/?api=1&query=22.1658744,-101.00374178"
Boutique Run Way,San Luis Potosí,+52 44 4105 6272,ND,https://wa.me/524441056272,https://www.facebook.com/search/pages/?q=Boutique%20Run%20Way%20San%20Luis%20Potosí,"https://www.google.com/maps/search/?api=1&query=22.15482069,-100.97754571"
Boutique Shaimonts,San Luis Potosí,+52 44 4434 4378,ND,https://wa.me/524444344378,https://www.facebook.com/search/pages/?q=Boutique%20Shaimonts%20San%20Luis%20Potosí,"https://www.google.com/maps/search/?api=1&query=22.17190008,-101.00509952"
Boutique Shopping,San Luis Potosí,+52 44 4582 6951,ND,https://wa.me/524445826951,https://www.facebook.com/search/pages/?q=Boutique%20Shopping%20San%20Luis%20Potosí,"https://www.google.com/maps/search/?api=1&query=22.18891928,-101.01434339"
Boutique Sin Nonbre,San Luis Potosí,+52 44 4512 2286,ND,https://wa.me/524445122286,https://www.facebook.com/search/pages/?q=Boutique%20Sin%20Nonbre%20San%20Luis%20Potosí,"https://www.google.com/maps/search/?api=1&query=22.18995878,-101.01297505"
Boutique Studio Chic,San Luis Potosí,+52 44 4133 9482,ND,https://wa.me/524441339482,https://www.facebook.com/search/pages/?q=Boutique%20Studio%20Chic%20San%20Luis%20Potosí,"https://www.google.com/maps/search/?api=1&query=22.14124941,-100.93261213"
Boutique Toxicos,San Luis Potosí,+52 44 4540 8993,ND,https://wa.me/524445408993,https://www.facebook.com/search/pages/?q=Boutique%20Toxicos%20San%20Luis%20Potosí,"https://www.google.com/maps/search/?api=1&query=22.11641856,-100.92005866"
Boutique Va Nana,San Luis Potosí,+52 44 4518 9931,ND,https://wa.me/524445189931,https://www.facebook.com/search/pages/?q=Boutique%20Va%20Nana%20San%20Luis%20Potosí,"https://www.google.com/maps/search/?api=1&query=22.12470979,-100.98292961"
Boutique Yuadri,San Luis Potosí,+52 44 4415 3825,ND,https://wa.me/524444153825,https://www.facebook.com/search/pages/?q=Boutique%20Yuadri%20San%20Luis%20Potosí,"https://www.google.com/maps/search/?api=1&query=22.1893682,-100.99919283"
Boutique Zona Glam,San Luis Potosí,+52 44 4425 1784,ND,https://wa.me/524444251784,https://www.facebook.com/search/pages/?q=Boutique%20Zona%20Glam%20San%20Luis%20Potosí,"https://www.google.com/maps/search/?api=1&query=22.13939715,-100.9351382"
Boutique Zuriel,San Luis Potosí,+52 44 4901 0619,ND,https://wa.me/524449010619,https://www.facebook.com/search/pages/?q=Boutique%20Zuriel%20San%20Luis%20Potosí,"https://www.google.com/maps/search/?api=1&query=22.17564509,-101.00674513"
Candelaria Boutique,San Luis Potosí,+52 44 4668 2073,ND,https://wa.me/524446682073,https://www.facebook.com/search/pages/?q=Candelaria%20Boutique%20San%20Luis%20Potosí,"https://www.google.com/maps/search/?api=1&query=22.188266,-100.99884924"
Chelakiller Store,San Luis Potosí,+52 44 4451 2804,ND,https://wa.me/524444512804,https://www.facebook.com/search/pages/?q=Chelakiller%20Store%20San%20Luis%20Potosí,"https://www.google.com/maps/search/?api=1&query=22.1480007,-100.98133049"
Chic Boutique,San Luis Potosí,+52 44 4377 7165,ND,https://wa.me/524443777165,https://www.facebook.com/search/pages/?q=Chic%20Boutique%20San%20Luis%20Potosí,"https://www.google.com/maps/search/?api=1&query=22.18832977,-100.98749527"
Cool Fashion,San Luis Potosí,+52 44 4548 4948,ND,https://wa.me/524445484948,https://www.facebook.com/search/pages/?q=Cool%20Fashion%20San%20Luis%20Potosí,"https://www.google.com/maps/search/?api=1&query=22.20545884,-100.97915684"
Coquis Boutique,San Luis Potosí,+52 44 4135 4009,ND,https://wa.me/524441354009,https://www.facebook.com/search/pages/?q=Coquis%20Boutique%20San%20Luis%20Potosí,"https://www.google.com/maps/search/?api=1&query=22.16101046,-101.01935495"
Daphne Shop,San Luis Potosí,+52 44 4202 9677,ND,https://wa.me/524442029677,https://www.facebook.com/search/pages/?q=Daphne%20Shop%20San%20Luis%20Potosí,"https://www.google.com/maps/search/?api=1&query=22.15003202,-100.98110553"
Del Closet Caly,San Luis Potosí,+52 44 4445 7829,ND,https://wa.me/524444457829,https://www.facebook.com/search/pages/?q=Del%20Closet%20Caly%20San%20Luis%20Potosí,"https://www.google.com/maps/search/?api=1&query=22.13506892,-100.94326616"
Estilos,San Luis Potosí,+52 44 4257 1711,ND,https://wa.me/524442571711,https://www.facebook.com/search/pages/?q=Estilos%20San%20Luis%20Potosí,"https://www.google.com/maps/search/?api=1&query=22.15258711,-101.00930297"
Evalu Boutique,San Luis Potosí,+52 44 4645 8231,ND,https://wa.me/524446458231,https://www.facebook.com/search/pages/?q=Evalu%20Boutique%20San%20Luis%20Potosí,"https://www.google.com/maps/search/?api=1&query=22.14625114,-101.04114131"
Fashion Patsy,San Luis Potosí,+52 44 4767 4586,ND,https://wa.me/524447674586,https://www.facebook.com/search/pages/?q=Fashion%20Patsy%20San%20Luis%20Potosí,"https://www.google.com/maps/search/?api=1&query=22.13009942,-100.95398623"
Femme Trendy Boutique,San Luis Potosí,+52 44 4660 3625,ND,https://wa.me/524446603625,https://www.facebook.com/search/pages/?q=Femme%20Trendy%20Boutique%20San%20Luis%20Potosí,"https://www.google.com/maps/search/?api=1&query=22.15619095,-100.98865441"
Flors Boutique,San Luis Potosí,+52 44 4132 3543,ND,https://wa.me/524441323543,https://www.facebook.com/search/pages/?q=Flors%20Boutique%20San%20Luis%20Potosí,"https://www.google.com/maps/search/?api=1&query=22.1357881,-100.98102942"
Fussion Boutique,San Luis Potosí,+52 44 4812 4150,ND,https://wa.me/524448124150,https://www.facebook.com/search/pages/?q=Fussion%20Boutique%20San%20Luis%20Potosí,"https://www.google.com/maps/search/?api=1&query=22.15204514,-100.97528152"
Glamour Avenue Boutique,San Luis Potosí,+52 76 4119 8143,ND,https://wa.me/527641198143,https://www.facebook.com/search/pages/?q=Glamour%20Avenue%20Boutique%20San%20Luis%20Potosí,"https://www.google.com/maps/search/?api=1&query=22.14671418,-100.93905642"
Isis Boutique,San Luis Potosí,+52 44 4582 7548,ND,https://wa.me/524445827548,https://www.facebook.com/search/pages/?q=Isis%20Boutique%20San%20Luis%20Potosí,"https://www.google.com/maps/search/?api=1&query=22.13489845,-101.01580338"
Kadi Concept Store,San Luis Potosí,+52 44 4175 1867,ND,https://wa.me/524441751867,https://www.facebook.com/search/pages/?q=Kadi%20Concept%20Store%20San%20Luis%20Potosí,"https://www.google.com/maps/search/?api=1&query=22.13300625,-101.01759028"
Karen Ken Boutique,San Luis Potosí,+52 44 4180 6605,ND,https://wa.me/524441806605,https://www.facebook.com/search/pages/?q=Karen%20Ken%20Boutique%20San%20Luis%20Potosí,"https://www.google.com/maps/search/?api=1&query=22.13518993,-100.98003075"
Lindas Shop,San Luis Potosí,+52 44 4469 4735,ND,https://wa.me/524444694735,https://www.facebook.com/search/pages/?q=Lindas%20Shop%20San%20Luis%20Potosí,"https://www.google.com/maps/search/?api=1&query=22.15099318,-100.97960815"
Maria Shein Boutique,San Luis Potosí,+52 44 4417 7768,ND,https://wa.me/524444177768,https://www.facebook.com/search/pages/?q=Maria%20Shein%20Boutique%20San%20Luis%20Potosí,"https://www.google.com/maps/search/?api=1&query=22.14749167,-100.94250492"
Menta Boutique Concept Store,San Luis Potosí,+52 44 4436 6622,ND,https://wa.me/524444366622,https://www.facebook.com/search/pages/?q=Menta%20Boutique%20Concept%20Store%20San%20Luis%20Potosí,"https://www.google.com/maps/search/?api=1&query=22.15233033,-100.97990388"
Mila Boutique,San Luis Potosí,+52 44 4134 9351,ND,https://wa.me/524441349351,https://www.facebook.com/search/pages/?q=Mila%20Boutique%20San%20Luis%20Potosí,"https://www.google.com/maps/search/?api=1&query=22.15024932,-100.98962574"
Mistica Boutique,San Luis Potosí,+52 44 4373 3708,ND,https://wa.me/524443733708,https://www.facebook.com/search/pages/?q=Mistica%20Boutique%20San%20Luis%20Potosí,"https://www.google.com/maps/search/?api=1&query=22.1506931,-100.98779636"
Mistik Shop,San Luis Potosí,+52 44 4230 8755,ND,https://wa.me/524442308755,https://www.facebook.com/search/pages/?q=Mistik%20Shop%20San%20Luis%20Potosí,"https://www.google.com/maps/search/?api=1&query=22.15129459,-100.9803902"
Moda Jeans,San Luis Potosí,+52 44 4812 9787,ND,https://wa.me/524448129787,https://www.facebook.com/search/pages/?q=Moda%20Jeans%20San%20Luis%20Potosí,"https://www.google.com/maps/search/?api=1&query=22.15820672,-100.9756191"
Nicole Boutique,San Luis Potosí,+52 44 4508 4972,ND,https://wa.me/524445084972,https://www.facebook.com/search/pages/?q=Nicole%20Boutique%20San%20Luis%20Potosí,"https://www.google.com/maps/search/?api=1&query=22.1006675,-101.09155044"
O & J Boutique,San Luis Potosí,+52 44 4192 0539,ND,https://wa.me/524441920539,https://www.facebook.com/search/pages/?q=O%20%26%20J%20Boutique%20San%20Luis%20Potosí,"https://www.google.com/maps/search/?api=1&query=22.17115097,-101.00383234"
Ol Boutique,San Luis Potosí,+52 44 4308 6652,ND,https://wa.me/524443086652,https://www.facebook.com/search/pages/?q=Ol%20Boutique%20San%20Luis%20Potosí,"https://www.google.com/maps/search/?api=1&query=22.19564326,-101.00170319"
Queen S Shop Boutique,San Luis Potosí,+52 44 4813 3789,ND,https://wa.me/524448133789,https://www.facebook.com/search/pages/?q=Queen%20S%20Shop%20Boutique%20San%20Luis%20Potosí,"https://www.google.com/maps/search/?api=1&query=22.13989919,-101.00159853"
Richard Store,San Luis Potosí,+52 44 4351 1219,ND,https://wa.me/524443511219,https://www.facebook.com/search/pages/?q=Richard%20Store%20San%20Luis%20Potosí,"https://www.google.com/maps/search/?api=1&query=22.18617598,-101.00229942"
Rivainz S Jeans,San Luis Potosí,+52 56 1647 3547,ND,https://wa.me/525616473547,https://www.facebook.com/search/pages/?q=Rivainz%20S%20Jeans%20San%20Luis%20Potosí,"https://www.google.com/maps/search/?api=1&query=22.14947454,-100.97545136"
Rosy Boutique,San Luis Potosí,+52 44 4214 1619,ND,https://wa.me/524442141619,https://www.facebook.com/search/pages/?q=Rosy%20Boutique%20San%20Luis%20Potosí,"https://www.google.com/maps/search/?api=1&query=22.14232979,-100.93445173"
Santoriny Boutique,San Luis Potosí,+52 44 4819 1195,ND,https://wa.me/524448191195,https://www.facebook.com/search/pages/?q=Santoriny%20Boutique%20San%20Luis%20Potosí,"https://www.google.com/maps/search/?api=1&query=22.14752691,-101.01274864"
Shaimonts Boutique,San Luis Potosí,+52 44 4288 9230,ND,https://wa.me/524442889230,https://www.facebook.com/search/pages/?q=Shaimonts%20Boutique%20San%20Luis%20Potosí,"https://www.google.com/maps/search/?api=1&query=22.17382288,-101.01202997"
Skins Boutique,San Luis Potosí,+52 44 4886 6274,ND,https://wa.me/524448866274,https://www.facebook.com/search/pages/?q=Skins%20Boutique%20San%20Luis%20Potosí,"https://www.google.com/maps/search/?api=1&query=22.20400225,-100.99824371"
Sophy Shop,San Luis Potosí,+52 44 4141 9401,ND,https://wa.me/524441419401,https://www.facebook.com/search/pages/?q=Sophy%20Shop%20San%20Luis%20Potosí,"https://www.google.com/maps/search/?api=1&query=22.14734091,-100.98737021"
Style Cookies Store,San Luis Potosí,+52 44 4330 3719,ND,https://wa.me/524443303719,https://www.facebook.com/search/pages/?q=Style%20Cookies%20Store%20San%20Luis%20Potosí,"https://www.google.com/maps/search/?api=1&query=22.15823497,-100.96165205"
Tienda De Ropa Boutique Ellas Y Tu,San Luis Potosí,+52 44 4419 8230,ND,https://wa.me/524444198230,https://www.facebook.com/search/pages/?q=Tienda%20De%20Ropa%20Boutique%20Ellas%20Y%20Tu%20San%20Luis%20Potosí,"https://www.google.com/maps/search/?api=1&query=22.16002623,-100.98686313"
Tienda De Ropa Chiquimodas,San Luis Potosí,+52 44 4241 3197,ND,https://wa.me/524442413197,https://www.facebook.com/search/pages/?q=Tienda%20De%20Ropa%20Chiquimodas%20San%20Luis%20Potosí,"https://www.google.com/maps/search/?api=1&query=22.1383348,-100.98830106"
Tienda De Ropa De Dama Modas Alejandra,San Luis Potosí,+52 44 4174 8282,ND,https://wa.me/524441748282,https://www.facebook.com/search/pages/?q=Tienda%20De%20Ropa%20De%20Dama%20Modas%20Alejandra%20San%20Luis%20Potosí,"https://www.google.com/maps/search/?api=1&query=22.15574858,-100.97527114"
Tienda De Ropa De Moda,San Luis Potosí,+52 44 4348 9571,ND,https://wa.me/524443489571,https://www.facebook.com/search/pages/?q=Tienda%20De%20Ropa%20De%20Moda%20San%20Luis%20Potosí,"https://www.google.com/maps/search/?api=1&query=22.16411,-100.96089441"
Tienda De Ropa Fashion Shop,San Luis Potosí,+52 44 4423 8312,ND,https://wa.me/524444238312,https://www.facebook.com/search/pages/?q=Tienda%20De%20Ropa%20Fashion%20Shop%20San%20Luis%20Potosí,"https://www.google.com/maps/search/?api=1&query=22.15614612,-100.96135854"
Tienda De Ropa Feri Moda,San Luis Potosí,+52 44 4705 2827,ND,https://wa.me/524447052827,https://www.facebook.com/search/pages/?q=Tienda%20De%20Ropa%20Feri%20Moda%20San%20Luis%20Potosí,"https://www.google.com/maps/search/?api=1&query=22.14274246,-100.93865653"
Tienda De Ropa La Nueva Moda,San Luis Potosí,+52 44 4126 9446,ND,https://wa.me/524441269446,https://www.facebook.com/search/pages/?q=Tienda%20De%20Ropa%20La%20Nueva%20Moda%20San%20Luis%20Potosí,"https://www.google.com/maps/search/?api=1&query=22.15868022,-100.97637205"
Tienda De Ropa Lucy Gifts & Boutique,San Luis Potosí,+52 44 4631 4757,ND,https://wa.me/524446314757,https://www.facebook.com/search/pages/?q=Tienda%20De%20Ropa%20Lucy%20Gifts%20%26%20Boutique%20San%20Luis%20Potosí,"https://www.google.com/maps/search/?api=1&query=22.13549985,-101.01610952"
Tienda De Ropa Mistika Shop,San Luis Potosí,+52 44 4276 7873,ND,https://wa.me/524442767873,https://www.facebook.com/search/pages/?q=Tienda%20De%20Ropa%20Mistika%20Shop%20San%20Luis%20Potosí,"https://www.google.com/maps/search/?api=1&query=22.14877447,-100.98322453"
Tienda De Ropa Para Dama Arijeans,San Luis Potosí,+52 44 4472 4026,ND,https://wa.me/524444724026,https://www.facebook.com/search/pages/?q=Tienda%20De%20Ropa%20Para%20Dama%20Arijeans%20San%20Luis%20Potosí,"https://www.google.com/maps/search/?api=1&query=22.15609666,-100.97490603"
Tienda De Ropa Para Hombre La Guera Chola Shop,San Luis Potosí,+52 44 4639 3936,ND,https://wa.me/524446393936,https://www.facebook.com/search/pages/?q=Tienda%20De%20Ropa%20Para%20Hombre%20La%20Guera%20Chola%20Shop%20San%20Luis%20Potosí,"https://www.google.com/maps/search/?api=1&query=22.15742244,-100.97520618"
Tienda De Ropa Shop Galindo,San Luis Potosí,+52 44 4219 0872,ND,https://wa.me/524442190872,https://www.facebook.com/search/pages/?q=Tienda%20De%20Ropa%20Shop%20Galindo%20San%20Luis%20Potosí,"https://www.google.com/maps/search/?api=1&query=22.1132193,-100.9752832"
Tienda De Ropa Supermoda,San Luis Potosí,+52 44 4168 7010,ND,https://wa.me/524441687010,https://www.facebook.com/search/pages/?q=Tienda%20De%20Ropa%20Supermoda%20San%20Luis%20Potosí,"https://www.google.com/maps/search/?api=1&query=22.15542209,-100.97528215"
Tienda De Ropa Urban Store,San Luis Potosí,+52 44 4638 9524,ND,https://wa.me/524446389524,https://www.facebook.com/search/pages/?q=Tienda%20De%20Ropa%20Urban%20Store%20San%20Luis%20Potosí,"https://www.google.com/maps/search/?api=1&query=22.17640396,-101.00703653"
Tienda De Ropa Vaquera Varelas Country,San Luis Potosí,+52 44 4886 9088,ND,https://wa.me/524448869088,https://www.facebook.com/search/pages/?q=Tienda%20De%20Ropa%20Vaquera%20Varelas%20Country%20San%20Luis%20Potosí,"https://www.google.com/maps/search/?api=1&query=22.12101343,-100.94981761"
Tienda Ropa El Vaquero,San Luis Potosí,+52 44 4503 6742,ND,https://wa.me/524445036742,https://www.facebook.com/search/pages/?q=Tienda%20Ropa%20El%20Vaquero%20San%20Luis%20Potosí,"https://www.google.com/maps/search/?api=1&query=22.14394331,-100.9204173"
Treso Shop,San Luis Potosí,+52 44 4312 2080,ND,https://wa.me/524443122080,https://www.facebook.com/search/pages/?q=Treso%20Shop%20San%20Luis%20Potosí,"https://www.google.com/maps/search/?api=1&query=22.14123462,-100.93300205"
Urban Shop Colors,San Luis Potosí,+52 44 4243 6200,ND,https://wa.me/524442436200,https://www.facebook.com/search/pages/?q=Urban%20Shop%20Colors%20San%20Luis%20Potosí,"https://www.google.com/maps/search/?api=1&query=22.14200188,-100.93428856"
Venta De Ropa Elena Closeth,San Luis Potosí,+52 44 4130 7104,ND,https://wa.me/524441307104,https://www.facebook.com/search/pages/?q=Venta%20De%20Ropa%20Elena%20Closeth%20San%20Luis%20Potosí,"https://www.google.com/maps/search/?api=1&query=22.17379631,-100.99493796"
Viku Boutique,San Luis Potosí,+52 44 4654 7087,ND,https://wa.me/524446547087,https://www.facebook.com/search/pages/?q=Viku%20Boutique%20San%20Luis%20Potosí,"https://www.google.com/maps/search/?api=1&query=22.1509668,-100.98531024"
Vintage Store,San Luis Potosí,+52 44 4704 9337,ND,https://wa.me/524447049337,https://www.facebook.com/search/pages/?q=Vintage%20Store%20San%20Luis%20Potosí,"https://www.google.com/maps/search/?api=1&query=22.14500103,-100.93848276"
Vizio Boutique,San Luis Potosí,+52 44 4425 9744,ND,https://wa.me/524444259744,https://www.facebook.com/search/pages/?q=Vizio%20Boutique%20San%20Luis%20Potosí,"https://www.google.com/maps/search/?api=1&query=22.19085465,-101.00159379"
Yoliztli Boutique,San Luis Potosí,+52 44 4580 5753,ND,https://wa.me/524445805753,https://www.facebook.com/search/pages/?q=Yoliztli%20Boutique%20San%20Luis%20Potosí,"https://www.google.com/maps/search/?api=1&query=22.14404012,-100.9303673"
Akira Boutique,San Martín Chalchicuautla,ND,ND,ND,https://www.facebook.com/search/pages/?q=Akira%20Boutique%20San%20Martín%20Chalchicuautla,"https://www.google.com/maps/search/?api=1&query=21.37008878,-98.65777367"
Bella Boutique,San Martín Chalchicuautla,ND,ND,ND,https://www.facebook.com/search/pages/?q=Bella%20Boutique%20San%20Martín%20Chalchicuautla,"https://www.google.com/maps/search/?api=1&query=21.36990307,-98.65843644"
Compra Venta De Ropa Nueva Y Mas Productos,San Nicolás Tolentino,ND,ND,ND,https://www.facebook.com/search/pages/?q=Compra%20Venta%20De%20Ropa%20Nueva%20Y%20Mas%20Productos%20San%20Nicolás%20Tolentino,"https://www.google.com/maps/search/?api=1&query=22.24959124,-100.55161448"
Boutique Chicca Bonita,San Vicente Tancuayalab,+52 48 9104 2316,ND,https://wa.me/524891042316,https://www.facebook.com/search/pages/?q=Boutique%20Chicca%20Bonita%20San%20Vicente%20Tancuayalab,"https://www.google.com/maps/search/?api=1&query=21.71472726,-98.5882603"
Boutique La Divina Providencia,Santa María del Río,+52 48 5853 0022,ND,https://wa.me/524858530022,https://www.facebook.com/search/pages/?q=Boutique%20La%20Divina%20Providencia%20Santa%20María%20del%20Río,"https://www.google.com/maps/search/?api=1&query=21.80003064,-100.73947361"
Boutique Luna,Santa María del Río,+52 44 4661 0278,ND,https://wa.me/524446610278,https://www.facebook.com/search/pages/?q=Boutique%20Luna%20Santa%20María%20del%20Río,"https://www.google.com/maps/search/?api=1&query=21.80415935,-100.73461326"
Mayte Boutique,Santa María del Río,+52 48 5104 5293,ND,https://wa.me/524851045293,https://www.facebook.com/search/pages/?q=Mayte%20Boutique%20Santa%20María%20del%20Río,"https://www.google.com/maps/search/?api=1&query=21.79947148,-100.73975098"
Boutique,Santo Domingo,ND,ND,ND,https://www.facebook.com/search/pages/?q=Boutique%20Santo%20Domingo,"https://www.google.com/maps/search/?api=1&query=23.32768627,-101.73542613"
Venta De Ropa,Santo Domingo,ND,ND,ND,https://www.facebook.com/search/pages/?q=Venta%20De%20Ropa%20Santo%20Domingo,"https://www.google.com/maps/search/?api=1&query=23.32582032,-101.73619308"
Boutique Atico,Soledad de Graciano Sánchez,+52 44 4329 6487,tanialorena_093@hotmail.com,https://wa.me/524443296487,https://www.facebook.com/search/pages/?q=Boutique%20Atico%20Soledad%20de%20Graciano%20Sánchez,"https://www.google.com/maps/search/?api=1&query=22.18692471,-100.93738503"
Boutique Galu,Soledad de Graciano Sánchez,+52 44 4800 3191,galu.estormx@gmail.com,https://wa.me/524448003191,https://www.facebook.com/search/pages/?q=Boutique%20Galu%20Soledad%20de%20Graciano%20Sánchez,"https://www.google.com/maps/search/?api=1&query=22.18315661,-100.94306769"
Boutique Nayeli,Soledad de Graciano Sánchez,+52 44 4141 0868,lupitaromero190322@gmail.com,https://wa.me/524441410868,https://www.facebook.com/search/pages/?q=Boutique%20Nayeli%20Soledad%20de%20Graciano%20Sánchez,"https://www.google.com/maps/search/?api=1&query=22.16306637,-100.94761345"
Irena Boutique,Soledad de Graciano Sánchez,+52 44 4411 6172,irena-admi@hotmail.com,https://wa.me/524444116172,https://www.facebook.com/search/pages/?q=Irena%20Boutique%20Soledad%20de%20Graciano%20Sánchez,"https://www.google.com/maps/search/?api=1&query=22.18224184,-100.9516524"
Tienda De Ropa Todo Jeans,Soledad de Graciano Sánchez,+52 44 4186 9441,efeco0500@gmail.com,https://wa.me/524441869441,https://www.facebook.com/search/pages/?q=Tienda%20De%20Ropa%20Todo%20Jeans%20Soledad%20de%20Graciano%20Sánchez,"https://www.google.com/maps/search/?api=1&query=22.18667752,-100.93870244"
Warriors Shop,Soledad de Graciano Sánchez,+52 61 6820 5210,devidmartinez390@gmail.com,https://wa.me/526168205210,https://www.facebook.com/search/pages/?q=Warriors%20Shop%20Soledad%20de%20Graciano%20Sánchez,"https://www.google.com/maps/search/?api=1&query=22.19184055,-100.93601939"
Adrya Boutique,Soledad de Graciano Sánchez,+52 44 4704 0731,ND,https://wa.me/524447040731,https://www.facebook.com/search/pages/?q=Adrya%20Boutique%20Soledad%20de%20Graciano%20Sánchez,"https://www.google.com/maps/search/?api=1&query=22.1673994,-100.92919418"
Boutique,Soledad de Graciano Sánchez,+52 44 4425 1980,ND,https://wa.me/524444251980,https://www.facebook.com/search/pages/?q=Boutique%20Soledad%20de%20Graciano%20Sánchez,"https://www.google.com/maps/search/?api=1&query=22.17048881,-100.92330387"
Boutique Aber Shop,Soledad de Graciano Sánchez,+52 44 4822 4140,ND,https://wa.me/524448224140,https://www.facebook.com/search/pages/?q=Boutique%20Aber%20Shop%20Soledad%20de%20Graciano%20Sánchez,"https://www.google.com/maps/search/?api=1&query=22.15286374,-100.93913602"
Boutique Bella,Soledad de Graciano Sánchez,+52 44 4317 7673,ND,https://wa.me/524443177673,https://www.facebook.com/search/pages/?q=Boutique%20Bella%20Soledad%20de%20Graciano%20Sánchez,"https://www.google.com/maps/search/?api=1&query=22.15854291,-100.90462226"
Boutique Daniels,Soledad de Graciano Sánchez,+52 44 4141 5639,ND,https://wa.me/524441415639,https://www.facebook.com/search/pages/?q=Boutique%20Daniels%20Soledad%20de%20Graciano%20Sánchez,"https://www.google.com/maps/search/?api=1&query=22.15638939,-100.95048467"
Boutique De La Maria Moda,Soledad de Graciano Sánchez,+52 44 4441 6535,ND,https://wa.me/524444416535,https://www.facebook.com/search/pages/?q=Boutique%20De%20La%20Maria%20Moda%20Soledad%20de%20Graciano%20Sánchez,"https://www.google.com/maps/search/?api=1&query=22.1515856,-100.90168595"
Boutique De Liz,Soledad de Graciano Sánchez,+52 44 4517 6352,ND,https://wa.me/524445176352,https://www.facebook.com/search/pages/?q=Boutique%20De%20Liz%20Soledad%20de%20Graciano%20Sánchez,"https://www.google.com/maps/search/?api=1&query=22.17053305,-100.92269093"
Boutique Estimma,Soledad de Graciano Sánchez,+52 44 4555 4475,ND,https://wa.me/524445554475,https://www.facebook.com/search/pages/?q=Boutique%20Estimma%20Soledad%20de%20Graciano%20Sánchez,"https://www.google.com/maps/search/?api=1&query=22.15571899,-100.9506547"
Boutique Lupita,Soledad de Graciano Sánchez,+52 44 4105 6252,ND,https://wa.me/524441056252,https://www.facebook.com/search/pages/?q=Boutique%20Lupita%20Soledad%20de%20Graciano%20Sánchez,"https://www.google.com/maps/search/?api=1&query=22.18877583,-100.9367422"
Boutique Meley,Soledad de Graciano Sánchez,+52 44 4419 8787,ND,https://wa.me/524444198787,https://www.facebook.com/search/pages/?q=Boutique%20Meley%20Soledad%20de%20Graciano%20Sánchez,"https://www.google.com/maps/search/?api=1&query=22.16795479,-100.95121859"
Boutique Mirame,Soledad de Graciano Sánchez,+52 44 4288 5003,ND,https://wa.me/524442885003,https://www.facebook.com/search/pages/?q=Boutique%20Mirame%20Soledad%20de%20Graciano%20Sánchez,"https://www.google.com/maps/search/?api=1&query=22.15047063,-100.90372981"
Boutique Pink Life,Soledad de Graciano Sánchez,+52 44 4170 1651,ND,https://wa.me/524441701651,https://www.facebook.com/search/pages/?q=Boutique%20Pink%20Life%20Soledad%20de%20Graciano%20Sánchez,"https://www.google.com/maps/search/?api=1&query=22.16287381,-100.93501357"
Boutique Rosy,Soledad de Graciano Sánchez,+52 44 4173 6752,ND,https://wa.me/524441736752,https://www.facebook.com/search/pages/?q=Boutique%20Rosy%20Soledad%20de%20Graciano%20Sánchez,"https://www.google.com/maps/search/?api=1&query=22.16269483,-100.9222021"
Boutique Seily,Soledad de Graciano Sánchez,+52 44 4254 3020,ND,https://wa.me/524442543020,https://www.facebook.com/search/pages/?q=Boutique%20Seily%20Soledad%20de%20Graciano%20Sánchez,"https://www.google.com/maps/search/?api=1&query=22.14260783,-100.90349391"
Carlotta Boutique,Soledad de Graciano Sánchez,+52 44 4176 5269,ND,https://wa.me/524441765269,https://www.facebook.com/search/pages/?q=Carlotta%20Boutique%20Soledad%20de%20Graciano%20Sánchez,"https://www.google.com/maps/search/?api=1&query=22.18688899,-100.96233644"
Cielo Store,Soledad de Graciano Sánchez,+52 44 4177 6219,ND,https://wa.me/524441776219,https://www.facebook.com/search/pages/?q=Cielo%20Store%20Soledad%20de%20Graciano%20Sánchez,"https://www.google.com/maps/search/?api=1&query=22.16121496,-100.95329002"
Cuhs Store,Soledad de Graciano Sánchez,+52 44 4174 0112,ND,https://wa.me/524441740112,https://www.facebook.com/search/pages/?q=Cuhs%20Store%20Soledad%20de%20Graciano%20Sánchez,"https://www.google.com/maps/search/?api=1&query=22.1496778,-100.91819049"
Girasolboutique,Soledad de Graciano Sánchez,+52 83 2951 9543,ND,https://wa.me/528329519543,https://www.facebook.com/search/pages/?q=Girasolboutique%20Soledad%20de%20Graciano%20Sánchez,"https://www.google.com/maps/search/?api=1&query=22.18866861,-100.94348203"
Modas Shabaa,Soledad de Graciano Sánchez,+52 44 4124 0163,ND,https://wa.me/524441240163,https://www.facebook.com/search/pages/?q=Modas%20Shabaa%20Soledad%20de%20Graciano%20Sánchez,"https://www.google.com/maps/search/?api=1&query=22.18689528,-100.936412"
Mundo Vaquero,Soledad de Graciano Sánchez,+52 44 4141 8202,ND,https://wa.me/524441418202,https://www.facebook.com/search/pages/?q=Mundo%20Vaquero%20Soledad%20de%20Graciano%20Sánchez,"https://www.google.com/maps/search/?api=1&query=22.15148284,-100.92103075"
Nare Shop,Soledad de Graciano Sánchez,+52 44 4571 8157,ND,https://wa.me/524445718157,https://www.facebook.com/search/pages/?q=Nare%20Shop%20Soledad%20de%20Graciano%20Sánchez,"https://www.google.com/maps/search/?api=1&query=22.14613003,-100.94010027"
Pink Boutique,Soledad de Graciano Sánchez,+52 44 4136 6734,ND,https://wa.me/524441366734,https://www.facebook.com/search/pages/?q=Pink%20Boutique%20Soledad%20de%20Graciano%20Sánchez,"https://www.google.com/maps/search/?api=1&query=22.18636821,-100.9397774"
Santa Moda Ropa,Soledad de Graciano Sánchez,+52 44 4111 7466,ND,https://wa.me/524441117466,https://www.facebook.com/search/pages/?q=Santa%20Moda%20Ropa%20Soledad%20de%20Graciano%20Sánchez,"https://www.google.com/maps/search/?api=1&query=22.16400746,-100.94103645"
Secrets Boutique By Elba Lara,Soledad de Graciano Sánchez,+52 44 4422 5532,ND,https://wa.me/524444225532,https://www.facebook.com/search/pages/?q=Secrets%20Boutique%20By%20Elba%20Lara%20Soledad%20de%20Graciano%20Sánchez,"https://www.google.com/maps/search/?api=1&query=22.18739838,-100.95599151"
Sper Fashion,Soledad de Graciano Sánchez,+52 44 4145 7334,ND,https://wa.me/524441457334,https://www.facebook.com/search/pages/?q=Sper%20Fashion%20Soledad%20de%20Graciano%20Sánchez,"https://www.google.com/maps/search/?api=1&query=22.18549779,-100.93794099"
Tienda De Ropa Beraka Shop,Soledad de Graciano Sánchez,+52 44 4568 6229,ND,https://wa.me/524445686229,https://www.facebook.com/search/pages/?q=Tienda%20De%20Ropa%20Beraka%20Shop%20Soledad%20de%20Graciano%20Sánchez,"https://www.google.com/maps/search/?api=1&query=22.15139839,-100.89827645"
Tienda De Ropa Leonel Shop,Soledad de Graciano Sánchez,+52 44 4122 2772,ND,https://wa.me/524441222772,https://www.facebook.com/search/pages/?q=Tienda%20De%20Ropa%20Leonel%20Shop%20Soledad%20de%20Graciano%20Sánchez,"https://www.google.com/maps/search/?api=1&query=22.1509076,-100.90837749"
Trendy Shop Slp,Soledad de Graciano Sánchez,+52 44 4717 0247,ND,https://wa.me/524447170247,https://www.facebook.com/search/pages/?q=Trendy%20Shop%20Slp%20Soledad%20de%20Graciano%20Sánchez,"https://www.google.com/maps/search/?api=1&query=22.18701054,-100.93666317"
Valerio Ropa Vaquera,Soledad de Graciano Sánchez,+52 44 4339 1126,ND,https://wa.me/524443391126,https://www.facebook.com/search/pages/?q=Valerio%20Ropa%20Vaquera%20Soledad%20de%20Graciano%20Sánchez,"https://www.google.com/maps/search/?api=1&query=22.18628338,-100.94075265"
Venta De Pantalones La Carpa Del Ahorro,Soledad de Graciano Sánchez,+52 81 1807 4825,ND,https://wa.me/528118074825,https://www.facebook.com/search/pages/?q=Venta%20De%20Pantalones%20La%20Carpa%20Del%20Ahorro%20Soledad%20de%20Graciano%20Sánchez,"https://www.google.com/maps/search/?api=1&query=22.15161878,-100.94952431"
Venta De Ropa Nueva Para Dama Y Caballero Anelita Store,Soledad de Graciano Sánchez,+52 44 4195 2156,ND,https://wa.me/524441952156,https://www.facebook.com/search/pages/?q=Venta%20De%20Ropa%20Nueva%20Para%20Dama%20Y%20Caballero%20Anelita%20Store%20Soledad%20de%20Graciano%20Sánchez,"https://www.google.com/maps/search/?api=1&query=22.16792562,-100.94885985"
Boutique Dara,Tamasopo,+52 48 1144 8099,ND,https://wa.me/524811448099,https://www.facebook.com/search/pages/?q=Boutique%20Dara%20Tamasopo,"https://www.google.com/maps/search/?api=1&query=21.92331206,-99.39203018"
Boutique Giselle,Tamasopo,+52 48 2103 0800,ND,https://wa.me/524821030800,https://www.facebook.com/search/pages/?q=Boutique%20Giselle%20Tamasopo,"https://www.google.com/maps/search/?api=1&query=21.95946322,-99.30194705"
Boutique Jacky Jeans,Tamazunchale,+52 48 3100 3991,ND,https://wa.me/524831003991,https://www.facebook.com/search/pages/?q=Boutique%20Jacky%20Jeans%20Tamazunchale,"https://www.google.com/maps/search/?api=1&query=21.26434947,-98.7947922"
Boutique Red Sky,Tamazunchale,+52 48 3110 6786,ND,https://wa.me/524831106786,https://www.facebook.com/search/pages/?q=Boutique%20Red%20Sky%20Tamazunchale,"https://www.google.com/maps/search/?api=1&query=21.25474925,-98.78826293"
Glamour Boutique,Tamazunchale,+52 48 3109 0283,ND,https://wa.me/524831090283,https://www.facebook.com/search/pages/?q=Glamour%20Boutique%20Tamazunchale,"https://www.google.com/maps/search/?api=1&query=21.20941923,-98.66994118"
Lash Boutique,Tamazunchale,+52 48 3362 3676,ND,https://wa.me/524833623676,https://www.facebook.com/search/pages/?q=Lash%20Boutique%20Tamazunchale,"https://www.google.com/maps/search/?api=1&query=21.24963295,-98.77536679"
Boutique Yizlen Sanchez Lopez,Tampacán,+52 44 4544 6882,yiz_92beautiful@hotmail.com,https://wa.me/524445446882,https://www.facebook.com/search/pages/?q=Boutique%20Yizlen%20Sanchez%20Lopez%20Tampacán,"https://www.google.com/maps/search/?api=1&query=21.39445488,-98.72721009"
Dj Kaator Jeans,Tampamolón Corona,ND,ND,ND,https://www.facebook.com/search/pages/?q=Dj%20Kaator%20Jeans%20Tampamolón%20Corona,"https://www.google.com/maps/search/?api=1&query=21.56048203,-98.81502457"
El Tozton,Tampamolón Corona,ND,ND,ND,https://www.facebook.com/search/pages/?q=El%20Tozton%20Tampamolón%20Corona,"https://www.google.com/maps/search/?api=1&query=21.55890989,-98.81603948"
Atrevete Moda,Tamuín,+52 83 3208 3948,ND,https://wa.me/528332083948,https://www.facebook.com/search/pages/?q=Atrevete%20Moda%20Tamuín,"https://www.google.com/maps/search/?api=1&query=22.0034831,-98.77567328"
Boutique Chula,Tamuín,+52 48 9108 9443,ND,https://wa.me/524891089443,https://www.facebook.com/search/pages/?q=Boutique%20Chula%20Tamuín,"https://www.google.com/maps/search/?api=1&query=22.00484778,-98.77771559"
Boutique De Accesorios Catan Caps,Tamuín,+52 48 1100 2314,ND,https://wa.me/524811002314,https://www.facebook.com/search/pages/?q=Boutique%20De%20Accesorios%20Catan%20Caps%20Tamuín,"https://www.google.com/maps/search/?api=1&query=22.00261969,-98.77844767"
Boutique Gracies,Tamuín,+52 48 9109 2987,ND,https://wa.me/524891092987,https://www.facebook.com/search/pages/?q=Boutique%20Gracies%20Tamuín,"https://www.google.com/maps/search/?api=1&query=22.00223111,-98.77904026"
Moda 22 82,Tamuín,+52 48 9108 0008,ND,https://wa.me/524891080008,https://www.facebook.com/search/pages/?q=Moda%2022%2082%20Tamuín,"https://www.google.com/maps/search/?api=1&query=22.00646893,-98.77362377"
Modas Ciclon,Tamuín,+52 48 9123 4983,ND,https://wa.me/524891234983,https://www.facebook.com/search/pages/?q=Modas%20Ciclon%20Tamuín,"https://www.google.com/maps/search/?api=1&query=22.00352154,-98.77600795"
Trendy Boutique,Tamuín,+52 48 9108 0517,ND,https://wa.me/524891080517,https://www.facebook.com/search/pages/?q=Trendy%20Boutique%20Tamuín,"https://www.google.com/maps/search/?api=1&query=22.00275214,-98.77853308"
Vonna Boutique,Tamuín,+52 48 1107 7333,ND,https://wa.me/524811077333,https://www.facebook.com/search/pages/?q=Vonna%20Boutique%20Tamuín,"https://www.google.com/maps/search/?api=1&query=22.00361507,-98.77471483"
Creaciones Ortiz,Tancanhuitz,+52 48 2105 2480,ND,https://wa.me/524821052480,https://www.facebook.com/search/pages/?q=Creaciones%20Ortiz%20Tancanhuitz,"https://www.google.com/maps/search/?api=1&query=21.59768537,-98.96791725"
La Sonrisa,Tancanhuitz,+52 44 4142 2435,ND,https://wa.me/524441422435,https://www.facebook.com/search/pages/?q=La%20Sonrisa%20Tancanhuitz,"https://www.google.com/maps/search/?api=1&query=21.59734235,-98.96706137"
Tienda De Ropa Vero Moda Y Estilo,Tanlajás,+52 48 1147 4819,ND,https://wa.me/524811474819,https://www.facebook.com/search/pages/?q=Tienda%20De%20Ropa%20Vero%20Moda%20Y%20Estilo%20Tanlajás,"https://www.google.com/maps/search/?api=1&query=21.66603864,-98.88774247"
Monoos Modas,Tanquián de Escobedo,+52 48 9104 9206,ND,https://wa.me/524891049206,https://www.facebook.com/search/pages/?q=Monoos%20Modas%20Tanquián%20de%20Escobedo,"https://www.google.com/maps/search/?api=1&query=21.59888519,-98.66358251"
Universo Jeans Venta De Ropa,Tanquián de Escobedo,+52 96 8121 6472,ND,https://wa.me/529681216472,https://www.facebook.com/search/pages/?q=Universo%20Jeans%20Venta%20De%20Ropa%20Tanquián%20de%20Escobedo,"https://www.google.com/maps/search/?api=1&query=21.60192416,-98.66154884"
Tienda De Ropa Dianas,Tierra Nueva,+52 47 8227 1187,ND,https://wa.me/524782271187,https://www.facebook.com/search/pages/?q=Tienda%20De%20Ropa%20Dianas%20Tierra%20Nueva,"https://www.google.com/maps/search/?api=1&query=21.66489501,-100.58197828"
Boutique Glamour By Flor,Tierra Nueva,ND,ND,ND,https://www.facebook.com/search/pages/?q=Boutique%20Glamour%20By%20Flor%20Tierra%20Nueva,"https://www.google.com/maps/search/?api=1&query=21.66853135,-100.57564585"
Madisson Shop Vanegas,Vanegas,ND,ND,ND,https://www.facebook.com/search/pages/?q=Madisson%20Shop%20Vanegas%20Vanegas,"https://www.google.com/maps/search/?api=1&query=23.88521057,-100.95057539"
Boutique Raso,Venado,+52 48 8112 8002,ND,https://wa.me/524881128002,https://www.facebook.com/search/pages/?q=Boutique%20Raso%20Venado,"https://www.google.com/maps/search/?api=1&query=22.92968155,-101.09499349"
Boutique Shanel,Venado,+52 48 6104 0369,ND,https://wa.me/524861040369,https://www.facebook.com/search/pages/?q=Boutique%20Shanel%20Venado,"https://www.google.com/maps/search/?api=1&query=22.93021338,-101.09451869"
Tienda De Ropa Aitana Shop,Venado,+52 44 4452 9512,ND,https://wa.me/524444529512,https://www.facebook.com/search/pages/?q=Tienda%20De%20Ropa%20Aitana%20Shop%20Venado,"https://www.google.com/maps/search/?api=1&query=22.9286255,-101.09559274"
Tienda De Ropa Boutique Alex,Venado,+52 48 6109 0251,ND,https://wa.me/524861090251,https://www.facebook.com/search/pages/?q=Tienda%20De%20Ropa%20Boutique%20Alex%20Venado,"https://www.google.com/maps/search/?api=1&query=22.93183294,-101.09435528"
Tienda De Ropa K Boutique,Venado,+52 48 6103 0163,ND,https://wa.me/524861030163,https://www.facebook.com/search/pages/?q=Tienda%20De%20Ropa%20K%20Boutique%20Venado,"https://www.google.com/maps/search/?api=1&query=22.93236106,-101.09518904"
Tienda De Ropa Oufits Store,Venado,+52 48 6105 7860,ND,https://wa.me/524861057860,https://www.facebook.com/search/pages/?q=Tienda%20De%20Ropa%20Oufits%20Store%20Venado,"https://www.google.com/maps/search/?api=1&query=22.93015594,-101.09546774"
Tienda De Ropa Yoleth Alazan Vaqueros,Venado,+52 48 6121 9512,ND,https://wa.me/524861219512,https://www.facebook.com/search/pages/?q=Tienda%20De%20Ropa%20Yoleth%20Alazan%20Vaqueros%20Venado,"https://www.google.com/maps/search/?api=1&query=22.93156262,-101.09338702"
Ellas Boutique,Villa de Arista,+52 48 6107 8718,ND,https://wa.me/524861078718,https://www.facebook.com/search/pages/?q=Ellas%20Boutique%20Villa%20de%20Arista,"https://www.google.com/maps/search/?api=1&query=22.64155197,-100.84669274"
Fashion Pink Boutique,Villa de Arista,+52 44 4289 5724,ND,https://wa.me/524442895724,https://www.facebook.com/search/pages/?q=Fashion%20Pink%20Boutique%20Villa%20de%20Arista,"https://www.google.com/maps/search/?api=1&query=22.64536479,-100.84691785"
Fashions Store,Villa de Arista,+52 48 6108 9368,ND,https://wa.me/524861089368,https://www.facebook.com/search/pages/?q=Fashions%20Store%20Villa%20de%20Arista,"https://www.google.com/maps/search/?api=1&query=22.63739561,-100.85326479"
Modas Estyle,Villa de Arista,+52 48 6105 7441,ND,https://wa.me/524861057441,https://www.facebook.com/search/pages/?q=Modas%20Estyle%20Villa%20de%20Arista,"https://www.google.com/maps/search/?api=1&query=22.64501226,-100.85080313"
Modas Reyna,Villa de Arista,+52 48 6109 0542,ND,https://wa.me/524861090542,https://www.facebook.com/search/pages/?q=Modas%20Reyna%20Villa%20de%20Arista,"https://www.google.com/maps/search/?api=1&query=22.64393299,-100.84949904"
Modas Serna,Villa de Arista,+52 44 4213 9166,ND,https://wa.me/524442139166,https://www.facebook.com/search/pages/?q=Modas%20Serna%20Villa%20de%20Arista,"https://www.google.com/maps/search/?api=1&query=22.64515826,-100.84855363"
Modas Vanessa,Villa de Arista,+52 48 6103 6679,ND,https://wa.me/524861036679,https://www.facebook.com/search/pages/?q=Modas%20Vanessa%20Villa%20de%20Arista,"https://www.google.com/maps/search/?api=1&query=22.64983978,-100.84746524"
Paris Boutique,Villa de Arista,+52 44 4315 5044,ND,https://wa.me/524443155044,https://www.facebook.com/search/pages/?q=Paris%20Boutique%20Villa%20de%20Arista,"https://www.google.com/maps/search/?api=1&query=22.64126465,-100.84740236"
Ropa Para Caballero Alfa Estore,Villa de Arista,+52 33 1432 0422,ND,https://wa.me/523314320422,https://www.facebook.com/search/pages/?q=Ropa%20Para%20Caballero%20Alfa%20Estore%20Villa%20de%20Arista,"https://www.google.com/maps/search/?api=1&query=22.64508712,-100.84952531"
Ropa Y Accesorios Moda Sharon,Villa de Arista,+52 48 6108 8525,ND,https://wa.me/524861088525,https://www.facebook.com/search/pages/?q=Ropa%20Y%20Accesorios%20Moda%20Sharon%20Villa%20de%20Arista,"https://www.google.com/maps/search/?api=1&query=22.64421373,-100.84946099"
Modas Norma,Villa de Arriaga,+52 44 4241 9648,cardona982norma@hotmail.com,https://wa.me/524442419648,https://www.facebook.com/search/pages/?q=Modas%20Norma%20Villa%20de%20Arriaga,"https://www.google.com/maps/search/?api=1&query=21.90845663,-101.38289127"
Boutique Karina,Villa de Arriaga,+52 44 4117 8864,ND,https://wa.me/524441178864,https://www.facebook.com/search/pages/?q=Boutique%20Karina%20Villa%20de%20Arriaga,"https://www.google.com/maps/search/?api=1&query=21.90810674,-101.38406697"
Boutique Megara Arriaga,Villa de Arriaga,+52 48 5113 6908,ND,https://wa.me/524851136908,https://www.facebook.com/search/pages/?q=Boutique%20Megara%20Arriaga%20Villa%20de%20Arriaga,"https://www.google.com/maps/search/?api=1&query=21.90941956,-101.38214998"
Stop Moda,Villa de Arriaga,+52 47 5108 3282,ND,https://wa.me/524751083282,https://www.facebook.com/search/pages/?q=Stop%20Moda%20Villa%20de%20Arriaga,"https://www.google.com/maps/search/?api=1&query=21.90854765,-101.38287333"
Luna llena Boutique,Villa de Guadalupe,+52 48 8111 7455,ND,https://wa.me/524881117455,https://www.facebook.com/search/pages/?q=Luna%20llena%20Boutique%20Villa%20de%20Guadalupe,ND
Venta De Ropa,Villa de la Paz,ND,ND,ND,https://www.facebook.com/search/pages/?q=Venta%20De%20Ropa%20Villa%20de%20la%20Paz,"https://www.google.com/maps/search/?api=1&query=23.67727095,-100.71260839"
Boutique Yuyu,Villa de Pozos,+52 44 4313 9717,yuyumonsivais22@gmail.com,https://wa.me/524443139717,https://www.facebook.com/search/pages/?q=Boutique%20Yuyu%20Villa%20de%20Pozos,"https://www.google.com/maps/search/?api=1&query=22.13432334,-100.91356008"
Tienda De Ropa M&C Style,Villa de Pozos,+52 44 4267 7318,mycstile.mx@gmail.com,https://wa.me/524442677318,https://www.facebook.com/search/pages/?q=Tienda%20De%20Ropa%20M%26C%20Style%20Villa%20de%20Pozos,"https://www.google.com/maps/search/?api=1&query=22.13625383,-100.91535405"
Boutique,Villa de Pozos,+52 44 4860 4065,ND,https://wa.me/524448604065,https://www.facebook.com/search/pages/?q=Boutique%20Villa%20de%20Pozos,"https://www.google.com/maps/search/?api=1&query=22.09619213,-100.87446286"
Boutique,Villa de Pozos,+52 81 1102 7730,ND,https://wa.me/528111027730,https://www.facebook.com/search/pages/?q=Boutique%20Villa%20de%20Pozos,"https://www.google.com/maps/search/?api=1&query=22.09538677,-100.87265742"
Boutique Alexa,Villa de Pozos,+52 44 4231 1611,ND,https://wa.me/524442311611,https://www.facebook.com/search/pages/?q=Boutique%20Alexa%20Villa%20de%20Pozos,"https://www.google.com/maps/search/?api=1&query=22.09639197,-100.87466993"
Boutique Hanna,Villa de Pozos,+52 44 4311 6426,ND,https://wa.me/524443116426,https://www.facebook.com/search/pages/?q=Boutique%20Hanna%20Villa%20de%20Pozos,"https://www.google.com/maps/search/?api=1&query=22.13674941,-100.91480287"
Boutique Monic,Villa de Pozos,+52 55 4363 2578,ND,https://wa.me/525543632578,https://www.facebook.com/search/pages/?q=Boutique%20Monic%20Villa%20de%20Pozos,"https://www.google.com/maps/search/?api=1&query=22.08773202,-100.87021473"
Fashion Girls,Villa de Pozos,+52 44 4497 5934,ND,https://wa.me/524444975934,https://www.facebook.com/search/pages/?q=Fashion%20Girls%20Villa%20de%20Pozos,"https://www.google.com/maps/search/?api=1&query=22.09664401,-100.8777076"
Glow Up Boutique,Villa de Pozos,+52 44 4636 2650,ND,https://wa.me/524446362650,https://www.facebook.com/search/pages/?q=Glow%20Up%20Boutique%20Villa%20de%20Pozos,"https://www.google.com/maps/search/?api=1&query=22.06398195,-100.86216686"
Rome Boutique,Villa de Pozos,+52 44 4863 7625,ND,https://wa.me/524448637625,https://www.facebook.com/search/pages/?q=Rome%20Boutique%20Villa%20de%20Pozos,"https://www.google.com/maps/search/?api=1&query=22.13049805,-100.91301448"
Tienda De Ropa Boutique Yaz,Villa de Pozos,+52 44 4666 4854,ND,https://wa.me/524446664854,https://www.facebook.com/search/pages/?q=Tienda%20De%20Ropa%20Boutique%20Yaz%20Villa%20de%20Pozos,"https://www.google.com/maps/search/?api=1&query=22.09651994,-100.87646101"
Tienda De Ropa Modas Paloma,Villa de Pozos,+52 44 4414 0521,ND,https://wa.me/524444140521,https://www.facebook.com/search/pages/?q=Tienda%20De%20Ropa%20Modas%20Paloma%20Villa%20de%20Pozos,"https://www.google.com/maps/search/?api=1&query=22.09470214,-100.87792842"
Valeria Fashion,Villa de Pozos,+52 44 4634 1984,ND,https://wa.me/524446341984,https://www.facebook.com/search/pages/?q=Valeria%20Fashion%20Villa%20de%20Pozos,"https://www.google.com/maps/search/?api=1&query=22.09474528,-100.87726552"
Venta De Pantalones De Mezclilla,Villa de Pozos,+52 44 4505 3693,ND,https://wa.me/524445053693,https://www.facebook.com/search/pages/?q=Venta%20De%20Pantalones%20De%20Mezclilla%20Villa%20de%20Pozos,"https://www.google.com/maps/search/?api=1&query=22.09556022,-100.8783889"
Tienda De Ropa Doll Store,Villa de Ramos,+52 45 8118 0049,ND,https://wa.me/524581180049,https://www.facebook.com/search/pages/?q=Tienda%20De%20Ropa%20Doll%20Store%20Villa%20de%20Ramos,"https://www.google.com/maps/search/?api=1&query=22.86534894,-102.08302431"
Tienda De Ropa Moda Zacaton,Villa de Ramos,+52 45 8109 4394,ND,https://wa.me/524581094394,https://www.facebook.com/search/pages/?q=Tienda%20De%20Ropa%20Moda%20Zacaton%20Villa%20de%20Ramos,"https://www.google.com/maps/search/?api=1&query=22.80343077,-102.03938158"
Boutique Valerys Store,Villa de Reyes,+52 44 4351 3086,valeria.turismo@hotmail.com,https://wa.me/524443513086,https://www.facebook.com/search/pages/?q=Boutique%20Valerys%20Store%20Villa%20de%20Reyes,"https://www.google.com/maps/search/?api=1&query=21.80540814,-100.93251692"
Boutique Mony Paris,Villa de Reyes,+52 44 4505 0482,ND,https://wa.me/524445050482,https://www.facebook.com/search/pages/?q=Boutique%20Mony%20Paris%20Villa%20de%20Reyes,"https://www.google.com/maps/search/?api=1&query=21.80462886,-100.93235169"
Daniels Moda,Villa de Reyes,+52 48 5109 7936,ND,https://wa.me/524851097936,https://www.facebook.com/search/pages/?q=Daniels%20Moda%20Villa%20de%20Reyes,"https://www.google.com/maps/search/?api=1&query=21.80313674,-100.93345004"
El Rincon Vaquero De Villa De Reyes,Villa de Reyes,+52 48 5101 0977,ND,https://wa.me/524851010977,https://www.facebook.com/search/pages/?q=El%20Rincon%20Vaquero%20De%20Villa%20De%20Reyes%20Villa%20de%20Reyes,"https://www.google.com/maps/search/?api=1&query=21.80836961,-100.93277153"
El Sitio De La Moda,Villa de Reyes,+52 44 4114 6471,ND,https://wa.me/524441146471,https://www.facebook.com/search/pages/?q=El%20Sitio%20De%20La%20Moda%20Villa%20de%20Reyes,"https://www.google.com/maps/search/?api=1&query=21.80414408,-100.93260639"
Fashion Clotes Lyt,Villa de Reyes,+52 44 4369 5783,ND,https://wa.me/524443695783,https://www.facebook.com/search/pages/?q=Fashion%20Clotes%20Lyt%20Villa%20de%20Reyes,"https://www.google.com/maps/search/?api=1&query=21.80310429,-100.93527644"
Hyums Moda Y Pedidos,Villa de Reyes,+52 48 5105 6737,ND,https://wa.me/524851056737,https://www.facebook.com/search/pages/?q=Hyums%20Moda%20Y%20Pedidos%20Villa%20de%20Reyes,"https://www.google.com/maps/search/?api=1&query=21.80578766,-100.9324441"
Hyums Moda Y Pedidos,Villa de Reyes,+52 48 5116 1870,ND,https://wa.me/524851161870,https://www.facebook.com/search/pages/?q=Hyums%20Moda%20Y%20Pedidos%20Villa%20de%20Reyes,"https://www.google.com/maps/search/?api=1&query=21.80343401,-100.93404352"
Lau Boutique,Villa de Reyes,+52 44 4134 8115,ND,https://wa.me/524441348115,https://www.facebook.com/search/pages/?q=Lau%20Boutique%20Villa%20de%20Reyes,"https://www.google.com/maps/search/?api=1&query=21.80324963,-100.94270418"
Modas Daniels,Villa de Reyes,+52 48 5109 7939,ND,https://wa.me/524851097939,https://www.facebook.com/search/pages/?q=Modas%20Daniels%20Villa%20de%20Reyes,"https://www.google.com/maps/search/?api=1&query=21.80369938,-100.93367706"
Tienda De Ropa Y Botas El Rincon Del Vaquero,Villa de Reyes,+52 48 5101 7594,ND,https://wa.me/524851017594,https://www.facebook.com/search/pages/?q=Tienda%20De%20Ropa%20Y%20Botas%20El%20Rincon%20Del%20Vaquero%20Villa%20de%20Reyes,"https://www.google.com/maps/search/?api=1&query=21.80423344,-100.93194425"
Tienda De Ropa El Rincon Vaquero,Villa Hidalgo,+52 44 4844 4871,ND,https://wa.me/524448444871,https://www.facebook.com/search/pages/?q=Tienda%20De%20Ropa%20El%20Rincon%20Vaquero%20Villa%20Hidalgo,"https://www.google.com/maps/search/?api=1&query=22.44910531,-100.67893485"
Venta De Ropa,Villa Juárez,ND,ND,ND,https://www.facebook.com/search/pages/?q=Venta%20De%20Ropa%20Villa%20Juárez,"https://www.google.com/maps/search/?api=1&query=22.32621906,-100.27030938"
Venta De Ropa,Villa Juárez,ND,ND,ND,https://www.facebook.com/search/pages/?q=Venta%20De%20Ropa%20Villa%20Juárez,"https://www.google.com/maps/search/?api=1&query=22.32353202,-100.26689876"
Boutique Karye And Quarol,Xilitla,+52 48 9105 9594,karyen_10@hotmail.com,https://wa.me/524891059594,https://www.facebook.com/search/pages/?q=Boutique%20Karye%20And%20Quarol%20Xilitla,"https://www.google.com/maps/search/?api=1&query=21.38713662,-98.98741989"
Alejandra Boutique,Xilitla,+52 48 9112 8895,ND,https://wa.me/524891128895,https://www.facebook.com/search/pages/?q=Alejandra%20Boutique%20Xilitla,"https://www.google.com/maps/search/?api=1&query=21.38643058,-98.99218182"
Boutique Alana,Xilitla,+52 48 9126 5778,ND,https://wa.me/524891265778,https://www.facebook.com/search/pages/?q=Boutique%20Alana%20Xilitla,"https://www.google.com/maps/search/?api=1&query=21.38540629,-98.98930627"
Boutique Marjoley,Xilitla,+52 48 3118 4773,ND,https://wa.me/524831184773,https://www.facebook.com/search/pages/?q=Boutique%20Marjoley%20Xilitla,"https://www.google.com/maps/search/?api=1&query=21.3854592,-98.99125346"
Elemental Boutique,Xilitla,+52 48 9119 0319,ND,https://wa.me/524891190319,https://www.facebook.com/search/pages/?q=Elemental%20Boutique%20Xilitla,"https://www.google.com/maps/search/?api=1&query=21.38556333,-98.99045552"
Moda Actual,Xilitla,+52 48 9116 6118,ND,https://wa.me/524891166118,https://www.facebook.com/search/pages/?q=Moda%20Actual%20Xilitla,"https://www.google.com/maps/search/?api=1&query=21.3852778,-98.99162303"
Modas Ciclon,Xilitla,+52 48 3103 4911,ND,https://wa.me/524831034911,https://www.facebook.com/search/pages/?q=Modas%20Ciclon%20Xilitla,"https://www.google.com/maps/search/?api=1&query=21.38490205,-98.9887563"
Tienda De Ropa Liz Boutique,Xilitla,+52 48 9131 2313,ND,https://wa.me/524891312313,https://www.facebook.com/search/pages/?q=Tienda%20De%20Ropa%20Liz%20Boutique%20Xilitla,"https://www.google.com/maps/search/?api=1&query=21.38501438,-98.99238116"
We Take You Shopping,Xilitla,+52 83 3218 2726,ND,https://wa.me/528332182726,https://www.facebook.com/search/pages/?q=We%20Take%20You%20Shopping%20Xilitla,"https://www.google.com/maps/search/?api=1&query=21.38497108,-98.98949086"
Boutique Ross,Zaragoza,+52 44 4495 2614,ND,https://wa.me/524444952614,https://www.facebook.com/search/pages/?q=Boutique%20Ross%20Zaragoza,"https://www.google.com/maps/search/?api=1&query=22.03550336,-100.72929191"
Boutique Sayana,Zaragoza,+52 44 4133 5473,ND,https://wa.me/524441335473,https://www.facebook.com/search/pages/?q=Boutique%20Sayana%20Zaragoza,"https://www.google.com/maps/search/?api=1&query=22.03562108,-100.7305174"
