nombre,municipio,teléfono,correo,WhatsApp,sitio_red,url_fuente
Boutique Irais,Ahumada,+52 65 6127 6974,karyirais16@gmail.com,https://wa.me/526561276974,https://www.facebook.com/search/pages/?q=Boutique%20Irais%20Ahumada,"https://www.google.com/maps/search/?api=1&query=30.60883731,-106.52374783"
Boutique Alexas,Ahumada,+52 65 6565 6382,ND,https://wa.me/526565656382,https://www.facebook.com/search/pages/?q=Boutique%20Alexas%20Ahumada,"https://www.google.com/maps/search/?api=1&query=30.61021213,-106.51400618"
Boutique Marka Paz,Ahumada,+52 65 6664 3732,ND,https://wa.me/526566643732,https://www.facebook.com/search/pages/?q=Boutique%20Marka%20Paz%20Ahumada,"https://www.google.com/maps/search/?api=1&query=30.62050229,-106.51236387"
Boutiquee Danys,Ahumada,+52 65 6215 6316,ND,https://wa.me/526562156316,https://www.facebook.com/search/pages/?q=Boutiquee%20Danys%20Ahumada,"https://www.google.com/maps/search/?api=1&query=30.60789767,-106.509664"
Fares Boutique,Ahumada,+52 65 6589 4510,ND,https://wa.me/526565894510,https://www.facebook.com/search/pages/?q=Fares%20Boutique%20Ahumada,"https://www.google.com/maps/search/?api=1&query=30.61022039,-106.51109158"
Isa Boutique,Ahumada,+52 65 6133 7152,ND,https://wa.me/526561337152,https://www.facebook.com/search/pages/?q=Isa%20Boutique%20Ahumada,"https://www.google.com/maps/search/?api=1&query=30.62046067,-106.51223864"
Edmy Jeans,Aldama,+52 61 4140 0548,noel.7.7@hotmail.com,https://wa.me/526141400548,https://www.facebook.com/search/pages/?q=Edmy%20Jeans%20Aldama,"https://www.google.com/maps/search/?api=1&query=28.83512079,-105.91358218"
Assia Closet,Aldama,+52 61 4167 7276,ND,https://wa.me/526141677276,https://www.facebook.com/search/pages/?q=Assia%20Closet%20Aldama,"https://www.google.com/maps/search/?api=1&query=28.83905311,-105.91195255"
Boutique D Abril,Aldama,+52 61 4272 4642,ND,https://wa.me/526142724642,https://www.facebook.com/search/pages/?q=Boutique%20D%20Abril%20Aldama,"https://www.google.com/maps/search/?api=1&query=28.7611437,-105.98046836"
Boutique Miriam,Aldama,+52 61 4239 6509,ND,https://wa.me/526142396509,https://www.facebook.com/search/pages/?q=Boutique%20Miriam%20Aldama,"https://www.google.com/maps/search/?api=1&query=28.84696089,-105.91528164"
Boutique Patys,Aldama,+52 61 4511 3271,ND,https://wa.me/526145113271,https://www.facebook.com/search/pages/?q=Boutique%20Patys%20Aldama,"https://www.google.com/maps/search/?api=1&query=28.83020148,-105.92231269"
Boutique Ylen,Aldama,+52 61 4112 4113,ND,https://wa.me/526141124113,https://www.facebook.com/search/pages/?q=Boutique%20Ylen%20Aldama,"https://www.google.com/maps/search/?api=1&query=28.83601125,-105.90951843"
Closet,Aldama,+52 61 4221 3008,ND,https://wa.me/526142213008,https://www.facebook.com/search/pages/?q=Closet%20Aldama,"https://www.google.com/maps/search/?api=1&query=28.83997876,-105.90762101"
Eco Moda Boutique,Aldama,+52 61 4250 2435,ND,https://wa.me/526142502435,https://www.facebook.com/search/pages/?q=Eco%20Moda%20Boutique%20Aldama,"https://www.google.com/maps/search/?api=1&query=28.83614196,-105.91286679"
Issa Boutique,Aldama,+52 61 4275 6338,ND,https://wa.me/526142756338,https://www.facebook.com/search/pages/?q=Issa%20Boutique%20Aldama,"https://www.google.com/maps/search/?api=1&query=28.85178095,-105.93859425"
Jm Jeans Y Mas,Aldama,+52 61 4246 1216,ND,https://wa.me/526142461216,https://www.facebook.com/search/pages/?q=Jm%20Jeans%20Y%20Mas%20Aldama,"https://www.google.com/maps/search/?api=1&query=28.84232772,-105.92296851"
Moda Quen,Aldama,+52 61 4241 9480,ND,https://wa.me/526142419480,https://www.facebook.com/search/pages/?q=Moda%20Quen%20Aldama,"https://www.google.com/maps/search/?api=1&query=28.83702651,-105.9118105"
Mv Boutique,Aldama,+52 61 4379 0844,ND,https://wa.me/526143790844,https://www.facebook.com/search/pages/?q=Mv%20Boutique%20Aldama,"https://www.google.com/maps/search/?api=1&query=28.83824253,-105.90936861"
Rancho Viejo,Aldama,+52 61 4188 5782,ND,https://wa.me/526141885782,https://www.facebook.com/search/pages/?q=Rancho%20Viejo%20Aldama,"https://www.google.com/maps/search/?api=1&query=28.8382744,-105.90950336"
The Money Shop,Aldama,+52 61 4473 3481,ND,https://wa.me/526144733481,https://www.facebook.com/search/pages/?q=The%20Money%20Shop%20Aldama,"https://www.google.com/maps/search/?api=1&query=28.83626924,-105.9120247"
Vintage Closet Boutique,Aldama,+52 61 4599 2441,ND,https://wa.me/526145992441,https://www.facebook.com/search/pages/?q=Vintage%20Closet%20Boutique%20Aldama,"https://www.google.com/maps/search/?api=1&query=28.83723477,-105.91664137"
Piaa Alvidrez,Allende,+52 62 7110 9400,ND,https://wa.me/526271109400,https://www.facebook.com/search/pages/?q=Piaa%20Alvidrez%20Allende,"https://www.google.com/maps/search/?api=1&query=26.93786901,-105.39279699"
Tienda De Ropa De Nora,Allende,+52 62 8546 0348,ND,https://wa.me/526285460348,https://www.facebook.com/search/pages/?q=Tienda%20De%20Ropa%20De%20Nora%20Allende,"https://www.google.com/maps/search/?api=1&query=26.93769927,-105.39188135"
Cabo Boutique,Aquiles Serdán,+52 61 4603 8093,ND,https://wa.me/526146038093,https://www.facebook.com/search/pages/?q=Cabo%20Boutique%20Aquiles%20Serdán,"https://www.google.com/maps/search/?api=1&query=28.62656759,-105.9527928"
Akiras Boutique,Ascensión,+52 63 6536 1136,ND,https://wa.me/526365361136,https://www.facebook.com/search/pages/?q=Akiras%20Boutique%20Ascensión,"https://www.google.com/maps/search/?api=1&query=31.08695825,-107.99834349"
Beauty And Style,Ascensión,+52 63 6137 3105,ND,https://wa.me/526361373105,https://www.facebook.com/search/pages/?q=Beauty%20And%20Style%20Ascensión,"https://www.google.com/maps/search/?api=1&query=31.08497666,-107.99841437"
Lucianas Fashions,Ascensión,+52 63 6130 0656,ND,https://wa.me/526361300656,https://www.facebook.com/search/pages/?q=Lucianas%20Fashions%20Ascensión,"https://www.google.com/maps/search/?api=1&query=31.08734447,-107.99724508"
Maga Boutique,Ascensión,+52 63 6135 7633,ND,https://wa.me/526361357633,https://www.facebook.com/search/pages/?q=Maga%20Boutique%20Ascensión,"https://www.google.com/maps/search/?api=1&query=31.09742625,-107.99564092"
Moda Jeans,Ascensión,+52 63 6699 9960,ND,https://wa.me/526366999960,https://www.facebook.com/search/pages/?q=Moda%20Jeans%20Ascensión,"https://www.google.com/maps/search/?api=1&query=31.09211567,-107.99709846"
Rumours Beauty Shop,Ascensión,+52 65 6132 1324,ND,https://wa.me/526561321324,https://www.facebook.com/search/pages/?q=Rumours%20Beauty%20Shop%20Ascensión,"https://www.google.com/maps/search/?api=1&query=31.10035159,-107.99187472"
Tienda Ropa Modas Y Mas,Ascensión,+52 65 6221 0815,ND,https://wa.me/526562210815,https://www.facebook.com/search/pages/?q=Tienda%20Ropa%20Modas%20Y%20Mas%20Ascensión,"https://www.google.com/maps/search/?api=1&query=31.09418475,-107.99599843"
Venturas Boutique,Ascensión,+52 63 6104 5525,ND,https://wa.me/526361045525,https://www.facebook.com/search/pages/?q=Venturas%20Boutique%20Ascensión,"https://www.google.com/maps/search/?api=1&query=31.09573277,-108.00438326"
Solano Caps,Bachíniva,+52 62 5297 6741,ND,https://wa.me/526252976741,https://www.facebook.com/search/pages/?q=Solano%20Caps%20Bachíniva,"https://www.google.com/maps/search/?api=1&query=28.76815901,-107.25494598"
D Damas,Balleza,+52 64 9109 1531,ND,https://wa.me/526491091531,https://www.facebook.com/search/pages/?q=D%20Damas%20Balleza,"https://www.google.com/maps/search/?api=1&query=26.95478592,-106.34907552"
Tienda De Ropa,Balleza,+52 64 9535 0091,ND,https://wa.me/526495350091,https://www.facebook.com/search/pages/?q=Tienda%20De%20Ropa%20Balleza,"https://www.google.com/maps/search/?api=1&query=26.95377251,-106.34738326"
Jj Colection Fashion Lovers,Bocoyna,+52 63 5107 9061,judith_-145@hotmail.com,https://wa.me/526351079061,https://www.facebook.com/search/pages/?q=Jj%20Colection%20Fashion%20Lovers%20Bocoyna,"https://www.google.com/maps/search/?api=1&query=27.75785428,-107.6367511"
Boutique D Nohemy,Bocoyna,+52 63 5108 7888,ND,https://wa.me/526351087888,https://www.facebook.com/search/pages/?q=Boutique%20D%20Nohemy%20Bocoyna,"https://www.google.com/maps/search/?api=1&query=27.75236607,-107.63496101"
Boutique De Moda,Bocoyna,+52 63 5199 6899,ND,https://wa.me/526351996899,https://www.facebook.com/search/pages/?q=Boutique%20De%20Moda%20Bocoyna,"https://www.google.com/maps/search/?api=1&query=27.75625808,-107.63475586"
Edmy Jeans,Bocoyna,+52 63 5588 0774,ND,https://wa.me/526355880774,https://www.facebook.com/search/pages/?q=Edmy%20Jeans%20Bocoyna,"https://www.google.com/maps/search/?api=1&query=27.97989706,-107.60071172"
Fashion San Francisco,Bocoyna,+52 61 4167 3434,ND,https://wa.me/526141673434,https://www.facebook.com/search/pages/?q=Fashion%20San%20Francisco%20Bocoyna,"https://www.google.com/maps/search/?api=1&query=27.75623203,-107.63523919"
Modas Jorgitos,Bocoyna,+52 63 5108 0003,ND,https://wa.me/526351080003,https://www.facebook.com/search/pages/?q=Modas%20Jorgitos%20Bocoyna,"https://www.google.com/maps/search/?api=1&query=27.97307929,-107.60261589"
Modas Lizeth,Bocoyna,+52 61 4512 0564,ND,https://wa.me/526145120564,https://www.facebook.com/search/pages/?q=Modas%20Lizeth%20Bocoyna,"https://www.google.com/maps/search/?api=1&query=27.75697657,-107.63517764"
Modas Lupita,Bocoyna,+52 63 5106 1320,ND,https://wa.me/526351061320,https://www.facebook.com/search/pages/?q=Modas%20Lupita%20Bocoyna,"https://www.google.com/maps/search/?api=1&query=27.75156443,-107.6350772"
Nais Shop,Bocoyna,+52 63 5106 3005,ND,https://wa.me/526351063005,https://www.facebook.com/search/pages/?q=Nais%20Shop%20Bocoyna,"https://www.google.com/maps/search/?api=1&query=27.74253947,-107.6350641"
Tienda De Ropa Dayeli Fashion,Bocoyna,+52 63 5118 3630,ND,https://wa.me/526351183630,https://www.facebook.com/search/pages/?q=Tienda%20De%20Ropa%20Dayeli%20Fashion%20Bocoyna,"https://www.google.com/maps/search/?api=1&query=27.75742305,-107.63484296"
Tienda De Ropa El Closet,Bocoyna,+52 63 5199 6869,ND,https://wa.me/526351996869,https://www.facebook.com/search/pages/?q=Tienda%20De%20Ropa%20El%20Closet%20Bocoyna,"https://www.google.com/maps/search/?api=1&query=27.96965559,-107.5992798"
Vestimoda Yaneth Boutique,Bocoyna,+52 63 5588 0474,ND,https://wa.me/526355880474,https://www.facebook.com/search/pages/?q=Vestimoda%20Yaneth%20Boutique%20Bocoyna,"https://www.google.com/maps/search/?api=1&query=27.97853795,-107.60077258"
Vestimodas Juanita,Bocoyna,+52 63 5588 0154,ND,https://wa.me/526355880154,https://www.facebook.com/search/pages/?q=Vestimodas%20Juanita%20Bocoyna,"https://www.google.com/maps/search/?api=1&query=27.9691238,-107.59817005"
Alisson Boutique,Buenaventura,+52 63 6101 6697,ND,https://wa.me/526361016697,https://www.facebook.com/search/pages/?q=Alisson%20Boutique%20Buenaventura,"https://www.google.com/maps/search/?api=1&query=29.92051632,-106.7964622"
Amadeas Closet,Buenaventura,+52 63 6104 9023,ND,https://wa.me/526361049023,https://www.facebook.com/search/pages/?q=Amadeas%20Closet%20Buenaventura,"https://www.google.com/maps/search/?api=1&query=29.84276297,-107.46486997"
Artemisa Modas,Buenaventura,+52 63 6112 1925,ND,https://wa.me/526361121925,https://www.facebook.com/search/pages/?q=Artemisa%20Modas%20Buenaventura,"https://www.google.com/maps/search/?api=1&query=29.94416527,-106.96067165"
Boutic Estilo Y Moda,Buenaventura,+52 63 6115 4767,ND,https://wa.me/526361154767,https://www.facebook.com/search/pages/?q=Boutic%20Estilo%20Y%20Moda%20Buenaventura,"https://www.google.com/maps/search/?api=1&query=29.84481689,-107.46730835"
Boutique Cambalache,Buenaventura,+52 63 6104 0871,ND,https://wa.me/526361040871,https://www.facebook.com/search/pages/?q=Boutique%20Cambalache%20Buenaventura,"https://www.google.com/maps/search/?api=1&query=29.94340813,-106.96213028"
Boutique Genesis,Buenaventura,+52 63 6122 2419,ND,https://wa.me/526361222419,https://www.facebook.com/search/pages/?q=Boutique%20Genesis%20Buenaventura,"https://www.google.com/maps/search/?api=1&query=30.15733909,-106.8797114"
Boutique Queens,Buenaventura,+52 65 6262 6316,ND,https://wa.me/526562626316,https://www.facebook.com/search/pages/?q=Boutique%20Queens%20Buenaventura,"https://www.google.com/maps/search/?api=1&query=29.9425849,-106.96025941"
Closet De Blanca,Buenaventura,+52 63 6145 1312,ND,https://wa.me/526361451312,https://www.facebook.com/search/pages/?q=Closet%20De%20Blanca%20Buenaventura,"https://www.google.com/maps/search/?api=1&query=29.84417922,-107.46938112"
Don Pantalon,Buenaventura,+52 63 6109 5609,ND,https://wa.me/526361095609,https://www.facebook.com/search/pages/?q=Don%20Pantalon%20Buenaventura,"https://www.google.com/maps/search/?api=1&query=29.84377943,-107.47151779"
Edith Boutique,Buenaventura,+52 63 6116 0993,ND,https://wa.me/526361160993,https://www.facebook.com/search/pages/?q=Edith%20Boutique%20Buenaventura,"https://www.google.com/maps/search/?api=1&query=30.14847602,-106.8890236"
Fashion Butique,Buenaventura,+52 63 6111 2014,ND,https://wa.me/526361112014,https://www.facebook.com/search/pages/?q=Fashion%20Butique%20Buenaventura,"https://www.google.com/maps/search/?api=1&query=29.84466679,-107.4721672"
Lalas Fashion,Buenaventura,+52 62 5154 2471,ND,https://wa.me/526251542471,https://www.facebook.com/search/pages/?q=Lalas%20Fashion%20Buenaventura,"https://www.google.com/maps/search/?api=1&query=30.14946893,-106.88703738"
Modas Elisa,Buenaventura,+52 63 6131 7051,ND,https://wa.me/526361317051,https://www.facebook.com/search/pages/?q=Modas%20Elisa%20Buenaventura,"https://www.google.com/maps/search/?api=1&query=29.84012184,-107.45730482"
Modas La Competencia,Buenaventura,+52 63 6696 7098,ND,https://wa.me/526366967098,https://www.facebook.com/search/pages/?q=Modas%20La%20Competencia%20Buenaventura,"https://www.google.com/maps/search/?api=1&query=29.84157067,-107.45263765"
Modas Mary Tere,Buenaventura,+52 63 6699 8426,ND,https://wa.me/526366998426,https://www.facebook.com/search/pages/?q=Modas%20Mary%20Tere%20Buenaventura,"https://www.google.com/maps/search/?api=1&query=29.94281955,-106.9607769"
Modas Silvia,Buenaventura,+52 61 4228 4402,ND,https://wa.me/526142284402,https://www.facebook.com/search/pages/?q=Modas%20Silvia%20Buenaventura,"https://www.google.com/maps/search/?api=1&query=29.94387021,-106.96234366"
Modas Treviño,Buenaventura,+52 63 6109 7554,ND,https://wa.me/526361097554,https://www.facebook.com/search/pages/?q=Modas%20Treviño%20Buenaventura,"https://www.google.com/maps/search/?api=1&query=30.15274516,-106.88045742"
Pueblito Store,Buenaventura,+52 63 6110 9112,ND,https://wa.me/526361109112,https://www.facebook.com/search/pages/?q=Pueblito%20Store%20Buenaventura,"https://www.google.com/maps/search/?api=1&query=29.94254008,-106.96004955"
Sirene Boutique,Buenaventura,+52 63 6536 7464,ND,https://wa.me/526365367464,https://www.facebook.com/search/pages/?q=Sirene%20Boutique%20Buenaventura,"https://www.google.com/maps/search/?api=1&query=29.84434854,-107.469503"
Ximena S Fashion,Buenaventura,+52 63 6137 1150,ND,https://wa.me/526361371150,https://www.facebook.com/search/pages/?q=Ximena%20S%20Fashion%20Buenaventura,"https://www.google.com/maps/search/?api=1&query=29.84042587,-107.45016766"
11 11 Boutique,Camargo,+52 64 8103 6419,ND,https://wa.me/526481036419,https://www.facebook.com/search/pages/?q=11%2011%20Boutique%20Camargo,"https://www.google.com/maps/search/?api=1&query=27.69509784,-105.17369346"
Alejandro Moda,Camargo,+52 64 8106 1351,ND,https://wa.me/526481061351,https://www.facebook.com/search/pages/?q=Alejandro%20Moda%20Camargo,"https://www.google.com/maps/search/?api=1&query=27.69134262,-105.17161951"
Betys Closet Moda Y Estilo,Camargo,+52 64 8146 4612,ND,https://wa.me/526481464612,https://www.facebook.com/search/pages/?q=Betys%20Closet%20Moda%20Y%20Estilo%20Camargo,"https://www.google.com/maps/search/?api=1&query=27.66085797,-105.18374833"
Boutique Amor Amor,Camargo,+52 64 8111 1829,ND,https://wa.me/526481111829,https://www.facebook.com/search/pages/?q=Boutique%20Amor%20Amor%20Camargo,"https://www.google.com/maps/search/?api=1&query=27.69548513,-105.17364511"
Boutique Luisa,Camargo,+52 64 8469 9498,ND,https://wa.me/526484699498,https://www.facebook.com/search/pages/?q=Boutique%20Luisa%20Camargo,"https://www.google.com/maps/search/?api=1&query=27.69500797,-105.17358101"
Boutique Lupita,Camargo,+52 64 8469 6617,ND,https://wa.me/526484696617,https://www.facebook.com/search/pages/?q=Boutique%20Lupita%20Camargo,"https://www.google.com/maps/search/?api=1&query=27.65742364,-105.18121464"
Boutique Majos,Camargo,+52 64 8106 2545,ND,https://wa.me/526481062545,https://www.facebook.com/search/pages/?q=Boutique%20Majos%20Camargo,"https://www.google.com/maps/search/?api=1&query=27.68989028,-105.16952819"
Boutique Maveysa,Camargo,+52 64 8122 4132,ND,https://wa.me/526481224132,https://www.facebook.com/search/pages/?q=Boutique%20Maveysa%20Camargo,"https://www.google.com/maps/search/?api=1&query=27.6894144,-105.16918606"
Boutique Sally,Camargo,+52 64 8505 7369,ND,https://wa.me/526485057369,https://www.facebook.com/search/pages/?q=Boutique%20Sally%20Camargo,"https://www.google.com/maps/search/?api=1&query=27.69856441,-105.17581432"
Chicas Boutique,Camargo,+52 64 8462 5618,ND,https://wa.me/526484625618,https://www.facebook.com/search/pages/?q=Chicas%20Boutique%20Camargo,"https://www.google.com/maps/search/?api=1&query=27.6938084,-105.17208483"
D Nancy Boutique,Camargo,+52 61 4555 8003,ND,https://wa.me/526145558003,https://www.facebook.com/search/pages/?q=D%20Nancy%20Boutique%20Camargo,"https://www.google.com/maps/search/?api=1&query=27.68217568,-105.17000178"
D Rossy Boutique,Camargo,+52 64 8107 2697,ND,https://wa.me/526481072697,https://www.facebook.com/search/pages/?q=D%20Rossy%20Boutique%20Camargo,"https://www.google.com/maps/search/?api=1&query=27.67807906,-105.17225737"
Enerys Boutique,Camargo,+52 64 8124 1276,ND,https://wa.me/526481241276,https://www.facebook.com/search/pages/?q=Enerys%20Boutique%20Camargo,"https://www.google.com/maps/search/?api=1&query=27.67575721,-105.17471976"
Intuicion Boutique,Camargo,+52 64 8462 2535,ND,https://wa.me/526484622535,https://www.facebook.com/search/pages/?q=Intuicion%20Boutique%20Camargo,"https://www.google.com/maps/search/?api=1&query=27.68391388,-105.17032224"
Ivsovi Boutique,Camargo,+52 64 8122 3745,ND,https://wa.me/526481223745,https://www.facebook.com/search/pages/?q=Ivsovi%20Boutique%20Camargo,"https://www.google.com/maps/search/?api=1&query=27.68439381,-105.16460287"
Milys Fashion,Camargo,+52 64 8101 0468,ND,https://wa.me/526481010468,https://www.facebook.com/search/pages/?q=Milys%20Fashion%20Camargo,"https://www.google.com/maps/search/?api=1&query=27.69239581,-105.17257811"
Miranda Boutique,Camargo,+52 64 8465 2169,ND,https://wa.me/526484652169,https://www.facebook.com/search/pages/?q=Miranda%20Boutique%20Camargo,"https://www.google.com/maps/search/?api=1&query=27.69063471,-105.16919738"
Morely Boutique,Camargo,+52 64 8462 5477,ND,https://wa.me/526484625477,https://www.facebook.com/search/pages/?q=Morely%20Boutique%20Camargo,"https://www.google.com/maps/search/?api=1&query=27.6935709,-105.17163344"
Oulet Store,Camargo,+52 64 8121 8866,ND,https://wa.me/526481218866,https://www.facebook.com/search/pages/?q=Oulet%20Store%20Camargo,"https://www.google.com/maps/search/?api=1&query=27.68223196,-105.17828763"
Ross Boutique,Camargo,+52 64 8107 7753,ND,https://wa.me/526481077753,https://www.facebook.com/search/pages/?q=Ross%20Boutique%20Camargo,"https://www.google.com/maps/search/?api=1&query=27.69353056,-105.17100709"
Sia Victoria Boutique,Camargo,+52 61 4512 7474,ND,https://wa.me/526145127474,https://www.facebook.com/search/pages/?q=Sia%20Victoria%20Boutique%20Camargo,"https://www.google.com/maps/search/?api=1&query=27.69212298,-105.17226419"
Sofia Jeans Tienda,Camargo,+52 64 8109 0008,ND,https://wa.me/526481090008,https://www.facebook.com/search/pages/?q=Sofia%20Jeans%20Tienda%20Camargo,"https://www.google.com/maps/search/?api=1&query=27.69361385,-105.17168731"
Tienda De Ropa Closet,Camargo,+52 64 8100 7956,ND,https://wa.me/526481007956,https://www.facebook.com/search/pages/?q=Tienda%20De%20Ropa%20Closet%20Camargo,"https://www.google.com/maps/search/?api=1&query=27.69311476,-105.17223427"
Tienda Tentaciones Boutique,Camargo,+52 64 8121 1464,ND,https://wa.me/526481211464,https://www.facebook.com/search/pages/?q=Tienda%20Tentaciones%20Boutique%20Camargo,"https://www.google.com/maps/search/?api=1&query=27.69352619,-105.17172139"
Valerys Boutique,Camargo,+52 64 8121 4498,ND,https://wa.me/526481214498,https://www.facebook.com/search/pages/?q=Valerys%20Boutique%20Camargo,"https://www.google.com/maps/search/?api=1&query=27.6829417,-105.17395305"
Vaquero,Camargo,+52 64 8118 4174,ND,https://wa.me/526481184174,https://www.facebook.com/search/pages/?q=Vaquero%20Camargo,"https://www.google.com/maps/search/?api=1&query=27.66333121,-105.17617848"
Violetas Boutique,Camargo,+52 64 8465 2969,ND,https://wa.me/526484652969,https://www.facebook.com/search/pages/?q=Violetas%20Boutique%20Camargo,"https://www.google.com/maps/search/?api=1&query=27.69269862,-105.17065133"
Zorra Boutique,Camargo,+52 64 8101 8549,ND,https://wa.me/526481018549,https://www.facebook.com/search/pages/?q=Zorra%20Boutique%20Camargo,"https://www.google.com/maps/search/?api=1&query=27.67155755,-105.16966436"
Tory Caps,Carichí,+52 63 5105 7807,ND,https://wa.me/526351057807,https://www.facebook.com/search/pages/?q=Tory%20Caps%20Carichí,"https://www.google.com/maps/search/?api=1&query=27.9144432,-107.0567425"
De Todo Un Poco,Casas Grandes,+52 63 6125 1718,ND,https://wa.me/526361251718,https://www.facebook.com/search/pages/?q=De%20Todo%20Un%20Poco%20Casas%20Grandes,"https://www.google.com/maps/search/?api=1&query=30.18555355,-108.02156004"
Feree,Casas Grandes,+52 63 6100 5570,ND,https://wa.me/526361005570,https://www.facebook.com/search/pages/?q=Feree%20Casas%20Grandes,"https://www.google.com/maps/search/?api=1&query=30.37616727,-107.95159743"
Black Jeans,Chihuahua,+52 61 4154 6591,luisraularana@gmail.com,https://wa.me/526141546591,https://www.facebook.com/search/pages/?q=Black%20Jeans%20Chihuahua,"https://www.google.com/maps/search/?api=1&query=28.72838458,-106.10102029"
Boutique,Chihuahua,+52 61 4304 5543,ara.raul.es@gmail.com,https://wa.me/526143045543,https://www.facebook.com/search/pages/?q=Boutique%20Chihuahua,"https://www.google.com/maps/search/?api=1&query=28.63598389,-106.08796926"
Boutique Moon,Chihuahua,+52 61 4161 8575,eva.zubia@gmail.com,https://wa.me/526141618575,https://www.facebook.com/search/pages/?q=Boutique%20Moon%20Chihuahua,"https://www.google.com/maps/search/?api=1&query=28.67533206,-106.11580681"
Boutique Sunshine Mex,Chihuahua,+52 61 4534 1285,sunshine.enlinea@gmail.com,https://wa.me/526145341285,https://www.facebook.com/search/pages/?q=Boutique%20Sunshine%20Mex%20Chihuahua,"https://www.google.com/maps/search/?api=1&query=28.65759502,-106.10730639"
Boutique Vanelly,Chihuahua,+52 61 4247 6629,vannelly_boutique@hotmail.com,https://wa.me/526142476629,https://www.facebook.com/search/pages/?q=Boutique%20Vanelly%20Chihuahua,"https://www.google.com/maps/search/?api=1&query=28.72669447,-106.12597465"
Boutique Zd,Chihuahua,+52 43 2210 8811,zayderek26@icloud.com,https://wa.me/524322108811,https://WWW.ZDBOUTIQUE/,"https://www.google.com/maps/search/?api=1&query=28.67316115,-106.13671257"
Braja Boutique,Chihuahua,+52 61 4234 0235,claudiamunozp@prodigy.net.mx,https://wa.me/526142340235,https://www.facebook.com/search/pages/?q=Braja%20Boutique%20Chihuahua,"https://www.google.com/maps/search/?api=1&query=28.6433694,-106.10688942"
Chatis Boutique,Chihuahua,+52 61 4183 2048,chatis2011@outlook.com,https://wa.me/526141832048,https://www.facebook.com/search/pages/?q=Chatis%20Boutique%20Chihuahua,"https://www.google.com/maps/search/?api=1&query=28.64603483,-106.10544035"
Citrus Boutique,Chihuahua,+52 61 4415 6371,citrusboutique2014@hotmail.com,https://wa.me/526144156371,https://www.facebook.com/search/pages/?q=Citrus%20Boutique%20Chihuahua,"https://www.google.com/maps/search/?api=1&query=28.63618358,-106.07555219"
Edly Moda Ropa De Mujer,Chihuahua,+52 61 4419 3869,edylymoda@gmail.com,https://wa.me/526144193869,https://www.facebook.com/search/pages/?q=Edly%20Moda%20Ropa%20De%20Mujer%20Chihuahua,"https://www.google.com/maps/search/?api=1&query=28.68721701,-106.13159701"
Evolution Boutique,Chihuahua,+52 61 4343 9556,boutiqueevolushion@hotmail.com,https://wa.me/526143439556,https://WWW.BOUTIQUEEVOLUSHION.COM/,"https://www.google.com/maps/search/?api=1&query=28.63782578,-106.074277"
Fosfo Boutique,Chihuahua,+52 61 4197 6174,blanca_ambriz@hotmail.com,https://wa.me/526141976174,https://www.facebook.com/search/pages/?q=Fosfo%20Boutique%20Chihuahua,"https://www.google.com/maps/search/?api=1&query=28.61126484,-106.10659388"
Lucy Boutique Moda Hombre,Chihuahua,+52 61 4438 2969,ramkaluc@hotmail.com,https://wa.me/526144382969,https://www.facebook.com/search/pages/?q=Lucy%20Boutique%20Moda%20Hombre%20Chihuahua,"https://www.google.com/maps/search/?api=1&query=28.64498668,-106.01333264"
Margarita Boutique,Chihuahua,+52 61 4153 4396,alex_78_20012002@yahoo.com.mx,https://wa.me/526141534396,https://www.facebook.com/search/pages/?q=Margarita%20Boutique%20Chihuahua,"https://www.google.com/maps/search/?api=1&query=28.64399869,-106.08865263"
Marie Modas,Chihuahua,+52 61 4156 1413,mariverm13@gmail.com,https://wa.me/526141561413,https://www.facebook.com/search/pages/?q=Marie%20Modas%20Chihuahua,"https://www.google.com/maps/search/?api=1&query=28.66949619,-106.11579788"
Paparrazzi Boutique,Chihuahua,+52 61 4231 1644,paparazziboutiquemx@gmail.com,https://wa.me/526142311644,https://www.facebook.com/search/pages/?q=Paparrazzi%20Boutique%20Chihuahua,"https://www.google.com/maps/search/?api=1&query=28.60116457,-106.10374949"
Prego Boutique,Chihuahua,+52 61 4161 0691,ND,https://wa.me/526141610691,https://PREGOCHIHUAHUA.WEBNODE.ES/,"https://www.google.com/maps/search/?api=1&query=28.64684147,-106.1243441"
Rml Store,Chihuahua,+52 61 4104 0410,dgchi@tiendasdg.com.mx,https://wa.me/526141040410,https://WWW.TIENDASDG.COM/,"https://www.google.com/maps/search/?api=1&query=28.65779978,-106.10398052"
Romanos Boutique,Chihuahua,+52 61 4413 8081,grupoadan@hotmail.com,https://wa.me/526144138081,https://www.facebook.com/search/pages/?q=Romanos%20Boutique%20Chihuahua,"https://www.google.com/maps/search/?api=1&query=28.64883963,-106.09966934"
S&M Boutique,Chihuahua,+52 61 4199 9392,sarahism14@gmail.com,https://wa.me/526141999392,https://www.facebook.com/search/pages/?q=S%26M%20Boutique%20Chihuahua,"https://www.google.com/maps/search/?api=1&query=28.60304938,-106.02669495"
333 Concep Store,Chihuahua,+52 61 4216 2772,ND,https://wa.me/526142162772,https://www.facebook.com/search/pages/?q=333%20Concep%20Store%20Chihuahua,"https://www.google.com/maps/search/?api=1&query=28.65065782,-106.13153072"
Actitud Boutique,Chihuahua,+52 61 4456 7272,ND,https://wa.me/526144567272,https://www.facebook.com/search/pages/?q=Actitud%20Boutique%20Chihuahua,"https://www.google.com/maps/search/?api=1&query=28.67329241,-106.10280056"
Aldos Boutique,Chihuahua,+52 61 4101 5720,ND,https://wa.me/526141015720,https://www.facebook.com/search/pages/?q=Aldos%20Boutique%20Chihuahua,"https://www.google.com/maps/search/?api=1&query=28.63587558,-106.07576217"
Amatista Boutique,Chihuahua,+52 61 4468 8438,ND,https://wa.me/526144688438,https://www.facebook.com/search/pages/?q=Amatista%20Boutique%20Chihuahua,"https://www.google.com/maps/search/?api=1&query=28.64266601,-106.06847638"
Ayari Concep Store,Chihuahua,+52 61 4512 6753,ND,https://wa.me/526145126753,https://www.facebook.com/search/pages/?q=Ayari%20Concep%20Store%20Chihuahua,"https://www.google.com/maps/search/?api=1&query=28.70284814,-106.14907911"
Bella Boutique,Chihuahua,+52 61 4351 1318,ND,https://wa.me/526143511318,https://www.facebook.com/search/pages/?q=Bella%20Boutique%20Chihuahua,"https://www.google.com/maps/search/?api=1&query=28.67947838,-106.09801395"
Bom Boutique,Chihuahua,+52 61 4192 0838,ND,https://wa.me/526141920838,https://www.facebook.com/search/pages/?q=Bom%20Boutique%20Chihuahua,"https://www.google.com/maps/search/?api=1&query=28.71745288,-106.14339335"
Boutique,Chihuahua,+52 65 9101 2094,ND,https://wa.me/526591012094,https://www.facebook.com/search/pages/?q=Boutique%20Chihuahua,"https://www.google.com/maps/search/?api=1&query=28.67063949,-106.07435707"
Boutique 1051,Chihuahua,+52 61 4457 5736,ND,https://wa.me/526144575736,https://www.facebook.com/search/pages/?q=Boutique%201051%20Chihuahua,"https://www.google.com/maps/search/?api=1&query=28.74719007,-106.12847242"
Boutique 1051,Chihuahua,+52 61 4346 8013,ND,https://wa.me/526143468013,https://www.facebook.com/search/pages/?q=Boutique%201051%20Chihuahua,"https://www.google.com/maps/search/?api=1&query=28.67864366,-106.12234434"
Boutique Alejandras Juventud,Chihuahua,+52 61 4589 6568,ND,https://wa.me/526145896568,https://www.facebook.com/search/pages/?q=Boutique%20Alejandras%20Juventud%20Chihuahua,"https://www.google.com/maps/search/?api=1&query=28.6895743,-106.13225298"
Boutique Angelique,Chihuahua,+52 61 4124 0410,ND,https://wa.me/526141240410,https://www.facebook.com/search/pages/?q=Boutique%20Angelique%20Chihuahua,"https://www.google.com/maps/search/?api=1&query=28.66933714,-105.98285055"
Boutique Carmelitas,Chihuahua,+52 61 4446 1625,ND,https://wa.me/526144461625,https://www.facebook.com/search/pages/?q=Boutique%20Carmelitas%20Chihuahua,"https://www.google.com/maps/search/?api=1&query=28.60795842,-106.01282684"
Boutique Chandaris,Chihuahua,+52 61 4177 5713,ND,https://wa.me/526141775713,https://www.facebook.com/search/pages/?q=Boutique%20Chandaris%20Chihuahua,"https://www.google.com/maps/search/?api=1&query=28.66835366,-105.98655687"
Boutique Coyac,Chihuahua,+52 61 4397 9376,ND,https://wa.me/526143979376,https://www.facebook.com/search/pages/?q=Boutique%20Coyac%20Chihuahua,"https://www.google.com/maps/search/?api=1&query=28.77456872,-106.16681767"
Boutique Cristy,Chihuahua,+52 61 4328 1444,ND,https://wa.me/526143281444,https://www.facebook.com/search/pages/?q=Boutique%20Cristy%20Chihuahua,"https://www.google.com/maps/search/?api=1&query=28.61479344,-106.09777538"
Boutique D Kache,Chihuahua,+52 61 4101 5447,ND,https://wa.me/526141015447,https://www.facebook.com/search/pages/?q=Boutique%20D%20Kache%20Chihuahua,"https://www.google.com/maps/search/?api=1&query=28.744148,-106.13882524"
Boutique Dalyju,Chihuahua,+52 61 4865 6636,ND,https://wa.me/526148656636,https://www.facebook.com/search/pages/?q=Boutique%20Dalyju%20Chihuahua,"https://www.google.com/maps/search/?api=1&query=28.69025534,-106.12655145"
Boutique De Angela,Chihuahua,+52 61 4152 9355,ND,https://wa.me/526141529355,https://www.facebook.com/search/pages/?q=Boutique%20De%20Angela%20Chihuahua,"https://www.google.com/maps/search/?api=1&query=28.74035984,-106.14321143"
Boutique De Mabel,Chihuahua,+52 61 4178 9453,ND,https://wa.me/526141789453,https://www.facebook.com/search/pages/?q=Boutique%20De%20Mabel%20Chihuahua,"https://www.google.com/maps/search/?api=1&query=28.66779988,-106.0149926"
Boutique Fashion Outlet,Chihuahua,+52 61 4288 1807,ND,https://wa.me/526142881807,https://www.facebook.com/search/pages/?q=Boutique%20Fashion%20Outlet%20Chihuahua,"https://www.google.com/maps/search/?api=1&query=28.60039131,-106.01724764"
Boutique Kahlo,Chihuahua,+52 61 4120 4237,ND,https://wa.me/526141204237,https://www.facebook.com/search/pages/?q=Boutique%20Kahlo%20Chihuahua,"https://www.google.com/maps/search/?api=1&query=28.72378467,-106.12686641"
Boutique Lily Galdiano,Chihuahua,+52 61 4250 8238,ND,https://wa.me/526142508238,https://www.facebook.com/search/pages/?q=Boutique%20Lily%20Galdiano%20Chihuahua,"https://www.google.com/maps/search/?api=1&query=28.7437458,-106.13862874"
Boutique Maria Bonita,Chihuahua,+52 61 4408 1672,ND,https://wa.me/526144081672,https://www.facebook.com/search/pages/?q=Boutique%20Maria%20Bonita%20Chihuahua,"https://www.google.com/maps/search/?api=1&query=28.58678801,-106.01117055"
Boutique Moda Samabra,Chihuahua,+52 61 4534 3471,ND,https://wa.me/526145343471,https://www.facebook.com/search/pages/?q=Boutique%20Moda%20Samabra%20Chihuahua,"https://www.google.com/maps/search/?api=1&query=28.69862303,-106.10701805"
Boutique Moda Vyk,Chihuahua,+52 61 4496 6736,ND,https://wa.me/526144966736,https://www.facebook.com/search/pages/?q=Boutique%20Moda%20Vyk%20Chihuahua,"https://www.google.com/maps/search/?api=1&query=28.74967345,-106.13254975"
Boutique Sefora,Chihuahua,+52 61 4117 5754,ND,https://wa.me/526141175754,https://www.facebook.com/search/pages/?q=Boutique%20Sefora%20Chihuahua,"https://www.google.com/maps/search/?api=1&query=28.7454726,-106.12690028"
Boutique Siempre Bella,Chihuahua,+52 61 4376 8107,ND,https://wa.me/526143768107,https://www.facebook.com/search/pages/?q=Boutique%20Siempre%20Bella%20Chihuahua,"https://www.google.com/maps/search/?api=1&query=28.71743974,-105.99808843"
Boutique Veliz,Chihuahua,+52 61 4138 7118,ND,https://wa.me/526141387118,https://www.facebook.com/search/pages/?q=Boutique%20Veliz%20Chihuahua,"https://www.google.com/maps/search/?api=1&query=28.67978771,-106.12148163"
Boutique Yenner Ropa Para Hombre,Chihuahua,+52 61 4410 7470,ND,https://wa.me/526144107470,https://www.facebook.com/search/pages/?q=Boutique%20Yenner%20Ropa%20Para%20Hombre%20Chihuahua,"https://www.google.com/maps/search/?api=1&query=28.63709661,-106.0747382"
Caroline Boutique,Chihuahua,+52 61 4199 7889,ND,https://wa.me/526141997889,https://www.facebook.com/search/pages/?q=Caroline%20Boutique%20Chihuahua,"https://www.google.com/maps/search/?api=1&query=28.64035726,-106.0449166"
Cinthia Castillo Boutique,Chihuahua,+52 61 4463 5711,ND,https://wa.me/526144635711,https://www.facebook.com/search/pages/?q=Cinthia%20Castillo%20Boutique%20Chihuahua,"https://www.google.com/maps/search/?api=1&query=28.67852037,-106.1146159"
Cloe Closet,Chihuahua,+52 61 4198 8814,ND,https://wa.me/526141988814,https://www.facebook.com/search/pages/?q=Cloe%20Closet%20Chihuahua,"https://www.google.com/maps/search/?api=1&query=28.73898615,-106.11819069"
De Cache Boutique,Chihuahua,+52 61 4188 4030,ND,https://wa.me/526141884030,https://www.facebook.com/search/pages/?q=De%20Cache%20Boutique%20Chihuahua,"https://www.google.com/maps/search/?api=1&query=28.74371955,-106.13861607"
Dnimite Jeans,Chihuahua,+52 61 4335 4623,ND,https://wa.me/526143354623,https://www.facebook.com/search/pages/?q=Dnimite%20Jeans%20Chihuahua,"https://www.google.com/maps/search/?api=1&query=28.74866656,-106.14109996"
Durga Boutique,Chihuahua,+52 61 4512 8410,ND,https://wa.me/526145128410,https://www.facebook.com/search/pages/?q=Durga%20Boutique%20Chihuahua,"https://www.google.com/maps/search/?api=1&query=28.77975501,-106.1675921"
Edmy Jeans,Chihuahua,+52 61 4417 2410,ND,https://wa.me/526144172410,https://www.facebook.com/search/pages/?q=Edmy%20Jeans%20Chihuahua,"https://www.google.com/maps/search/?api=1&query=28.67729253,-106.12478608"
Eif Boutique,Chihuahua,+52 61 4395 8985,ND,https://wa.me/526143958985,https://www.facebook.com/search/pages/?q=Eif%20Boutique%20Chihuahua,"https://www.google.com/maps/search/?api=1&query=28.74772737,-106.12723386"
Elys Fashion,Chihuahua,+52 61 4229 7194,ND,https://wa.me/526142297194,https://www.facebook.com/search/pages/?q=Elys%20Fashion%20Chihuahua,"https://www.google.com/maps/search/?api=1&query=28.7338681,-106.14071938"
Emilia Boutique,Chihuahua,+52 61 4403 7596,ND,https://wa.me/526144037596,https://www.facebook.com/search/pages/?q=Emilia%20Boutique%20Chihuahua,"https://www.google.com/maps/search/?api=1&query=28.70271047,-106.14913413"
Emily Boutique,Chihuahua,+52 61 4191 1404,ND,https://wa.me/526141911404,https://www.facebook.com/search/pages/?q=Emily%20Boutique%20Chihuahua,"https://www.google.com/maps/search/?api=1&query=28.70271855,-106.14266677"
Enmporio Boutique,Chihuahua,+52 61 4357 9515,ND,https://wa.me/526143579515,https://www.facebook.com/search/pages/?q=Enmporio%20Boutique%20Chihuahua,"https://www.google.com/maps/search/?api=1&query=28.60676555,-106.09665501"
Erfo Boutique,Chihuahua,+52 61 4289 2592,ND,https://wa.me/526142892592,https://www.facebook.com/search/pages/?q=Erfo%20Boutique%20Chihuahua,"https://www.google.com/maps/search/?api=1&query=28.60116457,-106.10374949"
Expressiones Boutique,Chihuahua,+52 61 4261 1672,ND,https://wa.me/526142611672,https://www.facebook.com/search/pages/?q=Expressiones%20Boutique%20Chihuahua,"https://www.google.com/maps/search/?api=1&query=28.68360295,-106.11295907"
Fashion Lux Cuu,Chihuahua,+52 61 4604 9492,ND,https://wa.me/526146049492,https://www.facebook.com/search/pages/?q=Fashion%20Lux%20Cuu%20Chihuahua,"https://www.google.com/maps/search/?api=1&query=28.64959897,-106.10308479"
Gabale Fashion Boutique,Chihuahua,+52 61 4182 8417,ND,https://wa.me/526141828417,https://www.facebook.com/search/pages/?q=Gabale%20Fashion%20Boutique%20Chihuahua,"https://www.google.com/maps/search/?api=1&query=28.71454757,-106.09266335"
Genesis Boutique,Chihuahua,+52 61 4196 0508,ND,https://wa.me/526141960508,https://www.facebook.com/search/pages/?q=Genesis%20Boutique%20Chihuahua,"https://www.google.com/maps/search/?api=1&query=28.64369808,-106.0700912"
Gold Moda,Chihuahua,+52 61 4224 0997,ND,https://wa.me/526142240997,https://www.facebook.com/search/pages/?q=Gold%20Moda%20Chihuahua,"https://www.google.com/maps/search/?api=1&query=28.60220345,-106.10224341"
Ideas Boutique,Chihuahua,+52 61 4293 3592,ND,https://wa.me/526142933592,https://www.facebook.com/search/pages/?q=Ideas%20Boutique%20Chihuahua,"https://www.google.com/maps/search/?api=1&query=28.67855481,-106.11452298"
Imperio Shop,Chihuahua,+52 61 4355 5834,ND,https://wa.me/526143555834,https://www.facebook.com/search/pages/?q=Imperio%20Shop%20Chihuahua,"https://www.google.com/maps/search/?api=1&query=28.60895777,-106.0003372"
Inaya Fashion,Chihuahua,+52 62 5114 3230,ND,https://wa.me/526251143230,https://www.facebook.com/search/pages/?q=Inaya%20Fashion%20Chihuahua,"https://www.google.com/maps/search/?api=1&query=28.60365848,-106.084712"
Jeans Sandy,Chihuahua,+52 61 4470 3745,ND,https://wa.me/526144703745,https://www.facebook.com/search/pages/?q=Jeans%20Sandy%20Chihuahua,"https://www.google.com/maps/search/?api=1&query=28.57963803,-106.01109366"
Jenny Boutique,Chihuahua,+52 61 4195 4885,ND,https://wa.me/526141954885,https://www.facebook.com/search/pages/?q=Jenny%20Boutique%20Chihuahua,"https://www.google.com/maps/search/?api=1&query=28.69161352,-106.12886958"
Jurado Boutique,Chihuahua,+52 61 4597 5920,ND,https://wa.me/526145975920,https://www.facebook.com/search/pages/?q=Jurado%20Boutique%20Chihuahua,"https://www.google.com/maps/search/?api=1&query=28.74349254,-106.13552908"
K&E Boutique,Chihuahua,+52 61 4356 2610,ND,https://wa.me/526143562610,https://www.facebook.com/search/pages/?q=K%26E%20Boutique%20Chihuahua,"https://www.google.com/maps/search/?api=1&query=28.7455491,-106.13982891"
Kc Family Store Tienda De Ropa,Chihuahua,+52 61 4168 8471,ND,https://wa.me/526141688471,https://www.facebook.com/search/pages/?q=Kc%20Family%20Store%20Tienda%20De%20Ropa%20Chihuahua,"https://www.google.com/maps/search/?api=1&query=28.68330545,-106.11021102"
Kings Boutique,Chihuahua,+52 61 4277 5605,ND,https://wa.me/526142775605,https://www.facebook.com/search/pages/?q=Kings%20Boutique%20Chihuahua,"https://www.google.com/maps/search/?api=1&query=28.7246755,-106.12438155"
La Maria Boutique,Chihuahua,+52 61 4351 4188,ND,https://wa.me/526143514188,https://www.facebook.com/search/pages/?q=La%20Maria%20Boutique%20Chihuahua,"https://www.google.com/maps/search/?api=1&query=28.60477136,-106.09510185"
Lavoro Vera Boutique,Chihuahua,+52 61 4410 6075,ND,https://wa.me/526144106075,https://www.facebook.com/search/pages/?q=Lavoro%20Vera%20Boutique%20Chihuahua,"https://www.google.com/maps/search/?api=1&query=28.63697022,-106.07466011"
Lee Boutique,Chihuahua,+52 61 4133 6078,ND,https://wa.me/526141336078,https://www.facebook.com/search/pages/?q=Lee%20Boutique%20Chihuahua,"https://www.google.com/maps/search/?api=1&query=28.60981266,-106.03947101"
Lily Boutique,Chihuahua,+52 61 4139 7420,ND,https://wa.me/526141397420,https://www.facebook.com/search/pages/?q=Lily%20Boutique%20Chihuahua,"https://www.google.com/maps/search/?api=1&query=28.68348958,-106.12138945"
Lua Boutique,Chihuahua,+52 61 4515 6524,ND,https://wa.me/526145156524,https://www.facebook.com/search/pages/?q=Lua%20Boutique%20Chihuahua,"https://www.google.com/maps/search/?api=1&query=28.6409079,-106.07314148"
M Boutique,Chihuahua,+52 61 4131 2926,ND,https://wa.me/526141312926,https://www.facebook.com/search/pages/?q=M%20Boutique%20Chihuahua,"https://www.google.com/maps/search/?api=1&query=28.73014707,-106.14443186"
M Boutique,Chihuahua,+52 61 4465 4943,ND,https://wa.me/526144654943,https://www.facebook.com/search/pages/?q=M%20Boutique%20Chihuahua,"https://www.google.com/maps/search/?api=1&query=28.61709819,-106.05897468"
Mc Boutique,Chihuahua,+52 61 4540 6228,ND,https://wa.me/526145406228,https://www.facebook.com/search/pages/?q=Mc%20Boutique%20Chihuahua,"https://www.google.com/maps/search/?api=1&query=28.61967678,-106.05086982"
Moda Calo,Chihuahua,+52 61 4156 9796,ND,https://wa.me/526141569796,https://www.facebook.com/search/pages/?q=Moda%20Calo%20Chihuahua,"https://www.google.com/maps/search/?api=1&query=28.77470544,-106.16733369"
Moda Casual,Chihuahua,+52 61 4283 0001,ND,https://wa.me/526142830001,https://www.facebook.com/search/pages/?q=Moda%20Casual%20Chihuahua,"https://www.google.com/maps/search/?api=1&query=28.59459449,-106.03907419"
Moda Vicky,Chihuahua,+52 61 4440 8981,ND,https://wa.me/526144408981,https://www.facebook.com/search/pages/?q=Moda%20Vicky%20Chihuahua,"https://www.google.com/maps/search/?api=1&query=28.66025549,-106.11618242"
Moda Y Estilo,Chihuahua,+52 61 4408 3577,ND,https://wa.me/526144083577,https://www.facebook.com/search/pages/?q=Moda%20Y%20Estilo%20Chihuahua,"https://www.google.com/maps/search/?api=1&query=28.64009362,-106.07648044"
Modas Elena,Chihuahua,+52 61 4249 7086,ND,https://wa.me/526142497086,https://www.facebook.com/search/pages/?q=Modas%20Elena%20Chihuahua,"https://www.google.com/maps/search/?api=1&query=28.60610172,-106.07422593"
Modes Moda,Chihuahua,+52 61 4139 9037,ND,https://wa.me/526141399037,https://www.facebook.com/search/pages/?q=Modes%20Moda%20Chihuahua,"https://www.google.com/maps/search/?api=1&query=28.60220345,-106.10224341"
Nancy Trendy Boutique,Chihuahua,+52 61 4154 2498,ND,https://wa.me/526141542498,https://www.facebook.com/search/pages/?q=Nancy%20Trendy%20Boutique%20Chihuahua,"https://www.google.com/maps/search/?api=1&query=28.64168828,-106.10283504"
Nat Boutique,Chihuahua,+52 61 4302 0036,ND,https://wa.me/526143020036,https://www.facebook.com/search/pages/?q=Nat%20Boutique%20Chihuahua,"https://www.google.com/maps/search/?api=1&query=28.6196262,-106.05744209"
Nax Boutique,Chihuahua,+52 61 4156 0098,ND,https://wa.me/526141560098,https://www.facebook.com/search/pages/?q=Nax%20Boutique%20Chihuahua,"https://www.google.com/maps/search/?api=1&query=28.60658935,-106.08832422"
Old West Boutique,Chihuahua,+52 61 4130 4974,ND,https://wa.me/526141304974,https://www.facebook.com/search/pages/?q=Old%20West%20Boutique%20Chihuahua,"https://www.google.com/maps/search/?api=1&query=28.70278936,-106.15135279"
Outlet Boutique,Chihuahua,+52 61 4103 6861,ND,https://wa.me/526141036861,https://www.facebook.com/search/pages/?q=Outlet%20Boutique%20Chihuahua,"https://www.google.com/maps/search/?api=1&query=28.77973969,-106.16782919"
Pink Shop,Chihuahua,+52 61 4406 7813,ND,https://wa.me/526144067813,https://www.facebook.com/search/pages/?q=Pink%20Shop%20Chihuahua,"https://www.google.com/maps/search/?api=1&query=28.59806507,-106.12553148"
Praga Boutique,Chihuahua,+52 61 4197 1042,ND,https://wa.me/526141971042,https://www.facebook.com/search/pages/?q=Praga%20Boutique%20Chihuahua,"https://www.google.com/maps/search/?api=1&query=28.68466816,-106.03205967"
Prisma Moda,Chihuahua,+52 61 4163 7800,ND,https://wa.me/526141637800,https://www.facebook.com/search/pages/?q=Prisma%20Moda%20Chihuahua,"https://www.google.com/maps/search/?api=1&query=28.60981445,-106.03302828"
Rags Boutique,Chihuahua,+52 61 4410 6784,ND,https://wa.me/526144106784,https://www.facebook.com/search/pages/?q=Rags%20Boutique%20Chihuahua,"https://www.google.com/maps/search/?api=1&query=28.63648821,-106.07528483"
Re Boutique,Chihuahua,+52 61 4112 7015,ND,https://wa.me/526141127015,https://www.facebook.com/search/pages/?q=Re%20Boutique%20Chihuahua,"https://www.google.com/maps/search/?api=1&query=28.64625754,-106.1164953"
Red Jeans,Chihuahua,+52 61 4600 3429,ND,https://wa.me/526146003429,https://www.facebook.com/search/pages/?q=Red%20Jeans%20Chihuahua,"https://www.google.com/maps/search/?api=1&query=28.63685481,-106.0788925"
Samadhi Boutique,Chihuahua,+52 61 4295 2056,ND,https://wa.me/526142952056,https://www.facebook.com/search/pages/?q=Samadhi%20Boutique%20Chihuahua,"https://www.google.com/maps/search/?api=1&query=28.59846318,-106.01832196"
Sapphirus Store Cuu,Chihuahua,+52 61 4177 6394,ND,https://wa.me/526141776394,https://www.facebook.com/search/pages/?q=Sapphirus%20Store%20Cuu%20Chihuahua,"https://www.google.com/maps/search/?api=1&query=28.67730738,-106.10999392"
Sexy Moda Boutique,Chihuahua,+52 66 5675 1688,ND,https://wa.me/526656751688,https://www.facebook.com/search/pages/?q=Sexy%20Moda%20Boutique%20Chihuahua,"https://www.google.com/maps/search/?api=1&query=28.72251301,-106.11021441"
Shops Outlet,Chihuahua,+52 61 4123 6282,ND,https://wa.me/526141236282,https://www.facebook.com/search/pages/?q=Shops%20Outlet%20Chihuahua,"https://www.google.com/maps/search/?api=1&query=28.64642404,-106.08003486"
Simple Closet,Chihuahua,+52 61 4304 8737,ND,https://wa.me/526143048737,https://www.facebook.com/search/pages/?q=Simple%20Closet%20Chihuahua,"https://www.google.com/maps/search/?api=1&query=28.64376746,-106.06860942"
Stavros Mens Boutique,Chihuahua,+52 61 4215 4680,ND,https://wa.me/526142154680,https://www.facebook.com/search/pages/?q=Stavros%20Mens%20Boutique%20Chihuahua,"https://www.google.com/maps/search/?api=1&query=28.67776839,-106.10455796"
Style Boutique,Chihuahua,+52 61 4372 7211,ND,https://wa.me/526143727211,https://www.facebook.com/search/pages/?q=Style%20Boutique%20Chihuahua,"https://www.google.com/maps/search/?api=1&query=28.70278936,-106.15135279"
Susy Boutique,Chihuahua,+52 61 4463 3093,ND,https://wa.me/526144633093,https://www.facebook.com/search/pages/?q=Susy%20Boutique%20Chihuahua,"https://www.google.com/maps/search/?api=1&query=28.6066801,-105.99766223"
Tatis Boutique,Chihuahua,+52 61 4196 3101,ND,https://wa.me/526141963101,https://www.facebook.com/search/pages/?q=Tatis%20Boutique%20Chihuahua,"https://www.google.com/maps/search/?api=1&query=28.68349597,-106.10095734"
Tete Boutique,Chihuahua,+52 61 4197 5516,ND,https://wa.me/526141975516,https://www.facebook.com/search/pages/?q=Tete%20Boutique%20Chihuahua,"https://www.google.com/maps/search/?api=1&query=28.67361211,-106.10662388"
The Queen In Fashion,Chihuahua,+52 61 4444 0221,ND,https://wa.me/526144440221,https://www.facebook.com/search/pages/?q=The%20Queen%20In%20Fashion%20Chihuahua,"https://www.google.com/maps/search/?api=1&query=28.60815532,-106.10076858"
Tienda De Ropa Vaquera El Forastero,Chihuahua,+52 61 4504 3404,ND,https://wa.me/526145043404,https://www.facebook.com/search/pages/?q=Tienda%20De%20Ropa%20Vaquera%20El%20Forastero%20Chihuahua,"https://www.google.com/maps/search/?api=1&query=28.69877332,-106.10708909"
Tizianna Boutique,Chihuahua,+52 61 4112 1509,ND,https://wa.me/526141121509,https://www.facebook.com/search/pages/?q=Tizianna%20Boutique%20Chihuahua,"https://www.google.com/maps/search/?api=1&query=28.63475235,-106.07695621"
Trendy-U Boutique,Chihuahua,+52 61 4410 3934,ND,https://wa.me/526144103934,https://www.facebook.com/search/pages/?q=Trendy-U%20Boutique%20Chihuahua,"https://www.google.com/maps/search/?api=1&query=28.63624489,-106.07549837"
Tu Stylo Boutique,Chihuahua,+52 61 4343 5556,ND,https://wa.me/526143435556,https://www.facebook.com/search/pages/?q=Tu%20Stylo%20Boutique%20Chihuahua,"https://www.google.com/maps/search/?api=1&query=28.61375542,-106.09835104"
Versatile Piece Boutique,Chihuahua,+52 61 4130 9109,ND,https://wa.me/526141309109,https://www.facebook.com/search/pages/?q=Versatile%20Piece%20Boutique%20Chihuahua,"https://www.google.com/maps/search/?api=1&query=28.61016789,-106.0631144"
Zoe Boutique,Chínipas,+52 63 5293 1287,ND,https://wa.me/526352931287,https://www.facebook.com/search/pages/?q=Zoe%20Boutique%20Chínipas,"https://www.google.com/maps/search/?api=1&query=27.39220838,-108.53757168"
Aldos Boutique,Cuauhtémoc,+52 62 5581 2558,ND,https://wa.me/526255812558,https://WWW.ALDOSBOUTIQUE.COM/,"https://www.google.com/maps/search/?api=1&query=28.4066774,-106.86762564"
Andre Badi Garboza Boutique,Cuauhtémoc,+52 62 5688 0972,luzquintana23@yahoo.com,https://wa.me/526256880972,https://www.facebook.com/search/pages/?q=Andre%20Badi%20Garboza%20Boutique%20Cuauhtémoc,"https://www.google.com/maps/search/?api=1&query=28.47603784,-106.90900051"
Boutique Bm Magestyc,Cuauhtémoc,+52 62 5104 8111,lic.valeriagrajeda@gmail.com,https://wa.me/526251048111,https://www.facebook.com/search/pages/?q=Boutique%20Bm%20Magestyc%20Cuauhtémoc,"https://www.google.com/maps/search/?api=1&query=28.40548603,-106.86299644"
Boutique D Lucero,Cuauhtémoc,+52 62 5118 8789,luceroqr93@gmail.com,https://wa.me/526251188789,https://www.facebook.com/search/pages/?q=Boutique%20D%20Lucero%20Cuauhtémoc,"https://www.google.com/maps/search/?api=1&query=28.38497889,-106.88420051"
Boutique Gios,Cuauhtémoc,+52 62 5103 4931,guilleperez1122@gmail.com,https://wa.me/526251034931,https://www.facebook.com/search/pages/?q=Boutique%20Gios%20Cuauhtémoc,"https://www.google.com/maps/search/?api=1&query=28.41883205,-106.84407824"
Boutique Laura,Cuauhtémoc,+52 62 5581 3150,lnieto01@hotmail.com,https://wa.me/526255813150,https://www.facebook.com/search/pages/?q=Boutique%20Laura%20Cuauhtémoc,"https://www.google.com/maps/search/?api=1&query=28.41710005,-106.87758147"
Briannas Boutique,Cuauhtémoc,+52 62 5257 1005,karlapardo210715@gmail.com,https://wa.me/526252571005,https://www.facebook.com/search/pages/?q=Briannas%20Boutique%20Cuauhtémoc,"https://www.google.com/maps/search/?api=1&query=28.40170537,-106.86131145"
El Ranchero Ropa,Cuauhtémoc,+52 62 5154 5483,rancheroropa@gmail.com,https://wa.me/526251545483,https://www.facebook.com/search/pages/?q=El%20Ranchero%20Ropa%20Cuauhtémoc,"https://www.google.com/maps/search/?api=1&query=28.48092013,-106.73659639"
Khloe Boutique,Cuauhtémoc,+52 62 5103 6619,marizzapink@hotmail.com,https://wa.me/526251036619,https://www.facebook.com/search/pages/?q=Khloe%20Boutique%20Cuauhtémoc,"https://www.google.com/maps/search/?api=1&query=28.39805427,-106.87560703"
Laura Duarte Original Fashion,Cuauhtémoc,+52 62 5117 5370,ldoriginalfashion@gmail.com,https://wa.me/526251175370,https://www.facebook.com/search/pages/?q=Laura%20Duarte%20Original%20Fashion%20Cuauhtémoc,"https://www.google.com/maps/search/?api=1&query=28.40605945,-106.89596849"
Miss Boutique,Cuauhtémoc,+52 62 5119 1787,ND,https://wa.me/526251191787,https://WWW.MISSBOUTIQUE.COM/,"https://www.google.com/maps/search/?api=1&query=28.40591463,-106.86361097"
Mt Marteo Boutique,Cuauhtémoc,+52 62 5111 8321,florloyma13@gmail.com,https://wa.me/526251118321,https://www.facebook.com/search/pages/?q=Mt%20Marteo%20Boutique%20Cuauhtémoc,"https://www.google.com/maps/search/?api=1&query=28.47148377,-106.91004199"
Oasis Collective Shop,Cuauhtémoc,+52 62 5122 6424,olimpiavillegas@icloud.com,https://wa.me/526251226424,https://www.facebook.com/search/pages/?q=Oasis%20Collective%20Shop%20Cuauhtémoc,"https://www.google.com/maps/search/?api=1&query=28.41737286,-106.88028381"
Rodeo Jeanns,Cuauhtémoc,+52 62 5115 4776,arams_1983@hotmail.com,https://wa.me/526251154776,https://www.facebook.com/search/pages/?q=Rodeo%20Jeanns%20Cuauhtémoc,"https://www.google.com/maps/search/?api=1&query=28.40896909,-106.86599466"
Stravaganza Boutique,Cuauhtémoc,+52 62 5589 6864,zuhailaf@gmail.com,https://wa.me/526255896864,https://www.facebook.com/search/pages/?q=Stravaganza%20Boutique%20Cuauhtémoc,"https://www.google.com/maps/search/?api=1&query=28.40070671,-106.86463419"
Tienda Del Vaquero,Cuauhtémoc,+52 62 5581 1199,maricelapayan24@outlook.es,https://wa.me/526255811199,https://www.facebook.com/search/pages/?q=Tienda%20Del%20Vaquero%20Cuauhtémoc,"https://www.google.com/maps/search/?api=1&query=28.40866109,-106.86608167"
A K Boutique Fashion,Cuauhtémoc,+52 62 5160 4513,ND,https://wa.me/526251604513,https://www.facebook.com/search/pages/?q=A%20K%20Boutique%20Fashion%20Cuauhtémoc,"https://www.google.com/maps/search/?api=1&query=28.749385,-106.90750438"
Adas Boutique,Cuauhtémoc,+52 62 5582 4663,ND,https://wa.me/526255824663,https://www.facebook.com/search/pages/?q=Adas%20Boutique%20Cuauhtémoc,"https://www.google.com/maps/search/?api=1&query=28.41425377,-106.84456671"
Alegro Boutique,Cuauhtémoc,+52 62 5582 0733,ND,https://wa.me/526255820733,https://www.facebook.com/search/pages/?q=Alegro%20Boutique%20Cuauhtémoc,"https://www.google.com/maps/search/?api=1&query=28.40862025,-106.8660445"
Alessa Boutique,Cuauhtémoc,+52 62 5100 1788,ND,https://wa.me/526251001788,https://www.facebook.com/search/pages/?q=Alessa%20Boutique%20Cuauhtémoc,"https://www.google.com/maps/search/?api=1&query=28.40632428,-106.86802499"
Alondra Boutique,Cuauhtémoc,+52 62 5126 3538,ND,https://wa.me/526251263538,https://www.facebook.com/search/pages/?q=Alondra%20Boutique%20Cuauhtémoc,"https://www.google.com/maps/search/?api=1&query=28.4092261,-106.85486207"
Alondra Boutique,Cuauhtémoc,+52 62 5125 4665,ND,https://wa.me/526251254665,https://www.facebook.com/search/pages/?q=Alondra%20Boutique%20Cuauhtémoc,"https://www.google.com/maps/search/?api=1&query=28.38237085,-106.85447128"
Boutique,Cuauhtémoc,+52 61 4133 0611,ND,https://wa.me/526141330611,https://www.facebook.com/search/pages/?q=Boutique%20Cuauhtémoc,"https://www.google.com/maps/search/?api=1&query=28.40032127,-106.86007356"
Boutique,Cuauhtémoc,+52 63 5116 1581,ND,https://wa.me/526351161581,https://www.facebook.com/search/pages/?q=Boutique%20Cuauhtémoc,"https://www.google.com/maps/search/?api=1&query=28.41844688,-106.8744468"
Boutique,Cuauhtémoc,+52 62 5110 4873,ND,https://wa.me/526251104873,https://www.facebook.com/search/pages/?q=Boutique%20Cuauhtémoc,"https://www.google.com/maps/search/?api=1&query=28.39826061,-106.85849659"
Boutique,Cuauhtémoc,+52 62 5585 1339,ND,https://wa.me/526255851339,https://www.facebook.com/search/pages/?q=Boutique%20Cuauhtémoc,"https://www.google.com/maps/search/?api=1&query=28.48687029,-106.7440807"
Boutique Alfa Y Omega,Cuauhtémoc,+52 62 5842 0146,ND,https://wa.me/526258420146,https://www.facebook.com/search/pages/?q=Boutique%20Alfa%20Y%20Omega%20Cuauhtémoc,"https://www.google.com/maps/search/?api=1&query=28.43256041,-106.81772604"
Boutique Con-Ali,Cuauhtémoc,+52 62 5103 6678,ND,https://wa.me/526251036678,https://www.facebook.com/search/pages/?q=Boutique%20Con-Ali%20Cuauhtémoc,"https://www.google.com/maps/search/?api=1&query=28.38434216,-106.85329947"
Boutique Controversia,Cuauhtémoc,+52 62 5138 2838,ND,https://wa.me/526251382838,https://www.facebook.com/search/pages/?q=Boutique%20Controversia%20Cuauhtémoc,"https://www.google.com/maps/search/?api=1&query=28.42421688,-106.8429188"
Boutique De Elma,Cuauhtémoc,+52 62 5112 1211,ND,https://wa.me/526251121211,https://www.facebook.com/search/pages/?q=Boutique%20De%20Elma%20Cuauhtémoc,"https://www.google.com/maps/search/?api=1&query=28.43381067,-106.82188412"
Boutique De Liz,Cuauhtémoc,+52 62 5114 3887,ND,https://wa.me/526251143887,https://www.facebook.com/search/pages/?q=Boutique%20De%20Liz%20Cuauhtémoc,"https://www.google.com/maps/search/?api=1&query=28.39183958,-106.89509584"
Boutique De Maye,Cuauhtémoc,+52 62 5583 4144,ND,https://wa.me/526255834144,https://www.facebook.com/search/pages/?q=Boutique%20De%20Maye%20Cuauhtémoc,"https://www.google.com/maps/search/?api=1&query=28.431246,-106.82192083"
Boutique De Rossy,Cuauhtémoc,+52 62 5130 2945,ND,https://wa.me/526251302945,https://www.facebook.com/search/pages/?q=Boutique%20De%20Rossy%20Cuauhtémoc,"https://www.google.com/maps/search/?api=1&query=28.43912031,-106.81429253"
Boutique De Valery Fashion,Cuauhtémoc,+52 62 5581 4523,ND,https://wa.me/526255814523,https://www.facebook.com/search/pages/?q=Boutique%20De%20Valery%20Fashion%20Cuauhtémoc,"https://www.google.com/maps/search/?api=1&query=28.43216254,-106.82254669"
Boutique Djona,Cuauhtémoc,+52 62 5156 7088,ND,https://wa.me/526251567088,https://www.facebook.com/search/pages/?q=Boutique%20Djona%20Cuauhtémoc,"https://www.google.com/maps/search/?api=1&query=28.43332111,-106.8076886"
Boutique Eclipse,Cuauhtémoc,+52 62 5582 0495,ND,https://wa.me/526255820495,https://www.facebook.com/search/pages/?q=Boutique%20Eclipse%20Cuauhtémoc,"https://www.google.com/maps/search/?api=1&query=28.40323633,-106.8710634"
Boutique Flor Silvestre,Cuauhtémoc,+52 62 5105 6126,ND,https://wa.me/526251056126,https://www.facebook.com/search/pages/?q=Boutique%20Flor%20Silvestre%20Cuauhtémoc,"https://www.google.com/maps/search/?api=1&query=28.74663807,-106.90715531"
Boutique Hadasa,Cuauhtémoc,+52 62 5101 2514,ND,https://wa.me/526251012514,https://www.facebook.com/search/pages/?q=Boutique%20Hadasa%20Cuauhtémoc,"https://www.google.com/maps/search/?api=1&query=28.40872779,-106.84965759"
Boutique Joshuas,Cuauhtémoc,+52 62 5101 1639,ND,https://wa.me/526251011639,https://www.facebook.com/search/pages/?q=Boutique%20Joshuas%20Cuauhtémoc,"https://www.google.com/maps/search/?api=1&query=28.42720179,-106.82453881"
Boutique Kadaf,Cuauhtémoc,+52 62 5134 4324,ND,https://wa.me/526251344324,https://www.facebook.com/search/pages/?q=Boutique%20Kadaf%20Cuauhtémoc,"https://www.google.com/maps/search/?api=1&query=28.38218016,-106.86027768"
Boutique Laura,Cuauhtémoc,+52 62 5127 0467,ND,https://wa.me/526251270467,https://www.facebook.com/search/pages/?q=Boutique%20Laura%20Cuauhtémoc,"https://www.google.com/maps/search/?api=1&query=28.43260415,-106.82621748"
Boutique Malibu,Cuauhtémoc,+52 62 5110 5512,ND,https://wa.me/526251105512,https://www.facebook.com/search/pages/?q=Boutique%20Malibu%20Cuauhtémoc,"https://www.google.com/maps/search/?api=1&query=28.41931337,-106.84746733"
Boutique Paced,Cuauhtémoc,+52 62 5581 2761,ND,https://wa.me/526255812761,https://www.facebook.com/search/pages/?q=Boutique%20Paced%20Cuauhtémoc,"https://www.google.com/maps/search/?api=1&query=28.42952104,-106.8430958"
Boutique Paty,Cuauhtémoc,+52 62 5122 2350,ND,https://wa.me/526251222350,https://www.facebook.com/search/pages/?q=Boutique%20Paty%20Cuauhtémoc,"https://www.google.com/maps/search/?api=1&query=28.41722732,-106.87732066"
Boutique Rossy,Cuauhtémoc,+52 62 5594 9590,ND,https://wa.me/526255949590,https://www.facebook.com/search/pages/?q=Boutique%20Rossy%20Cuauhtémoc,"https://www.google.com/maps/search/?api=1&query=28.38901193,-106.84678681"
Boutique Saza Hombre,Cuauhtémoc,+52 62 5581 6070,ND,https://wa.me/526255816070,https://www.facebook.com/search/pages/?q=Boutique%20Saza%20Hombre%20Cuauhtémoc,"https://www.google.com/maps/search/?api=1&query=28.40872201,-106.86472641"
Carolina Boutique,Cuauhtémoc,+52 62 5115 3096,ND,https://wa.me/526251153096,https://www.facebook.com/search/pages/?q=Carolina%20Boutique%20Cuauhtémoc,"https://www.google.com/maps/search/?api=1&query=28.40964497,-106.84283112"
Chic Boutique,Cuauhtémoc,+52 62 5101 9566,ND,https://wa.me/526251019566,https://www.facebook.com/search/pages/?q=Chic%20Boutique%20Cuauhtémoc,"https://www.google.com/maps/search/?api=1&query=28.41663573,-106.84859004"
Cocoa Boutique,Cuauhtémoc,+52 62 5127 8787,ND,https://wa.me/526251278787,https://www.facebook.com/search/pages/?q=Cocoa%20Boutique%20Cuauhtémoc,"https://www.google.com/maps/search/?api=1&query=28.7521752,-106.91149849"
Cuauhtemoc Pantalones Pink,Cuauhtémoc,+52 62 5126 8880,ND,https://wa.me/526251268880,https://www.facebook.com/search/pages/?q=Cuauhtemoc%20Pantalones%20Pink%20Cuauhtémoc,"https://www.google.com/maps/search/?api=1&query=28.41015211,-106.86350558"
D Corral Boutique,Cuauhtémoc,+52 62 5111 3993,ND,https://wa.me/526251113993,https://www.facebook.com/search/pages/?q=D%20Corral%20Boutique%20Cuauhtémoc,"https://www.google.com/maps/search/?api=1&query=28.42092733,-106.84758929"
D Elena Boutique,Cuauhtémoc,+52 62 5130 8134,ND,https://wa.me/526251308134,https://www.facebook.com/search/pages/?q=D%20Elena%20Boutique%20Cuauhtémoc,"https://www.google.com/maps/search/?api=1&query=28.48702898,-106.74607306"
D Ellos Boutique Ropa Para Caballero,Cuauhtémoc,+52 62 5154 3675,ND,https://wa.me/526251543675,https://www.facebook.com/search/pages/?q=D%20Ellos%20Boutique%20Ropa%20Para%20Caballero%20Cuauhtémoc,"https://www.google.com/maps/search/?api=1&query=28.42843669,-106.82404097"
D Kricia Boutique,Cuauhtémoc,+52 62 5590 5043,ND,https://wa.me/526255905043,https://www.facebook.com/search/pages/?q=D%20Kricia%20Boutique%20Cuauhtémoc,"https://www.google.com/maps/search/?api=1&query=28.40590746,-106.86707471"
D La Media Boutique,Cuauhtémoc,+52 62 5128 0903,ND,https://wa.me/526251280903,https://www.facebook.com/search/pages/?q=D%20La%20Media%20Boutique%20Cuauhtémoc,"https://www.google.com/maps/search/?api=1&query=28.41956888,-106.85096439"
D Lauris Boutique,Cuauhtémoc,+52 62 5114 1989,ND,https://wa.me/526251141989,https://www.facebook.com/search/pages/?q=D%20Lauris%20Boutique%20Cuauhtémoc,"https://www.google.com/maps/search/?api=1&query=28.42326969,-106.84244035"
D Moda Boutique,Cuauhtémoc,+52 87 1395 8309,ND,https://wa.me/528713958309,https://www.facebook.com/search/pages/?q=D%20Moda%20Boutique%20Cuauhtémoc,"https://www.google.com/maps/search/?api=1&query=28.40732436,-106.86857907"
D Ross Boutique,Cuauhtémoc,+52 66 2584 2688,ND,https://wa.me/526625842688,https://www.facebook.com/search/pages/?q=D%20Ross%20Boutique%20Cuauhtémoc,"https://www.google.com/maps/search/?api=1&query=28.41994991,-106.8506523"
De Guillean Boutique,Cuauhtémoc,+52 62 5158 3434,ND,https://wa.me/526251583434,https://www.facebook.com/search/pages/?q=De%20Guillean%20Boutique%20Cuauhtémoc,"https://www.google.com/maps/search/?api=1&query=28.38694815,-106.86729745"
De Lily Boutique,Cuauhtémoc,+52 62 5110 1684,ND,https://wa.me/526251101684,https://www.facebook.com/search/pages/?q=De%20Lily%20Boutique%20Cuauhtémoc,"https://www.google.com/maps/search/?api=1&query=28.38392655,-106.88323976"
Dfancy Boutique,Cuauhtémoc,+52 62 5121 0694,ND,https://wa.me/526251210694,https://www.facebook.com/search/pages/?q=Dfancy%20Boutique%20Cuauhtémoc,"https://www.google.com/maps/search/?api=1&query=28.43478957,-106.8214898"
Diva Boutique,Cuauhtémoc,+52 62 5206 4586,ND,https://wa.me/526252064586,https://www.facebook.com/search/pages/?q=Diva%20Boutique%20Cuauhtémoc,"https://www.google.com/maps/search/?api=1&query=28.48126286,-106.73784742"
Divas Boutique,Cuauhtémoc,+52 62 5130 0522,ND,https://wa.me/526251300522,https://www.facebook.com/search/pages/?q=Divas%20Boutique%20Cuauhtémoc,"https://www.google.com/maps/search/?api=1&query=28.41445398,-106.89599675"
Don Pantalon,Cuauhtémoc,+52 63 6109 3527,ND,https://wa.me/526361093527,https://www.facebook.com/search/pages/?q=Don%20Pantalon%20Cuauhtémoc,"https://www.google.com/maps/search/?api=1&query=28.4078168,-106.86458942"
Dos Fashion Store,Cuauhtémoc,+52 62 5195 7981,ND,https://wa.me/526251957981,https://www.facebook.com/search/pages/?q=Dos%20Fashion%20Store%20Cuauhtémoc,"https://www.google.com/maps/search/?api=1&query=28.48014705,-106.74102234"
El Roperito Concept Store,Cuauhtémoc,+52 62 5152 2790,ND,https://wa.me/526251522790,https://www.facebook.com/search/pages/?q=El%20Roperito%20Concept%20Store%20Cuauhtémoc,"https://www.google.com/maps/search/?api=1&query=28.4091542,-106.86080696"
El Vaquero,Cuauhtémoc,+52 62 5160 0587,ND,https://wa.me/526251600587,https://www.facebook.com/search/pages/?q=El%20Vaquero%20Cuauhtémoc,"https://www.google.com/maps/search/?api=1&query=28.40909288,-106.86533747"
Elegancia Boutique,Cuauhtémoc,+52 62 5582 6627,ND,https://wa.me/526255826627,https://www.facebook.com/search/pages/?q=Elegancia%20Boutique%20Cuauhtémoc,"https://www.google.com/maps/search/?api=1&query=28.40611015,-106.86701241"
Fama Boutique,Cuauhtémoc,+52 62 5582 3013,ND,https://wa.me/526255823013,https://www.facebook.com/search/pages/?q=Fama%20Boutique%20Cuauhtémoc,"https://www.google.com/maps/search/?api=1&query=28.40761235,-106.86513228"
Family Store,Cuauhtémoc,+52 62 5842 6230,ND,https://wa.me/526258426230,https://www.facebook.com/search/pages/?q=Family%20Store%20Cuauhtémoc,"https://www.google.com/maps/search/?api=1&query=28.5818342,-106.92756999"
Femme Boutique,Cuauhtémoc,+52 62 5582 3518,ND,https://wa.me/526255823518,https://www.facebook.com/search/pages/?q=Femme%20Boutique%20Cuauhtémoc,"https://www.google.com/maps/search/?api=1&query=28.40344613,-106.8386522"
Fer Fashion Boutique,Cuauhtémoc,+52 62 5106 0253,ND,https://wa.me/526251060253,https://www.facebook.com/search/pages/?q=Fer%20Fashion%20Boutique%20Cuauhtémoc,"https://www.google.com/maps/search/?api=1&query=28.43255682,-106.82238972"
Fiestas Con Estilo,Cuauhtémoc,+52 62 5283 2381,ND,https://wa.me/526252832381,https://www.facebook.com/search/pages/?q=Fiestas%20Con%20Estilo%20Cuauhtémoc,"https://www.google.com/maps/search/?api=1&query=28.74695334,-106.90749347"
Flamingo Boutique,Cuauhtémoc,+52 62 5118 8635,ND,https://wa.me/526251188635,https://www.facebook.com/search/pages/?q=Flamingo%20Boutique%20Cuauhtémoc,"https://www.google.com/maps/search/?api=1&query=28.74721905,-106.90309177"
Flats Boutique,Cuauhtémoc,+52 62 5581 0473,ND,https://wa.me/526255810473,https://www.facebook.com/search/pages/?q=Flats%20Boutique%20Cuauhtémoc,"https://www.google.com/maps/search/?api=1&query=28.4092261,-106.85486207"
Flor Dalia Boutique,Cuauhtémoc,+52 62 5134 0463,ND,https://wa.me/526251340463,https://www.facebook.com/search/pages/?q=Flor%20Dalia%20Boutique%20Cuauhtémoc,"https://www.google.com/maps/search/?api=1&query=28.40193232,-106.84175471"
Gabys Boutique,Cuauhtémoc,+52 62 5101 3028,ND,https://wa.me/526251013028,https://www.facebook.com/search/pages/?q=Gabys%20Boutique%20Cuauhtémoc,"https://www.google.com/maps/search/?api=1&query=28.39710131,-106.89816604"
Im Boutique,Cuauhtémoc,+52 62 5150 2727,ND,https://wa.me/526251502727,https://www.facebook.com/search/pages/?q=Im%20Boutique%20Cuauhtémoc,"https://www.google.com/maps/search/?api=1&query=28.42388612,-106.84338684"
Imelda Moda E Imagen,Cuauhtémoc,+52 62 5113 5352,ND,https://wa.me/526251135352,https://www.facebook.com/search/pages/?q=Imelda%20Moda%20E%20Imagen%20Cuauhtémoc,"https://www.google.com/maps/search/?api=1&query=28.42849363,-106.82401818"
Ip Fashion,Cuauhtémoc,+52 62 5161 2333,ND,https://wa.me/526251612333,https://www.facebook.com/search/pages/?q=Ip%20Fashion%20Cuauhtémoc,"https://www.google.com/maps/search/?api=1&query=28.4021373,-106.87093998"
Issa Moda Y Accesorios,Cuauhtémoc,+52 62 5111 5938,ND,https://wa.me/526251115938,https://www.facebook.com/search/pages/?q=Issa%20Moda%20Y%20Accesorios%20Cuauhtémoc,"https://www.google.com/maps/search/?api=1&query=28.41442007,-106.896138"
Kareli Boutique,Cuauhtémoc,+52 62 5283 3444,ND,https://wa.me/526252833444,https://www.facebook.com/search/pages/?q=Kareli%20Boutique%20Cuauhtémoc,"https://www.google.com/maps/search/?api=1&query=28.38804624,-106.85804589"
Lovely Fashion,Cuauhtémoc,+52 62 5195 2659,ND,https://wa.me/526251952659,https://www.facebook.com/search/pages/?q=Lovely%20Fashion%20Cuauhtémoc,"https://www.google.com/maps/search/?api=1&query=28.40200852,-106.86547187"
Lunar Shop,Cuauhtémoc,+52 62 5579 9092,ND,https://wa.me/526255799092,https://www.facebook.com/search/pages/?q=Lunar%20Shop%20Cuauhtémoc,"https://www.google.com/maps/search/?api=1&query=28.41769706,-106.88057472"
Maria Boutique,Cuauhtémoc,+52 62 5105 3968,ND,https://wa.me/526251053968,https://www.facebook.com/search/pages/?q=Maria%20Boutique%20Cuauhtémoc,"https://www.google.com/maps/search/?api=1&query=28.4021373,-106.87093998"
Mike Mause Boutique,Cuauhtémoc,+52 62 5582 6533,ND,https://wa.me/526255826533,https://www.facebook.com/search/pages/?q=Mike%20Mause%20Boutique%20Cuauhtémoc,"https://www.google.com/maps/search/?api=1&query=28.40921838,-106.85405588"
Minalis Fashion,Cuauhtémoc,+52 62 5115 6991,ND,https://wa.me/526251156991,https://www.facebook.com/search/pages/?q=Minalis%20Fashion%20Cuauhtémoc,"https://www.google.com/maps/search/?api=1&query=28.75160513,-106.9085198"
Mo Dali Boutique,Cuauhtémoc,+52 62 5106 4880,ND,https://wa.me/526251064880,https://www.facebook.com/search/pages/?q=Mo%20Dali%20Boutique%20Cuauhtémoc,"https://www.google.com/maps/search/?api=1&query=28.74522812,-106.90235241"
Nicole Boutique,Cuauhtémoc,+52 62 5114 2283,ND,https://wa.me/526251142283,https://www.facebook.com/search/pages/?q=Nicole%20Boutique%20Cuauhtémoc,"https://www.google.com/maps/search/?api=1&query=28.39834377,-106.85698827"
Ohana Boutique,Cuauhtémoc,+52 62 5161 6555,ND,https://wa.me/526251616555,https://www.facebook.com/search/pages/?q=Ohana%20Boutique%20Cuauhtémoc,"https://www.google.com/maps/search/?api=1&query=28.40668532,-106.86761447"
Opciones Boutique,Cuauhtémoc,+52 62 5114 3017,ND,https://wa.me/526251143017,https://www.facebook.com/search/pages/?q=Opciones%20Boutique%20Cuauhtémoc,"https://www.google.com/maps/search/?api=1&query=28.39931699,-106.86435946"
Pia Moda,Cuauhtémoc,+52 62 5152 1146,ND,https://wa.me/526251521146,https://www.facebook.com/search/pages/?q=Pia%20Moda%20Cuauhtémoc,"https://www.google.com/maps/search/?api=1&query=28.4807853,-106.74124373"
Psl Passarela Boutique,Cuauhtémoc,+52 62 5115 0871,ND,https://wa.me/526251150871,https://www.facebook.com/search/pages/?q=Psl%20Passarela%20Boutique%20Cuauhtémoc,"https://www.google.com/maps/search/?api=1&query=28.4050635,-106.85159288"
Punto Central Concept Store,Cuauhtémoc,+52 61 4159 9098,ND,https://wa.me/526141599098,https://www.facebook.com/search/pages/?q=Punto%20Central%20Concept%20Store%20Cuauhtémoc,"https://www.google.com/maps/search/?api=1&query=28.413467,-106.85799151"
Renee Boutique,Cuauhtémoc,+52 62 5591 7794,ND,https://wa.me/526255917794,https://www.facebook.com/search/pages/?q=Renee%20Boutique%20Cuauhtémoc,"https://www.google.com/maps/search/?api=1&query=28.40106755,-106.86056041"
Sector L Boutique,Cuauhtémoc,+52 62 5122 0900,ND,https://wa.me/526251220900,https://www.facebook.com/search/pages/?q=Sector%20L%20Boutique%20Cuauhtémoc,"https://www.google.com/maps/search/?api=1&query=28.41511683,-106.89211327"
Spacios Boutique,Cuauhtémoc,+52 62 5582 2927,ND,https://wa.me/526255822927,https://www.facebook.com/search/pages/?q=Spacios%20Boutique%20Cuauhtémoc,"https://www.google.com/maps/search/?api=1&query=28.40204571,-106.86532506"
The Loft Boutique,Cuauhtémoc,+52 62 5102 4854,ND,https://wa.me/526251024854,https://www.facebook.com/search/pages/?q=The%20Loft%20Boutique%20Cuauhtémoc,"https://www.google.com/maps/search/?api=1&query=28.40640086,-106.85015021"
Tienda De Ropa Unisex Gm Gabi Moda,Cuauhtémoc,+52 62 5105 7193,ND,https://wa.me/526251057193,https://www.facebook.com/search/pages/?q=Tienda%20De%20Ropa%20Unisex%20Gm%20Gabi%20Moda%20Cuauhtémoc,"https://www.google.com/maps/search/?api=1&query=28.38888147,-106.90385638"
Valentina Boutique,Cuauhtémoc,+52 62 5590 4724,ND,https://wa.me/526255904724,https://www.facebook.com/search/pages/?q=Valentina%20Boutique%20Cuauhtémoc,"https://www.google.com/maps/search/?api=1&query=28.40874067,-106.85455583"
Vales Boutique,Cuauhtémoc,+52 62 5110 7373,ND,https://wa.me/526251107373,https://www.facebook.com/search/pages/?q=Vales%20Boutique%20Cuauhtémoc,"https://www.google.com/maps/search/?api=1&query=28.42297608,-106.82705066"
Venus Shop,Cuauhtémoc,+52 62 5842 1519,ND,https://wa.me/526258421519,https://www.facebook.com/search/pages/?q=Venus%20Shop%20Cuauhtémoc,"https://www.google.com/maps/search/?api=1&query=28.4021373,-106.87093998"
Vertice Boutique,Cuauhtémoc,+52 62 5133 8909,ND,https://wa.me/526251338909,https://www.facebook.com/search/pages/?q=Vertice%20Boutique%20Cuauhtémoc,"https://www.google.com/maps/search/?api=1&query=28.41178241,-106.89621059"
Victorias Boutique,Cuauhtémoc,+52 62 5102 2233,ND,https://wa.me/526251022233,https://www.facebook.com/search/pages/?q=Victorias%20Boutique%20Cuauhtémoc,"https://www.google.com/maps/search/?api=1&query=28.43039488,-106.81921795"
Azucena Store,Delicias,+52 62 7123 7147,azuchi@hotmail.com,https://wa.me/526271237147,https://www.facebook.com/search/pages/?q=Azucena%20Store%20Delicias,"https://www.google.com/maps/search/?api=1&query=28.19465605,-105.46892514"
Boutique Dwendy,Delicias,+52 63 9467 4458,coquis-carrasco@hotmail.com,https://wa.me/526394674458,https://www.facebook.com/search/pages/?q=Boutique%20Dwendy%20Delicias,"https://www.google.com/maps/search/?api=1&query=28.17600088,-105.46442414"
Boutique Eteiis,Delicias,+52 63 9106 9325,gloriaarmidavilla@hotmail.com,https://wa.me/526391069325,https://www.facebook.com/search/pages/?q=Boutique%20Eteiis%20Delicias,"https://www.google.com/maps/search/?api=1&query=28.18564167,-105.46340625"
Emily Boutique,Delicias,+52 63 9123 0909,contabile.afc@hotmail.com,https://wa.me/526391230909,https://www.facebook.com/search/pages/?q=Emily%20Boutique%20Delicias,"https://www.google.com/maps/search/?api=1&query=28.19742959,-105.47222171"
Karenys Boutique,Delicias,+52 63 9136 9013,karencazarez2106@gmail.com,https://wa.me/526391369013,https://www.facebook.com/search/pages/?q=Karenys%20Boutique%20Delicias,"https://www.google.com/maps/search/?api=1&query=28.18389394,-105.46142798"
Loreca Jeans,Delicias,+52 63 9177 5682,candiaregina83@gmail.com,https://wa.me/526391775682,https://www.facebook.com/search/pages/?q=Loreca%20Jeans%20Delicias,"https://www.google.com/maps/search/?api=1&query=28.18152874,-105.47627149"
Luca Boutique,Delicias,+52 63 9119 5667,casillaslulu@hotmail.com,https://wa.me/526391195667,https://www.facebook.com/search/pages/?q=Luca%20Boutique%20Delicias,"https://www.google.com/maps/search/?api=1&query=28.1891762,-105.46574573"
Lucy Lizarraga Ropa Y Moda,Delicias,+52 63 9110 7491,lucylizarraga.05@gmail.com,https://wa.me/526391107491,https://www.facebook.com/search/pages/?q=Lucy%20Lizarraga%20Ropa%20Y%20Moda%20Delicias,"https://www.google.com/maps/search/?api=1&query=28.18242966,-105.48668731"
Ameluk Boutique,Delicias,+52 63 9129 9515,ND,https://wa.me/526391299515,https://www.facebook.com/search/pages/?q=Ameluk%20Boutique%20Delicias,"https://www.google.com/maps/search/?api=1&query=28.19299442,-105.47295198"
As Shopping,Delicias,+52 63 9130 6694,ND,https://wa.me/526391306694,https://www.facebook.com/search/pages/?q=As%20Shopping%20Delicias,"https://www.google.com/maps/search/?api=1&query=28.1766417,-105.4629735"
Barracuda Moda Hombre,Delicias,+52 63 9110 7081,ND,https://wa.me/526391107081,https://www.facebook.com/search/pages/?q=Barracuda%20Moda%20Hombre%20Delicias,"https://www.google.com/maps/search/?api=1&query=28.19370822,-105.47359881"
Bella Boutique,Delicias,+52 43 2020 3179,ND,https://wa.me/524320203179,https://www.facebook.com/search/pages/?q=Bella%20Boutique%20Delicias,"https://www.google.com/maps/search/?api=1&query=28.19283982,-105.47387243"
Bella Boutique,Delicias,+52 63 9129 2432,ND,https://wa.me/526391292432,https://www.facebook.com/search/pages/?q=Bella%20Boutique%20Delicias,"https://www.google.com/maps/search/?api=1&query=28.1889781,-105.4433631"
Bella Chic Boutique,Delicias,+52 63 9119 5207,ND,https://wa.me/526391195207,https://www.facebook.com/search/pages/?q=Bella%20Chic%20Boutique%20Delicias,"https://www.google.com/maps/search/?api=1&query=28.17052296,-105.47852433"
Biby Boutique,Delicias,+52 63 9169 1558,ND,https://wa.me/526391691558,https://www.facebook.com/search/pages/?q=Biby%20Boutique%20Delicias,"https://www.google.com/maps/search/?api=1&query=28.19257534,-105.47773938"
Boutique Capricho,Delicias,+52 63 9124 5495,ND,https://wa.me/526391245495,https://www.facebook.com/search/pages/?q=Boutique%20Capricho%20Delicias,"https://www.google.com/maps/search/?api=1&query=28.18975693,-105.44267329"
Boutique Chicago,Delicias,+52 63 9101 8016,ND,https://wa.me/526391018016,https://www.facebook.com/search/pages/?q=Boutique%20Chicago%20Delicias,"https://www.google.com/maps/search/?api=1&query=28.19084705,-105.44346012"
Boutique Coco Chanel,Delicias,+52 61 4106 0293,ND,https://wa.me/526141060293,https://www.facebook.com/search/pages/?q=Boutique%20Coco%20Chanel%20Delicias,"https://www.google.com/maps/search/?api=1&query=28.17474319,-105.45664542"
Boutique D Frida,Delicias,+52 63 9112 6735,ND,https://wa.me/526391126735,https://www.facebook.com/search/pages/?q=Boutique%20D%20Frida%20Delicias,"https://www.google.com/maps/search/?api=1&query=28.17364966,-105.45589692"
Boutique De Ropa Valeria,Delicias,+52 63 9117 0188,ND,https://wa.me/526391170188,https://www.facebook.com/search/pages/?q=Boutique%20De%20Ropa%20Valeria%20Delicias,"https://www.google.com/maps/search/?api=1&query=28.15801188,-105.45505614"
Boutique Del Alma,Delicias,+52 63 9115 9359,ND,https://wa.me/526391159359,https://www.facebook.com/search/pages/?q=Boutique%20Del%20Alma%20Delicias,"https://www.google.com/maps/search/?api=1&query=28.17783485,-105.45457657"
Boutique Edith,Delicias,+52 63 9124 2961,ND,https://wa.me/526391242961,https://www.facebook.com/search/pages/?q=Boutique%20Edith%20Delicias,"https://www.google.com/maps/search/?api=1&query=28.18874282,-105.44336376"
Boutique Instintos,Delicias,+52 63 9127 3146,ND,https://wa.me/526391273146,https://www.facebook.com/search/pages/?q=Boutique%20Instintos%20Delicias,"https://www.google.com/maps/search/?api=1&query=28.18566711,-105.44828406"
Boutique Mi Ciela,Delicias,+52 63 9174 7560,ND,https://wa.me/526391747560,https://www.facebook.com/search/pages/?q=Boutique%20Mi%20Ciela%20Delicias,"https://www.google.com/maps/search/?api=1&query=28.18712379,-105.44336408"
Boutique Paloma,Delicias,+52 63 9147 5842,ND,https://wa.me/526391475842,https://www.facebook.com/search/pages/?q=Boutique%20Paloma%20Delicias,"https://www.google.com/maps/search/?api=1&query=28.20217007,-105.47204271"
Boutique Roshell,Delicias,+52 63 9107 7274,ND,https://wa.me/526391077274,https://www.facebook.com/search/pages/?q=Boutique%20Roshell%20Delicias,"https://www.google.com/maps/search/?api=1&query=28.18664441,-105.48606203"
Boutique Rush,Delicias,+52 63 9115 4387,ND,https://wa.me/526391154387,https://www.facebook.com/search/pages/?q=Boutique%20Rush%20Delicias,"https://www.google.com/maps/search/?api=1&query=28.20093788,-105.48075021"
Boutique Vissa,Delicias,+52 63 9174 5980,ND,https://wa.me/526391745980,https://www.facebook.com/search/pages/?q=Boutique%20Vissa%20Delicias,"https://www.google.com/maps/search/?api=1&query=28.20173019,-105.47176074"
Boutique Zofe,Delicias,+52 63 9167 8719,ND,https://wa.me/526391678719,https://www.facebook.com/search/pages/?q=Boutique%20Zofe%20Delicias,"https://www.google.com/maps/search/?api=1&query=28.20242822,-105.47209945"
Closet Tienda De Ropa,Delicias,+52 63 9231 0409,ND,https://wa.me/526392310409,https://www.facebook.com/search/pages/?q=Closet%20Tienda%20De%20Ropa%20Delicias,"https://www.google.com/maps/search/?api=1&query=28.18009255,-105.43625883"
Contrastes Boutique,Delicias,+52 63 9132 0102,ND,https://wa.me/526391320102,https://www.facebook.com/search/pages/?q=Contrastes%20Boutique%20Delicias,"https://www.google.com/maps/search/?api=1&query=28.19783145,-105.47039588"
D Mayra Boutique,Delicias,+52 63 9159 7008,ND,https://wa.me/526391597008,https://www.facebook.com/search/pages/?q=D%20Mayra%20Boutique%20Delicias,"https://www.google.com/maps/search/?api=1&query=28.19097063,-105.47461287"
D Todo Moda,Delicias,+52 63 9134 5196,ND,https://wa.me/526391345196,https://www.facebook.com/search/pages/?q=D%20Todo%20Moda%20Delicias,"https://www.google.com/maps/search/?api=1&query=28.18842746,-105.48405191"
Diana Jeans,Delicias,+52 63 9133 7262,ND,https://wa.me/526391337262,https://www.facebook.com/search/pages/?q=Diana%20Jeans%20Delicias,"https://www.google.com/maps/search/?api=1&query=28.18325685,-105.43801739"
Emily Boutique,Delicias,+52 63 9137 5647,ND,https://wa.me/526391375647,https://www.facebook.com/search/pages/?q=Emily%20Boutique%20Delicias,"https://www.google.com/maps/search/?api=1&query=28.1970094,-105.4729689"
Euphoria By Mary Arellanes Boutique,Delicias,+52 66 4665 6639,ND,https://wa.me/526646656639,https://www.facebook.com/search/pages/?q=Euphoria%20By%20Mary%20Arellanes%20Boutique%20Delicias,"https://www.google.com/maps/search/?api=1&query=28.19652292,-105.46958323"
Facino Boutique,Delicias,+52 63 9470 5074,ND,https://wa.me/526394705074,https://www.facebook.com/search/pages/?q=Facino%20Boutique%20Delicias,"https://www.google.com/maps/search/?api=1&query=28.16067408,-105.46875324"
Infiniti Shopping,Delicias,+52 63 9125 1444,ND,https://wa.me/526391251444,https://www.facebook.com/search/pages/?q=Infiniti%20Shopping%20Delicias,"https://www.google.com/maps/search/?api=1&query=28.18941556,-105.47368568"
Julieta Boutique,Delicias,+52 63 9106 2694,ND,https://wa.me/526391062694,https://www.facebook.com/search/pages/?q=Julieta%20Boutique%20Delicias,"https://www.google.com/maps/search/?api=1&query=28.18833009,-105.47221781"
La 5 Boutique,Delicias,+52 63 9114 0550,ND,https://wa.me/526391140550,https://www.facebook.com/search/pages/?q=La%205%20Boutique%20Delicias,"https://www.google.com/maps/search/?api=1&query=28.18320099,-105.48972496"
La Martina Boutique,Delicias,+52 63 9136 9809,ND,https://wa.me/526391369809,https://www.facebook.com/search/pages/?q=La%20Martina%20Boutique%20Delicias,"https://www.google.com/maps/search/?api=1&query=28.19695707,-105.46958595"
Lili Boutique,Delicias,+52 63 9147 1429,ND,https://wa.me/526391471429,https://www.facebook.com/search/pages/?q=Lili%20Boutique%20Delicias,"https://www.google.com/maps/search/?api=1&query=28.17817999,-105.46625673"
Lirios Boutique,Delicias,+52 63 9129 1147,ND,https://wa.me/526391291147,https://www.facebook.com/search/pages/?q=Lirios%20Boutique%20Delicias,"https://www.google.com/maps/search/?api=1&query=28.19902783,-105.47856764"
Lluvia Boutique,Delicias,+52 63 9116 5492,ND,https://wa.me/526391165492,https://www.facebook.com/search/pages/?q=Lluvia%20Boutique%20Delicias,"https://www.google.com/maps/search/?api=1&query=28.18260652,-105.4747911"
Ludamo Gift Shop,Delicias,+52 63 9106 9983,ND,https://wa.me/526391069983,https://www.facebook.com/search/pages/?q=Ludamo%20Gift%20Shop%20Delicias,"https://www.google.com/maps/search/?api=1&query=28.19088547,-105.46645959"
Manola Boutique,Delicias,+52 63 9120 2295,ND,https://wa.me/526391202295,https://www.facebook.com/search/pages/?q=Manola%20Boutique%20Delicias,"https://www.google.com/maps/search/?api=1&query=28.18279048,-105.47271763"
Mb Jeans,Delicias,+52 63 9128 4766,ND,https://wa.me/526391284766,https://www.facebook.com/search/pages/?q=Mb%20Jeans%20Delicias,"https://www.google.com/maps/search/?api=1&query=28.19569176,-105.47445272"
Michelle Boutique,Delicias,+52 63 9123 2742,ND,https://wa.me/526391232742,https://www.facebook.com/search/pages/?q=Michelle%20Boutique%20Delicias,"https://www.google.com/maps/search/?api=1&query=28.17319629,-105.45342151"
Miss Jeans,Delicias,+52 63 9465 0132,ND,https://wa.me/526394650132,https://www.facebook.com/search/pages/?q=Miss%20Jeans%20Delicias,"https://www.google.com/maps/search/?api=1&query=28.19717678,-105.47193516"
Miss Realidades Boutique,Delicias,+52 63 9132 1334,ND,https://wa.me/526391321334,https://www.facebook.com/search/pages/?q=Miss%20Realidades%20Boutique%20Delicias,"https://www.google.com/maps/search/?api=1&query=28.1754175,-105.45688184"
Monaco Boutique,Delicias,+52 63 9123 2156,ND,https://wa.me/526391232156,https://www.facebook.com/search/pages/?q=Monaco%20Boutique%20Delicias,"https://www.google.com/maps/search/?api=1&query=28.18623962,-105.44298096"
Om Boutique,Delicias,+52 63 9128 2838,ND,https://wa.me/526391282838,https://www.facebook.com/search/pages/?q=Om%20Boutique%20Delicias,"https://www.google.com/maps/search/?api=1&query=28.17971159,-105.47359223"
Outlet Leos Jeans,Delicias,+52 63 9000 0000,ND,https://wa.me/526390000000,https://www.facebook.com/search/pages/?q=Outlet%20Leos%20Jeans%20Delicias,"https://www.google.com/maps/search/?api=1&query=28.19661769,-105.46937787"
Pasha Boutique,Delicias,+52 63 9467 7350,ND,https://wa.me/526394677350,https://www.facebook.com/search/pages/?q=Pasha%20Boutique%20Delicias,"https://www.google.com/maps/search/?api=1&query=28.19713016,-105.47139574"
Priska Boutique,Delicias,+52 63 9159 4410,ND,https://wa.me/526391594410,https://www.facebook.com/search/pages/?q=Priska%20Boutique%20Delicias,"https://www.google.com/maps/search/?api=1&query=28.17517365,-105.46576111"
Ropa Vaquera,Delicias,+52 63 9152 4478,ND,https://wa.me/526391524478,https://www.facebook.com/search/pages/?q=Ropa%20Vaquera%20Delicias,"https://www.google.com/maps/search/?api=1&query=28.19008156,-105.47831866"
Tiara & Store,Delicias,+52 63 9134 3179,ND,https://wa.me/526391343179,https://www.facebook.com/search/pages/?q=Tiara%20%26%20Store%20Delicias,"https://www.google.com/maps/search/?api=1&query=28.17207736,-105.46247238"
Tienda De Ropa Mia Fashion,Delicias,+52 63 9230 4021,ND,https://wa.me/526392304021,https://www.facebook.com/search/pages/?q=Tienda%20De%20Ropa%20Mia%20Fashion%20Delicias,"https://www.google.com/maps/search/?api=1&query=28.19108913,-105.44320468"
Tienda Fam Shop,Delicias,+52 63 9129 9568,ND,https://wa.me/526391299568,https://www.facebook.com/search/pages/?q=Tienda%20Fam%20Shop%20Delicias,"https://www.google.com/maps/search/?api=1&query=28.16320922,-105.48215123"
Urban Shop,Delicias,+52 63 9147 1923,ND,https://wa.me/526391471923,https://www.facebook.com/search/pages/?q=Urban%20Shop%20Delicias,"https://www.google.com/maps/search/?api=1&query=28.19299442,-105.47295198"
Valeria Boutique,Delicias,+52 63 9118 9740,ND,https://wa.me/526391189740,https://www.facebook.com/search/pages/?q=Valeria%20Boutique%20Delicias,"https://www.google.com/maps/search/?api=1&query=28.19561084,-105.47180504"
Yaneth Portillo Boutique,Delicias,+52 63 9129 6713,ND,https://wa.me/526391296713,https://www.facebook.com/search/pages/?q=Yaneth%20Portillo%20Boutique%20Delicias,"https://www.google.com/maps/search/?api=1&query=28.18783845,-105.43383551"
Zassa Boutique,Delicias,+52 61 4512 7474,ND,https://wa.me/526145127474,https://www.facebook.com/search/pages/?q=Zassa%20Boutique%20Delicias,"https://www.google.com/maps/search/?api=1&query=28.19720629,-105.47218275"
Zeroshop,Delicias,+52 63 9121 3623,ND,https://wa.me/526391213623,https://www.facebook.com/search/pages/?q=Zeroshop%20Delicias,"https://www.google.com/maps/search/?api=1&query=28.1954355,-105.46994998"
Mi Tiendita,Dr. Belisario Domínguez,+52 61 4230 6637,ND,https://wa.me/526142306637,https://www.facebook.com/search/pages/?q=Mi%20Tiendita%20Dr.%20Belisario%20Domínguez,"https://www.google.com/maps/search/?api=1&query=28.15351388,-106.47785576"
Modas Milan,Gómez Farías,+52 65 2103 1410,ND,https://wa.me/526521031410,https://www.facebook.com/search/pages/?q=Modas%20Milan%20Gómez%20Farías,"https://www.google.com/maps/search/?api=1&query=29.35749542,-107.73912375"
Zuzu Boutique,Gómez Farías,+52 61 4408 7550,ND,https://wa.me/526144087550,https://www.facebook.com/search/pages/?q=Zuzu%20Boutique%20Gómez%20Farías,"https://www.google.com/maps/search/?api=1&query=29.35795365,-107.73841465"
Berdita Boutique,Guachochi,+52 64 9540 3037,ND,https://wa.me/526495403037,https://www.facebook.com/search/pages/?q=Berdita%20Boutique%20Guachochi,"https://www.google.com/maps/search/?api=1&query=26.82191615,-107.07046873"
Condesa Boutique,Guachochi,+52 64 9103 7764,ND,https://wa.me/526491037764,https://www.facebook.com/search/pages/?q=Condesa%20Boutique%20Guachochi,"https://www.google.com/maps/search/?api=1&query=26.8195841,-107.07647227"
Elidis Moda Y Estilo,Guachochi,+52 64 9104 3351,ND,https://wa.me/526491043351,https://www.facebook.com/search/pages/?q=Elidis%20Moda%20Y%20Estilo%20Guachochi,"https://www.google.com/maps/search/?api=1&query=26.82227697,-107.07124881"
Safari Boutique,Guachochi,+52 64 9392 0071,ND,https://wa.me/526493920071,https://www.facebook.com/search/pages/?q=Safari%20Boutique%20Guachochi,"https://www.google.com/maps/search/?api=1&query=26.81484629,-107.07550492"
The Closet,Guachochi,+52 61 4176 1184,ND,https://wa.me/526141761184,https://www.facebook.com/search/pages/?q=The%20Closet%20Guachochi,"https://www.google.com/maps/search/?api=1&query=26.82055527,-107.07169123"
Tienda De Roa Modas Yomara,Guachochi,+52 64 9106 4103,ND,https://wa.me/526491064103,https://www.facebook.com/search/pages/?q=Tienda%20De%20Roa%20Modas%20Yomara%20Guachochi,"https://www.google.com/maps/search/?api=1&query=26.81945672,-107.08084542"
Tienda De Ropa Modas Dana,Guachochi,+52 64 9543 0798,ND,https://wa.me/526495430798,https://www.facebook.com/search/pages/?q=Tienda%20De%20Ropa%20Modas%20Dana%20Guachochi,"https://www.google.com/maps/search/?api=1&query=26.81969723,-107.07461808"
Venta De Ropa Estela Shop,Guachochi,+52 64 9116 8873,ND,https://wa.me/526491168873,https://www.facebook.com/search/pages/?q=Venta%20De%20Ropa%20Estela%20Shop%20Guachochi,"https://www.google.com/maps/search/?api=1&query=26.82817499,-107.06781835"
Boutique Valeria,Guadalupe,+52 65 6474 3175,gabyaguilar0477@gmail.com,https://wa.me/526564743175,https://www.facebook.com/search/pages/?q=Boutique%20Valeria%20Guadalupe,"https://www.google.com/maps/search/?api=1&query=31.38965122,-106.10792897"
Boutique Fabi,Guadalupe y Calvo,+52 61 4394 4159,ND,https://wa.me/526143944159,https://www.facebook.com/search/pages/?q=Boutique%20Fabi%20Guadalupe%20y%20Calvo,"https://www.google.com/maps/search/?api=1&query=26.42826956,-107.26700721"
Boutique Shersa,Guadalupe y Calvo,+52 64 9103 5534,ND,https://wa.me/526491035534,https://www.facebook.com/search/pages/?q=Boutique%20Shersa%20Guadalupe%20y%20Calvo,"https://www.google.com/maps/search/?api=1&query=26.42800757,-107.26657672"
Valentina S Boutique,Guadalupe y Calvo,+52 64 9392 4087,ND,https://wa.me/526493924087,https://www.facebook.com/search/pages/?q=Valentina%20S%20Boutique%20Guadalupe%20y%20Calvo,"https://www.google.com/maps/search/?api=1&query=26.42809298,-107.26742853"
Fashions Mannings,Guazapares,+52 63 5293 9862,ND,https://wa.me/526352939862,https://www.facebook.com/search/pages/?q=Fashions%20Mannings%20Guazapares,"https://www.google.com/maps/search/?api=1&query=27.27300957,-108.27706443"
Army Jeans,Guerrero,+52 63 5199 0145,ND,https://wa.me/526351990145,https://www.facebook.com/search/pages/?q=Army%20Jeans%20Guerrero,"https://www.google.com/maps/search/?api=1&query=28.35090102,-107.84907153"
Boutique,Guerrero,+52 63 5111 9908,ND,https://wa.me/526351119908,https://www.facebook.com/search/pages/?q=Boutique%20Guerrero,"https://www.google.com/maps/search/?api=1&query=28.55212423,-107.48251959"
Boutique D Ale,Guerrero,+52 63 5108 3219,ND,https://wa.me/526351083219,https://www.facebook.com/search/pages/?q=Boutique%20D%20Ale%20Guerrero,"https://www.google.com/maps/search/?api=1&query=28.5472653,-107.48097806"
Boutique Gaby,Guerrero,+52 63 5586 0743,ND,https://wa.me/526355860743,https://www.facebook.com/search/pages/?q=Boutique%20Gaby%20Guerrero,"https://www.google.com/maps/search/?api=1&query=28.54745397,-107.48599527"
Evelyn Y Litzy Boutique,Guerrero,+52 63 5112 7658,ND,https://wa.me/526351127658,https://www.facebook.com/search/pages/?q=Evelyn%20Y%20Litzy%20Boutique%20Guerrero,"https://www.google.com/maps/search/?api=1&query=28.53687863,-107.47313227"
Genesis Boutique,Guerrero,+52 63 5105 0652,ND,https://wa.me/526351050652,https://www.facebook.com/search/pages/?q=Genesis%20Boutique%20Guerrero,"https://www.google.com/maps/search/?api=1&query=28.4781966,-107.33104938"
Im Boutique,Guerrero,+52 63 5111 1213,ND,https://wa.me/526351111213,https://www.facebook.com/search/pages/?q=Im%20Boutique%20Guerrero,"https://www.google.com/maps/search/?api=1&query=28.5469919,-107.48298778"
Lucys Boutique,Guerrero,+52 63 5105 7164,ND,https://wa.me/526351057164,https://www.facebook.com/search/pages/?q=Lucys%20Boutique%20Guerrero,"https://www.google.com/maps/search/?api=1&query=28.55209133,-107.48383714"
Modas Adriana,Guerrero,+52 63 5107 3176,ND,https://wa.me/526351073176,https://www.facebook.com/search/pages/?q=Modas%20Adriana%20Guerrero,"https://www.google.com/maps/search/?api=1&query=28.35305593,-107.84786248"
My Boutique,Guerrero,+52 63 5112 2511,ND,https://wa.me/526351122511,https://www.facebook.com/search/pages/?q=My%20Boutique%20Guerrero,"https://www.google.com/maps/search/?api=1&query=28.55032842,-107.4811384"
Queen Boutique,Guerrero,+52 62 5151 5168,ND,https://wa.me/526251515168,https://www.facebook.com/search/pages/?q=Queen%20Boutique%20Guerrero,"https://www.google.com/maps/search/?api=1&query=28.48577379,-107.33706249"
Rebek Fashion,Guerrero,+52 55 4556 8723,ND,https://wa.me/525545568723,https://www.facebook.com/search/pages/?q=Rebek%20Fashion%20Guerrero,"https://www.google.com/maps/search/?api=1&query=28.47740237,-107.33128224"
Soystore,Guerrero,+52 61 4511 7903,ND,https://wa.me/526145117903,https://www.facebook.com/search/pages/?q=Soystore%20Guerrero,"https://www.google.com/maps/search/?api=1&query=28.54524471,-107.48303281"
Tienda De Ropa Pkes Fashion,Guerrero,+52 63 5589 4216,ND,https://wa.me/526355894216,https://www.facebook.com/search/pages/?q=Tienda%20De%20Ropa%20Pkes%20Fashion%20Guerrero,"https://www.google.com/maps/search/?api=1&query=28.47652368,-107.33107639"
Boutique Cukas,Hidalgo del Parral,+52 62 7106 6876,bjaneth_chavez@hotmail.com,https://wa.me/526271066876,https://www.facebook.com/search/pages/?q=Boutique%20Cukas%20Hidalgo%20del%20Parral,"https://www.google.com/maps/search/?api=1&query=26.9237255,-105.6520556"
Glamour Boutique,Hidalgo del Parral,+52 62 7104 4039,glamourboutique09@icloud.com,https://wa.me/526271044039,https://www.facebook.com/search/pages/?q=Glamour%20Boutique%20Hidalgo%20del%20Parral,"https://www.google.com/maps/search/?api=1&query=26.9309779,-105.65610597"
Gloria Fashion,Hidalgo del Parral,+52 62 7524 7549,ND,https://wa.me/526275247549,https://WWW.CALZADODELEONGUANAJUATO.COM/,"https://www.google.com/maps/search/?api=1&query=26.93381285,-105.66708365"
Oficina Aldos Boutique,Hidalgo del Parral,+52 62 7522 3402,aldoscasual@hotmail.com,https://wa.me/526275223402,https://www.facebook.com/search/pages/?q=Oficina%20Aldos%20Boutique%20Hidalgo%20del%20Parral,"https://www.google.com/maps/search/?api=1&query=26.93373691,-105.66716286"
Tienda De Ropa Blue Comodidad & Moda,Hidalgo del Parral,+52 62 7101 8587,karlacantu982@gmail.com,https://wa.me/526271018587,https://www.facebook.com/search/pages/?q=Tienda%20De%20Ropa%20Blue%20Comodidad%20%26%20Moda%20Hidalgo%20del%20Parral,"https://www.google.com/maps/search/?api=1&query=26.93333568,-105.66233018"
Tienda De Ropa Chik Boutique,Hidalgo del Parral,+52 61 4163 2746,jonasmanriquez@hotmail.com,https://wa.me/526141632746,https://www.facebook.com/search/pages/?q=Tienda%20De%20Ropa%20Chik%20Boutique%20Hidalgo%20del%20Parral,"https://www.google.com/maps/search/?api=1&query=26.92979187,-105.65312506"
Un Toque De Canela Boutique,Hidalgo del Parral,+52 62 7113 0092,acinorev19@live.com.mx,https://wa.me/526271130092,https://www.facebook.com/search/pages/?q=Un%20Toque%20De%20Canela%20Boutique%20Hidalgo%20del%20Parral,"https://www.google.com/maps/search/?api=1&query=26.91764308,-105.68551741"
Ale Boutique,Hidalgo del Parral,+52 62 7108 7313,ND,https://wa.me/526271087313,https://www.facebook.com/search/pages/?q=Ale%20Boutique%20Hidalgo%20del%20Parral,"https://www.google.com/maps/search/?api=1&query=26.93326046,-105.65976854"
Ber Closet Tienda De Ropa,Hidalgo del Parral,+52 64 9108 0754,ND,https://wa.me/526491080754,https://www.facebook.com/search/pages/?q=Ber%20Closet%20Tienda%20De%20Ropa%20Hidalgo%20del%20Parral,"https://www.google.com/maps/search/?api=1&query=26.93259781,-105.66402123"
Boutique,Hidalgo del Parral,+52 62 7139 8776,ND,https://wa.me/526271398776,https://www.facebook.com/search/pages/?q=Boutique%20Hidalgo%20del%20Parral,"https://www.google.com/maps/search/?api=1&query=26.93437075,-105.71330181"
Boutique Alexandra,Hidalgo del Parral,+52 66 2112 7256,ND,https://wa.me/526621127256,https://www.facebook.com/search/pages/?q=Boutique%20Alexandra%20Hidalgo%20del%20Parral,"https://www.google.com/maps/search/?api=1&query=26.9351822,-105.70577486"
Boutique America,Hidalgo del Parral,+52 62 7522 6374,ND,https://wa.me/526275226374,https://www.facebook.com/search/pages/?q=Boutique%20America%20Hidalgo%20del%20Parral,"https://www.google.com/maps/search/?api=1&query=26.9350666,-105.66751125"
Boutique D Lucy,Hidalgo del Parral,+52 62 7103 2259,ND,https://wa.me/526271032259,https://www.facebook.com/search/pages/?q=Boutique%20D%20Lucy%20Hidalgo%20del%20Parral,"https://www.google.com/maps/search/?api=1&query=26.92164136,-105.656919"
Boutique Modas Lb,Hidalgo del Parral,+52 62 7104 4216,ND,https://wa.me/526271044216,https://www.facebook.com/search/pages/?q=Boutique%20Modas%20Lb%20Hidalgo%20del%20Parral,"https://www.google.com/maps/search/?api=1&query=26.92896062,-105.65491527"
Boutique Ohmy Gloss,Hidalgo del Parral,+52 62 7106 2161,ND,https://wa.me/526271062161,https://www.facebook.com/search/pages/?q=Boutique%20Ohmy%20Gloss%20Hidalgo%20del%20Parral,"https://www.google.com/maps/search/?api=1&query=26.93293712,-105.66232496"
Boutique Platino,Hidalgo del Parral,+52 62 7174 2649,ND,https://wa.me/526271742649,https://www.facebook.com/search/pages/?q=Boutique%20Platino%20Hidalgo%20del%20Parral,"https://www.google.com/maps/search/?api=1&query=26.92978549,-105.66884325"
Boutique Vibrar Bonito,Hidalgo del Parral,+52 62 7113 1446,ND,https://wa.me/526271131446,https://www.facebook.com/search/pages/?q=Boutique%20Vibrar%20Bonito%20Hidalgo%20del%20Parral,"https://www.google.com/maps/search/?api=1&query=26.92138782,-105.67367569"
Boutique Zen,Hidalgo del Parral,+52 62 7132 6777,ND,https://wa.me/526271326777,https://www.facebook.com/search/pages/?q=Boutique%20Zen%20Hidalgo%20del%20Parral,"https://www.google.com/maps/search/?api=1&query=26.92539863,-105.67011691"
Chicas Fashion,Hidalgo del Parral,+52 55 4764 5449,ND,https://wa.me/525547645449,https://www.facebook.com/search/pages/?q=Chicas%20Fashion%20Hidalgo%20del%20Parral,"https://www.google.com/maps/search/?api=1&query=26.93392293,-105.66766399"
Chicas Fashion,Hidalgo del Parral,+52 62 7520 3915,ND,https://wa.me/526275203915,https://www.facebook.com/search/pages/?q=Chicas%20Fashion%20Hidalgo%20del%20Parral,"https://www.google.com/maps/search/?api=1&query=26.93496757,-105.667469"
Closet Johana,Hidalgo del Parral,+52 62 7121 9598,ND,https://wa.me/526271219598,https://www.facebook.com/search/pages/?q=Closet%20Johana%20Hidalgo%20del%20Parral,"https://www.google.com/maps/search/?api=1&query=26.93240977,-105.69943538"
Cp Boutique,Hidalgo del Parral,+52 62 7517 0802,ND,https://wa.me/526275170802,https://www.facebook.com/search/pages/?q=Cp%20Boutique%20Hidalgo%20del%20Parral,"https://www.google.com/maps/search/?api=1&query=26.93789906,-105.7030225"
Divina Boutique,Hidalgo del Parral,+52 62 7889 9169,ND,https://wa.me/526278899169,https://www.facebook.com/search/pages/?q=Divina%20Boutique%20Hidalgo%20del%20Parral,"https://www.google.com/maps/search/?api=1&query=26.92304891,-105.65600981"
Elegants Boutique,Hidalgo del Parral,+52 62 7148 9994,ND,https://wa.me/526271489994,https://www.facebook.com/search/pages/?q=Elegants%20Boutique%20Hidalgo%20del%20Parral,"https://www.google.com/maps/search/?api=1&query=26.91991485,-105.67555399"
Estefany Boutique,Hidalgo del Parral,+52 62 7113 3329,ND,https://wa.me/526271133329,https://www.facebook.com/search/pages/?q=Estefany%20Boutique%20Hidalgo%20del%20Parral,"https://www.google.com/maps/search/?api=1&query=26.93524374,-105.70455369"
Fashion Shop,Hidalgo del Parral,+52 62 7123 6626,ND,https://wa.me/526271236626,https://www.facebook.com/search/pages/?q=Fashion%20Shop%20Hidalgo%20del%20Parral,"https://www.google.com/maps/search/?api=1&query=26.93184542,-105.65677417"
Florencia Boutique,Hidalgo del Parral,+52 62 7114 7370,ND,https://wa.me/526271147370,https://www.facebook.com/search/pages/?q=Florencia%20Boutique%20Hidalgo%20del%20Parral,"https://www.google.com/maps/search/?api=1&query=26.93595142,-105.66815396"
For You Boutique,Hidalgo del Parral,+52 62 7119 4638,ND,https://wa.me/526271194638,https://www.facebook.com/search/pages/?q=For%20You%20Boutique%20Hidalgo%20del%20Parral,"https://www.google.com/maps/search/?api=1&query=26.92398984,-105.67036488"
Gretta Boutique,Hidalgo del Parral,+52 62 7142 8991,ND,https://wa.me/526271428991,https://www.facebook.com/search/pages/?q=Gretta%20Boutique%20Hidalgo%20del%20Parral,"https://www.google.com/maps/search/?api=1&query=26.93099139,-105.6655861"
Koko S Shop Accesorios,Hidalgo del Parral,+52 62 7124 1216,ND,https://wa.me/526271241216,https://www.facebook.com/search/pages/?q=Koko%20S%20Shop%20Accesorios%20Hidalgo%20del%20Parral,"https://www.google.com/maps/search/?api=1&query=26.93272683,-105.65881829"
Lolas Boutique,Hidalgo del Parral,+52 62 7111 2166,ND,https://wa.me/526271112166,https://www.facebook.com/search/pages/?q=Lolas%20Boutique%20Hidalgo%20del%20Parral,"https://www.google.com/maps/search/?api=1&query=26.93495097,-105.65648049"
Love Love Boutique,Hidalgo del Parral,+52 62 7517 5941,ND,https://wa.me/526275175941,https://www.facebook.com/search/pages/?q=Love%20Love%20Boutique%20Hidalgo%20del%20Parral,"https://www.google.com/maps/search/?api=1&query=26.93962671,-105.71259782"
Modas Ailen,Hidalgo del Parral,+52 33 4201 5816,ND,https://wa.me/523342015816,https://www.facebook.com/search/pages/?q=Modas%20Ailen%20Hidalgo%20del%20Parral,"https://www.google.com/maps/search/?api=1&query=26.93365499,-105.6662514"
Modas Sarai,Hidalgo del Parral,+52 67 7879 3969,ND,https://wa.me/526778793969,https://www.facebook.com/search/pages/?q=Modas%20Sarai%20Hidalgo%20del%20Parral,"https://www.google.com/maps/search/?api=1&query=26.9336359,-105.66818149"
Mon Lieu Boutique,Hidalgo del Parral,+52 62 7103 1289,ND,https://wa.me/526271031289,https://www.facebook.com/search/pages/?q=Mon%20Lieu%20Boutique%20Hidalgo%20del%20Parral,"https://www.google.com/maps/search/?api=1&query=26.93327985,-105.65723326"
Pantalones Levis,Hidalgo del Parral,+52 62 7113 7111,ND,https://wa.me/526271137111,https://www.facebook.com/search/pages/?q=Pantalones%20Levis%20Hidalgo%20del%20Parral,"https://www.google.com/maps/search/?api=1&query=26.91588582,-105.67085806"
Pantalones Y Camisas El Aguila,Hidalgo del Parral,+52 62 7150 0995,ND,https://wa.me/526271500995,https://www.facebook.com/search/pages/?q=Pantalones%20Y%20Camisas%20El%20Aguila%20Hidalgo%20del%20Parral,"https://www.google.com/maps/search/?api=1&query=26.93367139,-105.66815988"
Pazzarelas Boutique,Hidalgo del Parral,+52 62 7112 1779,ND,https://wa.me/526271121779,https://www.facebook.com/search/pages/?q=Pazzarelas%20Boutique%20Hidalgo%20del%20Parral,"https://www.google.com/maps/search/?api=1&query=26.92420002,-105.66718512"
Rb Boutique,Hidalgo del Parral,+52 62 7143 4962,ND,https://wa.me/526271434962,https://www.facebook.com/search/pages/?q=Rb%20Boutique%20Hidalgo%20del%20Parral,"https://www.google.com/maps/search/?api=1&query=26.95024986,-105.67671792"
Roset Boutique,Hidalgo del Parral,+52 62 7102 2300,ND,https://wa.me/526271022300,https://www.facebook.com/search/pages/?q=Roset%20Boutique%20Hidalgo%20del%20Parral,"https://www.google.com/maps/search/?api=1&query=26.9395654,-105.70220876"
Stephani Boutique,Hidalgo del Parral,+52 62 7149 7698,ND,https://wa.me/526271497698,https://www.facebook.com/search/pages/?q=Stephani%20Boutique%20Hidalgo%20del%20Parral,"https://www.google.com/maps/search/?api=1&query=26.93804191,-105.70296601"
Taz Moda Hombre,Hidalgo del Parral,+52 62 7525 7090,ND,https://wa.me/526275257090,https://www.facebook.com/search/pages/?q=Taz%20Moda%20Hombre%20Hidalgo%20del%20Parral,"https://www.google.com/maps/search/?api=1&query=26.93222529,-105.66410805"
Tienda De Ropa Boutique Nicols,Hidalgo del Parral,+52 62 7121 4607,ND,https://wa.me/526271214607,https://www.facebook.com/search/pages/?q=Tienda%20De%20Ropa%20Boutique%20Nicols%20Hidalgo%20del%20Parral,"https://www.google.com/maps/search/?api=1&query=26.92712862,-105.67980432"
Tienda De Ropa Luna Boutique,Hidalgo del Parral,+52 62 7115 6897,ND,https://wa.me/526271156897,https://www.facebook.com/search/pages/?q=Tienda%20De%20Ropa%20Luna%20Boutique%20Hidalgo%20del%20Parral,"https://www.google.com/maps/search/?api=1&query=26.91640095,-105.68020667"
Tienda De Ropa Y Accesorios Nova Era Boutique,Hidalgo del Parral,+52 62 7121 7669,ND,https://wa.me/526271217669,https://www.facebook.com/search/pages/?q=Tienda%20De%20Ropa%20Y%20Accesorios%20Nova%20Era%20Boutique%20Hidalgo%20del%20Parral,"https://www.google.com/maps/search/?api=1&query=26.92821611,-105.67496048"
Western Shop,Hidalgo del Parral,+52 62 7103 1755,ND,https://wa.me/526271031755,https://www.facebook.com/search/pages/?q=Western%20Shop%20Hidalgo%20del%20Parral,"https://www.google.com/maps/search/?api=1&query=26.92686838,-105.67093074"
Yireh Boutique,Hidalgo del Parral,+52 62 7231 0725,ND,https://wa.me/526272310725,https://www.facebook.com/search/pages/?q=Yireh%20Boutique%20Hidalgo%20del%20Parral,"https://www.google.com/maps/search/?api=1&query=26.93077923,-105.66495336"
Butique Usa Tienda De Ropa,Huejotitán,+52 64 9101 9037,ND,https://wa.me/526491019037,https://www.facebook.com/search/pages/?q=Butique%20Usa%20Tienda%20De%20Ropa%20Huejotitán,"https://www.google.com/maps/search/?api=1&query=27.05442579,-106.17865122"
Modas Allison,Ignacio Zaragoza,+52 63 6108 8490,ND,https://wa.me/526361088490,https://www.facebook.com/search/pages/?q=Modas%20Allison%20Ignacio%20Zaragoza,"https://www.google.com/maps/search/?api=1&query=29.64781246,-107.76236198"
Modas El Y Ella,Ignacio Zaragoza,+52 63 6536 3803,ND,https://wa.me/526365363803,https://www.facebook.com/search/pages/?q=Modas%20El%20Y%20Ella%20Ignacio%20Zaragoza,"https://www.google.com/maps/search/?api=1&query=29.64351259,-107.76337016"
Modas Ruiz,Ignacio Zaragoza,+52 63 6116 5991,ND,https://wa.me/526361165991,https://www.facebook.com/search/pages/?q=Modas%20Ruiz%20Ignacio%20Zaragoza,"https://www.google.com/maps/search/?api=1&query=29.64352309,-107.76590218"
Modas Yesy,Ignacio Zaragoza,+52 63 6663 0098,ND,https://wa.me/526366630098,https://www.facebook.com/search/pages/?q=Modas%20Yesy%20Ignacio%20Zaragoza,"https://www.google.com/maps/search/?api=1&query=29.64419697,-107.76312238"
Butique Ssttell Y Roberts,Janos,+52 63 6115 4656,ND,https://wa.me/526361154656,https://www.facebook.com/search/pages/?q=Butique%20Ssttell%20Y%20Roberts%20Janos,"https://www.google.com/maps/search/?api=1&query=30.88996687,-108.20659254"
Cowboy Stile,Janos,ND,ND,ND,https://www.facebook.com/search/pages/?q=Cowboy%20Stile%20Janos,"https://www.google.com/maps/search/?api=1&query=30.8884006,-108.18882898"
Boutique Iris Danielle,Jiménez,+52 62 9542 1358,ND,https://wa.me/526295421358,https://www.facebook.com/search/pages/?q=Boutique%20Iris%20Danielle%20Jiménez,"https://www.google.com/maps/search/?api=1&query=27.12830974,-104.92190665"
Jualdec Fashion,Jiménez,+52 62 9106 6545,ND,https://wa.me/526291066545,https://www.facebook.com/search/pages/?q=Jualdec%20Fashion%20Jiménez,"https://www.google.com/maps/search/?api=1&query=27.12240454,-104.90495298"
Olga Boutique,Jiménez,+52 62 9542 0311,ND,https://wa.me/526295420311,https://www.facebook.com/search/pages/?q=Olga%20Boutique%20Jiménez,"https://www.google.com/maps/search/?api=1&query=27.12937073,-104.91843413"
Tienda De Ropa Mundi Moda,Jiménez,+52 62 9542 0193,ND,https://wa.me/526295420193,https://www.facebook.com/search/pages/?q=Tienda%20De%20Ropa%20Mundi%20Moda%20Jiménez,"https://www.google.com/maps/search/?api=1&query=27.12787083,-104.92046392"
Vanesa Modas,Jiménez,+52 62 9109 8447,ND,https://wa.me/526291098447,https://www.facebook.com/search/pages/?q=Vanesa%20Modas%20Jiménez,"https://www.google.com/maps/search/?api=1&query=27.12268332,-104.91645226"
Boutique Lazalde,Juárez,+52 65 6270 2425,luzmariela1103@gmail.com,https://wa.me/526562702425,https://www.facebook.com/search/pages/?q=Boutique%20Lazalde%20Juárez,"https://www.google.com/maps/search/?api=1&query=31.58539296,-106.41076141"
Boutique Valeria Fashion,Juárez,+52 65 6826 4377,grillosdiscoteque2020@yahoo.com,https://wa.me/526568264377,https://www.facebook.com/search/pages/?q=Boutique%20Valeria%20Fashion%20Juárez,"https://www.google.com/maps/search/?api=1&query=31.71266411,-106.44266478"
Closet Fashion,Juárez,+52 65 6335 5691,bxmota@gmail.com,https://wa.me/526563355691,https://www.facebook.com/search/pages/?q=Closet%20Fashion%20Juárez,"https://www.google.com/maps/search/?api=1&query=31.57797317,-106.37082113"
Cocos Fashion,Juárez,+52 65 6620 7120,facturacionck@hotmail.com,https://wa.me/526566207120,https://www.facebook.com/search/pages/?q=Cocos%20Fashion%20Juárez,"https://www.google.com/maps/search/?api=1&query=31.60702163,-106.39783256"
Iris Boutique,Juárez,+52 65 6398 0535,iris_boutique@live.com,https://wa.me/526563980535,https://www.facebook.com/search/pages/?q=Iris%20Boutique%20Juárez,"https://www.google.com/maps/search/?api=1&query=31.73590448,-106.4246664"
La Villa Rosa Boutique,Juárez,+52 65 6150 0883,flores.aurora71@yahoo.com,https://wa.me/526561500883,https://www.facebook.com/search/pages/?q=La%20Villa%20Rosa%20Boutique%20Juárez,"https://www.google.com/maps/search/?api=1&query=31.65898187,-106.44129911"
Patys Fashion,Juárez,+52 65 6388 8097,patriciavirginiaburrola@gmail.com,https://wa.me/526563888097,https://www.facebook.com/search/pages/?q=Patys%20Fashion%20Juárez,"https://www.google.com/maps/search/?api=1&query=31.70874744,-106.43188296"
Sexy Moda,Juárez,+52 65 6450 5079,cortesgabalvoy@gmail.com,https://wa.me/526564505079,https://www.facebook.com/search/pages/?q=Sexy%20Moda%20Juárez,"https://www.google.com/maps/search/?api=1&query=31.69362831,-106.38140403"
Ana Laura Fashion Boutique,Juárez,+52 65 6706 9876,ND,https://wa.me/526567069876,https://www.facebook.com/search/pages/?q=Ana%20Laura%20Fashion%20Boutique%20Juárez,"https://www.google.com/maps/search/?api=1&query=31.65533399,-106.39287508"
B-Cca Jeans,Juárez,+52 65 6112 8625,ND,https://wa.me/526561128625,https://www.facebook.com/search/pages/?q=B-Cca%20Jeans%20Juárez,"https://www.google.com/maps/search/?api=1&query=31.73553335,-106.43663212"
Boutique,Juárez,+52 65 6129 9359,ND,https://wa.me/526561299359,https://www.facebook.com/search/pages/?q=Boutique%20Juárez,"https://www.google.com/maps/search/?api=1&query=31.59062462,-106.40833277"
Boutique Abril,Juárez,+52 65 6760 5214,ND,https://wa.me/526567605214,https://www.facebook.com/search/pages/?q=Boutique%20Abril%20Juárez,"https://www.google.com/maps/search/?api=1&query=31.61797751,-106.37804004"
Boutique Anahi,Juárez,+52 65 6158 5694,ND,https://wa.me/526561585694,https://www.facebook.com/search/pages/?q=Boutique%20Anahi%20Juárez,"https://www.google.com/maps/search/?api=1&query=31.60425146,-106.34619917"
Boutique Ariana,Juárez,+52 65 6373 7362,ND,https://wa.me/526563737362,https://www.facebook.com/search/pages/?q=Boutique%20Ariana%20Juárez,"https://www.google.com/maps/search/?api=1&query=31.6326939,-106.36026035"
Boutique Blossom,Juárez,+52 65 6101 3518,ND,https://wa.me/526561013518,https://www.facebook.com/search/pages/?q=Boutique%20Blossom%20Juárez,"https://www.google.com/maps/search/?api=1&query=31.55954106,-106.34290136"
Boutique Carolina,Juárez,+52 65 6769 9192,ND,https://wa.me/526567699192,https://www.facebook.com/search/pages/?q=Boutique%20Carolina%20Juárez,"https://www.google.com/maps/search/?api=1&query=31.59959908,-106.31529697"
Boutique Cherry,Juárez,+52 65 6881 4106,ND,https://wa.me/526568814106,https://www.facebook.com/search/pages/?q=Boutique%20Cherry%20Juárez,"https://www.google.com/maps/search/?api=1&query=31.61727915,-106.33907293"
Boutique Daniels Closet,Juárez,+52 65 6221 1592,ND,https://wa.me/526562211592,https://www.facebook.com/search/pages/?q=Boutique%20Daniels%20Closet%20Juárez,"https://www.google.com/maps/search/?api=1&query=31.7052706,-106.45724223"
Boutique Denisse,Juárez,+52 65 6504 3527,ND,https://wa.me/526565043527,https://www.facebook.com/search/pages/?q=Boutique%20Denisse%20Juárez,"https://www.google.com/maps/search/?api=1&query=31.56410295,-106.33542862"
Boutique Evaliz,Juárez,+52 65 6565 7325,ND,https://wa.me/526565657325,https://www.facebook.com/search/pages/?q=Boutique%20Evaliz%20Juárez,"https://www.google.com/maps/search/?api=1&query=31.61377344,-106.5241073"
Boutique Floura,Juárez,+52 65 6532 8383,ND,https://wa.me/526565328383,https://www.facebook.com/search/pages/?q=Boutique%20Floura%20Juárez,"https://www.google.com/maps/search/?api=1&query=31.63892017,-106.37737036"
Boutique Julis,Juárez,+52 65 6765 6233,ND,https://wa.me/526567656233,https://www.facebook.com/search/pages/?q=Boutique%20Julis%20Juárez,"https://www.google.com/maps/search/?api=1&query=31.59343049,-106.37096961"
Boutique La Wuawua,Juárez,+52 65 6300 1044,ND,https://wa.me/526563001044,https://www.facebook.com/search/pages/?q=Boutique%20La%20Wuawua%20Juárez,"https://www.google.com/maps/search/?api=1&query=31.73006187,-106.48150475"
Boutique Lozano,Juárez,+52 65 6606 8725,ND,https://wa.me/526566068725,https://www.facebook.com/search/pages/?q=Boutique%20Lozano%20Juárez,"https://www.google.com/maps/search/?api=1&query=31.59070434,-106.36780473"
Boutique Provocativa Moda Para Ti,Juárez,+52 65 6271 9106,ND,https://wa.me/526562719106,https://www.facebook.com/search/pages/?q=Boutique%20Provocativa%20Moda%20Para%20Ti%20Juárez,"https://www.google.com/maps/search/?api=1&query=31.61823349,-106.33990251"
Boutique Rolo Fashion,Juárez,+52 65 6128 9951,ND,https://wa.me/526561289951,https://www.facebook.com/search/pages/?q=Boutique%20Rolo%20Fashion%20Juárez,"https://www.google.com/maps/search/?api=1&query=31.70801782,-106.47904864"
Boutique Seañez,Juárez,+52 65 6449 2184,ND,https://wa.me/526564492184,https://www.facebook.com/search/pages/?q=Boutique%20Seañez%20Juárez,"https://www.google.com/maps/search/?api=1&query=31.60238855,-106.36014476"
Cabral S Moda,Juárez,+52 65 6445 8952,ND,https://wa.me/526564458952,https://www.facebook.com/search/pages/?q=Cabral%20S%20Moda%20Juárez,"https://www.google.com/maps/search/?api=1&query=31.68599508,-106.37042996"
Chalet Boutique,Juárez,+52 65 6617 4792,ND,https://wa.me/526566174792,https://www.facebook.com/search/pages/?q=Chalet%20Boutique%20Juárez,"https://www.google.com/maps/search/?api=1&query=31.70182669,-106.41836813"
Closeth Dakale,Juárez,+52 65 6112 0070,ND,https://wa.me/526561120070,https://www.facebook.com/search/pages/?q=Closeth%20Dakale%20Juárez,"https://www.google.com/maps/search/?api=1&query=31.6221723,-106.37400755"
Cocos Boutique,Juárez,+52 65 6281 7900,ND,https://wa.me/526562817900,https://www.facebook.com/search/pages/?q=Cocos%20Boutique%20Juárez,"https://www.google.com/maps/search/?api=1&query=31.71266411,-106.44266478"
Cocos Boutique,Juárez,+52 65 6411 3652,ND,https://wa.me/526564113652,https://www.facebook.com/search/pages/?q=Cocos%20Boutique%20Juárez,"https://www.google.com/maps/search/?api=1&query=31.65914919,-106.44198541"
Cocos Glez Boutique,Juárez,+52 65 6216 5454,ND,https://wa.me/526562165454,https://www.facebook.com/search/pages/?q=Cocos%20Glez%20Boutique%20Juárez,"https://www.google.com/maps/search/?api=1&query=31.73351623,-106.48353296"
De Compritas Shop,Juárez,+52 65 6110 2153,ND,https://wa.me/526561102153,https://www.facebook.com/search/pages/?q=De%20Compritas%20Shop%20Juárez,"https://www.google.com/maps/search/?api=1&query=31.64684575,-106.36958848"
Destellos Boutique Y Salon,Juárez,+52 65 6651 6977,ND,https://wa.me/526566516977,https://www.facebook.com/search/pages/?q=Destellos%20Boutique%20Y%20Salon%20Juárez,"https://www.google.com/maps/search/?api=1&query=31.70084785,-106.48332136"
Divas Boutique,Juárez,+52 65 6623 5692,ND,https://wa.me/526566235692,https://www.facebook.com/search/pages/?q=Divas%20Boutique%20Juárez,"https://www.google.com/maps/search/?api=1&query=31.69971848,-106.42472882"
Ely Modas,Juárez,+52 65 6689 8188,ND,https://wa.me/526566898188,https://www.facebook.com/search/pages/?q=Ely%20Modas%20Juárez,"https://www.google.com/maps/search/?api=1&query=31.70744715,-106.42898077"
Fashion,Juárez,+52 65 6187 5914,ND,https://wa.me/526561875914,https://www.facebook.com/search/pages/?q=Fashion%20Juárez,"https://www.google.com/maps/search/?api=1&query=31.65914919,-106.44198541"
Fashion Lolis,Juárez,+52 65 6262 8589,ND,https://wa.me/526562628589,https://www.facebook.com/search/pages/?q=Fashion%20Lolis%20Juárez,"https://www.google.com/maps/search/?api=1&query=31.59168251,-106.36856319"
Fashion Moon,Juárez,+52 65 6107 5479,ND,https://wa.me/526561075479,https://www.facebook.com/search/pages/?q=Fashion%20Moon%20Juárez,"https://www.google.com/maps/search/?api=1&query=31.61368141,-106.52683481"
Galo Boutique Collezione,Juárez,+52 65 6351 1923,ND,https://wa.me/526563511923,https://www.facebook.com/search/pages/?q=Galo%20Boutique%20Collezione%20Juárez,"https://www.google.com/maps/search/?api=1&query=31.70356026,-106.41348381"
Gyn Closet,Juárez,+52 65 6137 1858,ND,https://wa.me/526561371858,https://www.facebook.com/search/pages/?q=Gyn%20Closet%20Juárez,"https://www.google.com/maps/search/?api=1&query=31.67350242,-106.42423518"
Inter Fashion,Juárez,+52 65 6617 0435,ND,https://wa.me/526566170435,https://www.facebook.com/search/pages/?q=Inter%20Fashion%20Juárez,"https://www.google.com/maps/search/?api=1&query=31.70744715,-106.42898077"
Jc Boutique,Juárez,+52 65 6748 8504,ND,https://wa.me/526567488504,https://www.facebook.com/search/pages/?q=Jc%20Boutique%20Juárez,"https://www.google.com/maps/search/?api=1&query=31.62062635,-106.4376174"
Leires Boutique,Juárez,+52 65 6356 0302,ND,https://wa.me/526563560302,https://www.facebook.com/search/pages/?q=Leires%20Boutique%20Juárez,"https://www.google.com/maps/search/?api=1&query=31.60429173,-106.3602625"
Lili Boutique,Juárez,+52 65 6758 3688,ND,https://wa.me/526567583688,https://www.facebook.com/search/pages/?q=Lili%20Boutique%20Juárez,"https://www.google.com/maps/search/?api=1&query=31.65242242,-106.38747711"
May Kari Boutique,Juárez,+52 65 6409 0913,ND,https://wa.me/526564090913,https://www.facebook.com/search/pages/?q=May%20Kari%20Boutique%20Juárez,"https://www.google.com/maps/search/?api=1&query=31.71448516,-106.45166914"
Mi Delirio Boutique,Juárez,+52 65 6699 6782,ND,https://wa.me/526566996782,https://www.facebook.com/search/pages/?q=Mi%20Delirio%20Boutique%20Juárez,"https://www.google.com/maps/search/?api=1&query=31.72164356,-106.45206815"
Mj Moda Y Estilo,Juárez,+52 65 6217 0647,ND,https://wa.me/526562170647,https://www.facebook.com/search/pages/?q=Mj%20Moda%20Y%20Estilo%20Juárez,"https://www.google.com/maps/search/?api=1&query=31.61563748,-106.3376316"
Moda 656,Juárez,+52 65 6359 6236,ND,https://wa.me/526563596236,https://www.facebook.com/search/pages/?q=Moda%20656%20Juárez,"https://www.google.com/maps/search/?api=1&query=31.64962035,-106.4555366"
Moda Boutique,Juárez,+52 65 6755 9906,ND,https://wa.me/526567559906,https://www.facebook.com/search/pages/?q=Moda%20Boutique%20Juárez,"https://www.google.com/maps/search/?api=1&query=31.64885127,-106.3937427"
Moda Curby Y Mil Estilos,Juárez,+52 65 6286 4125,ND,https://wa.me/526562864125,https://www.facebook.com/search/pages/?q=Moda%20Curby%20Y%20Mil%20Estilos%20Juárez,"https://www.google.com/maps/search/?api=1&query=31.5982515,-106.38536371"
Moda Milenium Plaza Juarez,Juárez,+52 65 6623 1365,ND,https://wa.me/526566231365,https://www.facebook.com/search/pages/?q=Moda%20Milenium%20Plaza%20Juarez%20Juárez,"https://www.google.com/maps/search/?api=1&query=31.70744715,-106.42898077"
Modas Itzel,Juárez,+52 65 6826 7777,ND,https://wa.me/526568267777,https://www.facebook.com/search/pages/?q=Modas%20Itzel%20Juárez,"https://www.google.com/maps/search/?api=1&query=31.5943977,-106.39463784"
Modas Marie,Juárez,+52 65 6618 7118,ND,https://wa.me/526566187118,https://www.facebook.com/search/pages/?q=Modas%20Marie%20Juárez,"https://www.google.com/maps/search/?api=1&query=31.70744715,-106.42898077"
Mony Shop,Juárez,+52 65 6624 4590,ND,https://wa.me/526566244590,https://www.facebook.com/search/pages/?q=Mony%20Shop%20Juárez,"https://www.google.com/maps/search/?api=1&query=31.6499755,-106.39070611"
My Lady Boutique,Juárez,+52 65 6751 6628,ND,https://wa.me/526567516628,https://www.facebook.com/search/pages/?q=My%20Lady%20Boutique%20Juárez,"https://www.google.com/maps/search/?api=1&query=31.64888348,-106.38885959"
Pink Fashion,Juárez,+52 65 6279 4191,ND,https://wa.me/526562794191,https://www.facebook.com/search/pages/?q=Pink%20Fashion%20Juárez,"https://www.google.com/maps/search/?api=1&query=31.60590866,-106.35564304"
Revostore,Juárez,+52 65 6590 2271,ND,https://wa.me/526565902271,https://www.facebook.com/search/pages/?q=Revostore%20Juárez,"https://www.google.com/maps/search/?api=1&query=31.6627845,-106.3920767"
Rubi Boutique,Juárez,+52 65 6573 8953,ND,https://wa.me/526565738953,https://www.facebook.com/search/pages/?q=Rubi%20Boutique%20Juárez,"https://www.google.com/maps/search/?api=1&query=31.65952459,-106.36154052"
Sher Boutique & Spa,Juárez,+52 65 6758 7552,ND,https://wa.me/526567587552,https://www.facebook.com/search/pages/?q=Sher%20Boutique%20%26%20Spa%20Juárez,"https://www.google.com/maps/search/?api=1&query=31.71375302,-106.41702427"
Shop Men,Juárez,+52 65 6864 3479,ND,https://wa.me/526568643479,https://www.facebook.com/search/pages/?q=Shop%20Men%20Juárez,"https://www.google.com/maps/search/?api=1&query=31.61551833,-106.33975693"
Summer Shop,Juárez,+52 65 6527 0075,ND,https://wa.me/526565270075,https://www.facebook.com/search/pages/?q=Summer%20Shop%20Juárez,"https://www.google.com/maps/search/?api=1&query=31.63347898,-106.38368658"
Super Moda,Juárez,+52 65 6617 8311,ND,https://wa.me/526566178311,https://www.facebook.com/search/pages/?q=Super%20Moda%20Juárez,"https://www.google.com/maps/search/?api=1&query=31.73568002,-106.42465967"
Tienda De Ropa Boutique,Juárez,+52 65 6104 7066,ND,https://wa.me/526561047066,https://www.facebook.com/search/pages/?q=Tienda%20De%20Ropa%20Boutique%20Juárez,"https://www.google.com/maps/search/?api=1&query=31.60353239,-106.35930455"
Tienda De Ropa Jeans El Patron,Juárez,+52 65 6276 1671,ND,https://wa.me/526562761671,https://www.facebook.com/search/pages/?q=Tienda%20De%20Ropa%20Jeans%20El%20Patron%20Juárez,"https://www.google.com/maps/search/?api=1&query=31.68499826,-106.44551116"
Tienda De Ropa Sissu Boutique,Juárez,+52 65 6670 0046,ND,https://wa.me/526566700046,https://www.facebook.com/search/pages/?q=Tienda%20De%20Ropa%20Sissu%20Boutique%20Juárez,"https://www.google.com/maps/search/?api=1&query=31.70627861,-106.45951104"
Torres Boutique,Juárez,+52 65 6557 7493,ND,https://wa.me/526565577493,https://www.facebook.com/search/pages/?q=Torres%20Boutique%20Juárez,"https://www.google.com/maps/search/?api=1&query=31.7617446,-106.51100904"
Venta De Ropa Modas Joselyn,Juárez,+52 65 6492 0328,ND,https://wa.me/526564920328,https://www.facebook.com/search/pages/?q=Venta%20De%20Ropa%20Modas%20Joselyn%20Juárez,"https://www.google.com/maps/search/?api=1&query=31.73666948,-106.4873851"
Boutique Ok,Julimes,+52 63 9134 7192,ND,https://wa.me/526391347192,https://www.facebook.com/search/pages/?q=Boutique%20Ok%20Julimes,"https://www.google.com/maps/search/?api=1&query=28.42486388,-105.43116747"
Nice Boutique,Julimes,+52 63 9166 7643,ND,https://wa.me/526391667643,https://www.facebook.com/search/pages/?q=Nice%20Boutique%20Julimes,"https://www.google.com/maps/search/?api=1&query=28.42376877,-105.42890964"
Tienda De Ropa Baquera,La Cruz,+52 61 4342 9688,ND,https://wa.me/526143429688,https://www.facebook.com/search/pages/?q=Tienda%20De%20Ropa%20Baquera%20La%20Cruz,"https://www.google.com/maps/search/?api=1&query=27.86266627,-105.20313208"
Maxi Modas Rachel,López,+52 62 9519 8700,ND,https://wa.me/526295198700,https://www.facebook.com/search/pages/?q=Maxi%20Modas%20Rachel%20López,"https://www.google.com/maps/search/?api=1&query=27.00301128,-105.03315379"
Studio Boutique,Madera,+52 65 2101 5982,arielongarcia@hotmail.com,https://wa.me/526521015982,https://www.facebook.com/search/pages/?q=Studio%20Boutique%20Madera,"https://www.google.com/maps/search/?api=1&query=29.18344775,-108.13825106"
Boutique Quezada,Madera,+52 65 2570 7843,ND,https://wa.me/526525707843,https://www.facebook.com/search/pages/?q=Boutique%20Quezada%20Madera,"https://www.google.com/maps/search/?api=1&query=29.19113226,-108.14269415"
Ceren Moda Casual,Madera,+52 65 2192 4560,ND,https://wa.me/526521924560,https://www.facebook.com/search/pages/?q=Ceren%20Moda%20Casual%20Madera,"https://www.google.com/maps/search/?api=1&query=29.19585713,-108.1427468"
Garan Moda Y Belleza,Madera,+52 65 2105 1133,ND,https://wa.me/526521051133,https://www.facebook.com/search/pages/?q=Garan%20Moda%20Y%20Belleza%20Madera,"https://www.google.com/maps/search/?api=1&query=29.19319807,-108.14279327"
Mi Armario Boutique,Madera,+52 65 2104 0840,ND,https://wa.me/526521040840,https://www.facebook.com/search/pages/?q=Mi%20Armario%20Boutique%20Madera,"https://www.google.com/maps/search/?api=1&query=29.19356423,-108.14271509"
Mi Boutique,Madera,+52 61 4548 3695,ND,https://wa.me/526145483695,https://www.facebook.com/search/pages/?q=Mi%20Boutique%20Madera,"https://www.google.com/maps/search/?api=1&query=29.19333173,-108.14046242"
Modas Apparel,Madera,+52 65 2105 5714,ND,https://wa.me/526521055714,https://www.facebook.com/search/pages/?q=Modas%20Apparel%20Madera,"https://www.google.com/maps/search/?api=1&query=29.19135492,-108.14276877"
Modas Ariana,Madera,+52 65 2103 7332,ND,https://wa.me/526521037332,https://www.facebook.com/search/pages/?q=Modas%20Ariana%20Madera,"https://www.google.com/maps/search/?api=1&query=29.19319483,-108.14262992"
Teresa Boutique,Madera,+52 65 2104 4492,ND,https://wa.me/526521044492,https://www.facebook.com/search/pages/?q=Teresa%20Boutique%20Madera,"https://www.google.com/maps/search/?api=1&query=29.19532045,-108.14427395"
Tienda De Ropa Moda Casual De Maruca,Madera,+52 65 2103 3615,ND,https://wa.me/526521033615,https://www.facebook.com/search/pages/?q=Tienda%20De%20Ropa%20Moda%20Casual%20De%20Maruca%20Madera,"https://www.google.com/maps/search/?api=1&query=29.68625962,-108.27440963"
Cowgirl Cowboy Yee Haw,Matachí,+52 62 5157 7262,ND,https://wa.me/526251577262,https://www.facebook.com/search/pages/?q=Cowgirl%20Cowboy%20Yee%20Haw%20Matachí,"https://www.google.com/maps/search/?api=1&query=28.84273953,-107.75422534"
Isabella Nunca Es Suficiente Ropa,Matamoros,ND,ND,ND,https://www.facebook.com/search/pages/?q=Isabella%20Nunca%20Es%20Suficiente%20Ropa%20Matamoros,"https://www.google.com/maps/search/?api=1&query=26.76200955,-105.58553715"
Mujer Bonita,Matamoros,ND,ND,ND,https://www.facebook.com/search/pages/?q=Mujer%20Bonita%20Matamoros,"https://www.google.com/maps/search/?api=1&query=26.76271862,-105.5846278"
Ariana S Boutique,Meoqui,+52 61 4370 7374,ND,https://wa.me/526143707374,https://www.facebook.com/search/pages/?q=Ariana%20S%20Boutique%20Meoqui,"https://www.google.com/maps/search/?api=1&query=28.38692835,-105.62536481"
Azul Boutique,Meoqui,+52 63 9141 0104,ND,https://wa.me/526391410104,https://www.facebook.com/search/pages/?q=Azul%20Boutique%20Meoqui,"https://www.google.com/maps/search/?api=1&query=28.26683429,-105.48144212"
Bacha Boutique,Meoqui,+52 63 9471 9806,ND,https://wa.me/526394719806,https://www.facebook.com/search/pages/?q=Bacha%20Boutique%20Meoqui,"https://www.google.com/maps/search/?api=1&query=28.26631488,-105.47927053"
Bless Boutique,Meoqui,+52 63 9473 7117,ND,https://wa.me/526394737117,https://www.facebook.com/search/pages/?q=Bless%20Boutique%20Meoqui,"https://www.google.com/maps/search/?api=1&query=28.26728293,-105.48013567"
Boutique Ale V,Meoqui,+52 63 9100 0534,ND,https://wa.me/526391000534,https://www.facebook.com/search/pages/?q=Boutique%20Ale%20V%20Meoqui,"https://www.google.com/maps/search/?api=1&query=28.26961093,-105.47408013"
Brenda Boutique,Meoqui,+52 63 9107 8898,ND,https://wa.me/526391078898,https://www.facebook.com/search/pages/?q=Brenda%20Boutique%20Meoqui,"https://www.google.com/maps/search/?api=1&query=28.26765294,-105.48177845"
Camila Boutique,Meoqui,+52 63 9467 8404,ND,https://wa.me/526394678404,https://www.facebook.com/search/pages/?q=Camila%20Boutique%20Meoqui,"https://www.google.com/maps/search/?api=1&query=28.26707894,-105.48250043"
Chanel Boutique,Meoqui,+52 63 9155 4541,ND,https://wa.me/526391554541,https://www.facebook.com/search/pages/?q=Chanel%20Boutique%20Meoqui,"https://www.google.com/maps/search/?api=1&query=28.2667259,-105.48145424"
Claimar Boutique,Meoqui,+52 63 9473 0342,ND,https://wa.me/526394730342,https://www.facebook.com/search/pages/?q=Claimar%20Boutique%20Meoqui,"https://www.google.com/maps/search/?api=1&query=28.26604089,-105.4792335"
De Mariana Boutique,Meoqui,+52 63 9100 8854,ND,https://wa.me/526391008854,https://www.facebook.com/search/pages/?q=De%20Mariana%20Boutique%20Meoqui,"https://www.google.com/maps/search/?api=1&query=28.27708539,-105.47812576"
De Moda,Meoqui,+52 63 9100 6672,ND,https://wa.me/526391006672,https://www.facebook.com/search/pages/?q=De%20Moda%20Meoqui,"https://www.google.com/maps/search/?api=1&query=28.2674302,-105.47997527"
De Modas,Meoqui,+52 63 9173 2724,ND,https://wa.me/526391732724,https://www.facebook.com/search/pages/?q=De%20Modas%20Meoqui,"https://www.google.com/maps/search/?api=1&query=28.26774919,-105.47970938"
Escarlata Boutique,Meoqui,+52 63 9169 4179,ND,https://wa.me/526391694179,https://www.facebook.com/search/pages/?q=Escarlata%20Boutique%20Meoqui,"https://www.google.com/maps/search/?api=1&query=28.26537562,-105.48054855"
Fashion Yami,Meoqui,+52 63 9112 3900,ND,https://wa.me/526391123900,https://www.facebook.com/search/pages/?q=Fashion%20Yami%20Meoqui,"https://www.google.com/maps/search/?api=1&query=28.38614536,-105.62555192"
Glow Boutique,Meoqui,+52 63 9398 0972,ND,https://wa.me/526393980972,https://www.facebook.com/search/pages/?q=Glow%20Boutique%20Meoqui,"https://www.google.com/maps/search/?api=1&query=28.27034681,-105.48172067"
Guaposs Y Gio Boutique,Meoqui,+52 63 9115 8182,ND,https://wa.me/526391158182,https://www.facebook.com/search/pages/?q=Guaposs%20Y%20Gio%20Boutique%20Meoqui,"https://www.google.com/maps/search/?api=1&query=28.26537938,-105.48032853"
Janeth Boutique,Meoqui,+52 63 9473 7891,ND,https://wa.me/526394737891,https://www.facebook.com/search/pages/?q=Janeth%20Boutique%20Meoqui,"https://www.google.com/maps/search/?api=1&query=28.26802115,-105.48096947"
Kali Modas,Meoqui,+52 64 8109 6693,ND,https://wa.me/526481096693,https://www.facebook.com/search/pages/?q=Kali%20Modas%20Meoqui,"https://www.google.com/maps/search/?api=1&query=28.38945685,-105.62284547"
Mariela Boutique,Meoqui,+52 63 9141 1472,ND,https://wa.me/526391411472,https://www.facebook.com/search/pages/?q=Mariela%20Boutique%20Meoqui,"https://www.google.com/maps/search/?api=1&query=28.26830794,-105.47910002"
Moda Betty,Meoqui,+52 63 9190 9606,ND,https://wa.me/526391909606,https://www.facebook.com/search/pages/?q=Moda%20Betty%20Meoqui,"https://www.google.com/maps/search/?api=1&query=28.26834934,-105.48055194"
Pantalones Moroleon,Meoqui,+52 44 9205 3872,ND,https://wa.me/524492053872,https://www.facebook.com/search/pages/?q=Pantalones%20Moroleon%20Meoqui,"https://www.google.com/maps/search/?api=1&query=28.26572796,-105.480209"
Shalem Boutique,Meoqui,+52 63 9112 9018,ND,https://wa.me/526391129018,https://www.facebook.com/search/pages/?q=Shalem%20Boutique%20Meoqui,"https://www.google.com/maps/search/?api=1&query=28.26888798,-105.48150501"
The Classic Boutique,Meoqui,+52 63 9473 7666,ND,https://wa.me/526394737666,https://www.facebook.com/search/pages/?q=The%20Classic%20Boutique%20Meoqui,"https://www.google.com/maps/search/?api=1&query=28.26698969,-105.48161429"
Tienda Vaquero 8 Segundos,Meoqui,+52 63 9190 4447,ND,https://wa.me/526391904447,https://www.facebook.com/search/pages/?q=Tienda%20Vaquero%208%20Segundos%20Meoqui,"https://www.google.com/maps/search/?api=1&query=28.38396781,-105.62331713"
Vanes Boutique,Meoqui,+52 63 9180 6964,ND,https://wa.me/526391806964,https://www.facebook.com/search/pages/?q=Vanes%20Boutique%20Meoqui,"https://www.google.com/maps/search/?api=1&query=28.26902415,-105.4855888"
Blis Boutique,Morelos,+52 65 7178 2575,ND,https://wa.me/526571782575,https://www.facebook.com/search/pages/?q=Blis%20Boutique%20Morelos,"https://www.google.com/maps/search/?api=1&query=26.67175759,-107.6772224"
Casa Moda,Moris,ND,ND,ND,https://www.facebook.com/search/pages/?q=Casa%20Moda%20Moris,"https://www.google.com/maps/search/?api=1&query=28.14994241,-108.52394946"
Tienda De Ropa,Moris,ND,ND,ND,https://www.facebook.com/search/pages/?q=Tienda%20De%20Ropa%20Moris,"https://www.google.com/maps/search/?api=1&query=28.152508,-108.52465132"
Candelarias Boutique,Namiquipa,+52 61 4130 4380,mvloya@outlook.com,https://wa.me/526141304380,https://www.facebook.com/search/pages/?q=Candelarias%20Boutique%20Namiquipa,"https://www.google.com/maps/search/?api=1&query=29.179975,-107.38808871"
Moda De Fani,Namiquipa,+52 65 9105 5389,mariamirandao@hotmail.com,https://wa.me/526591055389,https://www.facebook.com/search/pages/?q=Moda%20De%20Fani%20Namiquipa,"https://www.google.com/maps/search/?api=1&query=29.19451111,-107.40448607"
Boutique Es Store,Namiquipa,+52 61 4122 9577,ND,https://wa.me/526141229577,https://www.facebook.com/search/pages/?q=Boutique%20Es%20Store%20Namiquipa,"https://www.google.com/maps/search/?api=1&query=29.03081772,-107.47179798"
Closet Vaquero,Namiquipa,+52 65 9102 6741,ND,https://wa.me/526591026741,https://www.facebook.com/search/pages/?q=Closet%20Vaquero%20Namiquipa,"https://www.google.com/maps/search/?api=1&query=29.18437423,-107.39188177"
Mary Fashion,Namiquipa,+52 62 5153 9743,ND,https://wa.me/526251539743,https://www.facebook.com/search/pages/?q=Mary%20Fashion%20Namiquipa,"https://www.google.com/maps/search/?api=1&query=29.17997035,-107.38754266"
Tienda De Ropa La Bella Moda,Namiquipa,+52 65 9102 6464,ND,https://wa.me/526591026464,https://www.facebook.com/search/pages/?q=Tienda%20De%20Ropa%20La%20Bella%20Moda%20Namiquipa,"https://www.google.com/maps/search/?api=1&query=29.18120681,-107.38892358"
Boutique La Caseta,Nonoava,+52 61 4245 4524,ND,https://wa.me/526142454524,https://www.facebook.com/search/pages/?q=Boutique%20La%20Caseta%20Nonoava,"https://www.google.com/maps/search/?api=1&query=27.47161513,-106.73381154"
Angelas Boutique,Nuevo Casas Grandes,+52 63 6104 1105,karlabalandran81@hotmail.com,https://wa.me/526361041105,https://www.facebook.com/search/pages/?q=Angelas%20Boutique%20Nuevo%20Casas%20Grandes,"https://www.google.com/maps/search/?api=1&query=30.40646974,-107.91960495"
Modas Brisa,Nuevo Casas Grandes,+52 63 6101 1111,luciacuautle80213@gmail.com,https://wa.me/526361011111,https://www.facebook.com/search/pages/?q=Modas%20Brisa%20Nuevo%20Casas%20Grandes,"https://www.google.com/maps/search/?api=1&query=30.41586078,-107.91543363"
Boutique De Ropa,Nuevo Casas Grandes,+52 63 6125 5405,ND,https://wa.me/526361255405,https://www.facebook.com/search/pages/?q=Boutique%20De%20Ropa%20Nuevo%20Casas%20Grandes,"https://www.google.com/maps/search/?api=1&query=30.4111216,-107.90720632"
D Erik A Jeans,Nuevo Casas Grandes,+52 63 6121 3162,ND,https://wa.me/526361213162,https://www.facebook.com/search/pages/?q=D%20Erik%20A%20Jeans%20Nuevo%20Casas%20Grandes,"https://www.google.com/maps/search/?api=1&query=30.39207222,-107.88272479"
De Moda,Nuevo Casas Grandes,+52 63 6103 5805,ND,https://wa.me/526361035805,https://www.facebook.com/search/pages/?q=De%20Moda%20Nuevo%20Casas%20Grandes,"https://www.google.com/maps/search/?api=1&query=30.41596498,-107.90976151"
Don Pantalon,Nuevo Casas Grandes,+52 63 6109 3527,ND,https://wa.me/526361093527,https://www.facebook.com/search/pages/?q=Don%20Pantalon%20Nuevo%20Casas%20Grandes,"https://www.google.com/maps/search/?api=1&query=30.41515285,-107.91090526"
Don Pantalon,Nuevo Casas Grandes,+52 63 6103 5364,ND,https://wa.me/526361035364,https://www.facebook.com/search/pages/?q=Don%20Pantalon%20Nuevo%20Casas%20Grandes,"https://www.google.com/maps/search/?api=1&query=30.41581294,-107.91311214"
El Closet,Nuevo Casas Grandes,+52 63 6694 3752,ND,https://wa.me/526366943752,https://www.facebook.com/search/pages/?q=El%20Closet%20Nuevo%20Casas%20Grandes,"https://www.google.com/maps/search/?api=1&query=30.41953245,-107.90357792"
Fashion Like,Nuevo Casas Grandes,+52 63 6103 7094,ND,https://wa.me/526361037094,https://www.facebook.com/search/pages/?q=Fashion%20Like%20Nuevo%20Casas%20Grandes,"https://www.google.com/maps/search/?api=1&query=30.41686344,-107.910949"
Frida Boutique,Nuevo Casas Grandes,+52 63 6101 1283,ND,https://wa.me/526361011283,https://www.facebook.com/search/pages/?q=Frida%20Boutique%20Nuevo%20Casas%20Grandes,"https://www.google.com/maps/search/?api=1&query=30.41674645,-107.91094494"
Koreas Boutique,Nuevo Casas Grandes,+52 63 6111 0042,ND,https://wa.me/526361110042,https://www.facebook.com/search/pages/?q=Koreas%20Boutique%20Nuevo%20Casas%20Grandes,"https://www.google.com/maps/search/?api=1&query=30.42370953,-107.9161921"
Kyh Modas,Nuevo Casas Grandes,+52 63 6128 1779,ND,https://wa.me/526361281779,https://www.facebook.com/search/pages/?q=Kyh%20Modas%20Nuevo%20Casas%20Grandes,"https://www.google.com/maps/search/?api=1&query=30.40646146,-107.88490823"
Luna S Store,Nuevo Casas Grandes,+52 63 6536 3257,ND,https://wa.me/526365363257,https://www.facebook.com/search/pages/?q=Luna%20S%20Store%20Nuevo%20Casas%20Grandes,"https://www.google.com/maps/search/?api=1&query=30.41265387,-107.91178747"
Mens Fashion,Nuevo Casas Grandes,+52 63 6110 5335,ND,https://wa.me/526361105335,https://www.facebook.com/search/pages/?q=Mens%20Fashion%20Nuevo%20Casas%20Grandes,"https://www.google.com/maps/search/?api=1&query=30.4067364,-107.9106403"
Modas Brisa,Nuevo Casas Grandes,+52 63 6107 0000,ND,https://wa.me/526361070000,https://www.facebook.com/search/pages/?q=Modas%20Brisa%20Nuevo%20Casas%20Grandes,"https://www.google.com/maps/search/?api=1&query=30.41568679,-107.91310854"
Modas Celina,Nuevo Casas Grandes,+52 63 6112 4881,ND,https://wa.me/526361124881,https://www.facebook.com/search/pages/?q=Modas%20Celina%20Nuevo%20Casas%20Grandes,"https://www.google.com/maps/search/?api=1&query=30.45282542,-107.90225896"
Modas Cris,Nuevo Casas Grandes,+52 63 6103 4671,ND,https://wa.me/526361034671,https://www.facebook.com/search/pages/?q=Modas%20Cris%20Nuevo%20Casas%20Grandes,"https://www.google.com/maps/search/?api=1&query=30.3911876,-107.87993419"
Modas Danyzoo,Nuevo Casas Grandes,+52 63 6692 3422,ND,https://wa.me/526366923422,https://www.facebook.com/search/pages/?q=Modas%20Danyzoo%20Nuevo%20Casas%20Grandes,"https://www.google.com/maps/search/?api=1&query=30.41088295,-107.89058659"
Modas Erika,Nuevo Casas Grandes,+52 63 6132 4012,ND,https://wa.me/526361324012,https://www.facebook.com/search/pages/?q=Modas%20Erika%20Nuevo%20Casas%20Grandes,"https://www.google.com/maps/search/?api=1&query=30.43148408,-107.90846166"
Modas Fresno,Nuevo Casas Grandes,+52 63 6125 0193,ND,https://wa.me/526361250193,https://www.facebook.com/search/pages/?q=Modas%20Fresno%20Nuevo%20Casas%20Grandes,"https://www.google.com/maps/search/?api=1&query=30.39132951,-107.90282272"
Modas Gaby,Nuevo Casas Grandes,+52 63 6111 6395,ND,https://wa.me/526361116395,https://www.facebook.com/search/pages/?q=Modas%20Gaby%20Nuevo%20Casas%20Grandes,"https://www.google.com/maps/search/?api=1&query=30.39078758,-107.88034297"
Modas Karypam,Nuevo Casas Grandes,+52 63 6116 6133,ND,https://wa.me/526361166133,https://www.facebook.com/search/pages/?q=Modas%20Karypam%20Nuevo%20Casas%20Grandes,"https://www.google.com/maps/search/?api=1&query=30.41510785,-107.91090403"
Modas Kohana,Nuevo Casas Grandes,+52 63 6123 8754,ND,https://wa.me/526361238754,https://www.facebook.com/search/pages/?q=Modas%20Kohana%20Nuevo%20Casas%20Grandes,"https://www.google.com/maps/search/?api=1&query=30.41591117,-107.91140182"
Rainbow Boutique,Nuevo Casas Grandes,+52 63 6125 7749,ND,https://wa.me/526361257749,https://www.facebook.com/search/pages/?q=Rainbow%20Boutique%20Nuevo%20Casas%20Grandes,"https://www.google.com/maps/search/?api=1&query=30.41096159,-107.90361331"
Sol Boutique,Nuevo Casas Grandes,+52 63 6109 7198,ND,https://wa.me/526361097198,https://www.facebook.com/search/pages/?q=Sol%20Boutique%20Nuevo%20Casas%20Grandes,"https://www.google.com/maps/search/?api=1&query=30.42284043,-107.9107125"
Vamo Jeans,Nuevo Casas Grandes,+52 63 6104 4745,ND,https://wa.me/526361044745,https://www.facebook.com/search/pages/?q=Vamo%20Jeans%20Nuevo%20Casas%20Grandes,"https://www.google.com/maps/search/?api=1&query=30.39611603,-107.91404014"
Viste Con Estilo,Nuevo Casas Grandes,+52 63 6110 2387,ND,https://wa.me/526361102387,https://www.facebook.com/search/pages/?q=Viste%20Con%20Estilo%20Nuevo%20Casas%20Grandes,"https://www.google.com/maps/search/?api=1&query=30.41074448,-107.89608011"
Avan Closet,Ocampo,+52 62 5125 9030,ND,https://wa.me/526251259030,https://www.facebook.com/search/pages/?q=Avan%20Closet%20Ocampo,"https://www.google.com/maps/search/?api=1&query=28.20771758,-108.20830946"
Fglamour Boutique,Ojinaga,+52 62 6108 7403,ND,https://wa.me/526261087403,https://www.facebook.com/search/pages/?q=Fglamour%20Boutique%20Ojinaga,"https://www.google.com/maps/search/?api=1&query=29.54862032,-104.42054897"
Geranio Boutique,Ojinaga,+52 62 6145 1971,ND,https://wa.me/526261451971,https://www.facebook.com/search/pages/?q=Geranio%20Boutique%20Ojinaga,"https://www.google.com/maps/search/?api=1&query=29.54938649,-104.40834658"
Marlas Boutique,Ojinaga,+52 62 6453 0567,ND,https://wa.me/526264530567,https://www.facebook.com/search/pages/?q=Marlas%20Boutique%20Ojinaga,"https://www.google.com/maps/search/?api=1&query=29.55938562,-104.40166673"
Modas Galante,Ojinaga,+52 62 6453 4589,ND,https://wa.me/526264534589,https://www.facebook.com/search/pages/?q=Modas%20Galante%20Ojinaga,"https://www.google.com/maps/search/?api=1&query=29.56525484,-104.41490133"
Modas Lumsca,Ojinaga,+52 62 6104 5132,ND,https://wa.me/526261045132,https://www.facebook.com/search/pages/?q=Modas%20Lumsca%20Ojinaga,"https://www.google.com/maps/search/?api=1&query=29.56514536,-104.41548696"
Idalis Boutique Y Mas,Praxedis G. Guerrero,+52 65 6374 0125,ND,https://wa.me/526563740125,https://www.facebook.com/search/pages/?q=Idalis%20Boutique%20Y%20Mas%20Praxedis%20G.%20Guerrero,"https://www.google.com/maps/search/?api=1&query=31.37222116,-106.00753832"
FM Jean Store,Riva Palacio,ND,ND,ND,https://www.facebook.com/search/pages/?q=FM%20Jean%20Store%20Riva%20Palacio,"https://www.google.com/maps/search/?api=1&query=28.554621,-106.5243"
Nvedades Yessy,Rosales,+52 63 9189 2633,ND,https://wa.me/526391892633,https://www.facebook.com/search/pages/?q=Nvedades%20Yessy%20Rosales,"https://www.google.com/maps/search/?api=1&query=28.18856428,-105.5577718"
Carito Sala De Exibicion,Rosales,ND,ND,ND,https://www.facebook.com/search/pages/?q=Carito%20Sala%20De%20Exibicion%20Rosales,"https://www.google.com/maps/search/?api=1&query=28.19073818,-105.55712558"
Miscelanea Fernanda,San Francisco de Borja,+52 61 4251 0110,ND,https://wa.me/526142510110,https://www.facebook.com/search/pages/?q=Miscelanea%20Fernanda%20San%20Francisco%20de%20Borja,"https://www.google.com/maps/search/?api=1&query=27.89865508,-106.68527021"
Ropa & Accesorios D Isa,San Francisco de Conchos,+52 64 8121 9153,ND,https://wa.me/526481219153,https://www.facebook.com/search/pages/?q=Ropa%20%26%20Accesorios%20D%20Isa%20San%20Francisco%20de%20Conchos,"https://www.google.com/maps/search/?api=1&query=27.58812965,-105.33446604"
Clari Fashion Boutique,San Francisco del Oro,ND,ND,ND,https://www.facebook.com/search/pages/?q=Clari%20Fashion%20Boutique%20San%20Francisco%20del%20Oro,"https://www.google.com/maps/search/?api=1&query=26.86374124,-105.84746379"
Mujer Bonita,San Francisco del Oro,ND,ND,ND,https://www.facebook.com/search/pages/?q=Mujer%20Bonita%20San%20Francisco%20del%20Oro,"https://www.google.com/maps/search/?api=1&query=26.86348605,-105.84826205"
Basar Coronado,Santa Bárbara,+52 62 7521 2341,ND,https://wa.me/526275212341,https://www.facebook.com/search/pages/?q=Basar%20Coronado%20Santa%20Bárbara,"https://www.google.com/maps/search/?api=1&query=26.80661989,-105.81786534"
Bella Sandy,Santa Bárbara,+52 62 7154 1826,ND,https://wa.me/526271541826,https://www.facebook.com/search/pages/?q=Bella%20Sandy%20Santa%20Bárbara,"https://www.google.com/maps/search/?api=1&query=26.80597974,-105.8181198"
Hv Moda Femenina,Santa Isabel,+52 61 4460 1761,villalobosheimy55@gmail.com,https://wa.me/526144601761,https://www.facebook.com/search/pages/?q=Hv%20Moda%20Femenina%20Santa%20Isabel,"https://www.google.com/maps/search/?api=1&query=28.35178979,-106.37886697"
Boutique Lm,Santa Isabel,+52 61 4162 3818,ND,https://wa.me/526141623818,https://www.facebook.com/search/pages/?q=Boutique%20Lm%20Santa%20Isabel,"https://www.google.com/maps/search/?api=1&query=28.34245436,-106.37009477"
Jasmin Boutique,Santa Isabel,+52 61 4252 1895,ND,https://wa.me/526142521895,https://www.facebook.com/search/pages/?q=Jasmin%20Boutique%20Santa%20Isabel,"https://www.google.com/maps/search/?api=1&query=28.34241785,-106.37030919"
Tienda Vaqueros,Santa Isabel,+52 61 4109 5691,ND,https://wa.me/526141095691,https://www.facebook.com/search/pages/?q=Tienda%20Vaqueros%20Santa%20Isabel,"https://www.google.com/maps/search/?api=1&query=28.34294974,-106.36848644"
Boutique Yazu,Satevó,+52 61 4216 3462,ND,https://wa.me/526142163462,https://www.facebook.com/search/pages/?q=Boutique%20Yazu%20Satevó,"https://www.google.com/maps/search/?api=1&query=27.9560154,-106.10640057"
Dress Show Store,Satevó,+52 61 4142 0239,ND,https://wa.me/526141420239,https://www.facebook.com/search/pages/?q=Dress%20Show%20Store%20Satevó,"https://www.google.com/maps/search/?api=1&query=27.95441361,-106.10486249"
Small Shop,Satevó,+52 61 4224 1683,ND,https://wa.me/526142241683,https://www.facebook.com/search/pages/?q=Small%20Shop%20Satevó,"https://www.google.com/maps/search/?api=1&query=27.95472337,-106.10410606"
Ana Fashion,Saucillo,+52 63 9101 2021,anallely090387@icloud.com,https://wa.me/526391012021,https://www.facebook.com/search/pages/?q=Ana%20Fashion%20Saucillo,"https://www.google.com/maps/search/?api=1&query=28.02022327,-105.28817687"
Boutique,Saucillo,+52 63 9121 5390,ND,https://wa.me/526391215390,https://www.facebook.com/search/pages/?q=Boutique%20Saucillo,"https://www.google.com/maps/search/?api=1&query=28.14959785,-105.34304368"
Boutique De Isabell,Saucillo,+52 63 9116 4975,ND,https://wa.me/526391164975,https://www.facebook.com/search/pages/?q=Boutique%20De%20Isabell%20Saucillo,"https://www.google.com/maps/search/?api=1&query=27.85429499,-105.49392093"
Boutique Gema,Saucillo,+52 63 9145 8902,ND,https://wa.me/526391458902,https://www.facebook.com/search/pages/?q=Boutique%20Gema%20Saucillo,"https://www.google.com/maps/search/?api=1&query=28.03284337,-105.28690734"
Boutique L Gan T,Saucillo,+52 62 1475 0294,ND,https://wa.me/526214750294,https://www.facebook.com/search/pages/?q=Boutique%20L%20Gan%20T%20Saucillo,"https://www.google.com/maps/search/?api=1&query=28.030619,-105.2886451"
Boutique Rosa,Saucillo,+52 63 9120 2641,ND,https://wa.me/526391202641,https://www.facebook.com/search/pages/?q=Boutique%20Rosa%20Saucillo,"https://www.google.com/maps/search/?api=1&query=28.03062721,-105.29620881"
De Sheines Boutique,Saucillo,+52 63 9191 6320,ND,https://wa.me/526391916320,https://www.facebook.com/search/pages/?q=De%20Sheines%20Boutique%20Saucillo,"https://www.google.com/maps/search/?api=1&query=28.0221953,-105.2908616"
Glamour Shop,Saucillo,+52 63 9107 4043,ND,https://wa.me/526391074043,https://www.facebook.com/search/pages/?q=Glamour%20Shop%20Saucillo,"https://www.google.com/maps/search/?api=1&query=28.03339828,-105.29987108"
Jeans Outlet,Saucillo,+52 61 4461 2411,ND,https://wa.me/526144612411,https://www.facebook.com/search/pages/?q=Jeans%20Outlet%20Saucillo,"https://www.google.com/maps/search/?api=1&query=28.02944008,-105.29061478"
Mia Boutique,Saucillo,+52 63 9131 3371,ND,https://wa.me/526391313371,https://www.facebook.com/search/pages/?q=Mia%20Boutique%20Saucillo,"https://www.google.com/maps/search/?api=1&query=28.02840445,-105.29069656"
R S Boutique,Saucillo,+52 63 9122 1876,ND,https://wa.me/526391221876,https://www.facebook.com/search/pages/?q=R%20S%20Boutique%20Saucillo,"https://www.google.com/maps/search/?api=1&query=28.1505858,-105.34421428"
Tienda De Boutique De Lupita,Saucillo,+52 63 9230 2650,ND,https://wa.me/526392302650,https://www.facebook.com/search/pages/?q=Tienda%20De%20Boutique%20De%20Lupita%20Saucillo,"https://www.google.com/maps/search/?api=1&query=28.02867353,-105.29046144"
Western West,Saucillo,+52 63 9284 6599,ND,https://wa.me/526392846599,https://www.facebook.com/search/pages/?q=Western%20West%20Saucillo,"https://www.google.com/maps/search/?api=1&query=28.02669543,-105.29103495"
Boutique Atrapasueños,Temósachic,+52 65 2103 3114,ND,https://wa.me/526521033114,https://www.facebook.com/search/pages/?q=Boutique%20Atrapasueños%20Temósachic,"https://www.google.com/maps/search/?api=1&query=28.95288471,-107.82954645"
El Closet De Tella,Urique,+52 61 4681 7784,ND,https://wa.me/526146817784,https://www.facebook.com/search/pages/?q=El%20Closet%20De%20Tella%20Urique,"https://www.google.com/maps/search/?api=1&query=27.29595694,-108.05482427"
Importaciones De Ropa Y Ciber,Uruachi,ND,ND,ND,https://www.facebook.com/search/pages/?q=Importaciones%20De%20Ropa%20Y%20Ciber%20Uruachi,"https://www.google.com/maps/search/?api=1&query=27.86827644,-108.21486392"
Modas Marloz Tienda Ropa Para Damas,Valle de Zaragoza,+52 64 9196 9925,ND,https://wa.me/526491969925,https://www.facebook.com/search/pages/?q=Modas%20Marloz%20Tienda%20Ropa%20Para%20Damas%20Valle%20de%20Zaragoza,"https://www.google.com/maps/search/?api=1&query=27.45515498,-105.81044324"
Modas Xochitl,Valle de Zaragoza,+52 64 9117 4909,ND,https://wa.me/526491174909,https://www.facebook.com/search/pages/?q=Modas%20Xochitl%20Valle%20de%20Zaragoza,"https://www.google.com/maps/search/?api=1&query=27.44799877,-105.80717106"
