nombre,municipio,teléfono,correo,WhatsApp,sitio_red,url_fuente
El Mas Barato,Acuitzio,+52 43 4388 2015,ND,https://wa.me/524343882015,https://www.facebook.com/search/pages/?q=El%20Mas%20Barato%20Acuitzio,"https://www.google.com/maps/search/?api=1&query=19.4977232,-101.33335372"
Venta De Ropa Tania,Acuitzio,+52 44 3219 5155,ND,https://wa.me/524432195155,https://www.facebook.com/search/pages/?q=Venta%20De%20Ropa%20Tania%20Acuitzio,"https://www.google.com/maps/search/?api=1&query=19.49418613,-101.33326164"
Boutique Del Centro Mateo,Aguililla,+52 45 3122 4207,ND,https://wa.me/524531224207,https://www.facebook.com/search/pages/?q=Boutique%20Del%20Centro%20Mateo%20Aguililla,"https://www.google.com/maps/search/?api=1&query=18.73614094,-102.79097973"
Boutique Plaza,Aguililla,+52 45 3150 1314,ND,https://wa.me/524531501314,https://www.facebook.com/search/pages/?q=Boutique%20Plaza%20Aguililla,"https://www.google.com/maps/search/?api=1&query=18.73559012,-102.78989542"
Plaza Boutique,Aguililla,+52 45 3132 9696,ND,https://wa.me/524531329696,https://www.facebook.com/search/pages/?q=Plaza%20Boutique%20Aguililla,"https://www.google.com/maps/search/?api=1&query=18.73463727,-102.78750887"
Romeli S Boutique Y Modas Palafox,Aguililla,+52 45 3121 3107,ND,https://wa.me/524531213107,https://www.facebook.com/search/pages/?q=Romeli%20S%20Boutique%20Y%20Modas%20Palafox%20Aguililla,"https://www.google.com/maps/search/?api=1&query=18.73463837,-102.78735694"
Tienda De Ropa Muchachita Pueblerina,Álvaro Obregón,+52 44 3102 5798,ND,https://wa.me/524431025798,https://www.facebook.com/search/pages/?q=Tienda%20De%20Ropa%20Muchachita%20Pueblerina%20Álvaro%20Obregón,"https://www.google.com/maps/search/?api=1&query=19.82567064,-101.04159819"
Tienda De Ropa Unisex,Álvaro Obregón,+52 44 3119 0049,ND,https://wa.me/524431190049,https://www.facebook.com/search/pages/?q=Tienda%20De%20Ropa%20Unisex%20Álvaro%20Obregón,"https://www.google.com/maps/search/?api=1&query=19.82427243,-101.03864971"
Tienda De Ropa Lucy Boutique,Angamacutiro,+52 43 8106 3458,ND,https://wa.me/524381063458,https://www.facebook.com/search/pages/?q=Tienda%20De%20Ropa%20Lucy%20Boutique%20Angamacutiro,"https://www.google.com/maps/search/?api=1&query=20.15172864,-101.71302041"
Boutique Mayra,Angangueo,+52 71 5152 5974,ND,https://wa.me/527151525974,https://www.facebook.com/search/pages/?q=Boutique%20Mayra%20Angangueo,"https://www.google.com/maps/search/?api=1&query=19.61795753,-100.28644903"
Boutique Rosi,Angangueo,+52 71 5131 6017,ND,https://wa.me/527151316017,https://www.facebook.com/search/pages/?q=Boutique%20Rosi%20Angangueo,"https://www.google.com/maps/search/?api=1&query=19.61832899,-100.28613193"
Boutique La Placita,Apatzingán,+52 45 3104 5138,tavosanzzam@live.com.mx,https://wa.me/524531045138,https://www.facebook.com/search/pages/?q=Boutique%20La%20Placita%20Apatzingán,"https://www.google.com/maps/search/?api=1&query=19.09296741,-102.3521322"
Alonso Boutique,Apatzingán,+52 45 3516 9615,ND,https://wa.me/524535169615,https://www.facebook.com/search/pages/?q=Alonso%20Boutique%20Apatzingán,"https://www.google.com/maps/search/?api=1&query=19.08537335,-102.35520005"
Andromeda Boutique,Apatzingán,+52 45 3119 5469,ND,https://wa.me/524531195469,https://www.facebook.com/search/pages/?q=Andromeda%20Boutique%20Apatzingán,"https://www.google.com/maps/search/?api=1&query=19.10066674,-102.36597151"
Angel Estilos Tienda De Ropa,Apatzingán,+52 45 3144 4877,ND,https://wa.me/524531444877,https://www.facebook.com/search/pages/?q=Angel%20Estilos%20Tienda%20De%20Ropa%20Apatzingán,"https://www.google.com/maps/search/?api=1&query=19.09890279,-102.36278975"
Belissima Boutique,Apatzingán,+52 45 3145 4499,ND,https://wa.me/524531454499,https://www.facebook.com/search/pages/?q=Belissima%20Boutique%20Apatzingán,"https://www.google.com/maps/search/?api=1&query=19.10633774,-102.36813843"
Boutique Axania,Apatzingán,+52 45 3133 2210,ND,https://wa.me/524531332210,https://www.facebook.com/search/pages/?q=Boutique%20Axania%20Apatzingán,"https://www.google.com/maps/search/?api=1&query=19.07639939,-102.35358072"
Boutique Karen,Apatzingán,+52 45 3134 2221,ND,https://wa.me/524531342221,https://www.facebook.com/search/pages/?q=Boutique%20Karen%20Apatzingán,"https://www.google.com/maps/search/?api=1&query=19.09795588,-102.34946002"
Boutique Mahi,Apatzingán,+52 45 3112 7440,ND,https://wa.me/524531127440,https://www.facebook.com/search/pages/?q=Boutique%20Mahi%20Apatzingán,"https://www.google.com/maps/search/?api=1&query=19.09267626,-102.3534748"
Boutique Maricela,Apatzingán,+52 45 3108 3622,ND,https://wa.me/524531083622,https://www.facebook.com/search/pages/?q=Boutique%20Maricela%20Apatzingán,"https://www.google.com/maps/search/?api=1&query=19.09297921,-102.35225001"
Boutique May Glamour,Apatzingán,+52 45 3108 9942,ND,https://wa.me/524531089942,https://www.facebook.com/search/pages/?q=Boutique%20May%20Glamour%20Apatzingán,"https://www.google.com/maps/search/?api=1&query=19.08917936,-102.34787436"
Boutique Preference,Apatzingán,+52 45 3109 5218,ND,https://wa.me/524531095218,https://www.facebook.com/search/pages/?q=Boutique%20Preference%20Apatzingán,"https://www.google.com/maps/search/?api=1&query=19.08859809,-102.35419574"
Boutique The Mall,Apatzingán,+52 45 3534 5873,ND,https://wa.me/524535345873,https://www.facebook.com/search/pages/?q=Boutique%20The%20Mall%20Apatzingán,"https://www.google.com/maps/search/?api=1&query=19.08738425,-102.3530235"
Boutique Y Estetica Esmeralda,Apatzingán,+52 45 3156 4106,ND,https://wa.me/524531564106,https://www.facebook.com/search/pages/?q=Boutique%20Y%20Estetica%20Esmeralda%20Apatzingán,"https://www.google.com/maps/search/?api=1&query=19.08527646,-102.34949306"
Boutique Y Nails Alma,Apatzingán,+52 45 3140 9706,ND,https://wa.me/524531409706,https://www.facebook.com/search/pages/?q=Boutique%20Y%20Nails%20Alma%20Apatzingán,"https://www.google.com/maps/search/?api=1&query=19.09655352,-102.33496564"
Boutique Zoes,Apatzingán,+52 45 3100 4906,ND,https://wa.me/524531004906,https://www.facebook.com/search/pages/?q=Boutique%20Zoes%20Apatzingán,"https://www.google.com/maps/search/?api=1&query=19.08732333,-102.35321031"
Boutique Zulema,Apatzingán,+52 45 3534 0578,ND,https://wa.me/524535340578,https://www.facebook.com/search/pages/?q=Boutique%20Zulema%20Apatzingán,"https://www.google.com/maps/search/?api=1&query=19.08477155,-102.35600358"
Elegance Boutique,Apatzingán,+52 45 3110 2386,ND,https://wa.me/524531102386,https://www.facebook.com/search/pages/?q=Elegance%20Boutique%20Apatzingán,"https://www.google.com/maps/search/?api=1&query=19.10015025,-102.36660305"
Galis Boutique,Apatzingán,+52 45 3119 1216,ND,https://wa.me/524531191216,https://www.facebook.com/search/pages/?q=Galis%20Boutique%20Apatzingán,"https://www.google.com/maps/search/?api=1&query=19.09933365,-102.368766"
Joselos Boutique,Apatzingán,+52 45 3537 4636,ND,https://wa.me/524535374636,https://www.facebook.com/search/pages/?q=Joselos%20Boutique%20Apatzingán,"https://www.google.com/maps/search/?api=1&query=19.0847115,-102.35484417"
Jossmultiestilo,Apatzingán,+52 45 3117 2584,ND,https://wa.me/524531172584,https://www.facebook.com/search/pages/?q=Jossmultiestilo%20Apatzingán,"https://www.google.com/maps/search/?api=1&query=19.08513855,-102.35813261"
Kenia Fashion,Apatzingán,+52 45 3163 5524,ND,https://wa.me/524531635524,https://www.facebook.com/search/pages/?q=Kenia%20Fashion%20Apatzingán,"https://www.google.com/maps/search/?api=1&query=19.08551352,-102.35555207"
Kr Fashion,Apatzingán,+52 45 3105 5862,ND,https://wa.me/524531055862,https://www.facebook.com/search/pages/?q=Kr%20Fashion%20Apatzingán,"https://www.google.com/maps/search/?api=1&query=19.0989923,-102.35977127"
La Boutique De Ana,Apatzingán,+52 45 3138 3011,ND,https://wa.me/524531383011,https://www.facebook.com/search/pages/?q=La%20Boutique%20De%20Ana%20Apatzingán,"https://www.google.com/maps/search/?api=1&query=19.08575956,-102.35579839"
Lm Modas Chic,Apatzingán,+52 45 3116 9603,ND,https://wa.me/524531169603,https://www.facebook.com/search/pages/?q=Lm%20Modas%20Chic%20Apatzingán,"https://www.google.com/maps/search/?api=1&query=19.08785204,-102.35575819"
Lolis Boutique,Apatzingán,+52 45 3539 8477,ND,https://wa.me/524535398477,https://www.facebook.com/search/pages/?q=Lolis%20Boutique%20Apatzingán,"https://www.google.com/maps/search/?api=1&query=19.08545071,-102.35583761"
Londres Boutique,Apatzingán,+52 45 3121 9310,ND,https://wa.me/524531219310,https://www.facebook.com/search/pages/?q=Londres%20Boutique%20Apatzingán,"https://www.google.com/maps/search/?api=1&query=19.10016002,-102.36677531"
Lovestore Luxury Brands,Apatzingán,+52 42 5135 1917,ND,https://wa.me/524251351917,https://www.facebook.com/search/pages/?q=Lovestore%20Luxury%20Brands%20Apatzingán,"https://www.google.com/maps/search/?api=1&query=19.08813413,-102.35843602"
Mahi Boutique,Apatzingán,+52 45 3112 7040,ND,https://wa.me/524531127040,https://www.facebook.com/search/pages/?q=Mahi%20Boutique%20Apatzingán,"https://www.google.com/maps/search/?api=1&query=19.09117085,-102.35382828"
Manhattan Boutique,Apatzingán,+52 45 3107 5700,ND,https://wa.me/524531075700,https://www.facebook.com/search/pages/?q=Manhattan%20Boutique%20Apatzingán,"https://www.google.com/maps/search/?api=1&query=19.09225738,-102.35383034"
Marios Boutique,Apatzingán,+52 45 3110 8085,ND,https://wa.me/524531108085,https://www.facebook.com/search/pages/?q=Marios%20Boutique%20Apatzingán,"https://www.google.com/maps/search/?api=1&query=19.09514274,-102.35255805"
Mh Boutique Caballero,Apatzingán,+52 33 3179 9096,ND,https://wa.me/523331799096,https://www.facebook.com/search/pages/?q=Mh%20Boutique%20Caballero%20Apatzingán,"https://www.google.com/maps/search/?api=1&query=19.08182429,-102.35667629"
Moda J/G,Apatzingán,+52 45 3152 4819,ND,https://wa.me/524531524819,https://www.facebook.com/search/pages/?q=Moda%20J/G%20Apatzingán,"https://www.google.com/maps/search/?api=1&query=19.09141567,-102.35407808"
Modas Grecia,Apatzingán,+52 45 3126 1847,ND,https://wa.me/524531261847,https://www.facebook.com/search/pages/?q=Modas%20Grecia%20Apatzingán,"https://www.google.com/maps/search/?api=1&query=19.08540612,-102.35588333"
Modas Karen,Apatzingán,+52 45 3144 8886,ND,https://wa.me/524531448886,https://www.facebook.com/search/pages/?q=Modas%20Karen%20Apatzingán,"https://www.google.com/maps/search/?api=1&query=19.08576839,-102.35579692"
Modas Y Estilo Liz,Apatzingán,+52 45 3155 3335,ND,https://wa.me/524531553335,https://www.facebook.com/search/pages/?q=Modas%20Y%20Estilo%20Liz%20Apatzingán,"https://www.google.com/maps/search/?api=1&query=19.08717278,-102.35571732"
Original Jeans,Apatzingán,+52 45 3534 0019,ND,https://wa.me/524535340019,https://www.facebook.com/search/pages/?q=Original%20Jeans%20Apatzingán,"https://www.google.com/maps/search/?api=1&query=19.08771631,-102.35471002"
Paris Boutique,Apatzingán,+52 45 3534 3971,ND,https://wa.me/524535343971,https://www.facebook.com/search/pages/?q=Paris%20Boutique%20Apatzingán,"https://www.google.com/maps/search/?api=1&query=19.08819051,-102.35437896"
Peques Boutique,Apatzingán,+52 45 3134 5322,ND,https://wa.me/524531345322,https://www.facebook.com/search/pages/?q=Peques%20Boutique%20Apatzingán,"https://www.google.com/maps/search/?api=1&query=19.08885658,-102.35425717"
Shatos Boutique,Apatzingán,+52 45 3137 0567,ND,https://wa.me/524531370567,https://www.facebook.com/search/pages/?q=Shatos%20Boutique%20Apatzingán,"https://www.google.com/maps/search/?api=1&query=19.08515752,-102.35365525"
Tienda De Ropa Lux Style,Apatzingán,+52 45 3110 2281,ND,https://wa.me/524531102281,https://www.facebook.com/search/pages/?q=Tienda%20De%20Ropa%20Lux%20Style%20Apatzingán,"https://www.google.com/maps/search/?api=1&query=19.07714355,-102.35005555"
V&G Estilos,Apatzingán,+52 45 3227 4070,ND,https://wa.me/524532274070,https://www.facebook.com/search/pages/?q=V%26G%20Estilos%20Apatzingán,"https://www.google.com/maps/search/?api=1&query=19.09192599,-102.36321847"
Valentina Boutique,Apatzingán,+52 45 3138 6752,ND,https://wa.me/524531386752,https://www.facebook.com/search/pages/?q=Valentina%20Boutique%20Apatzingán,"https://www.google.com/maps/search/?api=1&query=19.09033391,-102.34618894"
Venta De Ropa Love Store,Apatzingán,+52 45 3150 6351,ND,https://wa.me/524531506351,https://www.facebook.com/search/pages/?q=Venta%20De%20Ropa%20Love%20Store%20Apatzingán,"https://www.google.com/maps/search/?api=1&query=19.09616991,-102.35769094"
Boutique Famare,Aporo,+52 78 6199 2713,ND,https://wa.me/527861992713,https://www.facebook.com/search/pages/?q=Boutique%20Famare%20Aporo,"https://www.google.com/maps/search/?api=1&query=19.67065978,-100.41385157"
Venta De Ropa My Boutique,Aquila,+52 31 3191 4409,ND,https://wa.me/523131914409,https://www.facebook.com/search/pages/?q=Venta%20De%20Ropa%20My%20Boutique%20Aquila,"https://www.google.com/maps/search/?api=1&query=18.60130918,-103.50268687"
Boutique Mariana,Ario,+52 44 3403 6605,gonzalesclaudia178@gmail.com,https://wa.me/524434036605,https://www.facebook.com/search/pages/?q=Boutique%20Mariana%20Ario,"https://www.google.com/maps/search/?api=1&query=19.20842437,-101.70932032"
Moda Y Calidad Charlotte,Ario,+52 42 5111 1051,ND,https://wa.me/524251111051,https://www.facebook.com/search/pages/?q=Moda%20Y%20Calidad%20Charlotte%20Ario,"https://www.google.com/maps/search/?api=1&query=19.20509933,-101.70504138"
Tienda De Ropa Sony Boutique,Ario,+52 42 5115 1140,ND,https://wa.me/524251151140,https://www.facebook.com/search/pages/?q=Tienda%20De%20Ropa%20Sony%20Boutique%20Ario,"https://www.google.com/maps/search/?api=1&query=19.2065609,-101.70586646"
Blanca Rios Boutique,Arteaga,+52 75 3151 6472,ND,https://wa.me/527531516472,https://www.facebook.com/search/pages/?q=Blanca%20Rios%20Boutique%20Arteaga,"https://www.google.com/maps/search/?api=1&query=18.35689244,-102.29124332"
Botique Fashion Mays,Arteaga,+52 75 3105 4372,ND,https://wa.me/527531054372,https://www.facebook.com/search/pages/?q=Botique%20Fashion%20Mays%20Arteaga,"https://www.google.com/maps/search/?api=1&query=18.29220928,-101.90308907"
Boutique Fashion,Arteaga,+52 75 3130 0333,ND,https://wa.me/527531300333,https://www.facebook.com/search/pages/?q=Boutique%20Fashion%20Arteaga,"https://www.google.com/maps/search/?api=1&query=18.355788,-102.29093342"
Boutique Reyna Ortega,Arteaga,+52 75 3129 6098,ND,https://wa.me/527531296098,https://www.facebook.com/search/pages/?q=Boutique%20Reyna%20Ortega%20Arteaga,"https://www.google.com/maps/search/?api=1&query=18.35626964,-102.29106725"
Boutique Stone Jean S,Arteaga,+52 75 3121 8957,ND,https://wa.me/527531218957,https://www.facebook.com/search/pages/?q=Boutique%20Stone%20Jean%20S%20Arteaga,"https://www.google.com/maps/search/?api=1&query=18.35735362,-102.29125547"
Moda Y Estilo J Y R,Arteaga,+52 75 3109 1576,ND,https://wa.me/527531091576,https://www.facebook.com/search/pages/?q=Moda%20Y%20Estilo%20J%20Y%20R%20Arteaga,"https://www.google.com/maps/search/?api=1&query=18.35621514,-102.29031895"
Modas Adali,Arteaga,+52 45 3114 2796,ND,https://wa.me/524531142796,https://www.facebook.com/search/pages/?q=Modas%20Adali%20Arteaga,"https://www.google.com/maps/search/?api=1&query=18.35687801,-102.29084249"
Modas Javi,Arteaga,+52 75 3100 2118,ND,https://wa.me/527531002118,https://www.facebook.com/search/pages/?q=Modas%20Javi%20Arteaga,"https://www.google.com/maps/search/?api=1&query=18.35722748,-102.29121575"
Tienda De Ropa Ymochilas,Briseñas,+52 39 3107 5686,ND,https://wa.me/523931075686,https://www.facebook.com/search/pages/?q=Tienda%20De%20Ropa%20Ymochilas%20Briseñas,"https://www.google.com/maps/search/?api=1&query=20.270238,-102.56149233"
Venta De Ropa,Briseñas,+52 39 3124 7120,ND,https://wa.me/523931247120,https://www.facebook.com/search/pages/?q=Venta%20De%20Ropa%20Briseñas,"https://www.google.com/maps/search/?api=1&query=20.274213,-102.54295168"
Boutique Ale S,Buenavista,+52 45 3531 0517,ND,https://wa.me/524535310517,https://www.facebook.com/search/pages/?q=Boutique%20Ale%20S%20Buenavista,"https://www.google.com/maps/search/?api=1&query=19.21450762,-102.58355494"
Boutique Bridar,Buenavista,+52 66 4484 2818,ND,https://wa.me/526644842818,https://www.facebook.com/search/pages/?q=Boutique%20Bridar%20Buenavista,"https://www.google.com/maps/search/?api=1&query=19.16096298,-102.70742648"
Boutique Crisol,Buenavista,+52 45 3152 7126,ND,https://wa.me/524531527126,https://www.facebook.com/search/pages/?q=Boutique%20Crisol%20Buenavista,"https://www.google.com/maps/search/?api=1&query=19.16837178,-102.70772779"
Boutique El Guero,Buenavista,+52 45 3119 7033,ND,https://wa.me/524531197033,https://www.facebook.com/search/pages/?q=Boutique%20El%20Guero%20Buenavista,"https://www.google.com/maps/search/?api=1&query=19.09562226,-102.5777938"
Boutique Fashion Style,Buenavista,+52 45 3117 8272,ND,https://wa.me/524531178272,https://www.facebook.com/search/pages/?q=Boutique%20Fashion%20Style%20Buenavista,"https://www.google.com/maps/search/?api=1&query=19.16079839,-102.70751722"
Boutique Fatima,Buenavista,+52 45 3132 9056,ND,https://wa.me/524531329056,https://www.facebook.com/search/pages/?q=Boutique%20Fatima%20Buenavista,"https://www.google.com/maps/search/?api=1&query=19.09796651,-102.5740444"
Boutique Gloria,Buenavista,+52 45 3531 5267,ND,https://wa.me/524535315267,https://www.facebook.com/search/pages/?q=Boutique%20Gloria%20Buenavista,"https://www.google.com/maps/search/?api=1&query=19.16329788,-102.71004619"
Boutique Vany,Buenavista,+52 45 3515 1401,ND,https://wa.me/524535151401,https://www.facebook.com/search/pages/?q=Boutique%20Vany%20Buenavista,"https://www.google.com/maps/search/?api=1&query=19.21271065,-102.58641567"
Crys Y Key Boutique,Buenavista,+52 45 3104 2320,ND,https://wa.me/524531042320,https://www.facebook.com/search/pages/?q=Crys%20Y%20Key%20Boutique%20Buenavista,"https://www.google.com/maps/search/?api=1&query=19.1599125,-102.70790482"
Dafne Boutique,Buenavista,+52 45 3132 0209,ND,https://wa.me/524531320209,https://www.facebook.com/search/pages/?q=Dafne%20Boutique%20Buenavista,"https://www.google.com/maps/search/?api=1&query=19.20957416,-102.58740866"
Estetica Y Boutique Mondragon,Buenavista,+52 45 3104 2515,ND,https://wa.me/524531042515,https://www.facebook.com/search/pages/?q=Estetica%20Y%20Boutique%20Mondragon%20Buenavista,"https://www.google.com/maps/search/?api=1&query=19.16096253,-102.54011585"
Estilo Y Modas Escobar,Buenavista,+52 45 3107 9349,ND,https://wa.me/524531079349,https://www.facebook.com/search/pages/?q=Estilo%20Y%20Modas%20Escobar%20Buenavista,"https://www.google.com/maps/search/?api=1&query=19.2071614,-102.58586385"
Fashion Boutique,Buenavista,+52 45 3515 0085,ND,https://wa.me/524535150085,https://www.facebook.com/search/pages/?q=Fashion%20Boutique%20Buenavista,"https://www.google.com/maps/search/?api=1&query=19.20839409,-102.58615186"
Mg Boutique,Buenavista,+52 45 3132 2880,ND,https://wa.me/524531322880,https://www.facebook.com/search/pages/?q=Mg%20Boutique%20Buenavista,"https://www.google.com/maps/search/?api=1&query=19.21224354,-102.58765396"
Modas Excess,Buenavista,+52 45 3134 3055,ND,https://wa.me/524531343055,https://www.facebook.com/search/pages/?q=Modas%20Excess%20Buenavista,"https://www.google.com/maps/search/?api=1&query=19.21012709,-102.5869292"
Nati Fashion,Buenavista,+52 71 2142 7452,ND,https://wa.me/527121427452,https://www.facebook.com/search/pages/?q=Nati%20Fashion%20Buenavista,"https://www.google.com/maps/search/?api=1&query=19.16089549,-102.70719514"
Premier Boutique,Buenavista,+52 45 3133 6995,ND,https://wa.me/524531336995,https://www.facebook.com/search/pages/?q=Premier%20Boutique%20Buenavista,"https://www.google.com/maps/search/?api=1&query=19.21139339,-102.58709817"
Tienda De Ropa Moda Y Glamoor,Buenavista,+52 45 3158 3825,ND,https://wa.me/524531583825,https://www.facebook.com/search/pages/?q=Tienda%20De%20Ropa%20Moda%20Y%20Glamoor%20Buenavista,"https://www.google.com/maps/search/?api=1&query=19.16076897,-102.70761176"
Yatziri Moda y Estilo,Carácuaro,+52 459 107 3605,ND,https://wa.me/524591073605,https://www.facebook.com/search/pages/?q=Yatziri%20Moda%20y%20Estilo%20Carácuaro,"https://www.google.com/maps/search/?api=1&query=19.0204765,-101.1250642"
Boutique Selene,Carácuaro,ND,ND,ND,https://www.facebook.com/search/pages/?q=Boutique%20Selene%20Carácuaro,"https://www.google.com/maps/search/?api=1&query=19.02286589,-101.12440129"
Tienda De Moda,Charapan,+52 44 3185 2562,ND,https://wa.me/524431852562,https://www.facebook.com/search/pages/?q=Tienda%20De%20Moda%20Charapan,"https://www.google.com/maps/search/?api=1&query=19.65015289,-102.24707237"
Moda Y Punto,Charo,+52 44 3182 5487,ND,https://wa.me/524431825487,https://www.facebook.com/search/pages/?q=Moda%20Y%20Punto%20Charo,"https://www.google.com/maps/search/?api=1&query=19.74742586,-101.04470601"
Mia Paris,Chavinda,+52 35 1108 5229,ND,https://wa.me/523511085229,https://www.facebook.com/search/pages/?q=Mia%20Paris%20Chavinda,"https://www.google.com/maps/search/?api=1&query=20.00803771,-102.45847855"
Tienda De Ropa Zk Closet,Cherán,+52 45 2521 9612,zoekenya07@gmail.com,https://wa.me/524525219612,https://www.facebook.com/search/pages/?q=Tienda%20De%20Ropa%20Zk%20Closet%20Cherán,"https://www.google.com/maps/search/?api=1&query=19.68839329,-101.95878539"
Ropa Vaquera Si Tos,Cherán,+52 45 2106 5455,ND,https://wa.me/524521065455,https://www.facebook.com/search/pages/?q=Ropa%20Vaquera%20Si%20Tos%20Cherán,"https://www.google.com/maps/search/?api=1&query=19.68718097,-101.95470492"
Tien De Ropa Closet De La Familia,Cherán,+52 45 2107 8339,ND,https://wa.me/524521078339,https://www.facebook.com/search/pages/?q=Tien%20De%20Ropa%20Closet%20De%20La%20Familia%20Cherán,"https://www.google.com/maps/search/?api=1&query=19.68476639,-101.95408592"
Tienda De Ropa Buhhos Shop,Cherán,+52 45 2204 3701,ND,https://wa.me/524522043701,https://www.facebook.com/search/pages/?q=Tienda%20De%20Ropa%20Buhhos%20Shop%20Cherán,"https://www.google.com/maps/search/?api=1&query=19.68768502,-101.95510135"
D Conny Boutique,Chilchota,+52 35 5511 6568,ND,https://wa.me/523555116568,https://www.facebook.com/search/pages/?q=D%20Conny%20Boutique%20Chilchota,"https://www.google.com/maps/search/?api=1&query=19.84889932,-102.11987782"
Studio Boutique Rv,Chilchota,+52 35 1279 1204,ND,https://wa.me/523512791204,https://www.facebook.com/search/pages/?q=Studio%20Boutique%20Rv%20Chilchota,"https://www.google.com/maps/search/?api=1&query=19.84748327,-102.11846702"
Tienda Boutique Y Envios Luxury,Chilchota,+52 35 1127 8840,ND,https://wa.me/523511278840,https://www.facebook.com/search/pages/?q=Tienda%20Boutique%20Y%20Envios%20Luxury%20Chilchota,"https://www.google.com/maps/search/?api=1&query=19.84876313,-102.11877707"
Tienda De Ropa Rosa,Chucándiro,+52 44 3542 4346,ND,https://wa.me/524435424346,https://www.facebook.com/search/pages/?q=Tienda%20De%20Ropa%20Rosa%20Chucándiro,"https://www.google.com/maps/search/?api=1&query=19.89987992,-101.33438922"
Tienda De Ropa Bella Imagen,Churintzio,+52 35 1144 7697,ND,https://wa.me/523511447697,https://www.facebook.com/search/pages/?q=Tienda%20De%20Ropa%20Bella%20Imagen%20Churintzio,"https://www.google.com/maps/search/?api=1&query=20.15025584,-102.06671398"
Venta De Ropa Mary,Churintzio,+52 35 2194 1161,ND,https://wa.me/523521941161,https://www.facebook.com/search/pages/?q=Venta%20De%20Ropa%20Mary%20Churintzio,"https://www.google.com/maps/search/?api=1&query=20.14910355,-102.06612746"
Boutique Alan,Churumuco,+52 42 5134 6936,ND,https://wa.me/524251346936,https://www.facebook.com/search/pages/?q=Boutique%20Alan%20Churumuco,"https://www.google.com/maps/search/?api=1&query=18.66502839,-101.64755331"
Boutique Amalibi,Coahuayana,+52 31 3102 8872,ND,https://wa.me/523131028872,https://www.facebook.com/search/pages/?q=Boutique%20Amalibi%20Coahuayana,"https://www.google.com/maps/search/?api=1&query=18.69169097,-103.66221804"
Boutique Isabella Leon,Coahuayana,+52 35 4127 0720,ND,https://wa.me/523541270720,https://www.facebook.com/search/pages/?q=Boutique%20Isabella%20Leon%20Coahuayana,"https://www.google.com/maps/search/?api=1&query=18.68713801,-103.66325679"
Boutique Tejaban,Coahuayana,+52 31 3327 0291,ND,https://wa.me/523133270291,https://www.facebook.com/search/pages/?q=Boutique%20Tejaban%20Coahuayana,"https://www.google.com/maps/search/?api=1&query=18.70261209,-103.659307"
Boutique Vip,Coahuayana,+52 31 3327 1083,ND,https://wa.me/523133271083,https://www.facebook.com/search/pages/?q=Boutique%20Vip%20Coahuayana,"https://www.google.com/maps/search/?api=1&query=18.69322864,-103.66131634"
Boutique Vyj,Coahuayana,+52 31 3112 6315,ND,https://wa.me/523131126315,https://www.facebook.com/search/pages/?q=Boutique%20Vyj%20Coahuayana,"https://www.google.com/maps/search/?api=1&query=18.70401289,-103.66199358"
Daysi Jurado Boutique,Coahuayana,+52 31 3199 5258,ND,https://wa.me/523131995258,https://www.facebook.com/search/pages/?q=Daysi%20Jurado%20Boutique%20Coahuayana,"https://www.google.com/maps/search/?api=1&query=18.7030117,-103.66730051"
Emi Boutique,Coahuayana,+52 31 3191 8902,ND,https://wa.me/523131918902,https://www.facebook.com/search/pages/?q=Emi%20Boutique%20Coahuayana,"https://www.google.com/maps/search/?api=1&query=18.70016182,-103.6677867"
Emprende Store,Coahuayana,+52 31 2229 0675,ND,https://wa.me/523122290675,https://www.facebook.com/search/pages/?q=Emprende%20Store%20Coahuayana,"https://www.google.com/maps/search/?api=1&query=18.69072931,-103.66201243"
Johanna Shantos Fashion Boutique,Coahuayana,+52 31 3135 6342,ND,https://wa.me/523131356342,https://www.facebook.com/search/pages/?q=Johanna%20Shantos%20Fashion%20Boutique%20Coahuayana,"https://www.google.com/maps/search/?api=1&query=18.6906966,-103.66190236"
Jola Shop,Coahuayana,+52 31 3136 7763,ND,https://wa.me/523131367763,https://www.facebook.com/search/pages/?q=Jola%20Shop%20Coahuayana,"https://www.google.com/maps/search/?api=1&query=18.68448507,-103.66778668"
Boutique Alejandra,Coalcomán de Vázquez Pallares,+52 45 3103 0920,ND,https://wa.me/524531030920,https://www.facebook.com/search/pages/?q=Boutique%20Alejandra%20Coalcomán%20de%20Vázquez%20Pallares,"https://www.google.com/maps/search/?api=1&query=18.77670318,-103.16299235"
Ka Kis Boutique Sublimaarte,Coalcomán de Vázquez Pallares,+52 45 3144 4456,ND,https://wa.me/524531444456,https://www.facebook.com/search/pages/?q=Ka%20Kis%20Boutique%20Sublimaarte%20Coalcomán%20de%20Vázquez%20Pallares,"https://www.google.com/maps/search/?api=1&query=18.7769658,-103.16100617"
Tienda De Ropa Gleo Fashion,Coalcomán de Vázquez Pallares,+52 45 3169 7607,ND,https://wa.me/524531697607,https://www.facebook.com/search/pages/?q=Tienda%20De%20Ropa%20Gleo%20Fashion%20Coalcomán%20de%20Vázquez%20Pallares,"https://www.google.com/maps/search/?api=1&query=18.77694781,-103.16222281"
BOUTIQUE LIE_HU,Coeneo,ND,ND,ND,https://www.facebook.com/search/pages/?q=BOUTIQUE%20LIE_HU%20Coeneo,"https://www.google.com/maps/search/?api=1&query=19.8206348,-101.5831355"
Boutique Asleys,Cojumatlán de Régules,+52 35 4115 4328,ashleysboutique@hotmail.com,https://wa.me/523541154328,https://www.facebook.com/search/pages/?q=Boutique%20Asleys%20Cojumatlán%20de%20Régules,"https://www.google.com/maps/search/?api=1&query=20.12143483,-102.85013406"
Boutique La Tienda De Don Panchitco,Contepec,+52 44 7124 5622,ND,https://wa.me/524471245622,https://www.facebook.com/search/pages/?q=Boutique%20La%20Tienda%20De%20Don%20Panchitco%20Contepec,"https://www.google.com/maps/search/?api=1&query=19.953345,-100.16464682"
Boutique Laiceps,Contepec,+52 55 2134 6704,ND,https://wa.me/525521346704,https://www.facebook.com/search/pages/?q=Boutique%20Laiceps%20Contepec,"https://www.google.com/maps/search/?api=1&query=19.95347209,-100.1646746"
Boutique Lulu,Contepec,+52 44 7109 9873,ND,https://wa.me/524471099873,https://www.facebook.com/search/pages/?q=Boutique%20Lulu%20Contepec,"https://www.google.com/maps/search/?api=1&query=19.9515431,-100.16493725"
Fashion Karly,Contepec,+52 71 2223 8462,ND,https://wa.me/527122238462,https://www.facebook.com/search/pages/?q=Fashion%20Karly%20Contepec,"https://www.google.com/maps/search/?api=1&query=19.95550324,-100.16330063"
Flamingo Shop,Contepec,+52 44 7115 2233,ND,https://wa.me/524471152233,https://www.facebook.com/search/pages/?q=Flamingo%20Shop%20Contepec,"https://www.google.com/maps/search/?api=1&query=19.95398533,-100.16289887"
Sissy Boutique,Contepec,+52 44 7124 5164,ND,https://wa.me/524471245164,https://www.facebook.com/search/pages/?q=Sissy%20Boutique%20Contepec,"https://www.google.com/maps/search/?api=1&query=19.95433787,-100.16370877"
Tienda Ded Ropa Moda Nerak,Contepec,+52 44 7111 1470,ND,https://wa.me/524471111470,https://www.facebook.com/search/pages/?q=Tienda%20Ded%20Ropa%20Moda%20Nerak%20Contepec,"https://www.google.com/maps/search/?api=1&query=19.95514743,-100.16486697"
Ana Hello,Copándaro,+52 44 3239 0588,ND,https://wa.me/524432390588,https://www.facebook.com/search/pages/?q=Ana%20Hello%20Copándaro,"https://www.google.com/maps/search/?api=1&query=19.89259706,-101.21299961"
Dulce Limon,Copándaro,+52 44 5162 0232,ND,https://wa.me/524451620232,https://www.facebook.com/search/pages/?q=Dulce%20Limon%20Copándaro,"https://www.google.com/maps/search/?api=1&query=19.89112875,-101.21487415"
Belys Boutique,Cotija,+52 33 3252 0975,avilabels8@gmail.com,https://wa.me/523332520975,https://www.facebook.com/search/pages/?q=Belys%20Boutique%20Cotija,"https://www.google.com/maps/search/?api=1&query=19.8100328,-102.70167776"
Am Modas,Cotija,+52 35 4106 0010,ND,https://wa.me/523541060010,https://www.facebook.com/search/pages/?q=Am%20Modas%20Cotija,"https://www.google.com/maps/search/?api=1&query=19.80928278,-102.69838996"
Boutique Marisol,Cotija,+52 35 4117 2755,ND,https://wa.me/523541172755,https://www.facebook.com/search/pages/?q=Boutique%20Marisol%20Cotija,"https://www.google.com/maps/search/?api=1&query=19.80711216,-102.70439403"
D Moda Venta De Ropa,Cuitzeo,+52 44 3221 1503,ND,https://wa.me/524432211503,https://www.facebook.com/search/pages/?q=D%20Moda%20Venta%20De%20Ropa%20Cuitzeo,"https://www.google.com/maps/search/?api=1&query=19.96768397,-101.13992151"
Jeans Colombiano,Cuitzeo,+52 44 5139 8556,ND,https://wa.me/524451398556,https://www.facebook.com/search/pages/?q=Jeans%20Colombiano%20Cuitzeo,"https://www.google.com/maps/search/?api=1&query=20.05670225,-101.14993124"
Leon Boutique,Cuitzeo,+52 61 4577 2000,ND,https://wa.me/526145772000,https://www.facebook.com/search/pages/?q=Leon%20Boutique%20Cuitzeo,"https://www.google.com/maps/search/?api=1&query=19.9691327,-101.14041756"
Tienda De Ropa Ale Jeans,Cuitzeo,+52 44 5462 8406,ND,https://wa.me/524454628406,https://www.facebook.com/search/pages/?q=Tienda%20De%20Ropa%20Ale%20Jeans%20Cuitzeo,"https://www.google.com/maps/search/?api=1&query=20.05876222,-101.15018641"
Vega Store,Cuitzeo,+52 44 5455 5082,ND,https://wa.me/524454555082,https://www.facebook.com/search/pages/?q=Vega%20Store%20Cuitzeo,"https://www.google.com/maps/search/?api=1&query=19.96630697,-101.1400484"
Venta De Jeans Roberto,Cuitzeo,+52 44 5215 1723,ND,https://wa.me/524452151723,https://www.facebook.com/search/pages/?q=Venta%20De%20Jeans%20Roberto%20Cuitzeo,"https://www.google.com/maps/search/?api=1&query=20.05681104,-101.14993034"
Venta De Ropa Moda Dinamica,Cuitzeo,+52 44 5110 6265,ND,https://wa.me/524451106265,https://www.facebook.com/search/pages/?q=Venta%20De%20Ropa%20Moda%20Dinamica%20Cuitzeo,"https://www.google.com/maps/search/?api=1&query=20.05928742,-101.15073189"
Venta De Ropa Times Boutique,Cuitzeo,+52 44 5196 1108,ND,https://wa.me/524451961108,https://www.facebook.com/search/pages/?q=Venta%20De%20Ropa%20Times%20Boutique%20Cuitzeo,"https://www.google.com/maps/search/?api=1&query=19.96843651,-101.14149292"
Coqueta Boutique,Ecuandureo,+52 35 1115 9520,ND,https://wa.me/523511159520,https://www.facebook.com/search/pages/?q=Coqueta%20Boutique%20Ecuandureo,"https://www.google.com/maps/search/?api=1&query=20.16357071,-102.19571325"
Markas Boutique,Ecuandureo,+52 35 1210 4555,ND,https://wa.me/523512104555,https://www.facebook.com/search/pages/?q=Markas%20Boutique%20Ecuandureo,"https://www.google.com/maps/search/?api=1&query=20.16445367,-102.19597338"
Mg Boutique,Ecuandureo,+52 35 1115 0529,ND,https://wa.me/523511150529,https://www.facebook.com/search/pages/?q=Mg%20Boutique%20Ecuandureo,"https://www.google.com/maps/search/?api=1&query=20.16249284,-102.19450117"
Rosy Boutique,Ecuandureo,+52 35 1167 1595,ND,https://wa.me/523511671595,https://www.facebook.com/search/pages/?q=Rosy%20Boutique%20Ecuandureo,"https://www.google.com/maps/search/?api=1&query=20.16271413,-102.19563327"
Moda Day,Epitacio Huerta,+52 42 7165 6690,ND,https://wa.me/524271656690,https://www.facebook.com/search/pages/?q=Moda%20Day%20Epitacio%20Huerta,"https://www.google.com/maps/search/?api=1&query=20.13383857,-100.29350703"
Rancho viejo western wear,Erongarícuaro,+52 434 114 0976,ND,https://wa.me/524341140976,https://www.facebook.com/search/pages/?q=Rancho%20viejo%20western%20wear%20Erongarícuaro,"https://www.google.com/maps/search/?api=1&query=19.5877878,-101.7210948"
Boutique Paty S Fashion,Erongarícuaro,ND,ND,ND,https://www.facebook.com/search/pages/?q=Boutique%20Paty%20S%20Fashion%20Erongarícuaro,"https://www.google.com/maps/search/?api=1&query=19.58823579,-101.72044016"
Boutique Norma,Gabriel Zamora,+52 42 5118 4700,ND,https://wa.me/524251184700,https://www.facebook.com/search/pages/?q=Boutique%20Norma%20Gabriel%20Zamora,"https://www.google.com/maps/search/?api=1&query=19.16103162,-102.05690783"
Moda Leslye,Gabriel Zamora,+52 42 5108 9633,ND,https://wa.me/524251089633,https://www.facebook.com/search/pages/?q=Moda%20Leslye%20Gabriel%20Zamora,"https://www.google.com/maps/search/?api=1&query=19.16094048,-102.05684923"
Renovacion Estilo,Gabriel Zamora,+52 42 5111 8127,ND,https://wa.me/524251118127,https://www.facebook.com/search/pages/?q=Renovacion%20Estilo%20Gabriel%20Zamora,"https://www.google.com/maps/search/?api=1&query=19.15639987,-102.05445106"
Tienda De Ropa Cosmo Boutique,Gabriel Zamora,+52 42 5105 7781,ND,https://wa.me/524251057781,https://www.facebook.com/search/pages/?q=Tienda%20De%20Ropa%20Cosmo%20Boutique%20Gabriel%20Zamora,"https://www.google.com/maps/search/?api=1&query=19.15911303,-102.05647046"
Tienda De Ropa Modas Andy,Hidalgo,+52 78 6117 7245,perezfer97@icloud.com,https://wa.me/527861177245,https://www.facebook.com/search/pages/?q=Tienda%20De%20Ropa%20Modas%20Andy%20Hidalgo,"https://www.google.com/maps/search/?api=1&query=19.69408718,-100.55450255"
Alsar Boutique,Hidalgo,+52 78 6207 6516,ND,https://wa.me/527862076516,https://www.facebook.com/search/pages/?q=Alsar%20Boutique%20Hidalgo,"https://www.google.com/maps/search/?api=1&query=19.69079307,-100.55941697"
Angels Boutique,Hidalgo,+52 78 6102 6979,ND,https://wa.me/527861026979,https://www.facebook.com/search/pages/?q=Angels%20Boutique%20Hidalgo,"https://www.google.com/maps/search/?api=1&query=19.6937842,-100.55872691"
Blanco Y Negro Boutique,Hidalgo,+52 78 6111 1234,ND,https://wa.me/527861111234,https://www.facebook.com/search/pages/?q=Blanco%20Y%20Negro%20Boutique%20Hidalgo,"https://www.google.com/maps/search/?api=1&query=19.69050071,-100.55572503"
Boutique 212,Hidalgo,+52 78 6111 8800,ND,https://wa.me/527861118800,https://www.facebook.com/search/pages/?q=Boutique%20212%20Hidalgo,"https://www.google.com/maps/search/?api=1&query=19.68994466,-100.55636127"
Boutique Angy,Hidalgo,+52 78 6688 1690,ND,https://wa.me/527866881690,https://www.facebook.com/search/pages/?q=Boutique%20Angy%20Hidalgo,"https://www.google.com/maps/search/?api=1&query=19.69189638,-100.55572009"
Boutique Bow,Hidalgo,+52 78 6117 0590,ND,https://wa.me/527861170590,https://www.facebook.com/search/pages/?q=Boutique%20Bow%20Hidalgo,"https://www.google.com/maps/search/?api=1&query=19.69242179,-100.55478365"
Boutique By Checo,Hidalgo,+52 78 6125 4381,ND,https://wa.me/527861254381,https://www.facebook.com/search/pages/?q=Boutique%20By%20Checo%20Hidalgo,"https://www.google.com/maps/search/?api=1&query=19.69516783,-100.55283481"
Boutique D Laus,Hidalgo,+52 78 6104 4862,ND,https://wa.me/527861044862,https://www.facebook.com/search/pages/?q=Boutique%20D%20Laus%20Hidalgo,"https://www.google.com/maps/search/?api=1&query=19.6888479,-100.54400389"
Boutique Depris,Hidalgo,+52 78 6119 8975,ND,https://wa.me/527861198975,https://www.facebook.com/search/pages/?q=Boutique%20Depris%20Hidalgo,"https://www.google.com/maps/search/?api=1&query=19.69217018,-100.55211975"
Boutique Hanna Michelle,Hidalgo,+52 78 6104 5692,ND,https://wa.me/527861045692,https://www.facebook.com/search/pages/?q=Boutique%20Hanna%20Michelle%20Hidalgo,"https://www.google.com/maps/search/?api=1&query=19.6934003,-100.5556502"
Boutique Hanny,Hidalgo,+52 78 6169 6025,ND,https://wa.me/527861696025,https://www.facebook.com/search/pages/?q=Boutique%20Hanny%20Hidalgo,"https://www.google.com/maps/search/?api=1&query=19.68924989,-100.55238567"
Boutique Joss,Hidalgo,+52 78 6127 3848,ND,https://wa.me/527861273848,https://www.facebook.com/search/pages/?q=Boutique%20Joss%20Hidalgo,"https://www.google.com/maps/search/?api=1&query=19.69189638,-100.55572009"
Boutique Lebano,Hidalgo,+52 78 6112 4407,ND,https://wa.me/527861124407,https://www.facebook.com/search/pages/?q=Boutique%20Lebano%20Hidalgo,"https://www.google.com/maps/search/?api=1&query=19.69494675,-100.55441848"
Boutique Lupita,Hidalgo,+52 78 6104 9166,ND,https://wa.me/527861049166,https://www.facebook.com/search/pages/?q=Boutique%20Lupita%20Hidalgo,"https://www.google.com/maps/search/?api=1&query=19.53386689,-100.75334062"
Boutique Maria Jose,Hidalgo,+52 78 6115 4064,ND,https://wa.me/527861154064,https://www.facebook.com/search/pages/?q=Boutique%20Maria%20Jose%20Hidalgo,"https://www.google.com/maps/search/?api=1&query=19.69088111,-100.55537806"
Boutique Maya,Hidalgo,+52 78 6140 1284,ND,https://wa.me/527861401284,https://www.facebook.com/search/pages/?q=Boutique%20Maya%20Hidalgo,"https://www.google.com/maps/search/?api=1&query=19.69505745,-100.55226224"
Boutique Mayte,Hidalgo,+52 78 6143 3694,ND,https://wa.me/527861433694,https://www.facebook.com/search/pages/?q=Boutique%20Mayte%20Hidalgo,"https://www.google.com/maps/search/?api=1&query=19.70024841,-100.56390817"
Boutique Monserrat,Hidalgo,+52 75 6139 4511,ND,https://wa.me/527561394511,https://www.facebook.com/search/pages/?q=Boutique%20Monserrat%20Hidalgo,"https://www.google.com/maps/search/?api=1&query=19.6882021,-100.55401947"
Boutique Moon,Hidalgo,+52 78 6119 3465,ND,https://wa.me/527861193465,https://www.facebook.com/search/pages/?q=Boutique%20Moon%20Hidalgo,"https://www.google.com/maps/search/?api=1&query=19.68945937,-100.55585525"
Boutique Oriza,Hidalgo,+52 78 6246 4604,ND,https://wa.me/527862464604,https://www.facebook.com/search/pages/?q=Boutique%20Oriza%20Hidalgo,"https://www.google.com/maps/search/?api=1&query=19.68909722,-100.55588053"
Boutique Super Kit,Hidalgo,+52 44 3261 5686,ND,https://wa.me/524432615686,https://www.facebook.com/search/pages/?q=Boutique%20Super%20Kit%20Hidalgo,"https://www.google.com/maps/search/?api=1&query=19.69133568,-100.55492097"
Celina Boutique,Hidalgo,+52 78 6134 6517,ND,https://wa.me/527861346517,https://www.facebook.com/search/pages/?q=Celina%20Boutique%20Hidalgo,"https://www.google.com/maps/search/?api=1&query=19.69044864,-100.55683661"
Chinas Boutique,Hidalgo,+52 78 6121 4609,ND,https://wa.me/527861214609,https://www.facebook.com/search/pages/?q=Chinas%20Boutique%20Hidalgo,"https://www.google.com/maps/search/?api=1&query=19.68890657,-100.55582019"
Danconm-Shop,Hidalgo,+52 78 6148 4491,ND,https://wa.me/527861484491,https://www.facebook.com/search/pages/?q=Danconm-Shop%20Hidalgo,"https://www.google.com/maps/search/?api=1&query=19.68715722,-100.55472358"
Fashion Style,Hidalgo,+52 78 6141 3624,ND,https://wa.me/527861413624,https://www.facebook.com/search/pages/?q=Fashion%20Style%20Hidalgo,"https://www.google.com/maps/search/?api=1&query=19.69592062,-100.54912176"
Glam Boutique,Hidalgo,+52 78 6247 6477,ND,https://wa.me/527862476477,https://www.facebook.com/search/pages/?q=Glam%20Boutique%20Hidalgo,"https://www.google.com/maps/search/?api=1&query=19.69319789,-100.5543479"
Iconic High Shop,Hidalgo,+52 44 3348 9129,ND,https://wa.me/524433489129,https://www.facebook.com/search/pages/?q=Iconic%20High%20Shop%20Hidalgo,"https://www.google.com/maps/search/?api=1&query=19.69712622,-100.55525432"
Jaqui Boutique,Hidalgo,+52 78 6116 7723,ND,https://wa.me/527861167723,https://www.facebook.com/search/pages/?q=Jaqui%20Boutique%20Hidalgo,"https://www.google.com/maps/search/?api=1&query=19.69011151,-100.55579323"
Kelly Boutique,Hidalgo,+52 66 4772 3603,ND,https://wa.me/526647723603,https://www.facebook.com/search/pages/?q=Kelly%20Boutique%20Hidalgo,"https://www.google.com/maps/search/?api=1&query=19.69336549,-100.55474903"
Mimis Mx Store,Hidalgo,+52 78 6140 6381,ND,https://wa.me/527861406381,https://www.facebook.com/search/pages/?q=Mimis%20Mx%20Store%20Hidalgo,"https://www.google.com/maps/search/?api=1&query=19.69036569,-100.55676115"
Moda Usa,Hidalgo,+52 78 6226 7281,ND,https://wa.me/527862267281,https://www.facebook.com/search/pages/?q=Moda%20Usa%20Hidalgo,"https://www.google.com/maps/search/?api=1&query=19.68916931,-100.55075573"
Olivia Boutique,Hidalgo,+52 78 6143 0227,ND,https://wa.me/527861430227,https://www.facebook.com/search/pages/?q=Olivia%20Boutique%20Hidalgo,"https://www.google.com/maps/search/?api=1&query=19.69385112,-100.55452564"
Orizaba Boutique,Hidalgo,+52 78 6113 5086,ND,https://wa.me/527861135086,https://www.facebook.com/search/pages/?q=Orizaba%20Boutique%20Hidalgo,"https://www.google.com/maps/search/?api=1&query=19.6890342,-100.55495533"
Osani Boutique,Hidalgo,+52 78 6121 6582,ND,https://wa.me/527861216582,https://www.facebook.com/search/pages/?q=Osani%20Boutique%20Hidalgo,"https://www.google.com/maps/search/?api=1&query=19.6911109,-100.55652372"
Pequeña Boutique,Hidalgo,+52 78 6129 3397,ND,https://wa.me/527861293397,https://www.facebook.com/search/pages/?q=Pequeña%20Boutique%20Hidalgo,"https://www.google.com/maps/search/?api=1&query=19.6905921,-100.55233976"
Pitxi Boutique,Hidalgo,+52 44 3286 7925,ND,https://wa.me/524432867925,https://www.facebook.com/search/pages/?q=Pitxi%20Boutique%20Hidalgo,"https://www.google.com/maps/search/?api=1&query=19.68906681,-100.55649567"
Seis Shop,Hidalgo,+52 78 6111 5372,ND,https://wa.me/527861115372,https://www.facebook.com/search/pages/?q=Seis%20Shop%20Hidalgo,"https://www.google.com/maps/search/?api=1&query=19.65127321,-100.60087062"
Tienda De Ropa Di Mar Boutique,Hidalgo,+52 78 6122 5029,ND,https://wa.me/527861225029,https://www.facebook.com/search/pages/?q=Tienda%20De%20Ropa%20Di%20Mar%20Boutique%20Hidalgo,"https://www.google.com/maps/search/?api=1&query=19.68887923,-100.54921743"
Tienda De Ropa Granate Clouting Store,Hidalgo,+52 78 6245 0317,ND,https://wa.me/527862450317,https://www.facebook.com/search/pages/?q=Tienda%20De%20Ropa%20Granate%20Clouting%20Store%20Hidalgo,"https://www.google.com/maps/search/?api=1&query=19.68806655,-100.54268196"
Tienda De Ropa Para Dama Yen Boutique,Hidalgo,+52 78 6244 9305,ND,https://wa.me/527862449305,https://www.facebook.com/search/pages/?q=Tienda%20De%20Ropa%20Para%20Dama%20Yen%20Boutique%20Hidalgo,"https://www.google.com/maps/search/?api=1&query=19.6847662,-100.54283283"
Tienda De Ropa Tu Estilo,Hidalgo,+52 78 6162 7709,ND,https://wa.me/527861627709,https://www.facebook.com/search/pages/?q=Tienda%20De%20Ropa%20Tu%20Estilo%20Hidalgo,"https://www.google.com/maps/search/?api=1&query=19.69092411,-100.55640033"
Tierra Vaquera Venta De Ropa Vaquera Y Botas,Hidalgo,+52 78 6134 8551,ND,https://wa.me/527861348551,https://www.facebook.com/search/pages/?q=Tierra%20Vaquera%20Venta%20De%20Ropa%20Vaquera%20Y%20Botas%20Hidalgo,"https://www.google.com/maps/search/?api=1&query=19.69240432,-100.54991115"
Yovana Belleza Y Moda,Hidalgo,+52 78 6100 6026,ND,https://wa.me/527861006026,https://www.facebook.com/search/pages/?q=Yovana%20Belleza%20Y%20Moda%20Hidalgo,"https://www.google.com/maps/search/?api=1&query=19.69358648,-100.55864182"
Tienda De Ropa Capricho,Huandacareo,+52 44 3225 1474,ND,https://wa.me/524432251474,https://www.facebook.com/search/pages/?q=Tienda%20De%20Ropa%20Capricho%20Huandacareo,"https://www.google.com/maps/search/?api=1&query=19.98756854,-101.27787811"
Tienda De Ropa El Carrusel,Huandacareo,+52 44 3227 9091,ND,https://wa.me/524432279091,https://www.facebook.com/search/pages/?q=Tienda%20De%20Ropa%20El%20Carrusel%20Huandacareo,"https://www.google.com/maps/search/?api=1&query=19.98947182,-101.27606202"
Tienda De Ropa,Huaniqueo,+52 44 3225 3085,mariblcita@hotmail.com,https://wa.me/524432253085,https://www.facebook.com/search/pages/?q=Tienda%20De%20Ropa%20Huaniqueo,"https://www.google.com/maps/search/?api=1&query=19.8975553,-101.50536657"
American Store,Huetamo,+52 43 5100 4387,ND,https://wa.me/524351004387,https://www.facebook.com/search/pages/?q=American%20Store%20Huetamo,"https://www.google.com/maps/search/?api=1&query=18.62374083,-100.90557515"
Bear Business Boutique,Huetamo,+52 66 4806 6534,ND,https://wa.me/526648066534,https://www.facebook.com/search/pages/?q=Bear%20Business%20Boutique%20Huetamo,"https://www.google.com/maps/search/?api=1&query=18.62268498,-100.89849472"
Boutique 3 Hermanos,Huetamo,+52 76 7101 1911,ND,https://wa.me/527671011911,https://www.facebook.com/search/pages/?q=Boutique%203%20Hermanos%20Huetamo,"https://www.google.com/maps/search/?api=1&query=18.61630905,-100.89535286"
Boutique Denis,Huetamo,+52 43 5106 8460,ND,https://wa.me/524351068460,https://www.facebook.com/search/pages/?q=Boutique%20Denis%20Huetamo,"https://www.google.com/maps/search/?api=1&query=18.62227914,-100.89172521"
Boutique La Combi,Huetamo,+52 43 5103 1821,ND,https://wa.me/524351031821,https://www.facebook.com/search/pages/?q=Boutique%20La%20Combi%20Huetamo,"https://www.google.com/maps/search/?api=1&query=18.6296061,-100.88804862"
Boutique Shein,Huetamo,+52 43 5115 8905,ND,https://wa.me/524351158905,https://www.facebook.com/search/pages/?q=Boutique%20Shein%20Huetamo,"https://www.google.com/maps/search/?api=1&query=18.62773799,-100.89320935"
Boutique Valery Time,Huetamo,+52 43 5100 8650,ND,https://wa.me/524351008650,https://www.facebook.com/search/pages/?q=Boutique%20Valery%20Time%20Huetamo,"https://www.google.com/maps/search/?api=1&query=18.62589936,-100.89958562"
El Palacio De La Moda,Huetamo,+52 43 5104 3181,ND,https://wa.me/524351043181,https://www.facebook.com/search/pages/?q=El%20Palacio%20De%20La%20Moda%20Huetamo,"https://www.google.com/maps/search/?api=1&query=18.6244444,-100.89970173"
Moda Para Caballero Rivas,Huetamo,+52 43 5103 8276,ND,https://wa.me/524351038276,https://www.facebook.com/search/pages/?q=Moda%20Para%20Caballero%20Rivas%20Huetamo,"https://www.google.com/maps/search/?api=1&query=18.62324098,-100.90026624"
Modas Kathyas,Huetamo,+52 43 5101 0800,ND,https://wa.me/524351010800,https://www.facebook.com/search/pages/?q=Modas%20Kathyas%20Huetamo,"https://www.google.com/maps/search/?api=1&query=18.62448071,-100.90021151"
Tienda De Ropa Gama Shop,Huetamo,+52 43 5110 2156,ND,https://wa.me/524351102156,https://www.facebook.com/search/pages/?q=Tienda%20De%20Ropa%20Gama%20Shop%20Huetamo,"https://www.google.com/maps/search/?api=1&query=18.62440669,-100.89910371"
Venta De Ropa Company By Estilo Y Moda,Huetamo,+52 43 5106 0359,ND,https://wa.me/524351060359,https://www.facebook.com/search/pages/?q=Venta%20De%20Ropa%20Company%20By%20Estilo%20Y%20Moda%20Huetamo,"https://www.google.com/maps/search/?api=1&query=18.62589511,-100.89951887"
Bella Huiramba,Huiramba,+52 443 730 1491,ND,https://wa.me/524437301491,https://www.facebook.com/search/pages/?q=Bella%20Huiramba%20Huiramba,"https://www.google.com/maps/search/?api=1&query=19.5468016,-101.4320064"
Tienda De Ropa Caro,Huiramba,ND,ND,ND,https://www.facebook.com/search/pages/?q=Tienda%20De%20Ropa%20Caro%20Huiramba,"https://www.google.com/maps/search/?api=1&query=19.54606613,-101.43988505"
Fashion Sarahi,Indaparapeo,+52 44 3127 1067,ND,https://wa.me/524431271067,https://www.facebook.com/search/pages/?q=Fashion%20Sarahi%20Indaparapeo,"https://www.google.com/maps/search/?api=1&query=19.78869914,-100.96825214"
Natys Fashion,Indaparapeo,+52 44 3206 2225,ND,https://wa.me/524432062225,https://www.facebook.com/search/pages/?q=Natys%20Fashion%20Indaparapeo,"https://www.google.com/maps/search/?api=1&query=19.78831867,-100.96752772"
Ed Villegas,Irimbo,+52 78 6113 1360,ND,https://wa.me/527861131360,https://www.facebook.com/search/pages/?q=Ed%20Villegas%20Irimbo,"https://www.google.com/maps/search/?api=1&query=19.69983233,-100.47915855"
Paoli,Ixtlán,+52 35 1127 7994,ND,https://wa.me/523511277994,https://www.facebook.com/search/pages/?q=Paoli%20Ixtlán,"https://www.google.com/maps/search/?api=1&query=20.16792419,-102.39436508"
Tiendita Ruiz,Ixtlán,+52 35 1121 0134,ND,https://wa.me/523511210134,https://www.facebook.com/search/pages/?q=Tiendita%20Ruiz%20Ixtlán,"https://www.google.com/maps/search/?api=1&query=20.1709053,-102.39352769"
Boutique Izamar,Jacona,+52 35 1345 0766,ND,https://wa.me/523513450766,https://www.facebook.com/search/pages/?q=Boutique%20Izamar%20Jacona,"https://www.google.com/maps/search/?api=1&query=19.95497249,-102.30613625"
Boutique La Morena Ropa De Mujer,Jacona,+52 35 1101 7230,ND,https://wa.me/523511017230,https://www.facebook.com/search/pages/?q=Boutique%20La%20Morena%20Ropa%20De%20Mujer%20Jacona,"https://www.google.com/maps/search/?api=1&query=19.95384374,-102.30629039"
Boutique Mias,Jacona,+52 35 1747 9405,ND,https://wa.me/523517479405,https://www.facebook.com/search/pages/?q=Boutique%20Mias%20Jacona,"https://www.google.com/maps/search/?api=1&query=19.95544623,-102.30630424"
Free Style,Jacona,+52 35 1519 8304,ND,https://wa.me/523515198304,https://www.facebook.com/search/pages/?q=Free%20Style%20Jacona,"https://www.google.com/maps/search/?api=1&query=19.95347703,-102.30670994"
Yuri,Jiménez,+52 443 116 1878,ND,https://wa.me/524431161878,https://www.facebook.com/search/pages/?q=Yuri%20Jiménez,"https://www.google.com/maps/search/?api=1&query=19.922485,-101.7496615"
Tienda De Ropa Cintia,Jiménez,ND,ND,ND,https://www.facebook.com/search/pages/?q=Tienda%20De%20Ropa%20Cintia%20Jiménez,"https://www.google.com/maps/search/?api=1&query=19.92412598,-101.75091184"
Alejandra Boutique,Jiquilpan,+52 35 3105 4093,alejandra-vasa-@msn.com,https://wa.me/523531054093,https://www.facebook.com/search/pages/?q=Alejandra%20Boutique%20Jiquilpan,"https://www.google.com/maps/search/?api=1&query=19.99278302,-102.71965304"
Boutique Abanna,Jiquilpan,+52 35 3152 7483,vizcaino_777@hotmail.com,https://wa.me/523531527483,https://www.facebook.com/search/pages/?q=Boutique%20Abanna%20Jiquilpan,"https://www.google.com/maps/search/?api=1&query=19.99208192,-102.71851503"
Mc Boutique,Jiquilpan,+52 35 3122 1342,villaavalosconcha@hotmail.com,https://wa.me/523531221342,https://www.facebook.com/search/pages/?q=Mc%20Boutique%20Jiquilpan,"https://www.google.com/maps/search/?api=1&query=19.9926011,-102.71972675"
Romina Store,Jiquilpan,+52 35 3152 0035,rico.tania32@gmail.com,https://wa.me/523531520035,https://www.facebook.com/search/pages/?q=Romina%20Store%20Jiquilpan,"https://www.google.com/maps/search/?api=1&query=19.99275294,-102.71848976"
Tienda De Ropa Mi Boutique,Jiquilpan,+52 35 3117 5284,luisi8a@yahoo.com,https://wa.me/523531175284,https://www.facebook.com/search/pages/?q=Tienda%20De%20Ropa%20Mi%20Boutique%20Jiquilpan,"https://www.google.com/maps/search/?api=1&query=19.99100404,-102.72022488"
Boutique Cami Rodman,Jiquilpan,+52 35 3132 5508,ND,https://wa.me/523531325508,https://www.facebook.com/search/pages/?q=Boutique%20Cami%20Rodman%20Jiquilpan,"https://www.google.com/maps/search/?api=1&query=19.98908801,-102.71565849"
Boutique Esperanza,Jiquilpan,+52 35 3134 1924,ND,https://wa.me/523531341924,https://www.facebook.com/search/pages/?q=Boutique%20Esperanza%20Jiquilpan,"https://www.google.com/maps/search/?api=1&query=19.98893741,-102.71822431"
Boutique Jaquez,Jiquilpan,+52 35 3123 8661,ND,https://wa.me/523531238661,https://www.facebook.com/search/pages/?q=Boutique%20Jaquez%20Jiquilpan,"https://www.google.com/maps/search/?api=1&query=19.99249922,-102.71846902"
Boutique Mary Nuñez,Jiquilpan,+52 35 3111 7567,ND,https://wa.me/523531117567,https://www.facebook.com/search/pages/?q=Boutique%20Mary%20Nuñez%20Jiquilpan,"https://www.google.com/maps/search/?api=1&query=19.98965458,-102.72027365"
Boutique Ms,Jiquilpan,+52 35 3102 5481,ND,https://wa.me/523531025481,https://www.facebook.com/search/pages/?q=Boutique%20Ms%20Jiquilpan,"https://www.google.com/maps/search/?api=1&query=19.99071281,-102.71983918"
Boutique Noemi,Jiquilpan,+52 35 3138 4083,ND,https://wa.me/523531384083,https://www.facebook.com/search/pages/?q=Boutique%20Noemi%20Jiquilpan,"https://www.google.com/maps/search/?api=1&query=19.99589034,-102.7150797"
Jjayleen Boutique,Jiquilpan,+52 35 3153 9627,ND,https://wa.me/523531539627,https://www.facebook.com/search/pages/?q=Jjayleen%20Boutique%20Jiquilpan,"https://www.google.com/maps/search/?api=1&query=19.98954742,-102.72140444"
Lolitas Boutique,Jiquilpan,+52 35 3539 1714,ND,https://wa.me/523535391714,https://www.facebook.com/search/pages/?q=Lolitas%20Boutique%20Jiquilpan,"https://www.google.com/maps/search/?api=1&query=19.99093804,-102.7186404"
Lunas Boutique,Jiquilpan,+52 35 3105 5080,ND,https://wa.me/523531055080,https://www.facebook.com/search/pages/?q=Lunas%20Boutique%20Jiquilpan,"https://www.google.com/maps/search/?api=1&query=19.98762709,-102.71586102"
Miriam Store,Jiquilpan,+52 35 4127 9543,ND,https://wa.me/523541279543,https://www.facebook.com/search/pages/?q=Miriam%20Store%20Jiquilpan,"https://www.google.com/maps/search/?api=1&query=19.99452459,-102.7175536"
Raquel A Boutique,Jiquilpan,+52 35 3963 2442,ND,https://wa.me/523539632442,https://www.facebook.com/search/pages/?q=Raquel%20A%20Boutique%20Jiquilpan,"https://www.google.com/maps/search/?api=1&query=19.98742746,-102.71347144"
Vikys Boutique,Jiquilpan,+52 35 3137 1954,ND,https://wa.me/523531371954,https://www.facebook.com/search/pages/?q=Vikys%20Boutique%20Jiquilpan,"https://www.google.com/maps/search/?api=1&query=19.99194598,-102.71850493"
Yareli Shop,Jiquilpan,+52 35 3132 1837,ND,https://wa.me/523531321837,https://www.facebook.com/search/pages/?q=Yareli%20Shop%20Jiquilpan,"https://www.google.com/maps/search/?api=1&query=19.99171879,-102.71933529"
Yuni Boutique,Jiquilpan,+52 35 3108 6164,ND,https://wa.me/523531086164,https://www.facebook.com/search/pages/?q=Yuni%20Boutique%20Jiquilpan,"https://www.google.com/maps/search/?api=1&query=19.98775065,-102.71589968"
Boutique Bella,José Sixto Verduzco,+52 55 3926 7667,ND,https://wa.me/525539267667,https://www.facebook.com/search/pages/?q=Boutique%20Bella%20José%20Sixto%20Verduzco,"https://www.google.com/maps/search/?api=1&query=20.30294394,-101.59667503"
Boutique Issa,José Sixto Verduzco,+52 43 8109 8341,ND,https://wa.me/524381098341,https://www.facebook.com/search/pages/?q=Boutique%20Issa%20José%20Sixto%20Verduzco,"https://www.google.com/maps/search/?api=1&query=20.30804603,-101.59253793"
Boutique Moda Y Estilo,José Sixto Verduzco,+52 43 8100 2690,ND,https://wa.me/524381002690,https://www.facebook.com/search/pages/?q=Boutique%20Moda%20Y%20Estilo%20José%20Sixto%20Verduzco,"https://www.google.com/maps/search/?api=1&query=20.30321938,-101.59869373"
Fashion Shop,José Sixto Verduzco,+52 43 8100 8346,ND,https://wa.me/524381008346,https://www.facebook.com/search/pages/?q=Fashion%20Shop%20José%20Sixto%20Verduzco,"https://www.google.com/maps/search/?api=1&query=20.27749064,-101.4684555"
Boutique Shop Y Love,Juárez,+52 71 5109 2544,ND,https://wa.me/527151092544,https://www.facebook.com/search/pages/?q=Boutique%20Shop%20Y%20Love%20Juárez,"https://www.google.com/maps/search/?api=1&query=19.31140392,-100.4338653"
Dreams Boutique,Jungapeo,+52 71 5172 4253,ND,https://wa.me/527151724253,https://www.facebook.com/search/pages/?q=Dreams%20Boutique%20Jungapeo,"https://www.google.com/maps/search/?api=1&query=19.4595159,-100.49361263"
Bella Fashion Boutique,La Huacana,+52 42 5131 5420,ND,https://wa.me/524251315420,https://www.facebook.com/search/pages/?q=Bella%20Fashion%20Boutique%20La%20Huacana,"https://www.google.com/maps/search/?api=1&query=18.88247162,-101.97372776"
Boutique Isabella,La Huacana,+52 42 5115 0739,ND,https://wa.me/524251150739,https://www.facebook.com/search/pages/?q=Boutique%20Isabella%20La%20Huacana,"https://www.google.com/maps/search/?api=1&query=18.96214702,-101.80771069"
Boutique M Y M,La Huacana,+52 42 5127 3695,ND,https://wa.me/524251273695,https://www.facebook.com/search/pages/?q=Boutique%20M%20Y%20M%20La%20Huacana,"https://www.google.com/maps/search/?api=1&query=18.96232056,-101.80897769"
Modas Pao,La Huacana,+52 42 5135 0469,ND,https://wa.me/524251350469,https://www.facebook.com/search/pages/?q=Modas%20Pao%20La%20Huacana,"https://www.google.com/maps/search/?api=1&query=18.96395877,-101.80840374"
Tienda De Ropa Y Articulos Para El Hogar Yurley Fashion,La Huacana,+52 42 5120 9653,ND,https://wa.me/524251209653,https://www.facebook.com/search/pages/?q=Tienda%20De%20Ropa%20Y%20Articulos%20Para%20El%20Hogar%20Yurley%20Fashion%20La%20Huacana,"https://www.google.com/maps/search/?api=1&query=18.88208987,-101.97591669"
Ja Boutique,La Piedad,+52 35 2144 1397,jessicasuareztafolla261@gmail.com,https://wa.me/523521441397,https://www.facebook.com/search/pages/?q=Ja%20Boutique%20La%20Piedad,"https://www.google.com/maps/search/?api=1&query=20.34057485,-102.03072453"
Moto Boutique,La Piedad,+52 35 2107 2910,josecortescarnicos@gmail.com,https://wa.me/523521072910,https://www.facebook.com/search/pages/?q=Moto%20Boutique%20La%20Piedad,"https://www.google.com/maps/search/?api=1&query=20.34328529,-102.02755492"
Anetta Store Tienda De Ropa,La Piedad,+52 35 2111 3657,ND,https://wa.me/523521113657,https://www.facebook.com/search/pages/?q=Anetta%20Store%20Tienda%20De%20Ropa%20La%20Piedad,"https://www.google.com/maps/search/?api=1&query=20.33967367,-102.02690939"
Angis Boutique,La Piedad,+52 35 2103 5582,ND,https://wa.me/523521035582,https://www.facebook.com/search/pages/?q=Angis%20Boutique%20La%20Piedad,"https://www.google.com/maps/search/?api=1&query=20.35327888,-102.04039515"
Boutique Arlette,La Piedad,+52 95 4118 3881,ND,https://wa.me/529541183881,https://www.facebook.com/search/pages/?q=Boutique%20Arlette%20La%20Piedad,"https://www.google.com/maps/search/?api=1&query=20.34368662,-102.03285948"
Boutique Channel,La Piedad,+52 35 2529 1013,ND,https://wa.me/523525291013,https://www.facebook.com/search/pages/?q=Boutique%20Channel%20La%20Piedad,"https://www.google.com/maps/search/?api=1&query=20.33996079,-102.02260253"
Boutique Cherry,La Piedad,+52 35 2113 2287,ND,https://wa.me/523521132287,https://www.facebook.com/search/pages/?q=Boutique%20Cherry%20La%20Piedad,"https://www.google.com/maps/search/?api=1&query=20.34468314,-102.03066859"
Boutique Clio,La Piedad,+52 35 2522 2228,ND,https://wa.me/523525222228,https://www.facebook.com/search/pages/?q=Boutique%20Clio%20La%20Piedad,"https://www.google.com/maps/search/?api=1&query=20.34055831,-102.02156018"
Boutique Gc,La Piedad,+52 35 2116 4310,ND,https://wa.me/523521164310,https://www.facebook.com/search/pages/?q=Boutique%20Gc%20La%20Piedad,"https://www.google.com/maps/search/?api=1&query=20.33762579,-102.03711757"
Boutique Majavi,La Piedad,+52 35 2193 7150,ND,https://wa.me/523521937150,https://www.facebook.com/search/pages/?q=Boutique%20Majavi%20La%20Piedad,"https://www.google.com/maps/search/?api=1&query=20.33954177,-102.03011909"
Boutique May,La Piedad,+52 35 2107 5010,ND,https://wa.me/523521075010,https://www.facebook.com/search/pages/?q=Boutique%20May%20La%20Piedad,"https://www.google.com/maps/search/?api=1&query=20.36475169,-102.03131355"
Boutique Moda Casual Lizbeth,La Piedad,+52 35 2207 8551,ND,https://wa.me/523522078551,https://www.facebook.com/search/pages/?q=Boutique%20Moda%20Casual%20Lizbeth%20La%20Piedad,"https://www.google.com/maps/search/?api=1&query=20.33894853,-102.02918744"
Boutique Only Divas,La Piedad,+52 35 2163 3278,ND,https://wa.me/523521633278,https://www.facebook.com/search/pages/?q=Boutique%20Only%20Divas%20La%20Piedad,"https://www.google.com/maps/search/?api=1&query=20.34209124,-102.03160237"
Boutique Santino,La Piedad,+52 35 2153 7309,ND,https://wa.me/523521537309,https://www.facebook.com/search/pages/?q=Boutique%20Santino%20La%20Piedad,"https://www.google.com/maps/search/?api=1&query=20.34260876,-102.02402971"
Boutique Tentaciones,La Piedad,+52 35 2144 2098,ND,https://wa.me/523521442098,https://www.facebook.com/search/pages/?q=Boutique%20Tentaciones%20La%20Piedad,"https://www.google.com/maps/search/?api=1&query=20.35012712,-102.02912383"
Boutique Zu,La Piedad,+52 35 2110 0676,ND,https://wa.me/523521100676,https://www.facebook.com/search/pages/?q=Boutique%20Zu%20La%20Piedad,"https://www.google.com/maps/search/?api=1&query=20.34267726,-102.02854443"
Closet Maria Bonita,La Piedad,+52 35 2103 8595,ND,https://wa.me/523521038595,https://www.facebook.com/search/pages/?q=Closet%20Maria%20Bonita%20La%20Piedad,"https://www.google.com/maps/search/?api=1&query=20.34470344,-102.02554882"
Jess Boutique,La Piedad,+52 35 2147 1634,ND,https://wa.me/523521471634,https://www.facebook.com/search/pages/?q=Jess%20Boutique%20La%20Piedad,"https://www.google.com/maps/search/?api=1&query=20.34044444,-102.02043616"
Men S Cl0Thing Style,La Piedad,+52 35 2138 1548,ND,https://wa.me/523521381548,https://www.facebook.com/search/pages/?q=Men%20S%20Cl0Thing%20Style%20La%20Piedad,"https://www.google.com/maps/search/?api=1&query=20.34197444,-102.02039806"
Mia Fashion Clothing,La Piedad,+52 35 2132 9265,ND,https://wa.me/523521329265,https://www.facebook.com/search/pages/?q=Mia%20Fashion%20Clothing%20La%20Piedad,"https://www.google.com/maps/search/?api=1&query=20.31334633,-102.01638507"
Nataly Boutique,La Piedad,+52 35 2117 8627,ND,https://wa.me/523521178627,https://www.facebook.com/search/pages/?q=Nataly%20Boutique%20La%20Piedad,"https://www.google.com/maps/search/?api=1&query=20.34059404,-102.0216278"
Princess Boutique,La Piedad,+52 35 2103 8958,ND,https://wa.me/523521038958,https://www.facebook.com/search/pages/?q=Princess%20Boutique%20La%20Piedad,"https://www.google.com/maps/search/?api=1&query=20.34036847,-102.02401254"
Romiss Boutique,La Piedad,+52 35 2129 7043,ND,https://wa.me/523521297043,https://www.facebook.com/search/pages/?q=Romiss%20Boutique%20La%20Piedad,"https://www.google.com/maps/search/?api=1&query=20.34533946,-102.03876479"
Ross Marby Boutique,La Piedad,+52 35 2522 1055,ND,https://wa.me/523525221055,https://www.facebook.com/search/pages/?q=Ross%20Marby%20Boutique%20La%20Piedad,"https://www.google.com/maps/search/?api=1&query=20.34053247,-102.0215113"
Store Anali,La Piedad,+52 35 2110 9789,ND,https://wa.me/523521109789,https://www.facebook.com/search/pages/?q=Store%20Anali%20La%20Piedad,"https://www.google.com/maps/search/?api=1&query=20.33986038,-102.02695832"
Tienda De Ropa Colombia Jeans,La Piedad,+52 35 2103 7456,ND,https://wa.me/523521037456,https://www.facebook.com/search/pages/?q=Tienda%20De%20Ropa%20Colombia%20Jeans%20La%20Piedad,"https://www.google.com/maps/search/?api=1&query=20.33713432,-102.03011015"
Tienda De Ropa Curby Moda,La Piedad,+52 35 2146 0925,ND,https://wa.me/523521460925,https://www.facebook.com/search/pages/?q=Tienda%20De%20Ropa%20Curby%20Moda%20La%20Piedad,"https://www.google.com/maps/search/?api=1&query=20.33692631,-102.02769684"
Tienda De Ropa Eba Boutique,La Piedad,+52 35 2110 7483,ND,https://wa.me/523521107483,https://www.facebook.com/search/pages/?q=Tienda%20De%20Ropa%20Eba%20Boutique%20La%20Piedad,"https://www.google.com/maps/search/?api=1&query=20.3527948,-102.03894396"
Tienda De Ropa Jaz Boutique,La Piedad,+52 35 2111 8481,ND,https://wa.me/523521118481,https://www.facebook.com/search/pages/?q=Tienda%20De%20Ropa%20Jaz%20Boutique%20La%20Piedad,"https://www.google.com/maps/search/?api=1&query=20.33879551,-102.03929853"
Tienda De Ropa La Moda D Hector,La Piedad,+52 35 2561 8060,ND,https://wa.me/523525618060,https://www.facebook.com/search/pages/?q=Tienda%20De%20Ropa%20La%20Moda%20D%20Hector%20La%20Piedad,"https://www.google.com/maps/search/?api=1&query=20.33663738,-102.0353827"
Tienda De Ropa La Mont Boutique,La Piedad,+52 46 9124 6606,ND,https://wa.me/524691246606,https://www.facebook.com/search/pages/?q=Tienda%20De%20Ropa%20La%20Mont%20Boutique%20La%20Piedad,"https://www.google.com/maps/search/?api=1&query=20.33937662,-102.03063876"
Tienda De Ropa Mas Moda Y Accesorios,La Piedad,+52 35 2112 7260,ND,https://wa.me/523521127260,https://www.facebook.com/search/pages/?q=Tienda%20De%20Ropa%20Mas%20Moda%20Y%20Accesorios%20La%20Piedad,"https://www.google.com/maps/search/?api=1&query=20.35256541,-102.02607802"
Tienda De Ropa Moda Bonita Lp,La Piedad,+52 35 2557 8274,ND,https://wa.me/523525578274,https://www.facebook.com/search/pages/?q=Tienda%20De%20Ropa%20Moda%20Bonita%20Lp%20La%20Piedad,"https://www.google.com/maps/search/?api=1&query=20.33963799,-102.03902195"
Tienda De Ropa Style Valentina,La Piedad,+52 35 2142 4585,ND,https://wa.me/523521424585,https://www.facebook.com/search/pages/?q=Tienda%20De%20Ropa%20Style%20Valentina%20La%20Piedad,"https://www.google.com/maps/search/?api=1&query=20.35413956,-102.02740293"
Tienda De Ropa Super Moda,La Piedad,+52 35 2102 1951,ND,https://wa.me/523521021951,https://www.facebook.com/search/pages/?q=Tienda%20De%20Ropa%20Super%20Moda%20La%20Piedad,"https://www.google.com/maps/search/?api=1&query=20.34138496,-102.02745842"
Wappa Boutique Ropa Y Accesorios,La Piedad,+52 35 2146 4512,ND,https://wa.me/523521464512,https://www.facebook.com/search/pages/?q=Wappa%20Boutique%20Ropa%20Y%20Accesorios%20La%20Piedad,"https://www.google.com/maps/search/?api=1&query=20.37630598,-102.02558308"
Yulss Boutique,La Piedad,+52 35 2242 8167,ND,https://wa.me/523522428167,https://www.facebook.com/search/pages/?q=Yulss%20Boutique%20La%20Piedad,"https://www.google.com/maps/search/?api=1&query=20.34034988,-102.02323593"
Moda Femenina Lagunillas,Lagunillas,+52 46 2110 6906,ND,https://wa.me/524621106906,https://www.facebook.com/search/pages/?q=Moda%20Femenina%20Lagunillas%20Lagunillas,"https://www.google.com/maps/search/?api=1&query=19.56493811,-101.41518834"
Boutique Mundo De Frida,Lázaro Cárdenas,+52 75 3114 9337,mundodefrida@hotmail.com,https://wa.me/527531149337,https://www.facebook.com/search/pages/?q=Boutique%20Mundo%20De%20Frida%20Lázaro%20Cárdenas,"https://www.google.com/maps/search/?api=1&query=17.97317459,-102.2265687"
Abigail Hernandez Fashion And Stile,Lázaro Cárdenas,+52 75 3160 2527,ND,https://wa.me/527531602527,https://www.facebook.com/search/pages/?q=Abigail%20Hernandez%20Fashion%20And%20Stile%20Lázaro%20Cárdenas,"https://www.google.com/maps/search/?api=1&query=17.99389966,-102.22159621"
Bella Boutique,Lázaro Cárdenas,+52 75 3103 5072,ND,https://wa.me/527531035072,https://www.facebook.com/search/pages/?q=Bella%20Boutique%20Lázaro%20Cárdenas,"https://www.google.com/maps/search/?api=1&query=18.0359954,-102.32828063"
Betos Shop,Lázaro Cárdenas,+52 75 3112 8479,ND,https://wa.me/527531128479,https://www.facebook.com/search/pages/?q=Betos%20Shop%20Lázaro%20Cárdenas,"https://www.google.com/maps/search/?api=1&query=17.95740461,-102.19530248"
Boutique Alma,Lázaro Cárdenas,+52 75 3109 0800,ND,https://wa.me/527531090800,https://www.facebook.com/search/pages/?q=Boutique%20Alma%20Lázaro%20Cárdenas,"https://www.google.com/maps/search/?api=1&query=18.07579653,-102.75619004"
Boutique B Bettis,Lázaro Cárdenas,+52 75 3124 6837,ND,https://wa.me/527531246837,https://www.facebook.com/search/pages/?q=Boutique%20B%20Bettis%20Lázaro%20Cárdenas,"https://www.google.com/maps/search/?api=1&query=17.98410747,-102.35357067"
Boutique Baruc,Lázaro Cárdenas,+52 75 3532 2384,ND,https://wa.me/527535322384,https://www.facebook.com/search/pages/?q=Boutique%20Baruc%20Lázaro%20Cárdenas,"https://www.google.com/maps/search/?api=1&query=17.95537485,-102.1924827"
Boutique Braty,Lázaro Cárdenas,+52 44 3110 8695,ND,https://wa.me/524431108695,https://www.facebook.com/search/pages/?q=Boutique%20Braty%20Lázaro%20Cárdenas,"https://www.google.com/maps/search/?api=1&query=17.96893123,-102.21434905"
Boutique Caballero,Lázaro Cárdenas,+52 75 3160 3858,ND,https://wa.me/527531603858,https://www.facebook.com/search/pages/?q=Boutique%20Caballero%20Lázaro%20Cárdenas,"https://www.google.com/maps/search/?api=1&query=18.07599641,-102.75612698"
Boutique Canela,Lázaro Cárdenas,+52 75 3140 2441,ND,https://wa.me/527531402441,https://www.facebook.com/search/pages/?q=Boutique%20Canela%20Lázaro%20Cárdenas,"https://www.google.com/maps/search/?api=1&query=18.03828358,-102.32900238"
Boutique Echizo,Lázaro Cárdenas,+52 75 3107 3606,ND,https://wa.me/527531073606,https://www.facebook.com/search/pages/?q=Boutique%20Echizo%20Lázaro%20Cárdenas,"https://www.google.com/maps/search/?api=1&query=17.97373525,-102.21069222"
Boutique Girl Fashion,Lázaro Cárdenas,+52 75 3120 3265,ND,https://wa.me/527531203265,https://www.facebook.com/search/pages/?q=Boutique%20Girl%20Fashion%20Lázaro%20Cárdenas,"https://www.google.com/maps/search/?api=1&query=18.00417169,-102.23263021"
Boutique Liney,Lázaro Cárdenas,+52 75 3149 0391,ND,https://wa.me/527531490391,https://www.facebook.com/search/pages/?q=Boutique%20Liney%20Lázaro%20Cárdenas,"https://www.google.com/maps/search/?api=1&query=18.03539288,-102.32757785"
Boutique Pau,Lázaro Cárdenas,+52 75 3534 8638,ND,https://wa.me/527535348638,https://www.facebook.com/search/pages/?q=Boutique%20Pau%20Lázaro%20Cárdenas,"https://www.google.com/maps/search/?api=1&query=18.01468679,-102.28069252"
Boutique Reyna Esther,Lázaro Cárdenas,+52 75 3160 4458,ND,https://wa.me/527531604458,https://www.facebook.com/search/pages/?q=Boutique%20Reyna%20Esther%20Lázaro%20Cárdenas,"https://www.google.com/maps/search/?api=1&query=18.07669821,-102.75529385"
Boutique Secret S Ladies,Lázaro Cárdenas,+52 75 3163 4563,ND,https://wa.me/527531634563,https://www.facebook.com/search/pages/?q=Boutique%20Secret%20S%20Ladies%20Lázaro%20Cárdenas,"https://www.google.com/maps/search/?api=1&query=17.95633448,-102.1916431"
Boutique Sexi Girlz,Lázaro Cárdenas,+52 31 2200 0723,ND,https://wa.me/523122000723,https://www.facebook.com/search/pages/?q=Boutique%20Sexi%20Girlz%20Lázaro%20Cárdenas,"https://www.google.com/maps/search/?api=1&query=17.95630696,-102.19154874"
Boutique Sister Fashion,Lázaro Cárdenas,+52 75 3110 4318,ND,https://wa.me/527531104318,https://www.facebook.com/search/pages/?q=Boutique%20Sister%20Fashion%20Lázaro%20Cárdenas,"https://www.google.com/maps/search/?api=1&query=18.01471174,-102.2796402"
Boutique Venecia,Lázaro Cárdenas,+52 75 3532 0963,ND,https://wa.me/527535320963,https://www.facebook.com/search/pages/?q=Boutique%20Venecia%20Lázaro%20Cárdenas,"https://www.google.com/maps/search/?api=1&query=17.95849546,-102.19212142"
Boutique Yami,Lázaro Cárdenas,+52 75 3168 8589,ND,https://wa.me/527531688589,https://www.facebook.com/search/pages/?q=Boutique%20Yami%20Lázaro%20Cárdenas,"https://www.google.com/maps/search/?api=1&query=18.03539926,-102.32752372"
Claudia Boutique,Lázaro Cárdenas,+52 75 3532 4812,ND,https://wa.me/527535324812,https://www.facebook.com/search/pages/?q=Claudia%20Boutique%20Lázaro%20Cárdenas,"https://www.google.com/maps/search/?api=1&query=17.96797096,-102.22058473"
Closet De Nala,Lázaro Cárdenas,+52 75 3109 4740,ND,https://wa.me/527531094740,https://www.facebook.com/search/pages/?q=Closet%20De%20Nala%20Lázaro%20Cárdenas,"https://www.google.com/maps/search/?api=1&query=17.97999376,-102.22188348"
Crisjo Boutique,Lázaro Cárdenas,+52 75 3129 2601,ND,https://wa.me/527531292601,https://www.facebook.com/search/pages/?q=Crisjo%20Boutique%20Lázaro%20Cárdenas,"https://www.google.com/maps/search/?api=1&query=17.95669245,-102.1919144"
Daniela Shop,Lázaro Cárdenas,+52 75 3112 5758,ND,https://wa.me/527531125758,https://www.facebook.com/search/pages/?q=Daniela%20Shop%20Lázaro%20Cárdenas,"https://www.google.com/maps/search/?api=1&query=17.95721706,-102.19393279"
Demoda Closet,Lázaro Cárdenas,+52 75 3162 3931,ND,https://wa.me/527531623931,https://www.facebook.com/search/pages/?q=Demoda%20Closet%20Lázaro%20Cárdenas,"https://www.google.com/maps/search/?api=1&query=17.95724044,-102.19390141"
El Closet De Molly,Lázaro Cárdenas,+52 75 3103 7364,ND,https://wa.me/527531037364,https://www.facebook.com/search/pages/?q=El%20Closet%20De%20Molly%20Lázaro%20Cárdenas,"https://www.google.com/maps/search/?api=1&query=17.96159697,-102.2103392"
Emporio Boutique,Lázaro Cárdenas,+52 44 2281 3303,ND,https://wa.me/524422813303,https://www.facebook.com/search/pages/?q=Emporio%20Boutique%20Lázaro%20Cárdenas,"https://www.google.com/maps/search/?api=1&query=17.95525272,-102.19390935"
Estilo Porto,Lázaro Cárdenas,+52 75 3105 1289,ND,https://wa.me/527531051289,https://www.facebook.com/search/pages/?q=Estilo%20Porto%20Lázaro%20Cárdenas,"https://www.google.com/maps/search/?api=1&query=17.96917062,-102.21277955"
Fantasia Boutique,Lázaro Cárdenas,+52 75 3127 5323,ND,https://wa.me/527531275323,https://www.facebook.com/search/pages/?q=Fantasia%20Boutique%20Lázaro%20Cárdenas,"https://www.google.com/maps/search/?api=1&query=17.95480986,-102.19260711"
Glow Store,Lázaro Cárdenas,+52 75 3120 9627,ND,https://wa.me/527531209627,https://www.facebook.com/search/pages/?q=Glow%20Store%20Lázaro%20Cárdenas,"https://www.google.com/maps/search/?api=1&query=17.982388,-102.22531525"
Glowstore,Lázaro Cárdenas,+52 75 3534 7278,ND,https://wa.me/527535347278,https://www.facebook.com/search/pages/?q=Glowstore%20Lázaro%20Cárdenas,"https://www.google.com/maps/search/?api=1&query=17.95954057,-102.19639415"
Golden Style,Lázaro Cárdenas,+52 75 3112 8946,ND,https://wa.me/527531128946,https://www.facebook.com/search/pages/?q=Golden%20Style%20Lázaro%20Cárdenas,"https://www.google.com/maps/search/?api=1&query=18.03437318,-102.32811904"
Kaya Shop,Lázaro Cárdenas,+52 75 3103 8935,ND,https://wa.me/527531038935,https://www.facebook.com/search/pages/?q=Kaya%20Shop%20Lázaro%20Cárdenas,"https://www.google.com/maps/search/?api=1&query=18.07622145,-102.75605703"
Lauris Boutique,Lázaro Cárdenas,+52 75 3110 1829,ND,https://wa.me/527531101829,https://www.facebook.com/search/pages/?q=Lauris%20Boutique%20Lázaro%20Cárdenas,"https://www.google.com/maps/search/?api=1&query=17.96122864,-102.21013075"
Lluvia Boutique,Lázaro Cárdenas,+52 75 3153 9279,ND,https://wa.me/527531539279,https://www.facebook.com/search/pages/?q=Lluvia%20Boutique%20Lázaro%20Cárdenas,"https://www.google.com/maps/search/?api=1&query=18.03380331,-102.32734003"
Lorena Marquez Boutique,Lázaro Cárdenas,+52 75 3154 9159,ND,https://wa.me/527531549159,https://www.facebook.com/search/pages/?q=Lorena%20Marquez%20Boutique%20Lázaro%20Cárdenas,"https://www.google.com/maps/search/?api=1&query=17.96383628,-102.21515789"
Love Boutique,Lázaro Cárdenas,+52 75 3167 7417,ND,https://wa.me/527531677417,https://www.facebook.com/search/pages/?q=Love%20Boutique%20Lázaro%20Cárdenas,"https://www.google.com/maps/search/?api=1&query=17.95954057,-102.19639415"
Luar Boutique,Lázaro Cárdenas,+52 75 3137 8640,ND,https://wa.me/527531378640,https://www.facebook.com/search/pages/?q=Luar%20Boutique%20Lázaro%20Cárdenas,"https://www.google.com/maps/search/?api=1&query=17.96163921,-102.20617273"
Mi Moda Y Estilo,Lázaro Cárdenas,+52 75 3115 1638,ND,https://wa.me/527531151638,https://www.facebook.com/search/pages/?q=Mi%20Moda%20Y%20Estilo%20Lázaro%20Cárdenas,"https://www.google.com/maps/search/?api=1&query=18.02386608,-102.28610872"
Michelle Boutique,Lázaro Cárdenas,+52 75 3532 4697,ND,https://wa.me/527535324697,https://www.facebook.com/search/pages/?q=Michelle%20Boutique%20Lázaro%20Cárdenas,"https://www.google.com/maps/search/?api=1&query=17.95559806,-102.19192385"
Modas Skarlett,Lázaro Cárdenas,+52 75 3121 9846,ND,https://wa.me/527531219846,https://www.facebook.com/search/pages/?q=Modas%20Skarlett%20Lázaro%20Cárdenas,"https://www.google.com/maps/search/?api=1&query=17.96928615,-102.21290444"
Outfits Boutique,Lázaro Cárdenas,+52 75 3106 1240,ND,https://wa.me/527531061240,https://www.facebook.com/search/pages/?q=Outfits%20Boutique%20Lázaro%20Cárdenas,"https://www.google.com/maps/search/?api=1&query=17.95695471,-102.19182188"
Ruby Jeans,Lázaro Cárdenas,+52 75 3100 1455,ND,https://wa.me/527531001455,https://www.facebook.com/search/pages/?q=Ruby%20Jeans%20Lázaro%20Cárdenas,"https://www.google.com/maps/search/?api=1&query=18.01867341,-102.27892072"
Shopping Family Store,Lázaro Cárdenas,+52 75 3165 8035,ND,https://wa.me/527531658035,https://www.facebook.com/search/pages/?q=Shopping%20Family%20Store%20Lázaro%20Cárdenas,"https://www.google.com/maps/search/?api=1&query=17.96879717,-102.22120615"
Tentaciones Boutique,Lázaro Cárdenas,+52 75 3106 3303,ND,https://wa.me/527531063303,https://www.facebook.com/search/pages/?q=Tentaciones%20Boutique%20Lázaro%20Cárdenas,"https://www.google.com/maps/search/?api=1&query=17.9725502,-102.21850609"
Tienda De Ropa Mi Closet,Lázaro Cárdenas,+52 75 3100 0054,ND,https://wa.me/527531000054,https://www.facebook.com/search/pages/?q=Tienda%20De%20Ropa%20Mi%20Closet%20Lázaro%20Cárdenas,"https://www.google.com/maps/search/?api=1&query=18.02305165,-102.28607193"
Tienda De Ropa Modas De La Costa,Lázaro Cárdenas,+52 75 3120 3359,ND,https://wa.me/527531203359,https://www.facebook.com/search/pages/?q=Tienda%20De%20Ropa%20Modas%20De%20La%20Costa%20Lázaro%20Cárdenas,"https://www.google.com/maps/search/?api=1&query=18.07678296,-102.75610102"
Valentina Boutique,Lázaro Cárdenas,+52 75 3116 7656,ND,https://wa.me/527531167656,https://www.facebook.com/search/pages/?q=Valentina%20Boutique%20Lázaro%20Cárdenas,"https://www.google.com/maps/search/?api=1&query=17.96221153,-102.21313278"
Boutique,Los Reyes,+52 35 4542 6115,ND,https://wa.me/523545426115,https://www.facebook.com/search/pages/?q=Boutique%20Los%20Reyes,"https://www.google.com/maps/search/?api=1&query=19.59723448,-102.47934857"
Boutique Chocolate,Los Reyes,+52 45 3107 8721,ND,https://wa.me/524531078721,https://www.facebook.com/search/pages/?q=Boutique%20Chocolate%20Los%20Reyes,"https://www.google.com/maps/search/?api=1&query=19.58793848,-102.47544883"
Boutique Clau,Los Reyes,+52 35 4150 5033,ND,https://wa.me/523541505033,https://www.facebook.com/search/pages/?q=Boutique%20Clau%20Los%20Reyes,"https://www.google.com/maps/search/?api=1&query=19.58714701,-102.47592117"
Boutique Evolution,Los Reyes,+52 35 4542 2591,ND,https://wa.me/523545422591,https://www.facebook.com/search/pages/?q=Boutique%20Evolution%20Los%20Reyes,"https://www.google.com/maps/search/?api=1&query=19.58829831,-102.47336521"
Boutique Fatima Ortiz,Los Reyes,+52 35 4115 4843,ND,https://wa.me/523541154843,https://www.facebook.com/search/pages/?q=Boutique%20Fatima%20Ortiz%20Los%20Reyes,"https://www.google.com/maps/search/?api=1&query=19.58950948,-102.4690609"
Boutique Kaos,Los Reyes,+52 35 4113 7176,ND,https://wa.me/523541137176,https://www.facebook.com/search/pages/?q=Boutique%20Kaos%20Los%20Reyes,"https://www.google.com/maps/search/?api=1&query=19.5866176,-102.47556344"
Boutique May Fashion,Los Reyes,+52 35 4101 3455,ND,https://wa.me/523541013455,https://www.facebook.com/search/pages/?q=Boutique%20May%20Fashion%20Los%20Reyes,"https://www.google.com/maps/search/?api=1&query=19.59155996,-102.47435794"
Boutique Morfin,Los Reyes,+52 35 4126 7185,ND,https://wa.me/523541267185,https://www.facebook.com/search/pages/?q=Boutique%20Morfin%20Los%20Reyes,"https://www.google.com/maps/search/?api=1&query=19.58813816,-102.47533575"
Boutique Princess,Los Reyes,+52 35 4159 2190,ND,https://wa.me/523541592190,https://www.facebook.com/search/pages/?q=Boutique%20Princess%20Los%20Reyes,"https://www.google.com/maps/search/?api=1&query=19.58992201,-102.47336523"
Boutique Sofia,Los Reyes,+52 35 4109 8192,ND,https://wa.me/523541098192,https://www.facebook.com/search/pages/?q=Boutique%20Sofia%20Los%20Reyes,"https://www.google.com/maps/search/?api=1&query=19.58653815,-102.47417192"
Cm Her Closet,Los Reyes,+52 35 4106 5532,ND,https://wa.me/523541065532,https://www.facebook.com/search/pages/?q=Cm%20Her%20Closet%20Los%20Reyes,"https://www.google.com/maps/search/?api=1&query=19.58850193,-102.47112254"
D-Nai Store,Los Reyes,+52 44 3140 8720,ND,https://wa.me/524431408720,https://www.facebook.com/search/pages/?q=D-Nai%20Store%20Los%20Reyes,"https://www.google.com/maps/search/?api=1&query=19.59099413,-102.47379"
Daniels Store,Los Reyes,+52 35 4110 1479,ND,https://wa.me/523541101479,https://www.facebook.com/search/pages/?q=Daniels%20Store%20Los%20Reyes,"https://www.google.com/maps/search/?api=1&query=19.59016906,-102.47592214"
Eb Boutique,Los Reyes,+52 35 4013 6370,ND,https://wa.me/523540136370,https://www.facebook.com/search/pages/?q=Eb%20Boutique%20Los%20Reyes,"https://www.google.com/maps/search/?api=1&query=19.59308142,-102.47105011"
Ellas Fashion,Los Reyes,+52 44 3566 2818,ND,https://wa.me/524435662818,https://www.facebook.com/search/pages/?q=Ellas%20Fashion%20Los%20Reyes,"https://www.google.com/maps/search/?api=1&query=19.59030661,-102.47504992"
Fashion Clotes,Los Reyes,+52 35 4108 3339,ND,https://wa.me/523541083339,https://www.facebook.com/search/pages/?q=Fashion%20Clotes%20Los%20Reyes,"https://www.google.com/maps/search/?api=1&query=19.58103748,-102.45855408"
Glam Boutique,Los Reyes,+52 35 4101 9950,ND,https://wa.me/523541019950,https://www.facebook.com/search/pages/?q=Glam%20Boutique%20Los%20Reyes,"https://www.google.com/maps/search/?api=1&query=19.59119646,-102.4746143"
Habanna Boutique,Los Reyes,+52 35 4101 9721,ND,https://wa.me/523541019721,https://www.facebook.com/search/pages/?q=Habanna%20Boutique%20Los%20Reyes,"https://www.google.com/maps/search/?api=1&query=19.58918591,-102.47505586"
Ingris Fashionista,Los Reyes,+52 35 4100 3013,ND,https://wa.me/523541003013,https://www.facebook.com/search/pages/?q=Ingris%20Fashionista%20Los%20Reyes,"https://www.google.com/maps/search/?api=1&query=19.59356433,-102.4740539"
Moda,Los Reyes,+52 35 4102 3797,ND,https://wa.me/523541023797,https://www.facebook.com/search/pages/?q=Moda%20Los%20Reyes,"https://www.google.com/maps/search/?api=1&query=19.5982711,-102.47763456"
Modas Edith,Los Reyes,+52 35 4115 6739,ND,https://wa.me/523541156739,https://www.facebook.com/search/pages/?q=Modas%20Edith%20Los%20Reyes,"https://www.google.com/maps/search/?api=1&query=19.58636468,-102.47549364"
Mommy Boutique,Los Reyes,+52 33 1095 6500,ND,https://wa.me/523310956500,https://www.facebook.com/search/pages/?q=Mommy%20Boutique%20Los%20Reyes,"https://www.google.com/maps/search/?api=1&query=19.58792007,-102.47545773"
Botick Evelin,Madero,+52 44 3134 2314,ND,https://wa.me/524431342314,https://www.facebook.com/search/pages/?q=Botick%20Evelin%20Madero,"https://www.google.com/maps/search/?api=1&query=19.39151155,-101.28106757"
Tineda De Ropa Multi Marcas,Madero,+52 45 9115 7964,ND,https://wa.me/524591157964,https://www.facebook.com/search/pages/?q=Tineda%20De%20Ropa%20Multi%20Marcas%20Madero,"https://www.google.com/maps/search/?api=1&query=19.39552982,-101.28194384"
Boutique Faby Ramirez,Maravatío,+52 78 6134 6736,ND,https://wa.me/527861346736,https://www.facebook.com/search/pages/?q=Boutique%20Faby%20Ramirez%20Maravatío,"https://www.google.com/maps/search/?api=1&query=19.88776391,-100.43975667"
Boutique Iris,Maravatío,+52 44 7126 4191,ND,https://wa.me/524471264191,https://www.facebook.com/search/pages/?q=Boutique%20Iris%20Maravatío,"https://www.google.com/maps/search/?api=1&query=19.88788428,-100.44077857"
Boutique Yuli,Maravatío,+52 44 7118 1791,ND,https://wa.me/524471181791,https://www.facebook.com/search/pages/?q=Boutique%20Yuli%20Maravatío,"https://www.google.com/maps/search/?api=1&query=19.88473413,-100.5886498"
Chic Boutique By Muñoz,Maravatío,+52 33 4632 5169,ND,https://wa.me/523346325169,https://www.facebook.com/search/pages/?q=Chic%20Boutique%20By%20Muñoz%20Maravatío,"https://www.google.com/maps/search/?api=1&query=19.90676157,-100.3720456"
Kmi Boutique,Maravatío,+52 44 3103 5566,ND,https://wa.me/524431035566,https://www.facebook.com/search/pages/?q=Kmi%20Boutique%20Maravatío,"https://www.google.com/maps/search/?api=1&query=19.89370539,-100.44013737"
Tienda De Ropa 4 Ever Fashion Boutique,Maravatío,+52 33 1585 3981,ND,https://wa.me/523315853981,https://www.facebook.com/search/pages/?q=Tienda%20De%20Ropa%204%20Ever%20Fashion%20Boutique%20Maravatío,"https://www.google.com/maps/search/?api=1&query=19.8910042,-100.44222541"
Tienda De Ropa Boutique De Rubi Mejia,Maravatío,+52 44 7103 6836,ND,https://wa.me/524471036836,https://www.facebook.com/search/pages/?q=Tienda%20De%20Ropa%20Boutique%20De%20Rubi%20Mejia%20Maravatío,"https://www.google.com/maps/search/?api=1&query=19.88776277,-100.44069212"
Tienda De Ropa Estilo,Maravatío,+52 44 7110 7074,ND,https://wa.me/524471107074,https://www.facebook.com/search/pages/?q=Tienda%20De%20Ropa%20Estilo%20Maravatío,"https://www.google.com/maps/search/?api=1&query=19.89205745,-100.44311031"
Tienda De Ropa Junions Store,Maravatío,+52 93 8401 9281,ND,https://wa.me/529384019281,https://www.facebook.com/search/pages/?q=Tienda%20De%20Ropa%20Junions%20Store%20Maravatío,"https://www.google.com/maps/search/?api=1&query=19.89185431,-100.44334019"
Tienda De Ropa Karolty Moda,Maravatío,+52 44 7117 7540,ND,https://wa.me/524471177540,https://www.facebook.com/search/pages/?q=Tienda%20De%20Ropa%20Karolty%20Moda%20Maravatío,"https://www.google.com/maps/search/?api=1&query=19.88500849,-100.44956101"
Tienda De Ropa Maguis Moda,Maravatío,+52 44 7101 2194,ND,https://wa.me/524471012194,https://www.facebook.com/search/pages/?q=Tienda%20De%20Ropa%20Maguis%20Moda%20Maravatío,"https://www.google.com/maps/search/?api=1&query=19.89084751,-100.44075536"
Tienda De Ropa Paparazzi Boutique,Maravatío,+52 44 7110 7193,ND,https://wa.me/524471107193,https://www.facebook.com/search/pages/?q=Tienda%20De%20Ropa%20Paparazzi%20Boutique%20Maravatío,"https://www.google.com/maps/search/?api=1&query=19.89244164,-100.44336206"
Tienda De Ropa Sm Y Moda,Maravatío,+52 44 7107 4990,ND,https://wa.me/524471074990,https://www.facebook.com/search/pages/?q=Tienda%20De%20Ropa%20Sm%20Y%20Moda%20Maravatío,"https://www.google.com/maps/search/?api=1&query=19.8901123,-100.44437704"
Amoretta Boutique,Marcos Castellanos,+52 33 1519 6400,ND,https://wa.me/523315196400,https://www.facebook.com/search/pages/?q=Amoretta%20Boutique%20Marcos%20Castellanos,"https://www.google.com/maps/search/?api=1&query=19.98692174,-103.02318605"
Baldovy Boutique,Marcos Castellanos,+52 35 3107 7233,ND,https://wa.me/523531077233,https://www.facebook.com/search/pages/?q=Baldovy%20Boutique%20Marcos%20Castellanos,"https://www.google.com/maps/search/?api=1&query=19.98672249,-103.0226677"
Boutique Alma En Tu Estilo,Marcos Castellanos,+52 38 1690 2947,ND,https://wa.me/523816902947,https://www.facebook.com/search/pages/?q=Boutique%20Alma%20En%20Tu%20Estilo%20Marcos%20Castellanos,"https://www.google.com/maps/search/?api=1&query=19.98606497,-103.02180901"
Boutique Angelica,Marcos Castellanos,+52 35 3535 0481,ND,https://wa.me/523535350481,https://www.facebook.com/search/pages/?q=Boutique%20Angelica%20Marcos%20Castellanos,"https://www.google.com/maps/search/?api=1&query=19.98584325,-103.02331038"
Boutique Bety,Marcos Castellanos,+52 38 1537 0619,ND,https://wa.me/523815370619,https://www.facebook.com/search/pages/?q=Boutique%20Bety%20Marcos%20Castellanos,"https://www.google.com/maps/search/?api=1&query=19.9874733,-103.0221608"
Boutique De Iliana,Marcos Castellanos,+52 35 3535 6285,ND,https://wa.me/523535356285,https://www.facebook.com/search/pages/?q=Boutique%20De%20Iliana%20Marcos%20Castellanos,"https://www.google.com/maps/search/?api=1&query=19.989839,-103.0222777"
Boutique Geraldine,Marcos Castellanos,+52 35 3106 2374,ND,https://wa.me/523531062374,https://www.facebook.com/search/pages/?q=Boutique%20Geraldine%20Marcos%20Castellanos,"https://www.google.com/maps/search/?api=1&query=19.98940758,-103.02293987"
Boutique Irma,Marcos Castellanos,+52 34 1170 0705,ND,https://wa.me/523411700705,https://www.facebook.com/search/pages/?q=Boutique%20Irma%20Marcos%20Castellanos,"https://www.google.com/maps/search/?api=1&query=19.98210157,-103.02444576"
Boutique Karla,Marcos Castellanos,+52 35 3101 3929,ND,https://wa.me/523531013929,https://www.facebook.com/search/pages/?q=Boutique%20Karla%20Marcos%20Castellanos,"https://www.google.com/maps/search/?api=1&query=19.98849686,-103.02249958"
Boutique Kavil,Marcos Castellanos,+52 35 3124 1068,ND,https://wa.me/523531241068,https://www.facebook.com/search/pages/?q=Boutique%20Kavil%20Marcos%20Castellanos,"https://www.google.com/maps/search/?api=1&query=19.98360281,-103.02228973"
Boutique Kc,Marcos Castellanos,+52 35 3134 1513,ND,https://wa.me/523531341513,https://www.facebook.com/search/pages/?q=Boutique%20Kc%20Marcos%20Castellanos,"https://www.google.com/maps/search/?api=1&query=19.99009862,-103.02265837"
Boutique La Rivera De Chapala San Jose De Gracia,Marcos Castellanos,+52 33 1356 4295,ND,https://wa.me/523313564295,https://www.facebook.com/search/pages/?q=Boutique%20La%20Rivera%20De%20Chapala%20San%20Jose%20De%20Gracia%20Marcos%20Castellanos,"https://www.google.com/maps/search/?api=1&query=19.99066258,-103.02329648"
Boutique Lov Pau,Marcos Castellanos,+52 35 3131 2881,ND,https://wa.me/523531312881,https://www.facebook.com/search/pages/?q=Boutique%20Lov%20Pau%20Marcos%20Castellanos,"https://www.google.com/maps/search/?api=1&query=19.98830999,-103.02327364"
Boutique Mb Modas Betty,Marcos Castellanos,+52 35 3106 2434,ND,https://wa.me/523531062434,https://www.facebook.com/search/pages/?q=Boutique%20Mb%20Modas%20Betty%20Marcos%20Castellanos,"https://www.google.com/maps/search/?api=1&query=19.98999041,-103.02268928"
Boutique Modas Salazar,Marcos Castellanos,+52 35 3539 3742,ND,https://wa.me/523535393742,https://www.facebook.com/search/pages/?q=Boutique%20Modas%20Salazar%20Marcos%20Castellanos,"https://www.google.com/maps/search/?api=1&query=19.9903243,-103.02224415"
Boutique Paola,Marcos Castellanos,+52 35 3120 5241,ND,https://wa.me/523531205241,https://www.facebook.com/search/pages/?q=Boutique%20Paola%20Marcos%20Castellanos,"https://www.google.com/maps/search/?api=1&query=19.99107601,-103.0216618"
Boutique Paulina,Marcos Castellanos,+52 35 3103 6933,ND,https://wa.me/523531036933,https://www.facebook.com/search/pages/?q=Boutique%20Paulina%20Marcos%20Castellanos,"https://www.google.com/maps/search/?api=1&query=19.99372007,-103.02086864"
Boutique Ropa Glg,Marcos Castellanos,+52 35 3106 2267,ND,https://wa.me/523531062267,https://www.facebook.com/search/pages/?q=Boutique%20Ropa%20Glg%20Marcos%20Castellanos,"https://www.google.com/maps/search/?api=1&query=19.98925553,-103.02306156"
Boutique San Jose,Marcos Castellanos,+52 35 3110 8791,ND,https://wa.me/523531108791,https://www.facebook.com/search/pages/?q=Boutique%20San%20Jose%20Marcos%20Castellanos,"https://www.google.com/maps/search/?api=1&query=19.98944029,-103.02106603"
Boutique Stock,Marcos Castellanos,+52 35 3537 1793,ND,https://wa.me/523535371793,https://www.facebook.com/search/pages/?q=Boutique%20Stock%20Marcos%20Castellanos,"https://www.google.com/maps/search/?api=1&query=19.98894169,-103.02234816"
Boutique Stop,Marcos Castellanos,+52 35 3125 5637,ND,https://wa.me/523531255637,https://www.facebook.com/search/pages/?q=Boutique%20Stop%20Marcos%20Castellanos,"https://www.google.com/maps/search/?api=1&query=19.9896586,-103.02211056"
Boutique Toque De Angel,Marcos Castellanos,+52 35 3110 0004,ND,https://wa.me/523531100004,https://www.facebook.com/search/pages/?q=Boutique%20Toque%20De%20Angel%20Marcos%20Castellanos,"https://www.google.com/maps/search/?api=1&query=19.98762741,-103.02211285"
Boutique Ximena,Marcos Castellanos,+52 35 3107 2249,ND,https://wa.me/523531072249,https://www.facebook.com/search/pages/?q=Boutique%20Ximena%20Marcos%20Castellanos,"https://www.google.com/maps/search/?api=1&query=19.99445459,-103.01848771"
Boutique Zoe,Marcos Castellanos,+52 35 3109 7717,ND,https://wa.me/523531097717,https://www.facebook.com/search/pages/?q=Boutique%20Zoe%20Marcos%20Castellanos,"https://www.google.com/maps/search/?api=1&query=19.98735017,-103.02290671"
Estilos,Marcos Castellanos,+52 38 1537 0365,ND,https://wa.me/523815370365,https://www.facebook.com/search/pages/?q=Estilos%20Marcos%20Castellanos,"https://www.google.com/maps/search/?api=1&query=19.98854748,-103.02312504"
Fashion House,Marcos Castellanos,+52 33 1395 7327,ND,https://wa.me/523313957327,https://www.facebook.com/search/pages/?q=Fashion%20House%20Marcos%20Castellanos,"https://www.google.com/maps/search/?api=1&query=19.98937668,-103.02228207"
Iliana Boutique,Marcos Castellanos,+52 33 3241 5529,ND,https://wa.me/523332415529,https://www.facebook.com/search/pages/?q=Iliana%20Boutique%20Marcos%20Castellanos,"https://www.google.com/maps/search/?api=1&query=19.99110805,-103.02098156"
Luxury Boutique,Marcos Castellanos,+52 33 2168 2697,ND,https://wa.me/523321682697,https://www.facebook.com/search/pages/?q=Luxury%20Boutique%20Marcos%20Castellanos,"https://www.google.com/maps/search/?api=1&query=19.98913634,-103.02295109"
Mckko Boutique,Marcos Castellanos,+52 33 1079 3761,ND,https://wa.me/523310793761,https://www.facebook.com/search/pages/?q=Mckko%20Boutique%20Marcos%20Castellanos,"https://www.google.com/maps/search/?api=1&query=19.98962692,-103.02287982"
Modas Salazar,Marcos Castellanos,+52 35 3536 3193,ND,https://wa.me/523535363193,https://www.facebook.com/search/pages/?q=Modas%20Salazar%20Marcos%20Castellanos,"https://www.google.com/maps/search/?api=1&query=19.98994964,-103.02208673"
My Little Friend Boutique,Marcos Castellanos,+52 35 3105 0757,ND,https://wa.me/523531050757,https://www.facebook.com/search/pages/?q=My%20Little%20Friend%20Boutique%20Marcos%20Castellanos,"https://www.google.com/maps/search/?api=1&query=19.98777738,-103.02413839"
Scar Boutique,Marcos Castellanos,+52 35 3120 3407,ND,https://wa.me/523531203407,https://www.facebook.com/search/pages/?q=Scar%20Boutique%20Marcos%20Castellanos,"https://www.google.com/maps/search/?api=1&query=19.99209431,-103.02144448"
Vanguardia Boutique,Marcos Castellanos,+52 35 3132 0524,ND,https://wa.me/523531320524,https://www.facebook.com/search/pages/?q=Vanguardia%20Boutique%20Marcos%20Castellanos,"https://www.google.com/maps/search/?api=1&query=19.9911526,-103.0213089"
Angeles Boutique,Morelia,+52 44 3202 1981,angeles_nelo23@hotmail.com,https://wa.me/524432021981,https://www.facebook.com/search/pages/?q=Angeles%20Boutique%20Morelia,"https://www.google.com/maps/search/?api=1&query=19.68485429,-101.16483298"
Boutique American Store,Morelia,+52 44 3650 0551,americanstore_21@gmail.com,https://wa.me/524436500551,https://www.facebook.com/search/pages/?q=Boutique%20American%20Store%20Morelia,"https://www.google.com/maps/search/?api=1&query=19.68355177,-101.1737837"
Boutique Black Queen,Morelia,+52 44 3430 0696,blachqueenstyle@outlook.com,https://wa.me/524434300696,https://www.facebook.com/search/pages/?q=Boutique%20Black%20Queen%20Morelia,"https://www.google.com/maps/search/?api=1&query=19.69147513,-101.164449"
Boutique Chapis,Morelia,+52 44 3282 2920,chapistroin@hotmail.com.mx,https://wa.me/524432822920,https://www.facebook.com/search/pages/?q=Boutique%20Chapis%20Morelia,"https://www.google.com/maps/search/?api=1&query=19.71809121,-101.18554876"
Boutique Ella,Morelia,+52 44 3688 9988,boutique_ella@hotmail.com,https://wa.me/524436889988,https://www.facebook.com/search/pages/?q=Boutique%20Ella%20Morelia,"https://www.google.com/maps/search/?api=1&query=19.70283819,-101.1855457"
Boutique Feel,Morelia,+52 44 3311 0163,jamaganamondragon@gmail.com,https://wa.me/524433110163,https://www.facebook.com/search/pages/?q=Boutique%20Feel%20Morelia,"https://www.google.com/maps/search/?api=1&query=19.7029512,-101.18589809"
Boutique Fullsand,Morelia,+52 55 1009 3227,igutierrez@fullsand.mx,https://wa.me/525510093227,https://www.facebook.com/search/pages/?q=Boutique%20Fullsand%20Morelia,"https://www.google.com/maps/search/?api=1&query=19.68825743,-101.15906184"
Boutique Glenda Stuff,Morelia,+52 44 3240 7404,glenda_jimay@hotmail.com,https://wa.me/524432407404,https://www.facebook.com/search/pages/?q=Boutique%20Glenda%20Stuff%20Morelia,"https://www.google.com/maps/search/?api=1&query=19.69049442,-101.16304582"
Boutique Golden Dress,Morelia,+52 44 3395 1941,fernanda_mv12@hotmail.com,https://wa.me/524433951941,https://www.facebook.com/search/pages/?q=Boutique%20Golden%20Dress%20Morelia,"https://www.google.com/maps/search/?api=1&query=19.68809669,-101.16295543"
Boutique H Cloting,Morelia,+52 44 3197 1213,herrerasamantha575@gmail.com,https://wa.me/524431971213,https://www.facebook.com/search/pages/?q=Boutique%20H%20Cloting%20Morelia,"https://www.google.com/maps/search/?api=1&query=19.70694723,-101.17617694"
Boutique Karpello,Morelia,+52 44 3257 0831,kpvr26@outlook.es,https://wa.me/524432570831,https://www.facebook.com/search/pages/?q=Boutique%20Karpello%20Morelia,"https://www.google.com/maps/search/?api=1&query=19.69131536,-101.15980563"
Boutique Loraine,Morelia,+52 44 3486 5963,estefaialopez.30@outlook.com,https://wa.me/524434865963,https://www.facebook.com/search/pages/?q=Boutique%20Loraine%20Morelia,"https://www.google.com/maps/search/?api=1&query=19.72602421,-101.21193809"
Boutique Nicte Ropa Para Dama,Morelia,+52 44 3130 4654,botiquenicte@gmail.com,https://wa.me/524431304654,https://www.facebook.com/search/pages/?q=Boutique%20Nicte%20Ropa%20Para%20Dama%20Morelia,"https://www.google.com/maps/search/?api=1&query=19.69768443,-101.18779301"
Boutique Para Dama Mujer Bonita,Morelia,+52 44 5196 3064,snidgetos@gmail.com,https://wa.me/524451963064,https://www.facebook.com/search/pages/?q=Boutique%20Para%20Dama%20Mujer%20Bonita%20Morelia,"https://www.google.com/maps/search/?api=1&query=19.68279501,-101.18126095"
Boutique Princesas Fashion,Morelia,+52 44 3318 5670,gusgus_67@outlook.com,https://wa.me/524433185670,https://www.facebook.com/search/pages/?q=Boutique%20Princesas%20Fashion%20Morelia,"https://www.google.com/maps/search/?api=1&query=19.7060525,-101.18340083"
Boutique Semaforo Alta Moda,Morelia,+52 44 3224 2638,paul_lemus@hotmail.com,https://wa.me/524432242638,https://www.facebook.com/search/pages/?q=Boutique%20Semaforo%20Alta%20Moda%20Morelia,"https://www.google.com/maps/search/?api=1&query=19.68825743,-101.15906184"
Boutique Stravaganza,Morelia,+52 44 3314 9765,sandy.frutis.so8@hotmail.com,https://wa.me/524433149765,https://STRAVAGANZABOUTIQUE.COM/,"https://www.google.com/maps/search/?api=1&query=19.68229702,-101.18134968"
Boutique Studio F,Morelia,+52 44 3298 4177,espacioamericasmorelia@modinsamexico.com.mx,https://wa.me/524432984177,https://WWW.STUDIOF.COM/,"https://www.google.com/maps/search/?api=1&query=19.68825743,-101.15906184"
Boutique Tzompantli Diseño Mexicano,Morelia,+52 44 3459 3448,normavvalle@gmail.com,https://wa.me/524434593448,https://www.facebook.com/search/pages/?q=Boutique%20Tzompantli%20Diseño%20Mexicano%20Morelia,"https://www.google.com/maps/search/?api=1&query=19.68675327,-101.16273409"
Boutique Yeni,Morelia,+52 43 8123 3194,rosalba.rmrz@hotmail.com,https://wa.me/524381233194,https://www.facebook.com/search/pages/?q=Boutique%20Yeni%20Morelia,"https://www.google.com/maps/search/?api=1&query=19.68673833,-101.1627557"
Delghetto Shop,Morelia,+52 44 3286 7024,gutierrezmorfinset@gmail.com,https://wa.me/524432867024,https://www.facebook.com/search/pages/?q=Delghetto%20Shop%20Morelia,"https://www.google.com/maps/search/?api=1&query=19.67927653,-101.30807031"
Ely Boutique,Morelia,+52 44 3365 7973,elyboutique.contacto@gmail.com,https://wa.me/524433657973,https://www.facebook.com/search/pages/?q=Ely%20Boutique%20Morelia,"https://www.google.com/maps/search/?api=1&query=19.68899417,-101.15139342"
Fabianny Boutique Tienda De Ropa,Morelia,+52 44 3219 3915,paula.valencia.mexico@gmail.com,https://wa.me/524432193915,https://www.facebook.com/search/pages/?q=Fabianny%20Boutique%20Tienda%20De%20Ropa%20Morelia,"https://www.google.com/maps/search/?api=1&query=19.70085946,-101.19687501"
Gelitos Boutique,Morelia,+52 44 3111 6085,mapag77@gmail.com,https://wa.me/524431116085,https://www.facebook.com/search/pages/?q=Gelitos%20Boutique%20Morelia,"https://www.google.com/maps/search/?api=1&query=19.70927912,-101.21543128"
La Fontaine De Marcela Boutique,Morelia,+52 44 3314 0741,marce_210889@hotmail.com,https://wa.me/524433140741,https://www.facebook.com/search/pages/?q=La%20Fontaine%20De%20Marcela%20Boutique%20Morelia,"https://www.google.com/maps/search/?api=1&query=19.68465814,-101.16507498"
La Percha Boutique,Morelia,+52 44 3221 6120,lufedipe@hotmail.com,https://wa.me/524432216120,https://www.facebook.com/search/pages/?q=La%20Percha%20Boutique%20Morelia,"https://www.google.com/maps/search/?api=1&query=19.69392594,-101.17823789"
Levis Shop Boutique,Morelia,+52 44 3314 6520,grupo_marcatex@prodigy.net.mx,https://wa.me/524433146520,https://www.facebook.com/search/pages/?q=Levis%20Shop%20Boutique%20Morelia,"https://www.google.com/maps/search/?api=1&query=19.68825743,-101.15906184"
Narda Belle Boutique,Morelia,+52 44 3865 6936,nardabelleboutique@gmail.com,https://wa.me/524438656936,https://www.facebook.com/search/pages/?q=Narda%20Belle%20Boutique%20Morelia,"https://www.google.com/maps/search/?api=1&query=19.68457572,-101.17373055"
Pbfashionsublime,Morelia,+52 44 3145 0239,ND,https://wa.me/524431450239,https://WWW.PBFASHIONSUBLIME.COM.MX/,"https://www.google.com/maps/search/?api=1&query=19.69096991,-101.15543777"
Psique Boutique,Morelia,+52 44 3222 2441,boutiquepsique@gmail.com,https://wa.me/524432222441,https://www.facebook.com/search/pages/?q=Psique%20Boutique%20Morelia,"https://www.google.com/maps/search/?api=1&query=19.7029327,-101.1867788"
Tienda De Ropa Para Dama Boutique Dreams,Morelia,+52 44 3229 1561,gabrielahb@outlook.com,https://wa.me/524432291561,https://www.facebook.com/search/pages/?q=Tienda%20De%20Ropa%20Para%20Dama%20Boutique%20Dreams%20Morelia,"https://www.google.com/maps/search/?api=1&query=19.70058629,-101.17308656"
Adames Store,Morelia,+52 44 3229 5020,ND,https://wa.me/524432295020,https://www.facebook.com/search/pages/?q=Adames%20Store%20Morelia,"https://www.google.com/maps/search/?api=1&query=19.69543335,-101.16059211"
Ale Boutique,Morelia,+52 55 1844 5354,ND,https://wa.me/525518445354,https://www.facebook.com/search/pages/?q=Ale%20Boutique%20Morelia,"https://www.google.com/maps/search/?api=1&query=19.70353107,-101.23640404"
Amor Boutique De Ropa Para Dama,Morelia,+52 44 3481 1512,ND,https://wa.me/524434811512,https://www.facebook.com/search/pages/?q=Amor%20Boutique%20De%20Ropa%20Para%20Dama%20Morelia,"https://www.google.com/maps/search/?api=1&query=19.68536375,-101.20271089"
Andre Boutique,Morelia,+52 44 3538 4735,ND,https://wa.me/524435384735,https://www.facebook.com/search/pages/?q=Andre%20Boutique%20Morelia,"https://www.google.com/maps/search/?api=1&query=19.70986314,-101.20448715"
Azul Store Tienda De Ropa,Morelia,+52 44 3157 9660,ND,https://wa.me/524431579660,https://www.facebook.com/search/pages/?q=Azul%20Store%20Tienda%20De%20Ropa%20Morelia,"https://www.google.com/maps/search/?api=1&query=19.68279501,-101.18126095"
Bella Moda,Morelia,+52 44 3401 4601,ND,https://wa.me/524434014601,https://www.facebook.com/search/pages/?q=Bella%20Moda%20Morelia,"https://www.google.com/maps/search/?api=1&query=19.72837218,-101.22746346"
Bisfachu Boutique,Morelia,+52 44 3566 7169,ND,https://wa.me/524435667169,https://www.facebook.com/search/pages/?q=Bisfachu%20Boutique%20Morelia,"https://www.google.com/maps/search/?api=1&query=19.71307879,-101.14476535"
Bolsos Ropa Y Accesarios Boutique Nicte,Morelia,+52 44 3266 4633,ND,https://wa.me/524432664633,https://www.facebook.com/search/pages/?q=Bolsos%20Ropa%20Y%20Accesarios%20Boutique%20Nicte%20Morelia,"https://www.google.com/maps/search/?api=1&query=19.69342755,-101.17832738"
Boutique,Morelia,+52 44 3109 0170,ND,https://wa.me/524431090170,https://www.facebook.com/search/pages/?q=Boutique%20Morelia,"https://www.google.com/maps/search/?api=1&query=19.70144482,-101.22910825"
Boutique,Morelia,+52 44 3581 5583,ND,https://wa.me/524435815583,https://www.facebook.com/search/pages/?q=Boutique%20Morelia,"https://www.google.com/maps/search/?api=1&query=19.71642496,-101.23802323"
Boutique,Morelia,+52 44 3252 8458,ND,https://wa.me/524432528458,https://www.facebook.com/search/pages/?q=Boutique%20Morelia,"https://www.google.com/maps/search/?api=1&query=19.69152376,-101.232547"
Boutique,Morelia,+52 44 3133 1354,ND,https://wa.me/524431331354,https://www.facebook.com/search/pages/?q=Boutique%20Morelia,"https://www.google.com/maps/search/?api=1&query=19.70460183,-101.17834695"
Boutique & Makeup Juana Gutierrez,Morelia,+52 44 3533 8995,ND,https://wa.me/524435338995,https://www.facebook.com/search/pages/?q=Boutique%20%26%20Makeup%20Juana%20Gutierrez%20Morelia,"https://www.google.com/maps/search/?api=1&query=19.69069244,-101.19201748"
Boutique 12 27,Morelia,+52 44 3110 5809,ND,https://wa.me/524431105809,https://www.facebook.com/search/pages/?q=Boutique%2012%2027%20Morelia,"https://www.google.com/maps/search/?api=1&query=19.7343256,-101.19854603"
Boutique Abby,Morelia,+52 44 3460 1232,ND,https://wa.me/524434601232,https://www.facebook.com/search/pages/?q=Boutique%20Abby%20Morelia,"https://www.google.com/maps/search/?api=1&query=19.71673568,-101.2396356"
Boutique Adan O Eva,Morelia,+52 44 3448 2094,ND,https://wa.me/524434482094,https://www.facebook.com/search/pages/?q=Boutique%20Adan%20O%20Eva%20Morelia,"https://www.google.com/maps/search/?api=1&query=19.69209206,-101.20142961"
Boutique Adri,Morelia,+52 44 3650 2791,ND,https://wa.me/524436502791,https://www.facebook.com/search/pages/?q=Boutique%20Adri%20Morelia,"https://www.google.com/maps/search/?api=1&query=19.67940618,-101.32650392"
Boutique Ale,Morelia,+52 44 3440 8215,ND,https://wa.me/524434408215,https://www.facebook.com/search/pages/?q=Boutique%20Ale%20Morelia,"https://www.google.com/maps/search/?api=1&query=19.70015583,-101.17393919"
Boutique Alee Rodriguez,Morelia,+52 44 3207 7969,ND,https://wa.me/524432077969,https://www.facebook.com/search/pages/?q=Boutique%20Alee%20Rodriguez%20Morelia,"https://www.google.com/maps/search/?api=1&query=19.69899916,-101.18787709"
Boutique And Nails Venta De Ropa,Morelia,+52 44 3243 8964,ND,https://wa.me/524432438964,https://www.facebook.com/search/pages/?q=Boutique%20And%20Nails%20Venta%20De%20Ropa%20Morelia,"https://www.google.com/maps/search/?api=1&query=19.69656765,-101.25409714"
Boutique Anngel,Morelia,+52 44 5135 8597,ND,https://wa.me/524451358597,https://www.facebook.com/search/pages/?q=Boutique%20Anngel%20Morelia,"https://www.google.com/maps/search/?api=1&query=19.69838294,-101.187447"
Boutique Arrs,Morelia,+52 44 3103 2136,ND,https://wa.me/524431032136,https://www.facebook.com/search/pages/?q=Boutique%20Arrs%20Morelia,"https://www.google.com/maps/search/?api=1&query=19.68947056,-101.2318892"
Boutique Balboa,Morelia,+52 44 3582 8859,ND,https://wa.me/524435828859,https://www.facebook.com/search/pages/?q=Boutique%20Balboa%20Morelia,"https://www.google.com/maps/search/?api=1&query=19.7219247,-101.22191831"
Boutique Baleria,Morelia,+52 44 3136 9467,ND,https://wa.me/524431369467,https://www.facebook.com/search/pages/?q=Boutique%20Baleria%20Morelia,"https://www.google.com/maps/search/?api=1&query=19.7004637,-101.19061534"
Boutique Bonita,Morelia,+52 44 3325 4479,ND,https://wa.me/524433254479,https://www.facebook.com/search/pages/?q=Boutique%20Bonita%20Morelia,"https://www.google.com/maps/search/?api=1&query=19.76719267,-101.11587598"
Boutique Bren Ara,Morelia,+52 44 3410 3262,ND,https://wa.me/524434103262,https://www.facebook.com/search/pages/?q=Boutique%20Bren%20Ara%20Morelia,"https://www.google.com/maps/search/?api=1&query=19.6973585,-101.18752958"
Boutique Brenlidfashion,Morelia,+52 44 3840 7887,ND,https://wa.me/524438407887,https://www.facebook.com/search/pages/?q=Boutique%20Brenlidfashion%20Morelia,"https://www.google.com/maps/search/?api=1&query=19.70581747,-101.18493361"
Boutique Carola,Morelia,+52 44 3238 5382,ND,https://wa.me/524432385382,https://www.facebook.com/search/pages/?q=Boutique%20Carola%20Morelia,"https://www.google.com/maps/search/?api=1&query=19.68229702,-101.18134968"
Boutique Cely,Morelia,+52 44 3455 1729,ND,https://wa.me/524434551729,https://www.facebook.com/search/pages/?q=Boutique%20Cely%20Morelia,"https://www.google.com/maps/search/?api=1&query=19.72555304,-101.1878575"
Boutique Charlotte Tienda De Ropa,Morelia,+52 44 3134 8498,ND,https://wa.me/524431348498,https://www.facebook.com/search/pages/?q=Boutique%20Charlotte%20Tienda%20De%20Ropa%20Morelia,"https://www.google.com/maps/search/?api=1&query=19.68922164,-101.16849725"
Boutique Chleli,Morelia,+52 44 3106 0535,ND,https://wa.me/524431060535,https://www.facebook.com/search/pages/?q=Boutique%20Chleli%20Morelia,"https://www.google.com/maps/search/?api=1&query=19.69645677,-101.25025342"
Boutique Chula De Bonita,Morelia,+52 44 3492 8137,ND,https://wa.me/524434928137,https://www.facebook.com/search/pages/?q=Boutique%20Chula%20De%20Bonita%20Morelia,"https://www.google.com/maps/search/?api=1&query=19.72129509,-101.20478338"
Boutique Daniela,Morelia,+52 44 3348 1228,ND,https://wa.me/524433481228,https://www.facebook.com/search/pages/?q=Boutique%20Daniela%20Morelia,"https://www.google.com/maps/search/?api=1&query=19.7029471,-101.18609918"
Boutique Days,Morelia,+52 44 3236 6948,ND,https://wa.me/524432366948,https://www.facebook.com/search/pages/?q=Boutique%20Days%20Morelia,"https://www.google.com/maps/search/?api=1&query=19.67572572,-101.30847893"
Boutique De Dama Y Caballero Marat,Morelia,+52 44 3358 8892,ND,https://wa.me/524433588892,https://www.facebook.com/search/pages/?q=Boutique%20De%20Dama%20Y%20Caballero%20Marat%20Morelia,"https://www.google.com/maps/search/?api=1&query=19.67509704,-101.30953937"
Boutique De Mary,Morelia,+52 44 3233 0695,ND,https://wa.me/524432330695,https://www.facebook.com/search/pages/?q=Boutique%20De%20Mary%20Morelia,"https://www.google.com/maps/search/?api=1&query=19.7017563,-101.1916525"
Boutique De Ropa Arma Tu Outfit,Morelia,+52 44 3462 7279,ND,https://wa.me/524434627279,https://www.facebook.com/search/pages/?q=Boutique%20De%20Ropa%20Arma%20Tu%20Outfit%20Morelia,"https://www.google.com/maps/search/?api=1&query=19.70898823,-101.15576083"
Boutique De Ropa Cary Arandia,Morelia,+52 66 4459 5273,ND,https://wa.me/526644595273,https://www.facebook.com/search/pages/?q=Boutique%20De%20Ropa%20Cary%20Arandia%20Morelia,"https://www.google.com/maps/search/?api=1&query=19.68786907,-101.16598268"
Boutique De Ropa Shaina,Morelia,+52 44 3939 2084,ND,https://wa.me/524439392084,https://www.facebook.com/search/pages/?q=Boutique%20De%20Ropa%20Shaina%20Morelia,"https://www.google.com/maps/search/?api=1&query=19.72205654,-101.16607247"
Boutique De Ropa Valeria,Morelia,+52 44 3264 8611,ND,https://wa.me/524432648611,https://www.facebook.com/search/pages/?q=Boutique%20De%20Ropa%20Valeria%20Morelia,"https://www.google.com/maps/search/?api=1&query=19.73217813,-101.17119124"
Boutique Dreams,Morelia,+52 44 3509 4027,ND,https://wa.me/524435094027,https://www.facebook.com/search/pages/?q=Boutique%20Dreams%20Morelia,"https://www.google.com/maps/search/?api=1&query=19.71336823,-101.17769162"
Boutique El Vaquero,Morelia,+52 44 3158 8411,ND,https://wa.me/524431588411,https://www.facebook.com/search/pages/?q=Boutique%20El%20Vaquero%20Morelia,"https://www.google.com/maps/search/?api=1&query=19.6959892,-101.18877185"
Boutique Era &Ro Venta De Ropa Para Mujer,Morelia,+52 44 3157 8147,ND,https://wa.me/524431578147,https://www.facebook.com/search/pages/?q=Boutique%20Era%20%26Ro%20Venta%20De%20Ropa%20Para%20Mujer%20Morelia,"https://www.google.com/maps/search/?api=1&query=19.69069684,-101.17620633"
Boutique Erandi,Morelia,+52 44 3483 3156,ND,https://wa.me/524434833156,https://www.facebook.com/search/pages/?q=Boutique%20Erandi%20Morelia,"https://www.google.com/maps/search/?api=1&query=19.68804909,-101.23082379"
Boutique Esme,Morelia,+52 44 3406 4620,ND,https://wa.me/524434064620,https://www.facebook.com/search/pages/?q=Boutique%20Esme%20Morelia,"https://www.google.com/maps/search/?api=1&query=19.74733292,-101.20426038"
Boutique Estefani,Morelia,+52 44 3695 8588,ND,https://wa.me/524436958588,https://www.facebook.com/search/pages/?q=Boutique%20Estefani%20Morelia,"https://www.google.com/maps/search/?api=1&query=19.70383341,-101.22909042"
Boutique Exodo,Morelia,+52 44 3161 3857,ND,https://wa.me/524431613857,https://www.facebook.com/search/pages/?q=Boutique%20Exodo%20Morelia,"https://www.google.com/maps/search/?api=1&query=19.69058422,-101.22494974"
Boutique Fashion,Morelia,+52 44 3433 0366,ND,https://wa.me/524434330366,https://www.facebook.com/search/pages/?q=Boutique%20Fashion%20Morelia,"https://www.google.com/maps/search/?api=1&query=19.70677448,-101.21555251"
Boutique Fashion Hub,Morelia,+52 44 3367 1498,ND,https://wa.me/524433671498,https://www.facebook.com/search/pages/?q=Boutique%20Fashion%20Hub%20Morelia,"https://www.google.com/maps/search/?api=1&query=19.73439386,-101.19855583"
Boutique Fernanda,Morelia,+52 44 3490 6166,ND,https://wa.me/524434906166,https://www.facebook.com/search/pages/?q=Boutique%20Fernanda%20Morelia,"https://www.google.com/maps/search/?api=1&query=19.72028279,-101.19111559"
Boutique Franela,Morelia,+52 44 3934 0628,ND,https://wa.me/524439340628,https://www.facebook.com/search/pages/?q=Boutique%20Franela%20Morelia,"https://www.google.com/maps/search/?api=1&query=19.68425814,-101.15867163"
Boutique Garras,Morelia,+52 44 3158 4302,ND,https://wa.me/524431584302,https://www.facebook.com/search/pages/?q=Boutique%20Garras%20Morelia,"https://www.google.com/maps/search/?api=1&query=19.70507479,-101.23728044"
Boutique Gonzalez Bouemis,Morelia,+52 72 9926 9610,ND,https://wa.me/527299269610,https://www.facebook.com/search/pages/?q=Boutique%20Gonzalez%20Bouemis%20Morelia,"https://www.google.com/maps/search/?api=1&query=19.72159489,-101.18955623"
Boutique Gre,Morelia,+52 44 3622 2564,ND,https://wa.me/524436222564,https://www.facebook.com/search/pages/?q=Boutique%20Gre%20Morelia,"https://www.google.com/maps/search/?api=1&query=19.70295287,-101.18581602"
Boutique Helen,Morelia,+52 44 3141 2068,ND,https://wa.me/524431412068,https://www.facebook.com/search/pages/?q=Boutique%20Helen%20Morelia,"https://www.google.com/maps/search/?api=1&query=19.69737159,-101.15850675"
Boutique Ishaiahu,Morelia,+52 44 3484 6469,ND,https://wa.me/524434846469,https://www.facebook.com/search/pages/?q=Boutique%20Ishaiahu%20Morelia,"https://www.google.com/maps/search/?api=1&query=19.68897231,-101.14886902"
Boutique Ivanna,Morelia,+52 44 3325 2927,ND,https://wa.me/524433252927,https://www.facebook.com/search/pages/?q=Boutique%20Ivanna%20Morelia,"https://www.google.com/maps/search/?api=1&query=19.71016908,-101.1518542"
Boutique Kunul,Morelia,+52 44 3312 1540,ND,https://wa.me/524433121540,https://www.facebook.com/search/pages/?q=Boutique%20Kunul%20Morelia,"https://www.google.com/maps/search/?api=1&query=19.71056111,-101.19771496"
Boutique La Ropa,Morelia,+52 44 3272 7898,ND,https://wa.me/524432727898,https://www.facebook.com/search/pages/?q=Boutique%20La%20Ropa%20Morelia,"https://www.google.com/maps/search/?api=1&query=19.70768027,-101.17594575"
Boutique Ladies,Morelia,+52 44 3692 2525,ND,https://wa.me/524436922525,https://www.facebook.com/search/pages/?q=Boutique%20Ladies%20Morelia,"https://www.google.com/maps/search/?api=1&query=19.7025522,-101.17249364"
Boutique Liara,Morelia,+52 44 3186 1426,ND,https://wa.me/524431861426,https://www.facebook.com/search/pages/?q=Boutique%20Liara%20Morelia,"https://www.google.com/maps/search/?api=1&query=19.67899394,-101.32539162"
Boutique Lindsay,Morelia,+52 44 3172 2638,ND,https://wa.me/524431722638,https://www.facebook.com/search/pages/?q=Boutique%20Lindsay%20Morelia,"https://www.google.com/maps/search/?api=1&query=19.7041185,-101.18432547"
Boutique Magic,Morelia,+52 44 3568 8319,ND,https://wa.me/524435688319,https://www.facebook.com/search/pages/?q=Boutique%20Magic%20Morelia,"https://www.google.com/maps/search/?api=1&query=19.71024972,-101.21968354"
Boutique Majo,Morelia,+52 44 3182 1721,ND,https://wa.me/524431821721,https://www.facebook.com/search/pages/?q=Boutique%20Majo%20Morelia,"https://www.google.com/maps/search/?api=1&query=19.68661463,-101.16233266"
Boutique Marilyn Monroe,Morelia,+52 44 3342 9278,ND,https://wa.me/524433429278,https://www.facebook.com/search/pages/?q=Boutique%20Marilyn%20Monroe%20Morelia,"https://www.google.com/maps/search/?api=1&query=19.70641898,-101.18237279"
Boutique Mg,Morelia,+52 44 3132 3759,ND,https://wa.me/524431323759,https://www.facebook.com/search/pages/?q=Boutique%20Mg%20Morelia,"https://www.google.com/maps/search/?api=1&query=19.70267879,-101.16478405"
Boutique Mi Manera,Morelia,+52 44 3841 7154,ND,https://wa.me/524438417154,https://www.facebook.com/search/pages/?q=Boutique%20Mi%20Manera%20Morelia,"https://www.google.com/maps/search/?api=1&query=19.69962255,-101.19433228"
Boutique Mi Niña Blanca,Morelia,+52 44 3575 8676,ND,https://wa.me/524435758676,https://www.facebook.com/search/pages/?q=Boutique%20Mi%20Niña%20Blanca%20Morelia,"https://www.google.com/maps/search/?api=1&query=19.73220991,-101.20593177"
Boutique Michel,Morelia,+52 44 3242 1605,ND,https://wa.me/524432421605,https://www.facebook.com/search/pages/?q=Boutique%20Michel%20Morelia,"https://www.google.com/maps/search/?api=1&query=19.70973532,-101.2215967"
Boutique Misty K,Morelia,+52 44 3360 4514,ND,https://wa.me/524433604514,https://www.facebook.com/search/pages/?q=Boutique%20Misty%20K%20Morelia,"https://www.google.com/maps/search/?api=1&query=19.66551001,-101.19460255"
Boutique Monocromo Moda Masculina,Morelia,+52 44 3795 5058,ND,https://wa.me/524437955058,https://www.facebook.com/search/pages/?q=Boutique%20Monocromo%20Moda%20Masculina%20Morelia,"https://www.google.com/maps/search/?api=1&query=19.68498112,-101.20089347"
Boutique Mons,Morelia,+52 44 3451 4522,ND,https://wa.me/524434514522,https://www.facebook.com/search/pages/?q=Boutique%20Mons%20Morelia,"https://www.google.com/maps/search/?api=1&query=19.66889967,-101.19931175"
Boutique Nadia,Morelia,+52 44 3333 2183,ND,https://wa.me/524433332183,https://www.facebook.com/search/pages/?q=Boutique%20Nadia%20Morelia,"https://www.google.com/maps/search/?api=1&query=19.68935166,-101.14793454"
Boutique Oh My Lu,Morelia,+52 44 3482 0628,ND,https://wa.me/524434820628,https://www.facebook.com/search/pages/?q=Boutique%20Oh%20My%20Lu%20Morelia,"https://www.google.com/maps/search/?api=1&query=19.67584532,-101.18488205"
Boutique Opaio,Morelia,+52 44 3745 9706,ND,https://wa.me/524437459706,https://www.facebook.com/search/pages/?q=Boutique%20Opaio%20Morelia,"https://www.google.com/maps/search/?api=1&query=19.71584236,-101.19158114"
Boutique Ortiz,Morelia,+52 44 3313 7101,ND,https://wa.me/524433137101,https://www.facebook.com/search/pages/?q=Boutique%20Ortiz%20Morelia,"https://www.google.com/maps/search/?api=1&query=19.70276021,-101.18730584"
Boutique Pao,Morelia,+52 44 3632 9732,ND,https://wa.me/524436329732,https://www.facebook.com/search/pages/?q=Boutique%20Pao%20Morelia,"https://www.google.com/maps/search/?api=1&query=19.73136712,-101.20423975"
Boutique Pd Urbanshop,Morelia,+52 44 3228 6079,ND,https://wa.me/524432286079,https://www.facebook.com/search/pages/?q=Boutique%20Pd%20Urbanshop%20Morelia,"https://www.google.com/maps/search/?api=1&query=19.71625004,-101.21996463"
Boutique Porto Blanco,Morelia,+52 44 3185 3968,ND,https://wa.me/524431853968,https://www.facebook.com/search/pages/?q=Boutique%20Porto%20Blanco%20Morelia,"https://www.google.com/maps/search/?api=1&query=19.68229702,-101.18134968"
Boutique Pretty Woman,Morelia,+52 44 3416 9848,ND,https://wa.me/524434169848,https://www.facebook.com/search/pages/?q=Boutique%20Pretty%20Woman%20Morelia,"https://www.google.com/maps/search/?api=1&query=19.66823701,-101.19522126"
Boutique Rubi,Morelia,+52 44 3272 5695,ND,https://wa.me/524432725695,https://www.facebook.com/search/pages/?q=Boutique%20Rubi%20Morelia,"https://www.google.com/maps/search/?api=1&query=19.69266283,-101.19271414"
Boutique Sam,Morelia,+52 44 3271 3908,ND,https://wa.me/524432713908,https://www.facebook.com/search/pages/?q=Boutique%20Sam%20Morelia,"https://www.google.com/maps/search/?api=1&query=19.7079187,-101.20133593"
Boutique Sexy Doll,Morelia,+52 44 3372 0260,ND,https://wa.me/524433720260,https://www.facebook.com/search/pages/?q=Boutique%20Sexy%20Doll%20Morelia,"https://www.google.com/maps/search/?api=1&query=19.70121206,-101.18988416"
Boutique She,Morelia,+52 44 3403 9435,ND,https://wa.me/524434039435,https://www.facebook.com/search/pages/?q=Boutique%20She%20Morelia,"https://www.google.com/maps/search/?api=1&query=19.70314946,-101.17689126"
Boutique Shein,Morelia,+52 44 3232 6098,ND,https://wa.me/524432326098,https://www.facebook.com/search/pages/?q=Boutique%20Shein%20Morelia,"https://www.google.com/maps/search/?api=1&query=19.69566265,-101.18704087"
Boutique Shein Siempre Bella,Morelia,+52 44 3411 3948,ND,https://wa.me/524434113948,https://www.facebook.com/search/pages/?q=Boutique%20Shein%20Siempre%20Bella%20Morelia,"https://www.google.com/maps/search/?api=1&query=19.74757598,-101.20422191"
Boutique Siah,Morelia,+52 44 3342 6894,ND,https://wa.me/524433426894,https://www.facebook.com/search/pages/?q=Boutique%20Siah%20Morelia,"https://www.google.com/maps/search/?api=1&query=19.69020996,-101.17310843"
Boutique Sophy Stor,Morelia,+52 44 3446 9511,ND,https://wa.me/524434469511,https://www.facebook.com/search/pages/?q=Boutique%20Sophy%20Stor%20Morelia,"https://www.google.com/maps/search/?api=1&query=19.69262531,-101.17752299"
Boutique Tienda De Ropa Besos Al Cielo,Morelia,+52 44 3131 3601,ND,https://wa.me/524431313601,https://www.facebook.com/search/pages/?q=Boutique%20Tienda%20De%20Ropa%20Besos%20Al%20Cielo%20Morelia,"https://www.google.com/maps/search/?api=1&query=19.68279501,-101.18126095"
Boutique Un Gustito,Morelia,+52 44 3260 3968,ND,https://wa.me/524432603968,https://www.facebook.com/search/pages/?q=Boutique%20Un%20Gustito%20Morelia,"https://www.google.com/maps/search/?api=1&query=19.71603273,-101.18804838"
Boutique Valentina,Morelia,+52 44 3411 4428,ND,https://wa.me/524434114428,https://www.facebook.com/search/pages/?q=Boutique%20Valentina%20Morelia,"https://www.google.com/maps/search/?api=1&query=19.67929411,-101.308067"
Boutique Vanidad,Morelia,+52 44 3227 8721,ND,https://wa.me/524432278721,https://www.facebook.com/search/pages/?q=Boutique%20Vanidad%20Morelia,"https://www.google.com/maps/search/?api=1&query=19.73835865,-101.1994527"
Boutique Vanisha,Morelia,+52 44 3510 7802,ND,https://wa.me/524435107802,https://www.facebook.com/search/pages/?q=Boutique%20Vanisha%20Morelia,"https://www.google.com/maps/search/?api=1&query=19.68222004,-101.27571147"
Boutique Venta Sol,Morelia,+52 44 3172 6483,ND,https://wa.me/524431726483,https://www.facebook.com/search/pages/?q=Boutique%20Venta%20Sol%20Morelia,"https://www.google.com/maps/search/?api=1&query=19.72260893,-101.23121447"
Boutique Ventas Diana,Morelia,+52 44 3190 3605,ND,https://wa.me/524431903605,https://www.facebook.com/search/pages/?q=Boutique%20Ventas%20Diana%20Morelia,"https://www.google.com/maps/search/?api=1&query=19.71082564,-101.23516963"
Boutique Vistete Bonito,Morelia,+52 44 3363 8162,ND,https://wa.me/524433638162,https://www.facebook.com/search/pages/?q=Boutique%20Vistete%20Bonito%20Morelia,"https://www.google.com/maps/search/?api=1&query=19.6955874,-101.25038867"
Boutique White Secret,Morelia,+52 44 3846 0543,ND,https://wa.me/524438460543,https://www.facebook.com/search/pages/?q=Boutique%20White%20Secret%20Morelia,"https://www.google.com/maps/search/?api=1&query=19.70522736,-101.18659978"
Boutique Yazdal Venta De Ropa,Morelia,+52 44 3155 1455,ND,https://wa.me/524431551455,https://www.facebook.com/search/pages/?q=Boutique%20Yazdal%20Venta%20De%20Ropa%20Morelia,"https://www.google.com/maps/search/?api=1&query=19.68669723,-101.15892532"
Boutique Yuri Nails,Morelia,+52 44 3544 2034,ND,https://wa.me/524435442034,https://www.facebook.com/search/pages/?q=Boutique%20Yuri%20Nails%20Morelia,"https://www.google.com/maps/search/?api=1&query=19.70897115,-101.15324144"
Camilas Boutique,Morelia,+52 44 3228 5046,ND,https://wa.me/524432285046,https://www.facebook.com/search/pages/?q=Camilas%20Boutique%20Morelia,"https://www.google.com/maps/search/?api=1&query=19.69668313,-101.18493057"
Crystal Boutique,Morelia,+52 44 3622 9405,ND,https://wa.me/524436229405,https://www.facebook.com/search/pages/?q=Crystal%20Boutique%20Morelia,"https://www.google.com/maps/search/?api=1&query=19.70242126,-101.18897517"
D&C Boutique,Morelia,+52 44 3578 5728,ND,https://wa.me/524435785728,https://www.facebook.com/search/pages/?q=D%26C%20Boutique%20Morelia,"https://www.google.com/maps/search/?api=1&query=19.68880206,-101.22900918"
Dalia Boutique,Morelia,+52 71 5103 4411,ND,https://wa.me/527151034411,https://www.facebook.com/search/pages/?q=Dalia%20Boutique%20Morelia,"https://www.google.com/maps/search/?api=1&query=19.73153502,-101.20202658"
Dani Shops,Morelia,+52 44 3482 5840,ND,https://wa.me/524434825840,https://www.facebook.com/search/pages/?q=Dani%20Shops%20Morelia,"https://www.google.com/maps/search/?api=1&query=19.70130808,-101.18847232"
De Maris Boutique,Morelia,+52 44 3188 8489,ND,https://wa.me/524431888489,https://www.facebook.com/search/pages/?q=De%20Maris%20Boutique%20Morelia,"https://www.google.com/maps/search/?api=1&query=19.70056913,-101.1899776"
Dream Shop Boutique,Morelia,+52 44 3300 9286,ND,https://wa.me/524433009286,https://www.facebook.com/search/pages/?q=Dream%20Shop%20Boutique%20Morelia,"https://www.google.com/maps/search/?api=1&query=19.68152536,-101.22579466"
Dulce Boutique,Morelia,+52 44 3161 7463,ND,https://wa.me/524431617463,https://www.facebook.com/search/pages/?q=Dulce%20Boutique%20Morelia,"https://www.google.com/maps/search/?api=1&query=19.67619457,-101.30599856"
El Y Ella Boutique,Morelia,+52 44 3205 3380,ND,https://wa.me/524432053380,https://www.facebook.com/search/pages/?q=El%20Y%20Ella%20Boutique%20Morelia,"https://www.google.com/maps/search/?api=1&query=19.70675018,-101.20168871"
Elephant Store,Morelia,+52 44 3578 8827,ND,https://wa.me/524435788827,https://www.facebook.com/search/pages/?q=Elephant%20Store%20Morelia,"https://www.google.com/maps/search/?api=1&query=19.69829791,-101.18850949"
Ema Boutique,Morelia,+52 44 3486 2462,ND,https://wa.me/524434862462,https://www.facebook.com/search/pages/?q=Ema%20Boutique%20Morelia,"https://www.google.com/maps/search/?api=1&query=19.68553739,-101.20308387"
Etnias Boutique 77,Morelia,+52 44 3638 8083,ND,https://wa.me/524436388083,https://www.facebook.com/search/pages/?q=Etnias%20Boutique%2077%20Morelia,"https://www.google.com/maps/search/?api=1&query=19.70428057,-101.19427984"
Fashion Boutique,Morelia,+52 44 3181 2174,ND,https://wa.me/524431812174,https://www.facebook.com/search/pages/?q=Fashion%20Boutique%20Morelia,"https://www.google.com/maps/search/?api=1&query=19.72456494,-101.22979062"
Fashion Curve And Style,Morelia,+52 44 3370 2161,ND,https://wa.me/524433702161,https://www.facebook.com/search/pages/?q=Fashion%20Curve%20And%20Style%20Morelia,"https://www.google.com/maps/search/?api=1&query=19.71383497,-101.16365122"
Fashion Men Ados,Morelia,+52 44 3147 5322,ND,https://wa.me/524431475322,https://www.facebook.com/search/pages/?q=Fashion%20Men%20Ados%20Morelia,"https://www.google.com/maps/search/?api=1&query=19.7074065,-101.19073239"
Fashion Sarita,Morelia,+52 66 4411 7719,ND,https://wa.me/526644117719,https://www.facebook.com/search/pages/?q=Fashion%20Sarita%20Morelia,"https://www.google.com/maps/search/?api=1&query=19.70195945,-101.18753991"
Garage Clothing Store,Morelia,+52 44 3460 8386,ND,https://wa.me/524434608386,https://www.facebook.com/search/pages/?q=Garage%20Clothing%20Store%20Morelia,"https://www.google.com/maps/search/?api=1&query=19.68496072,-101.20020466"
George Shop,Morelia,+52 44 3130 3620,ND,https://wa.me/524431303620,https://www.facebook.com/search/pages/?q=George%20Shop%20Morelia,"https://www.google.com/maps/search/?api=1&query=19.70229952,-101.22885965"
Glamour Time Boutique,Morelia,+52 44 3372 2867,ND,https://wa.me/524433722867,https://www.facebook.com/search/pages/?q=Glamour%20Time%20Boutique%20Morelia,"https://www.google.com/maps/search/?api=1&query=19.69307211,-101.18794166"
Glan Boutique,Morelia,+52 44 3581 8757,ND,https://wa.me/524435818757,https://www.facebook.com/search/pages/?q=Glan%20Boutique%20Morelia,"https://www.google.com/maps/search/?api=1&query=19.72089576,-101.19662663"
Gr Boutique La Huerta,Morelia,+52 44 3379 7660,ND,https://wa.me/524433797660,https://www.facebook.com/search/pages/?q=Gr%20Boutique%20La%20Huerta%20Morelia,"https://www.google.com/maps/search/?api=1&query=19.67518253,-101.21719597"
Hernandez Boutique,Morelia,+52 44 3541 5656,ND,https://wa.me/524435415656,https://www.facebook.com/search/pages/?q=Hernandez%20Boutique%20Morelia,"https://www.google.com/maps/search/?api=1&query=19.69704196,-101.26700847"
Jacos Boutique,Morelia,+52 44 3723 8118,ND,https://wa.me/524437238118,https://www.facebook.com/search/pages/?q=Jacos%20Boutique%20Morelia,"https://www.google.com/maps/search/?api=1&query=19.68513432,-101.20201208"
La Percha Boutique,Morelia,+52 44 3504 4367,ND,https://wa.me/524435044367,https://www.facebook.com/search/pages/?q=La%20Percha%20Boutique%20Morelia,"https://www.google.com/maps/search/?api=1&query=19.69744875,-101.18780038"
Leons Boutique,Morelia,+52 44 3448 0203,ND,https://wa.me/524434480203,https://www.facebook.com/search/pages/?q=Leons%20Boutique%20Morelia,"https://www.google.com/maps/search/?api=1&query=19.72380448,-101.18789751"
Local De Ropa Boutique Mariana,Morelia,+52 44 3317 9226,ND,https://wa.me/524433179226,https://www.facebook.com/search/pages/?q=Local%20De%20Ropa%20Boutique%20Mariana%20Morelia,"https://www.google.com/maps/search/?api=1&query=19.6960215,-101.18965234"
Logma Boutique,Morelia,+52 44 3245 3962,ND,https://wa.me/524432453962,https://www.facebook.com/search/pages/?q=Logma%20Boutique%20Morelia,"https://www.google.com/maps/search/?api=1&query=19.70431516,-101.1608385"
Lunatica Boutique,Morelia,+52 44 3109 3652,ND,https://wa.me/524431093652,https://www.facebook.com/search/pages/?q=Lunatica%20Boutique%20Morelia,"https://www.google.com/maps/search/?api=1&query=19.69533251,-101.16846641"
Maggies Boutique,Morelia,+52 44 3155 6653,ND,https://wa.me/524431556653,https://www.facebook.com/search/pages/?q=Maggies%20Boutique%20Morelia,"https://www.google.com/maps/search/?api=1&query=19.69472188,-101.18800715"
Maria Isabel Boutique,Morelia,+52 44 3314 5966,ND,https://wa.me/524433145966,https://www.facebook.com/search/pages/?q=Maria%20Isabel%20Boutique%20Morelia,"https://www.google.com/maps/search/?api=1&query=19.68899799,-101.1732266"
Mirii Store,Morelia,+52 44 3838 3812,ND,https://wa.me/524438383812,https://www.facebook.com/search/pages/?q=Mirii%20Store%20Morelia,"https://www.google.com/maps/search/?api=1&query=19.70195945,-101.18753991"
Mitchelet Boutique,Morelia,+52 44 3312 7311,ND,https://wa.me/524433127311,https://www.facebook.com/search/pages/?q=Mitchelet%20Boutique%20Morelia,"https://www.google.com/maps/search/?api=1&query=19.70303004,-101.19395492"
Mo Store,Morelia,+52 44 3468 7559,ND,https://wa.me/524434687559,https://www.facebook.com/search/pages/?q=Mo%20Store%20Morelia,"https://www.google.com/maps/search/?api=1&query=19.67266113,-101.20276215"
Moda En Manta,Morelia,+52 44 3317 8657,ND,https://wa.me/524433178657,https://www.facebook.com/search/pages/?q=Moda%20En%20Manta%20Morelia,"https://www.google.com/maps/search/?api=1&query=19.70283679,-101.20106693"
Moda Y Acccesorios Kimia,Morelia,+52 45 3515 7961,ND,https://wa.me/524535157961,https://www.facebook.com/search/pages/?q=Moda%20Y%20Acccesorios%20Kimia%20Morelia,"https://www.google.com/maps/search/?api=1&query=19.73295533,-101.19921475"
Modas Montys,Morelia,+52 44 3143 9855,ND,https://wa.me/524431439855,https://www.facebook.com/search/pages/?q=Modas%20Montys%20Morelia,"https://www.google.com/maps/search/?api=1&query=19.69588365,-101.19060052"
Modas Y Artes Indu,Morelia,+52 44 3270 2486,ND,https://wa.me/524432702486,https://www.facebook.com/search/pages/?q=Modas%20Y%20Artes%20Indu%20Morelia,"https://www.google.com/maps/search/?api=1&query=19.6961655,-101.1932779"
Must Concept Store,Morelia,+52 44 3481 7714,ND,https://wa.me/524434817714,https://www.facebook.com/search/pages/?q=Must%20Concept%20Store%20Morelia,"https://www.google.com/maps/search/?api=1&query=19.70253774,-101.18230876"
Neutro Boutique,Morelia,+52 44 3207 7345,ND,https://wa.me/524432077345,https://www.facebook.com/search/pages/?q=Neutro%20Boutique%20Morelia,"https://www.google.com/maps/search/?api=1&query=19.68229702,-101.18134968"
Ney Moda Y Tendencia,Morelia,+52 44 3941 5602,ND,https://wa.me/524439415602,https://www.facebook.com/search/pages/?q=Ney%20Moda%20Y%20Tendencia%20Morelia,"https://www.google.com/maps/search/?api=1&query=19.7402659,-101.133873"
Nueva Moda,Morelia,+52 44 3504 9300,ND,https://wa.me/524435049300,https://www.facebook.com/search/pages/?q=Nueva%20Moda%20Morelia,"https://www.google.com/maps/search/?api=1&query=19.7034957,-101.16640366"
Paladi Boutique,Morelia,+52 44 3302 4088,ND,https://wa.me/524433024088,https://www.facebook.com/search/pages/?q=Paladi%20Boutique%20Morelia,"https://www.google.com/maps/search/?api=1&query=19.68564491,-101.20319049"
Qout Shop,Morelia,+52 44 3792 5306,ND,https://wa.me/524437925306,https://www.facebook.com/search/pages/?q=Qout%20Shop%20Morelia,"https://www.google.com/maps/search/?api=1&query=19.70151061,-101.1649353"
Ropa De Caballero Funky Shop,Morelia,+52 44 3131 6762,ND,https://wa.me/524431316762,https://www.facebook.com/search/pages/?q=Ropa%20De%20Caballero%20Funky%20Shop%20Morelia,"https://www.google.com/maps/search/?api=1&query=19.69012352,-101.1707977"
Ropa Para Dama Meduse Boutique,Morelia,+52 44 3521 8493,ND,https://wa.me/524435218493,https://www.facebook.com/search/pages/?q=Ropa%20Para%20Dama%20Meduse%20Boutique%20Morelia,"https://www.google.com/maps/search/?api=1&query=19.68975056,-101.1711624"
Shopping B&A,Morelia,+52 44 3484 8728,ND,https://wa.me/524434848728,https://www.facebook.com/search/pages/?q=Shopping%20B%26A%20Morelia,"https://www.google.com/maps/search/?api=1&query=19.71323411,-101.17913722"
Siah Boutique,Morelia,+52 46 6125 6429,ND,https://wa.me/524661256429,https://www.facebook.com/search/pages/?q=Siah%20Boutique%20Morelia,"https://www.google.com/maps/search/?api=1&query=19.7028672,-101.18432006"
Studio Boutique,Morelia,+52 44 3229 9903,ND,https://wa.me/524432299903,https://www.facebook.com/search/pages/?q=Studio%20Boutique%20Morelia,"https://www.google.com/maps/search/?api=1&query=19.71179746,-101.16731098"
The King Moda,Morelia,+52 44 3577 6583,ND,https://wa.me/524435776583,https://www.facebook.com/search/pages/?q=The%20King%20Moda%20Morelia,"https://www.google.com/maps/search/?api=1&query=19.69056038,-101.16594145"
The Rick Store,Morelia,+52 44 3242 3315,ND,https://wa.me/524432423315,https://www.facebook.com/search/pages/?q=The%20Rick%20Store%20Morelia,"https://www.google.com/maps/search/?api=1&query=19.73328746,-101.19917184"
Tienda De Articulos Angies Boutique,Morelia,+52 44 3401 2679,ND,https://wa.me/524434012679,https://www.facebook.com/search/pages/?q=Tienda%20De%20Articulos%20Angies%20Boutique%20Morelia,"https://www.google.com/maps/search/?api=1&query=19.70159144,-101.18795288"
Tienda De Ropa Boutique Fer,Morelia,+52 44 3161 6263,ND,https://wa.me/524431616263,https://www.facebook.com/search/pages/?q=Tienda%20De%20Ropa%20Boutique%20Fer%20Morelia,"https://www.google.com/maps/search/?api=1&query=19.71496272,-101.21375126"
Tienda De Ropa Boutique Jesare,Morelia,+52 44 3326 6799,ND,https://wa.me/524433266799,https://www.facebook.com/search/pages/?q=Tienda%20De%20Ropa%20Boutique%20Jesare%20Morelia,"https://www.google.com/maps/search/?api=1&query=19.6861817,-101.23408872"
Tienda De Ropa Boutique Vasco,Morelia,+52 44 3272 6644,ND,https://wa.me/524432726644,https://www.facebook.com/search/pages/?q=Tienda%20De%20Ropa%20Boutique%20Vasco%20Morelia,"https://www.google.com/maps/search/?api=1&query=19.696174,-101.1900422"
Tienda De Ropa Bulls Urban Store,Morelia,+52 44 3368 7390,ND,https://wa.me/524433687390,https://www.facebook.com/search/pages/?q=Tienda%20De%20Ropa%20Bulls%20Urban%20Store%20Morelia,"https://www.google.com/maps/search/?api=1&query=19.72159604,-101.16877049"
Tienda De Ropa Dalis Beauty Boutique,Morelia,+52 62 7105 1068,ND,https://wa.me/526271051068,https://www.facebook.com/search/pages/?q=Tienda%20De%20Ropa%20Dalis%20Beauty%20Boutique%20Morelia,"https://www.google.com/maps/search/?api=1&query=19.68628493,-101.16659788"
Tienda De Ropa Estilo Y Moda,Morelia,+52 44 3125 7770,ND,https://wa.me/524431257770,https://www.facebook.com/search/pages/?q=Tienda%20De%20Ropa%20Estilo%20Y%20Moda%20Morelia,"https://www.google.com/maps/search/?api=1&query=19.67306727,-101.19062496"
Tienda De Ropa Jessys Store,Morelia,+52 44 3199 5431,ND,https://wa.me/524431995431,https://www.facebook.com/search/pages/?q=Tienda%20De%20Ropa%20Jessys%20Store%20Morelia,"https://www.google.com/maps/search/?api=1&query=19.69487119,-101.22677885"
Tienda De Ropa Karlotta Boutique,Morelia,+52 44 3651 1167,ND,https://wa.me/524436511167,https://www.facebook.com/search/pages/?q=Tienda%20De%20Ropa%20Karlotta%20Boutique%20Morelia,"https://www.google.com/maps/search/?api=1&query=19.68985212,-101.16407511"
Tienda De Ropa Koala Store,Morelia,+52 44 3847 0369,ND,https://wa.me/524438470369,https://www.facebook.com/search/pages/?q=Tienda%20De%20Ropa%20Koala%20Store%20Morelia,"https://www.google.com/maps/search/?api=1&query=19.66511713,-101.19368191"
Tienda De Ropa Leo Max Moda Activa,Morelia,+52 44 3356 3038,ND,https://wa.me/524433563038,https://www.facebook.com/search/pages/?q=Tienda%20De%20Ropa%20Leo%20Max%20Moda%20Activa%20Morelia,"https://www.google.com/maps/search/?api=1&query=19.69632538,-101.18953179"
Tienda De Ropa Pasarelle Boutique,Morelia,+52 44 3367 7923,ND,https://wa.me/524433677923,https://www.facebook.com/search/pages/?q=Tienda%20De%20Ropa%20Pasarelle%20Boutique%20Morelia,"https://www.google.com/maps/search/?api=1&query=19.6906481,-101.16999215"
Tienda De Ropa Punto Mezclilla,Morelia,+52 44 3259 0182,ND,https://wa.me/524432590182,https://www.facebook.com/search/pages/?q=Tienda%20De%20Ropa%20Punto%20Mezclilla%20Morelia,"https://www.google.com/maps/search/?api=1&query=19.68718198,-101.17303548"
Tienda De Ropa Shopping Lovers,Morelia,+52 44 3573 1689,ND,https://wa.me/524435731689,https://www.facebook.com/search/pages/?q=Tienda%20De%20Ropa%20Shopping%20Lovers%20Morelia,"https://www.google.com/maps/search/?api=1&query=19.69001914,-101.17976383"
Tienda De Ropa Victorias Boutique,Morelia,+52 44 3105 7567,ND,https://wa.me/524431057567,https://www.facebook.com/search/pages/?q=Tienda%20De%20Ropa%20Victorias%20Boutique%20Morelia,"https://www.google.com/maps/search/?api=1&query=19.7104811,-101.15100991"
Touch Me Boutique De Ropa De Mujer,Morelia,+52 44 3481 2563,ND,https://wa.me/524434812563,https://www.facebook.com/search/pages/?q=Touch%20Me%20Boutique%20De%20Ropa%20De%20Mujer%20Morelia,"https://www.google.com/maps/search/?api=1&query=19.68783255,-101.16457856"
Tree Boutique,Morelia,+52 44 3170 9277,ND,https://wa.me/524431709277,https://www.facebook.com/search/pages/?q=Tree%20Boutique%20Morelia,"https://www.google.com/maps/search/?api=1&query=19.71538839,-101.19715767"
Venta De Ropa Boutique Belem,Morelia,+52 44 3158 1070,ND,https://wa.me/524431581070,https://www.facebook.com/search/pages/?q=Venta%20De%20Ropa%20Boutique%20Belem%20Morelia,"https://www.google.com/maps/search/?api=1&query=19.69704248,-101.18722473"
Venta De Ropa Luna Closet,Morelia,+52 44 3721 5965,ND,https://wa.me/524437215965,https://www.facebook.com/search/pages/?q=Venta%20De%20Ropa%20Luna%20Closet%20Morelia,"https://www.google.com/maps/search/?api=1&query=19.72299357,-101.20562318"
Venta De Ropa Modas Morelia,Morelia,+52 44 3347 9121,ND,https://wa.me/524433479121,https://www.facebook.com/search/pages/?q=Venta%20De%20Ropa%20Modas%20Morelia%20Morelia,"https://www.google.com/maps/search/?api=1&query=19.72012401,-101.19489713"
Venta De Ropa Vainilla Fashion,Morelia,+52 44 3681 6182,ND,https://wa.me/524436816182,https://www.facebook.com/search/pages/?q=Venta%20De%20Ropa%20Vainilla%20Fashion%20Morelia,"https://www.google.com/maps/search/?api=1&query=19.71080045,-101.1900903"
Venta De Ropa Y Accesorios Grizzly Store,Morelia,+52 44 3216 6594,ND,https://wa.me/524432166594,https://www.facebook.com/search/pages/?q=Venta%20De%20Ropa%20Y%20Accesorios%20Grizzly%20Store%20Morelia,"https://www.google.com/maps/search/?api=1&query=19.70545158,-101.18954655"
Vick Anaya Boutique,Morelia,+52 44 3205 9806,ND,https://wa.me/524432059806,https://www.facebook.com/search/pages/?q=Vick%20Anaya%20Boutique%20Morelia,"https://www.google.com/maps/search/?api=1&query=19.70420101,-101.17779046"
Virgin Boutique,Morelia,+52 44 3474 3812,ND,https://wa.me/524434743812,https://www.facebook.com/search/pages/?q=Virgin%20Boutique%20Morelia,"https://www.google.com/maps/search/?api=1&query=19.68229702,-101.18134968"
Boutique Jessy,Morelos,+52 43 8100 0932,ND,https://wa.me/524381000932,https://www.facebook.com/search/pages/?q=Boutique%20Jessy%20Morelos,"https://www.google.com/maps/search/?api=1&query=20.00346873,-101.41213625"
Beverly Hills Boutique,Múgica,+52 42 5117 5407,ND,https://wa.me/524251175407,https://www.facebook.com/search/pages/?q=Beverly%20Hills%20Boutique%20Múgica,"https://www.google.com/maps/search/?api=1&query=19.02364148,-102.09613384"
Boutique Arfit,Múgica,+52 42 5126 8671,ND,https://wa.me/524251268671,https://www.facebook.com/search/pages/?q=Boutique%20Arfit%20Múgica,"https://www.google.com/maps/search/?api=1&query=19.03060372,-102.087088"
Estrella Fashion,Múgica,+52 42 5148 9091,ND,https://wa.me/524251489091,https://www.facebook.com/search/pages/?q=Estrella%20Fashion%20Múgica,"https://www.google.com/maps/search/?api=1&query=19.02158884,-102.09336292"
Modas Yatziry,Múgica,+52 42 5134 7737,ND,https://wa.me/524251347737,https://www.facebook.com/search/pages/?q=Modas%20Yatziry%20Múgica,"https://www.google.com/maps/search/?api=1&query=19.02292774,-102.09467768"
Philip Boutique,Múgica,+52 45 3173 0674,ND,https://wa.me/524531730674,https://www.facebook.com/search/pages/?q=Philip%20Boutique%20Múgica,"https://www.google.com/maps/search/?api=1&query=19.02249123,-102.09543071"
Philip Boutique,Múgica,+52 45 3173 0436,ND,https://wa.me/524531730436,https://www.facebook.com/search/pages/?q=Philip%20Boutique%20Múgica,"https://www.google.com/maps/search/?api=1&query=19.02776886,-102.09052496"
Tienda De Ropa Todo Fashion,Múgica,+52 42 5124 8210,ND,https://wa.me/524251248210,https://www.facebook.com/search/pages/?q=Tienda%20De%20Ropa%20Todo%20Fashion%20Múgica,"https://www.google.com/maps/search/?api=1&query=19.03013927,-102.08505202"
Boutique Limon,Nahuatzen,+52 45 2136 1270,ND,https://wa.me/524521361270,https://www.facebook.com/search/pages/?q=Boutique%20Limon%20Nahuatzen,"https://www.google.com/maps/search/?api=1&query=19.65491652,-101.91616721"
Fashion Boutique Kaori,Nahuatzen,+52 45 2343 0756,ND,https://wa.me/524523430756,https://www.facebook.com/search/pages/?q=Fashion%20Boutique%20Kaori%20Nahuatzen,"https://www.google.com/maps/search/?api=1&query=19.65511598,-101.91622931"
Tienda De Ropa,Nocupétaro,+52 44 3351 8733,ND,https://wa.me/524433518733,https://www.facebook.com/search/pages/?q=Tienda%20De%20Ropa%20Nocupétaro,"https://www.google.com/maps/search/?api=1&query=19.04547821,-101.16136512"
Boutique Gelita,Nuevo Parangaricutiro,+52 45 2157 9500,ND,https://wa.me/524521579500,https://www.facebook.com/search/pages/?q=Boutique%20Gelita%20Nuevo%20Parangaricutiro,"https://www.google.com/maps/search/?api=1&query=19.41615769,-102.12925436"
Orquidea Boutique,Nuevo Parangaricutiro,+52 45 2157 9725,ND,https://wa.me/524521579725,https://www.facebook.com/search/pages/?q=Orquidea%20Boutique%20Nuevo%20Parangaricutiro,"https://www.google.com/maps/search/?api=1&query=19.42126635,-102.13377707"
Tienda De Ropa Boutique Ah,Nuevo Parangaricutiro,+52 33 2341 4585,ND,https://wa.me/523323414585,https://www.facebook.com/search/pages/?q=Tienda%20De%20Ropa%20Boutique%20Ah%20Nuevo%20Parangaricutiro,"https://www.google.com/maps/search/?api=1&query=19.41557512,-102.12917786"
Tienda De Ropa Divina Estilo Unico,Nuevo Parangaricutiro,+52 45 2521 5515,ND,https://wa.me/524525215515,https://www.facebook.com/search/pages/?q=Tienda%20De%20Ropa%20Divina%20Estilo%20Unico%20Nuevo%20Parangaricutiro,"https://www.google.com/maps/search/?api=1&query=19.41563097,-102.12873848"
Tienda De Ropa Gagnet Moda,Nuevo Parangaricutiro,+52 45 2126 5202,ND,https://wa.me/524521265202,https://www.facebook.com/search/pages/?q=Tienda%20De%20Ropa%20Gagnet%20Moda%20Nuevo%20Parangaricutiro,"https://www.google.com/maps/search/?api=1&query=19.41796415,-102.12652494"
Tienda Ropa Todo Fashion 8481,Nuevo Parangaricutiro,+52 45 2339 4772,ND,https://wa.me/524523394772,https://www.facebook.com/search/pages/?q=Tienda%20Ropa%20Todo%20Fashion%208481%20Nuevo%20Parangaricutiro,"https://www.google.com/maps/search/?api=1&query=19.41489652,-102.12792639"
Tienda De Ropa,Nuevo Urecho,ND,ND,ND,https://www.facebook.com/search/pages/?q=Tienda%20De%20Ropa%20Nuevo%20Urecho,"https://www.google.com/maps/search/?api=1&query=19.1664893,-101.86839272"
Boutique Mg,Numarán,+52 35 2105 8899,ND,https://wa.me/523521058899,https://www.facebook.com/search/pages/?q=Boutique%20Mg%20Numarán,"https://www.google.com/maps/search/?api=1&query=20.25596576,-101.94799892"
Boutique Enid,Ocampo,+52 71 5105 1302,ND,https://wa.me/527151051302,https://www.facebook.com/search/pages/?q=Boutique%20Enid%20Ocampo,"https://www.google.com/maps/search/?api=1&query=19.58332575,-100.33804585"
Fashion Boutique,Ocampo,+52 55 4836 4209,ND,https://wa.me/525548364209,https://www.facebook.com/search/pages/?q=Fashion%20Boutique%20Ocampo,"https://www.google.com/maps/search/?api=1&query=19.55906363,-100.2705442"
Tienda De Ropa Familiar Y Accesorios Princess Fashion,Ocampo,+52 71 5127 3415,ND,https://wa.me/527151273415,https://www.facebook.com/search/pages/?q=Tienda%20De%20Ropa%20Familiar%20Y%20Accesorios%20Princess%20Fashion%20Ocampo,"https://www.google.com/maps/search/?api=1&query=19.58239712,-100.33966"
Dalina Jeans,Pajacuarán,+52 35 3152 2153,ND,https://wa.me/523531522153,https://www.facebook.com/search/pages/?q=Dalina%20Jeans%20Pajacuarán,"https://www.google.com/maps/search/?api=1&query=20.11828324,-102.57010429"
Ofertas Liz,Panindícuaro,+52 45 4366 1031,ND,https://wa.me/524543661031,https://www.facebook.com/search/pages/?q=Ofertas%20Liz%20Panindícuaro,"https://www.google.com/maps/search/?api=1&query=19.98287747,-101.75985302"
Sophie Botike,Panindícuaro,+52 44 3545 8403,ND,https://wa.me/524435458403,https://www.facebook.com/search/pages/?q=Sophie%20Botike%20Panindícuaro,"https://www.google.com/maps/search/?api=1&query=19.98251701,-101.76183426"
Boutique Fanaloney,Paracho,+52 45 2112 2993,ND,https://wa.me/524521122993,https://www.facebook.com/search/pages/?q=Boutique%20Fanaloney%20Paracho,"https://www.google.com/maps/search/?api=1&query=19.64764664,-102.04917504"
Issabella Store,Paracho,+52 45 2285 7642,ND,https://wa.me/524522857642,https://www.facebook.com/search/pages/?q=Issabella%20Store%20Paracho,"https://www.google.com/maps/search/?api=1&query=19.65107095,-102.04965423"
Tienda De Ropa Blanca Fashion,Paracho,+52 42 3101 0045,ND,https://wa.me/524231010045,https://www.facebook.com/search/pages/?q=Tienda%20De%20Ropa%20Blanca%20Fashion%20Paracho,"https://www.google.com/maps/search/?api=1&query=19.64740088,-102.04858797"
Venta De Ropa Brandon Shop,Paracho,+52 45 2115 7676,ND,https://wa.me/524521157676,https://www.facebook.com/search/pages/?q=Venta%20De%20Ropa%20Brandon%20Shop%20Paracho,"https://www.google.com/maps/search/?api=1&query=19.64382568,-102.04833458"
Bendiciones Boutique,Parácuaro,+52 42 5115 7107,ND,https://wa.me/524251157107,https://www.facebook.com/search/pages/?q=Bendiciones%20Boutique%20Parácuaro,"https://www.google.com/maps/search/?api=1&query=19.01402039,-102.20469329"
Boutique Diana,Parácuaro,+52 42 5110 1986,ND,https://wa.me/524251101986,https://www.facebook.com/search/pages/?q=Boutique%20Diana%20Parácuaro,"https://www.google.com/maps/search/?api=1&query=19.0181198,-102.20773442"
Ellos Boutique,Parácuaro,+52 42 5109 8610,ND,https://wa.me/524251098610,https://www.facebook.com/search/pages/?q=Ellos%20Boutique%20Parácuaro,"https://www.google.com/maps/search/?api=1&query=19.00957686,-102.20252599"
Moda Antunez,Parácuaro,+52 42 5100 5915,ND,https://wa.me/524251005915,https://www.facebook.com/search/pages/?q=Moda%20Antunez%20Parácuaro,"https://www.google.com/maps/search/?api=1&query=19.00399506,-102.20717591"
Patis Boutique,Parácuaro,+52 42 5114 1551,ND,https://wa.me/524251141551,https://www.facebook.com/search/pages/?q=Patis%20Boutique%20Parácuaro,"https://www.google.com/maps/search/?api=1&query=19.00938615,-102.20243202"
Tienda De Ropa Oliver Boutique,Parácuaro,+52 42 5103 4543,ND,https://wa.me/524251034543,https://www.facebook.com/search/pages/?q=Tienda%20De%20Ropa%20Oliver%20Boutique%20Parácuaro,"https://www.google.com/maps/search/?api=1&query=19.01960896,-102.20432771"
Boutique Modas Lucys,Pátzcuaro,+52 43 4342 0513,ND,https://wa.me/524343420513,https://www.facebook.com/search/pages/?q=Boutique%20Modas%20Lucys%20Pátzcuaro,"https://www.google.com/maps/search/?api=1&query=19.51513919,-101.60960396"
Kiss Me Boutique,Pátzcuaro,+52 43 4108 2171,ND,https://wa.me/524341082171,https://www.facebook.com/search/pages/?q=Kiss%20Me%20Boutique%20Pátzcuaro,"https://www.google.com/maps/search/?api=1&query=19.51502081,-101.60892005"
Sr Boutique Y Accesorios,Pátzcuaro,+52 43 4152 4589,ND,https://wa.me/524341524589,https://www.facebook.com/search/pages/?q=Sr%20Boutique%20Y%20Accesorios%20Pátzcuaro,"https://www.google.com/maps/search/?api=1&query=19.53380355,-101.61189933"
Tienda De Ropa Super Jeans,Pátzcuaro,+52 43 4138 4732,ND,https://wa.me/524341384732,https://www.facebook.com/search/pages/?q=Tienda%20De%20Ropa%20Super%20Jeans%20Pátzcuaro,"https://www.google.com/maps/search/?api=1&query=19.51460401,-101.60893059"
Tienda De Ropa Yoss Boutique,Pátzcuaro,+52 43 4137 0350,ND,https://wa.me/524341370350,https://www.facebook.com/search/pages/?q=Tienda%20De%20Ropa%20Yoss%20Boutique%20Pátzcuaro,"https://www.google.com/maps/search/?api=1&query=19.50629028,-101.61887337"
Womans Touch Boutique,Pátzcuaro,+52 43 4132 4970,ND,https://wa.me/524341324970,https://www.facebook.com/search/pages/?q=Womans%20Touch%20Boutique%20Pátzcuaro,"https://www.google.com/maps/search/?api=1&query=19.51501106,-101.61318251"
Avilas Boutique,Penjamillo,+52 35 2117 1521,ND,https://wa.me/523521171521,https://www.facebook.com/search/pages/?q=Avilas%20Boutique%20Penjamillo,"https://www.google.com/maps/search/?api=1&query=20.10426858,-101.93327759"
Boutique Sussan,Penjamillo,+52 35 2156 1119,ND,https://wa.me/523521561119,https://www.facebook.com/search/pages/?q=Boutique%20Sussan%20Penjamillo,"https://www.google.com/maps/search/?api=1&query=20.10405447,-101.93427431"
Efecto Moda,Peribán,+52 35 4551 1799,ND,https://wa.me/523545511799,https://www.facebook.com/search/pages/?q=Efecto%20Moda%20Peribán,"https://www.google.com/maps/search/?api=1&query=19.52066062,-102.41616722"
Moda Fantastica,Peribán,+52 35 4135 0540,ND,https://wa.me/523541350540,https://www.facebook.com/search/pages/?q=Moda%20Fantastica%20Peribán,"https://www.google.com/maps/search/?api=1&query=19.51719566,-102.41475229"
Valeria Boutique,Peribán,+52 35 4100 0479,ND,https://wa.me/523541000479,https://www.facebook.com/search/pages/?q=Valeria%20Boutique%20Peribán,"https://www.google.com/maps/search/?api=1&query=19.52119522,-102.41332103"
Boutique Perlas,Purépero,+52 43 6102 0048,ND,https://wa.me/524361020048,https://www.facebook.com/search/pages/?q=Boutique%20Perlas%20Purépero,"https://www.google.com/maps/search/?api=1&query=19.91344621,-102.00521815"
Mac Moda,Purépero,+52 43 6114 1621,ND,https://wa.me/524361141621,https://www.facebook.com/search/pages/?q=Mac%20Moda%20Purépero,"https://www.google.com/maps/search/?api=1&query=19.90971403,-102.006565"
Denver Boutique,Puruándiro,+52 43 8123 9997,carpin.rub@gmail.com,https://wa.me/524381239997,https://www.facebook.com/search/pages/?q=Denver%20Boutique%20Puruándiro,"https://www.google.com/maps/search/?api=1&query=20.08996279,-101.51661275"
Iris Boutique,Puruándiro,+52 43 8109 0710,irisboutiquepuruandiro@gmail.com,https://wa.me/524381090710,https://www.facebook.com/search/pages/?q=Iris%20Boutique%20Puruándiro,"https://www.google.com/maps/search/?api=1&query=20.09298337,-101.51989403"
Silem Shop,Puruándiro,+52 43 8120 3977,ssilvialemus2010@hotmail.com,https://wa.me/524381203977,https://www.facebook.com/search/pages/?q=Silem%20Shop%20Puruándiro,"https://www.google.com/maps/search/?api=1&query=20.08895807,-101.51278793"
Boutique Chelsy,Puruándiro,+52 43 8121 1069,ND,https://wa.me/524381211069,https://www.facebook.com/search/pages/?q=Boutique%20Chelsy%20Puruándiro,"https://www.google.com/maps/search/?api=1&query=20.08707208,-101.51706176"
Boutique El Alucin,Puruándiro,+52 44 3735 7001,ND,https://wa.me/524437357001,https://www.facebook.com/search/pages/?q=Boutique%20El%20Alucin%20Puruándiro,"https://www.google.com/maps/search/?api=1&query=20.08824246,-101.51833604"
Boutique El Ropero,Puruándiro,+52 82 1112 0458,ND,https://wa.me/528211120458,https://www.facebook.com/search/pages/?q=Boutique%20El%20Ropero%20Puruándiro,"https://www.google.com/maps/search/?api=1&query=20.08807579,-101.51871441"
Boutique Flamingo,Puruándiro,+52 43 8115 1667,ND,https://wa.me/524381151667,https://www.facebook.com/search/pages/?q=Boutique%20Flamingo%20Puruándiro,"https://www.google.com/maps/search/?api=1&query=20.08605104,-101.51508218"
Boutique K&C,Puruándiro,+52 43 8134 3954,ND,https://wa.me/524381343954,https://www.facebook.com/search/pages/?q=Boutique%20K%26C%20Puruándiro,"https://www.google.com/maps/search/?api=1&query=20.08646964,-101.51694099"
Boutique Oh La La,Puruándiro,+52 43 8123 2190,ND,https://wa.me/524381232190,https://www.facebook.com/search/pages/?q=Boutique%20Oh%20La%20La%20Puruándiro,"https://www.google.com/maps/search/?api=1&query=20.08828708,-101.51862405"
De Rosi Boutique,Puruándiro,+52 43 8383 2945,ND,https://wa.me/524383832945,https://www.facebook.com/search/pages/?q=De%20Rosi%20Boutique%20Puruándiro,"https://www.google.com/maps/search/?api=1&query=20.088029,-101.5144707"
Fashion Rios,Puruándiro,+52 43 8107 5537,ND,https://wa.me/524381075537,https://www.facebook.com/search/pages/?q=Fashion%20Rios%20Puruándiro,"https://www.google.com/maps/search/?api=1&query=20.08657481,-101.51456861"
Genesis Boutique,Puruándiro,+52 43 8107 5139,ND,https://wa.me/524381075139,https://www.facebook.com/search/pages/?q=Genesis%20Boutique%20Puruándiro,"https://www.google.com/maps/search/?api=1&query=20.08627716,-101.51509935"
Mens Fashion,Puruándiro,+52 43 6115 0242,ND,https://wa.me/524361150242,https://www.facebook.com/search/pages/?q=Mens%20Fashion%20Puruándiro,"https://www.google.com/maps/search/?api=1&query=20.0880915,-101.51278032"
Moda Fision,Puruándiro,+52 43 8111 8820,ND,https://wa.me/524381118820,https://www.facebook.com/search/pages/?q=Moda%20Fision%20Puruándiro,"https://www.google.com/maps/search/?api=1&query=20.09395999,-101.51561049"
Sorella Boutique,Puruándiro,+52 44 3934 1413,ND,https://wa.me/524439341413,https://www.facebook.com/search/pages/?q=Sorella%20Boutique%20Puruándiro,"https://www.google.com/maps/search/?api=1&query=20.08807585,-101.51261788"
Tienda De Ropa Jeimy Boutique,Puruándiro,+52 43 8118 9693,ND,https://wa.me/524381189693,https://www.facebook.com/search/pages/?q=Tienda%20De%20Ropa%20Jeimy%20Boutique%20Puruándiro,"https://www.google.com/maps/search/?api=1&query=20.0868202,-101.51459009"
Venta De Ropa Vaquera Frontera Cero7Iete,Puruándiro,+52 43 8113 4139,ND,https://wa.me/524381134139,https://www.facebook.com/search/pages/?q=Venta%20De%20Ropa%20Vaquera%20Frontera%20Cero7Iete%20Puruándiro,"https://www.google.com/maps/search/?api=1&query=20.08943336,-101.52424155"
Margaritas Shope,Queréndaro,+52 44 3189 4884,ND,https://wa.me/524431894884,https://www.facebook.com/search/pages/?q=Margaritas%20Shope%20Queréndaro,"https://www.google.com/maps/search/?api=1&query=19.80982566,-100.89302615"
Palet Boutique,Quiroga,+52 43 4188 3616,paletquiroga@gmail.com,https://wa.me/524341883616,https://WWW.PALET.MX/,"https://www.google.com/maps/search/?api=1&query=19.6642865,-101.52253424"
Boutique Dayane,Quiroga,+52 44 3406 1213,ND,https://wa.me/524434061213,https://www.facebook.com/search/pages/?q=Boutique%20Dayane%20Quiroga,"https://www.google.com/maps/search/?api=1&query=19.66244933,-101.52585938"
Boutique El Primo,Sahuayo,+52 35 3563 6902,ND,https://wa.me/523535636902,https://WWW.BOUTIQUEELPROMOSAHIAYO.COM/,"https://www.google.com/maps/search/?api=1&query=20.05527148,-102.72133222"
D Katia Boutique,Sahuayo,+52 35 3100 0517,ND,https://wa.me/523531000517,https://WWW.DKATIABOUTIQUE.COM/,"https://www.google.com/maps/search/?api=1&query=20.05162991,-102.72138126"
Punto A Boutique,Sahuayo,+52 35 3531 7027,karlaandreagomez@hotmail.com,https://wa.me/523535317027,https://www.facebook.com/search/pages/?q=Punto%20A%20Boutique%20Sahuayo,"https://www.google.com/maps/search/?api=1&query=20.0572257,-102.71865573"
Ac Boutique,Sahuayo,+52 35 3127 7492,ND,https://wa.me/523531277492,https://www.facebook.com/search/pages/?q=Ac%20Boutique%20Sahuayo,"https://www.google.com/maps/search/?api=1&query=20.06371835,-102.71833505"
Alison Jeans,Sahuayo,+52 35 3100 8194,ND,https://wa.me/523531008194,https://www.facebook.com/search/pages/?q=Alison%20Jeans%20Sahuayo,"https://www.google.com/maps/search/?api=1&query=20.05747291,-102.72188078"
Ana Garza Boutique Men,Sahuayo,+52 35 3110 3797,ND,https://wa.me/523531103797,https://www.facebook.com/search/pages/?q=Ana%20Garza%20Boutique%20Men%20Sahuayo,"https://www.google.com/maps/search/?api=1&query=20.05526898,-102.72158165"
Angeles Boutique,Sahuayo,+52 35 3101 6736,ND,https://wa.me/523531016736,https://www.facebook.com/search/pages/?q=Angeles%20Boutique%20Sahuayo,"https://www.google.com/maps/search/?api=1&query=20.05809834,-102.72124161"
Blanca Boutique,Sahuayo,+52 35 3536 7873,ND,https://wa.me/523535367873,https://www.facebook.com/search/pages/?q=Blanca%20Boutique%20Sahuayo,"https://www.google.com/maps/search/?api=1&query=20.05762304,-102.71738046"
Blue King Boutique,Sahuayo,+52 35 3532 2699,ND,https://wa.me/523535322699,https://www.facebook.com/search/pages/?q=Blue%20King%20Boutique%20Sahuayo,"https://www.google.com/maps/search/?api=1&query=20.05739927,-102.72031639"
Boutique,Sahuayo,+52 35 3120 8571,ND,https://wa.me/523531208571,https://www.facebook.com/search/pages/?q=Boutique%20Sahuayo,"https://www.google.com/maps/search/?api=1&query=20.05563003,-102.71093328"
Boutique Alina,Sahuayo,+52 35 3105 2578,ND,https://wa.me/523531052578,https://www.facebook.com/search/pages/?q=Boutique%20Alina%20Sahuayo,"https://www.google.com/maps/search/?api=1&query=20.06461523,-102.71684907"
Boutique Axxes,Sahuayo,+52 35 3115 7522,ND,https://wa.me/523531157522,https://www.facebook.com/search/pages/?q=Boutique%20Axxes%20Sahuayo,"https://www.google.com/maps/search/?api=1&query=20.0566198,-102.71862004"
Boutique Barbie,Sahuayo,+52 35 3100 8842,ND,https://wa.me/523531008842,https://www.facebook.com/search/pages/?q=Boutique%20Barbie%20Sahuayo,"https://www.google.com/maps/search/?api=1&query=20.06041784,-102.72070547"
Boutique Be Brave,Sahuayo,+52 33 2389 4509,ND,https://wa.me/523323894509,https://www.facebook.com/search/pages/?q=Boutique%20Be%20Brave%20Sahuayo,"https://www.google.com/maps/search/?api=1&query=20.05849577,-102.72073968"
Boutique Bjr,Sahuayo,+52 24 5109 1842,ND,https://wa.me/522451091842,https://www.facebook.com/search/pages/?q=Boutique%20Bjr%20Sahuayo,"https://www.google.com/maps/search/?api=1&query=20.06084818,-102.72363438"
Boutique Ceci,Sahuayo,+52 35 3108 6400,ND,https://wa.me/523531086400,https://www.facebook.com/search/pages/?q=Boutique%20Ceci%20Sahuayo,"https://www.google.com/maps/search/?api=1&query=20.05395542,-102.71836993"
Boutique Euforia 1507,Sahuayo,+52 35 3109 3637,ND,https://wa.me/523531093637,https://www.facebook.com/search/pages/?q=Boutique%20Euforia%201507%20Sahuayo,"https://www.google.com/maps/search/?api=1&query=20.05119934,-102.72158248"
Boutique Farrah,Sahuayo,+52 35 3124 4020,ND,https://wa.me/523531244020,https://www.facebook.com/search/pages/?q=Boutique%20Farrah%20Sahuayo,"https://www.google.com/maps/search/?api=1&query=20.05528333,-102.71835797"
Boutique Fashion Style,Sahuayo,+52 35 3108 1414,ND,https://wa.me/523531081414,https://www.facebook.com/search/pages/?q=Boutique%20Fashion%20Style%20Sahuayo,"https://www.google.com/maps/search/?api=1&query=20.05887771,-102.71829056"
Boutique Gomez,Sahuayo,+52 35 3124 1394,ND,https://wa.me/523531241394,https://www.facebook.com/search/pages/?q=Boutique%20Gomez%20Sahuayo,"https://www.google.com/maps/search/?api=1&query=20.06717365,-102.72036634"
Boutique Lizeth,Sahuayo,+52 35 3572 5174,ND,https://wa.me/523535725174,https://www.facebook.com/search/pages/?q=Boutique%20Lizeth%20Sahuayo,"https://www.google.com/maps/search/?api=1&query=20.05687626,-102.72193541"
Boutique Lupita,Sahuayo,+52 35 3205 9137,ND,https://wa.me/523532059137,https://www.facebook.com/search/pages/?q=Boutique%20Lupita%20Sahuayo,"https://www.google.com/maps/search/?api=1&query=20.06883937,-102.71120071"
Boutique M&W,Sahuayo,+52 35 3132 7645,ND,https://wa.me/523531327645,https://www.facebook.com/search/pages/?q=Boutique%20M%26W%20Sahuayo,"https://www.google.com/maps/search/?api=1&query=20.05666041,-102.71965564"
Boutique Mg,Sahuayo,+52 35 3144 4408,ND,https://wa.me/523531444408,https://www.facebook.com/search/pages/?q=Boutique%20Mg%20Sahuayo,"https://www.google.com/maps/search/?api=1&query=20.05137518,-102.72143374"
Boutique Mia,Sahuayo,+52 35 3108 9044,ND,https://wa.me/523531089044,https://www.facebook.com/search/pages/?q=Boutique%20Mia%20Sahuayo,"https://www.google.com/maps/search/?api=1&query=20.05736814,-102.7197698"
Boutique Moda Paulet,Sahuayo,+52 35 3101 0880,ND,https://wa.me/523531010880,https://www.facebook.com/search/pages/?q=Boutique%20Moda%20Paulet%20Sahuayo,"https://www.google.com/maps/search/?api=1&query=20.061545,-102.72198968"
Boutique Molet,Sahuayo,+52 35 3963 1273,ND,https://wa.me/523539631273,https://www.facebook.com/search/pages/?q=Boutique%20Molet%20Sahuayo,"https://www.google.com/maps/search/?api=1&query=20.05871495,-102.71845988"
Boutique Mr,Sahuayo,+52 35 3168 5801,ND,https://wa.me/523531685801,https://www.facebook.com/search/pages/?q=Boutique%20Mr%20Sahuayo,"https://www.google.com/maps/search/?api=1&query=20.05807432,-102.71913064"
Boutique Praga,Sahuayo,+52 35 3172 8344,ND,https://wa.me/523531728344,https://www.facebook.com/search/pages/?q=Boutique%20Praga%20Sahuayo,"https://www.google.com/maps/search/?api=1&query=20.05732395,-102.72060396"
Boutique Ropa Y Novdades Marta,Sahuayo,+52 35 3531 7404,ND,https://wa.me/523535317404,https://www.facebook.com/search/pages/?q=Boutique%20Ropa%20Y%20Novdades%20Marta%20Sahuayo,"https://www.google.com/maps/search/?api=1&query=20.06262036,-102.7227091"
Boutique Shein,Sahuayo,+52 35 3115 6076,ND,https://wa.me/523531156076,https://www.facebook.com/search/pages/?q=Boutique%20Shein%20Sahuayo,"https://www.google.com/maps/search/?api=1&query=20.05566632,-102.71138506"
Boutique Tendencia,Sahuayo,+52 33 3392 1174,ND,https://wa.me/523333921174,https://www.facebook.com/search/pages/?q=Boutique%20Tendencia%20Sahuayo,"https://www.google.com/maps/search/?api=1&query=20.05723354,-102.71880928"
Boutique Tu Estilo,Sahuayo,+52 35 3139 9497,ND,https://wa.me/523531399497,https://www.facebook.com/search/pages/?q=Boutique%20Tu%20Estilo%20Sahuayo,"https://www.google.com/maps/search/?api=1&query=20.05534827,-102.71786899"
Boutique Zofi,Sahuayo,+52 35 3100 5787,ND,https://wa.me/523531005787,https://www.facebook.com/search/pages/?q=Boutique%20Zofi%20Sahuayo,"https://www.google.com/maps/search/?api=1&query=20.05863341,-102.71846183"
Bubba Boutique,Sahuayo,+52 35 3147 7754,ND,https://wa.me/523531477754,https://www.facebook.com/search/pages/?q=Bubba%20Boutique%20Sahuayo,"https://www.google.com/maps/search/?api=1&query=20.05844091,-102.7227628"
Buona Boutique,Sahuayo,+52 35 3125 6911,ND,https://wa.me/523531256911,https://www.facebook.com/search/pages/?q=Buona%20Boutique%20Sahuayo,"https://www.google.com/maps/search/?api=1&query=20.05815274,-102.7226236"
Clovek Boutique,Sahuayo,+52 35 3107 0297,ND,https://wa.me/523531070297,https://www.facebook.com/search/pages/?q=Clovek%20Boutique%20Sahuayo,"https://www.google.com/maps/search/?api=1&query=20.05611476,-102.7219288"
Coko Fashion,Sahuayo,+52 35 3536 3666,ND,https://wa.me/523535363666,https://www.facebook.com/search/pages/?q=Coko%20Fashion%20Sahuayo,"https://www.google.com/maps/search/?api=1&query=20.05588338,-102.72609436"
Conceptos Boutique,Sahuayo,+52 35 3148 3510,ND,https://wa.me/523531483510,https://www.facebook.com/search/pages/?q=Conceptos%20Boutique%20Sahuayo,"https://www.google.com/maps/search/?api=1&query=20.05725338,-102.72079527"
Dgo Sneaker Shop,Sahuayo,+52 35 3132 6008,ND,https://wa.me/523531326008,https://www.facebook.com/search/pages/?q=Dgo%20Sneaker%20Shop%20Sahuayo,"https://www.google.com/maps/search/?api=1&query=20.05587196,-102.72522808"
Elegant Lc Boutique,Sahuayo,+52 35 3107 4702,ND,https://wa.me/523531074702,https://www.facebook.com/search/pages/?q=Elegant%20Lc%20Boutique%20Sahuayo,"https://www.google.com/maps/search/?api=1&query=20.05709144,-102.71858567"
Glorias Boutique,Sahuayo,+52 35 4545 9811,ND,https://wa.me/523545459811,https://www.facebook.com/search/pages/?q=Glorias%20Boutique%20Sahuayo,"https://www.google.com/maps/search/?api=1&query=20.05527264,-102.72195583"
Hispana Boutique,Sahuayo,+52 31 4353 5056,ND,https://wa.me/523143535056,https://www.facebook.com/search/pages/?q=Hispana%20Boutique%20Sahuayo,"https://www.google.com/maps/search/?api=1&query=20.05722905,-102.71872323"
Klosett Boutique,Sahuayo,+52 35 3102 5993,ND,https://wa.me/523531025993,https://www.facebook.com/search/pages/?q=Klosett%20Boutique%20Sahuayo,"https://www.google.com/maps/search/?api=1&query=20.05691451,-102.71960115"
Lg Moda Unisex,Sahuayo,+52 35 3125 6686,ND,https://wa.me/523531256686,https://www.facebook.com/search/pages/?q=Lg%20Moda%20Unisex%20Sahuayo,"https://www.google.com/maps/search/?api=1&query=20.06646283,-102.72214927"
Lucila Boutique,Sahuayo,+52 35 3127 3699,ND,https://wa.me/523531273699,https://www.facebook.com/search/pages/?q=Lucila%20Boutique%20Sahuayo,"https://www.google.com/maps/search/?api=1&query=20.05747246,-102.72187119"
Mariana Boutique,Sahuayo,+52 35 3109 8739,ND,https://wa.me/523531098739,https://www.facebook.com/search/pages/?q=Mariana%20Boutique%20Sahuayo,"https://www.google.com/maps/search/?api=1&query=20.06205786,-102.72279257"
Mc Boutique,Sahuayo,+52 35 3963 6717,ND,https://wa.me/523539636717,https://www.facebook.com/search/pages/?q=Mc%20Boutique%20Sahuayo,"https://www.google.com/maps/search/?api=1&query=20.05601305,-102.72426181"
Merida Boutique,Sahuayo,+52 35 3145 3811,ND,https://wa.me/523531453811,https://www.facebook.com/search/pages/?q=Merida%20Boutique%20Sahuayo,"https://www.google.com/maps/search/?api=1&query=20.04252648,-102.71394428"
Oh Lala Boutique,Sahuayo,+52 35 3123 3275,ND,https://wa.me/523531233275,https://www.facebook.com/search/pages/?q=Oh%20Lala%20Boutique%20Sahuayo,"https://www.google.com/maps/search/?api=1&query=20.05815876,-102.7222399"
Ohana Boutique,Sahuayo,+52 35 3206 9853,ND,https://wa.me/523532069853,https://www.facebook.com/search/pages/?q=Ohana%20Boutique%20Sahuayo,"https://www.google.com/maps/search/?api=1&query=20.05927138,-102.71966365"
Punto Moda Boutique,Sahuayo,+52 35 3128 0957,ND,https://wa.me/523531280957,https://www.facebook.com/search/pages/?q=Punto%20Moda%20Boutique%20Sahuayo,"https://www.google.com/maps/search/?api=1&query=20.05768484,-102.71968262"
Salvatore Boutique,Sahuayo,+52 35 3539 6206,ND,https://wa.me/523535396206,https://www.facebook.com/search/pages/?q=Salvatore%20Boutique%20Sahuayo,"https://www.google.com/maps/search/?api=1&query=20.0572703,-102.71825312"
Savi Boutique,Sahuayo,+52 35 3126 2368,ND,https://wa.me/523531262368,https://www.facebook.com/search/pages/?q=Savi%20Boutique%20Sahuayo,"https://www.google.com/maps/search/?api=1&query=20.06001245,-102.72206926"
Sexi Store,Sahuayo,+52 35 3563 5334,ND,https://wa.me/523535635334,https://www.facebook.com/search/pages/?q=Sexi%20Store%20Sahuayo,"https://www.google.com/maps/search/?api=1&query=20.05527822,-102.71961483"
Shine Boutique,Sahuayo,+52 44 3470 3107,ND,https://wa.me/524434703107,https://www.facebook.com/search/pages/?q=Shine%20Boutique%20Sahuayo,"https://www.google.com/maps/search/?api=1&query=20.03768569,-102.72204405"
Shopping,Sahuayo,+52 35 1313 4764,ND,https://wa.me/523513134764,https://www.facebook.com/search/pages/?q=Shopping%20Sahuayo,"https://www.google.com/maps/search/?api=1&query=20.05473923,-102.71753322"
Tania Boutique,Sahuayo,+52 35 3109 0480,ND,https://wa.me/523531090480,https://www.facebook.com/search/pages/?q=Tania%20Boutique%20Sahuayo,"https://www.google.com/maps/search/?api=1&query=20.05577272,-102.7175733"
Urbania Boutique,Sahuayo,+52 35 3127 6556,ND,https://wa.me/523531276556,https://www.facebook.com/search/pages/?q=Urbania%20Boutique%20Sahuayo,"https://www.google.com/maps/search/?api=1&query=20.05817561,-102.72673001"
Ximenas Boutique,Sahuayo,+52 35 3532 0360,ND,https://wa.me/523535320360,https://www.facebook.com/search/pages/?q=Ximenas%20Boutique%20Sahuayo,"https://www.google.com/maps/search/?api=1&query=20.06074348,-102.72276535"
Boutique Miriam S,Salvador Escalante,+52 43 4121 7669,ND,https://wa.me/524341217669,https://www.facebook.com/search/pages/?q=Boutique%20Miriam%20S%20Salvador%20Escalante,"https://www.google.com/maps/search/?api=1&query=19.40724314,-101.63670381"
Boutique Yl,Salvador Escalante,+52 44 3839 8163,ND,https://wa.me/524438398163,https://www.facebook.com/search/pages/?q=Boutique%20Yl%20Salvador%20Escalante,"https://www.google.com/maps/search/?api=1&query=19.40846109,-101.63685625"
Centro Pantalonero De Santa Clara,Salvador Escalante,+52 43 4121 5455,ND,https://wa.me/524341215455,https://www.facebook.com/search/pages/?q=Centro%20Pantalonero%20De%20Santa%20Clara%20Salvador%20Escalante,"https://www.google.com/maps/search/?api=1&query=19.40541792,-101.64093814"
Crytal Boutique,Salvador Escalante,+52 43 4170 0798,ND,https://wa.me/524341700798,https://www.facebook.com/search/pages/?q=Crytal%20Boutique%20Salvador%20Escalante,"https://www.google.com/maps/search/?api=1&query=19.40556553,-101.64023206"
El Vaquero Ropa Y Accesorios,Salvador Escalante,+52 43 4104 9892,ND,https://wa.me/524341049892,https://www.facebook.com/search/pages/?q=El%20Vaquero%20Ropa%20Y%20Accesorios%20Salvador%20Escalante,"https://www.google.com/maps/search/?api=1&query=19.40701394,-101.63829812"
Orgullo Ranchero,Salvador Escalante,+52 44 3355 5854,ND,https://wa.me/524433555854,https://www.facebook.com/search/pages/?q=Orgullo%20Ranchero%20Salvador%20Escalante,"https://www.google.com/maps/search/?api=1&query=19.40615697,-101.64192046"
Ropa Y Accesorios Karen Shop,Salvador Escalante,+52 43 4100 6026,ND,https://wa.me/524341006026,https://www.facebook.com/search/pages/?q=Ropa%20Y%20Accesorios%20Karen%20Shop%20Salvador%20Escalante,"https://www.google.com/maps/search/?api=1&query=19.40620465,-101.64172765"
Yumi Shop,Salvador Escalante,+52 45 9133 0357,ND,https://wa.me/524591330357,https://www.facebook.com/search/pages/?q=Yumi%20Shop%20Salvador%20Escalante,"https://www.google.com/maps/search/?api=1&query=19.40589122,-101.63256986"
Boutique Ara,San Lucas,+52 76 7115 3534,ND,https://wa.me/527671153534,https://www.facebook.com/search/pages/?q=Boutique%20Ara%20San%20Lucas,"https://www.google.com/maps/search/?api=1&query=18.37033407,-100.66697599"
Boutique Closet De Kendra,San Lucas,+52 76 7120 8969,ND,https://wa.me/527671208969,https://www.facebook.com/search/pages/?q=Boutique%20Closet%20De%20Kendra%20San%20Lucas,"https://www.google.com/maps/search/?api=1&query=18.36845785,-100.66612525"
Boutique Dianita,San Lucas,+52 43 5103 2016,ND,https://wa.me/524351032016,https://www.facebook.com/search/pages/?q=Boutique%20Dianita%20San%20Lucas,"https://www.google.com/maps/search/?api=1&query=18.59115529,-100.78445387"
Boutique Las Princesas,Santa Ana Maya,+52 44 3157 4190,ND,https://wa.me/524431574190,https://www.facebook.com/search/pages/?q=Boutique%20Las%20Princesas%20Santa%20Ana%20Maya,"https://www.google.com/maps/search/?api=1&query=20.00591107,-101.0219741"
Moda Alex,Santa Ana Maya,+52 44 5141 0990,ND,https://wa.me/524451410990,https://www.facebook.com/search/pages/?q=Moda%20Alex%20Santa%20Ana%20Maya,"https://www.google.com/maps/search/?api=1&query=20.00526752,-101.02272887"
Boutique Victoria,Senguio,+52 44 3781 1626,ND,https://wa.me/524437811626,https://www.facebook.com/search/pages/?q=Boutique%20Victoria%20Senguio,"https://www.google.com/maps/search/?api=1&query=19.73287214,-100.3514812"
P Y D Boutique,Senguio,+52 44 3117 5559,ND,https://wa.me/524431175559,https://www.facebook.com/search/pages/?q=P%20Y%20D%20Boutique%20Senguio,"https://www.google.com/maps/search/?api=1&query=19.73626159,-100.35592385"
Ropa Y Merceria Doña Macri,Susupuato,+52 78 6181 3173,ND,https://wa.me/527861813173,https://www.facebook.com/search/pages/?q=Ropa%20Y%20Merceria%20Doña%20Macri%20Susupuato,"https://www.google.com/maps/search/?api=1&query=19.21516183,-100.4081994"
Danilo S Moda Actual,Tacámbaro,+52 45 9596 2123,ND,https://wa.me/524595962123,https://www.facebook.com/search/pages/?q=Danilo%20S%20Moda%20Actual%20Tacámbaro,"https://www.google.com/maps/search/?api=1&query=19.23559244,-101.45992642"
Fashion Today,Tacámbaro,+52 45 0100 7869,ND,https://wa.me/524501007869,https://www.facebook.com/search/pages/?q=Fashion%20Today%20Tacámbaro,"https://www.google.com/maps/search/?api=1&query=19.23550934,-101.46078561"
Furor Jeans Tienda De Ropa Para Caballero,Tacámbaro,+52 45 9596 1365,ND,https://wa.me/524595961365,https://www.facebook.com/search/pages/?q=Furor%20Jeans%20Tienda%20De%20Ropa%20Para%20Caballero%20Tacámbaro,"https://www.google.com/maps/search/?api=1&query=19.23567501,-101.45629369"
Moda Inn,Tacámbaro,+52 45 9596 1442,ND,https://wa.me/524595961442,https://www.facebook.com/search/pages/?q=Moda%20Inn%20Tacámbaro,"https://www.google.com/maps/search/?api=1&query=19.23542607,-101.46065221"
Tienda De Ropa Cassboutique,Tacámbaro,+52 45 9115 6526,ND,https://wa.me/524591156526,https://www.facebook.com/search/pages/?q=Tienda%20De%20Ropa%20Cassboutique%20Tacámbaro,"https://www.google.com/maps/search/?api=1&query=19.23701593,-101.45458116"
Tienda De Ropa Esmeralda Boutique,Tacámbaro,+52 45 9127 2276,ND,https://wa.me/524591272276,https://www.facebook.com/search/pages/?q=Tienda%20De%20Ropa%20Esmeralda%20Boutique%20Tacámbaro,"https://www.google.com/maps/search/?api=1&query=19.23670805,-101.45802796"
Tienda De Ropa Estafany Cruz Boutique,Tacámbaro,+52 45 9119 5740,ND,https://wa.me/524591195740,https://www.facebook.com/search/pages/?q=Tienda%20De%20Ropa%20Estafany%20Cruz%20Boutique%20Tacámbaro,"https://www.google.com/maps/search/?api=1&query=19.23694802,-101.45936728"
Tienda De Ropa Merys Fashion Boutique,Tacámbaro,+52 45 9115 8273,ND,https://wa.me/524591158273,https://www.facebook.com/search/pages/?q=Tienda%20De%20Ropa%20Merys%20Fashion%20Boutique%20Tacámbaro,"https://www.google.com/maps/search/?api=1&query=19.23437735,-101.45765176"
Tienda De Ropa Mie Moda Y Estilo,Tacámbaro,+52 45 9107 8275,ND,https://wa.me/524591078275,https://www.facebook.com/search/pages/?q=Tienda%20De%20Ropa%20Mie%20Moda%20Y%20Estilo%20Tacámbaro,"https://www.google.com/maps/search/?api=1&query=19.23418657,-101.45894056"
Tienda De Ropa Shein Shop,Tacámbaro,+52 45 9123 5407,ND,https://wa.me/524591235407,https://www.facebook.com/search/pages/?q=Tienda%20De%20Ropa%20Shein%20Shop%20Tacámbaro,"https://www.google.com/maps/search/?api=1&query=19.23785828,-101.45808381"
Tienda De Ropa Trendy Fashion Shop,Tacámbaro,+52 45 9108 1273,ND,https://wa.me/524591081273,https://www.facebook.com/search/pages/?q=Tienda%20De%20Ropa%20Trendy%20Fashion%20Shop%20Tacámbaro,"https://www.google.com/maps/search/?api=1&query=19.23604411,-101.45989595"
Venta De Ropa Mn Store,Tacámbaro,+52 45 9114 4460,ND,https://wa.me/524591144460,https://www.facebook.com/search/pages/?q=Venta%20De%20Ropa%20Mn%20Store%20Tacámbaro,"https://www.google.com/maps/search/?api=1&query=19.22424854,-101.44945184"
Boutique Guzman,Tancítaro,+52 42 5139 4287,ND,https://wa.me/524251394287,https://www.facebook.com/search/pages/?q=Boutique%20Guzman%20Tancítaro,"https://www.google.com/maps/search/?api=1&query=19.33570305,-102.3627187"
Boutique Guzman,Tancítaro,+52 42 5139 4208,ND,https://wa.me/524251394208,https://www.facebook.com/search/pages/?q=Boutique%20Guzman%20Tancítaro,"https://www.google.com/maps/search/?api=1&query=19.3357606,-102.36254372"
Boutique La Guera,Tancítaro,+52 45 2180 7851,ND,https://wa.me/524521807851,https://www.facebook.com/search/pages/?q=Boutique%20La%20Guera%20Tancítaro,"https://www.google.com/maps/search/?api=1&query=19.33915147,-102.36349765"
Boutique Levis,Tancítaro,+52 45 2100 9601,ND,https://wa.me/524521009601,https://www.facebook.com/search/pages/?q=Boutique%20Levis%20Tancítaro,"https://www.google.com/maps/search/?api=1&query=19.33805194,-102.36145226"
Boutique Nyc,Tancítaro,+52 42 5105 2264,ND,https://wa.me/524251052264,https://www.facebook.com/search/pages/?q=Boutique%20Nyc%20Tancítaro,"https://www.google.com/maps/search/?api=1&query=19.33727585,-102.36032167"
Boutique Sherida,Tancítaro,+52 45 2149 2374,ND,https://wa.me/524521492374,https://www.facebook.com/search/pages/?q=Boutique%20Sherida%20Tancítaro,"https://www.google.com/maps/search/?api=1&query=19.33925179,-102.36142678"
Boutique Yuga,Tancítaro,+52 42 5121 4192,ND,https://wa.me/524251214192,https://www.facebook.com/search/pages/?q=Boutique%20Yuga%20Tancítaro,"https://www.google.com/maps/search/?api=1&query=19.33805148,-102.36148088"
My Shop American,Tancítaro,+52 45 2443 9397,ND,https://wa.me/524524439397,https://www.facebook.com/search/pages/?q=My%20Shop%20American%20Tancítaro,"https://www.google.com/maps/search/?api=1&query=19.33669637,-102.36020599"
Sagari Boutique,Tancítaro,+52 45 2183 9598,ND,https://wa.me/524521839598,https://www.facebook.com/search/pages/?q=Sagari%20Boutique%20Tancítaro,"https://www.google.com/maps/search/?api=1&query=19.33290289,-102.36278762"
Tendencias Y Moda Ana,Tancítaro,+52 42 5132 8909,ND,https://wa.me/524251328909,https://www.facebook.com/search/pages/?q=Tendencias%20Y%20Moda%20Ana%20Tancítaro,"https://www.google.com/maps/search/?api=1&query=19.33894255,-102.36421912"
Tank Store,Tangamandapio,+52 35 1223 7529,ND,https://wa.me/523512237529,https://www.facebook.com/search/pages/?q=Tank%20Store%20Tangamandapio,"https://www.google.com/maps/search/?api=1&query=19.95369175,-102.43359187"
Boutique,Tangancícuaro,+52 33 2336 0244,ND,https://wa.me/523323360244,https://www.facebook.com/search/pages/?q=Boutique%20Tangancícuaro,"https://www.google.com/maps/search/?api=1&query=19.80425681,-102.29111032"
Boutique Lupita,Tangancícuaro,+52 33 1338 9288,ND,https://wa.me/523313389288,https://www.facebook.com/search/pages/?q=Boutique%20Lupita%20Tangancícuaro,"https://www.google.com/maps/search/?api=1&query=19.80587237,-102.29295107"
Boutique Mary Samano,Tangancícuaro,+52 35 1104 6848,ND,https://wa.me/523511046848,https://www.facebook.com/search/pages/?q=Boutique%20Mary%20Samano%20Tangancícuaro,"https://www.google.com/maps/search/?api=1&query=19.88618858,-102.20419252"
Natt Boutique,Tangancícuaro,+52 35 1115 4750,ND,https://wa.me/523511154750,https://www.facebook.com/search/pages/?q=Natt%20Boutique%20Tangancícuaro,"https://www.google.com/maps/search/?api=1&query=19.88672678,-102.20862761"
Moda Pink Tienda De Ropa Y Accesorios,Tanhuato,+52 35 2161 0768,ND,https://wa.me/523521610768,https://www.facebook.com/search/pages/?q=Moda%20Pink%20Tienda%20De%20Ropa%20Y%20Accesorios%20Tanhuato,"https://www.google.com/maps/search/?api=1&query=20.28951998,-102.3307699"
Pretty And Sexy Boutique,Tanhuato,+52 35 2103 1920,ND,https://wa.me/523521031920,https://www.facebook.com/search/pages/?q=Pretty%20And%20Sexy%20Boutique%20Tanhuato,"https://www.google.com/maps/search/?api=1&query=20.28521211,-102.3268471"
Boutique Diva,Taretan,+52 45 2209 6550,ND,https://wa.me/524522096550,https://www.facebook.com/search/pages/?q=Boutique%20Diva%20Taretan,"https://www.google.com/maps/search/?api=1&query=19.33452368,-101.91857632"
El Mundo De La Moda,Taretan,+52 42 5105 4867,ND,https://wa.me/524251054867,https://www.facebook.com/search/pages/?q=El%20Mundo%20De%20La%20Moda%20Taretan,"https://www.google.com/maps/search/?api=1&query=19.33177561,-101.91827439"
Tienda De Ropa Ivonneshop,Taretan,+52 45 2443 5557,ND,https://wa.me/524524435557,https://www.facebook.com/search/pages/?q=Tienda%20De%20Ropa%20Ivonneshop%20Taretan,"https://www.google.com/maps/search/?api=1&query=19.33461082,-101.91920076"
Boutique Anali,Tarímbaro,+52 44 3377 2097,ND,https://wa.me/524433772097,https://www.facebook.com/search/pages/?q=Boutique%20Anali%20Tarímbaro,"https://www.google.com/maps/search/?api=1&query=19.76298104,-101.19908363"
Boutique La Mona De Seda Store,Tarímbaro,+52 44 3489 6009,ND,https://wa.me/524434896009,https://www.facebook.com/search/pages/?q=Boutique%20La%20Mona%20De%20Seda%20Store%20Tarímbaro,"https://www.google.com/maps/search/?api=1&query=19.78447195,-101.13647679"
Elah Shop,Tarímbaro,+52 44 3133 7558,ND,https://wa.me/524431337558,https://www.facebook.com/search/pages/?q=Elah%20Shop%20Tarímbaro,"https://www.google.com/maps/search/?api=1&query=19.75168834,-101.19357034"
Venta De Ropa Boutique Maria Bonita,Tarímbaro,+52 44 3227 3263,ND,https://wa.me/524432273263,https://www.facebook.com/search/pages/?q=Venta%20De%20Ropa%20Boutique%20Maria%20Bonita%20Tarímbaro,"https://www.google.com/maps/search/?api=1&query=19.83692127,-101.09699443"
Boutique De Ropa Bellaroma,Tepalcatepec,+52 45 3150 6448,ND,https://wa.me/524531506448,https://www.facebook.com/search/pages/?q=Boutique%20De%20Ropa%20Bellaroma%20Tepalcatepec,"https://www.google.com/maps/search/?api=1&query=19.19047755,-102.84523676"
Boutique De Ropa Modas Chayo,Tepalcatepec,+52 45 3155 0030,ND,https://wa.me/524531550030,https://www.facebook.com/search/pages/?q=Boutique%20De%20Ropa%20Modas%20Chayo%20Tepalcatepec,"https://www.google.com/maps/search/?api=1&query=19.19071315,-102.84561951"
Ls Luxury Shopping,Tepalcatepec,+52 45 3132 5363,ND,https://wa.me/524531325363,https://www.facebook.com/search/pages/?q=Ls%20Luxury%20Shopping%20Tepalcatepec,"https://www.google.com/maps/search/?api=1&query=19.19058279,-102.84501757"
Mens Boutique,Tepalcatepec,+52 45 3153 3576,ND,https://wa.me/524531533576,https://www.facebook.com/search/pages/?q=Mens%20Boutique%20Tepalcatepec,"https://www.google.com/maps/search/?api=1&query=19.19024983,-102.84778998"
The Little Boutique,Tepalcatepec,+52 45 3132 4361,ND,https://wa.me/524531324361,https://www.facebook.com/search/pages/?q=The%20Little%20Boutique%20Tepalcatepec,"https://www.google.com/maps/search/?api=1&query=19.18966844,-102.84553995"
Boutique Paulina,Tingambato,+52 45 2341 5916,ND,https://wa.me/524523415916,https://www.facebook.com/search/pages/?q=Boutique%20Paulina%20Tingambato,"https://www.google.com/maps/search/?api=1&query=19.50187721,-101.85434212"
Boutique Lizeth Z,Tingüindín,+52 35 4125 0451,ND,https://wa.me/523541250451,https://www.facebook.com/search/pages/?q=Boutique%20Lizeth%20Z%20Tingüindín,"https://www.google.com/maps/search/?api=1&query=19.73955575,-102.48278186"
Tienda De Ropa Mery Closet,Tingüindín,+52 33 1916 4038,ND,https://wa.me/523319164038,https://www.facebook.com/search/pages/?q=Tienda%20De%20Ropa%20Mery%20Closet%20Tingüindín,"https://www.google.com/maps/search/?api=1&query=19.73834153,-102.48369731"
Boutique Nely Vs,Tiquicheo de Nicolás Romero,+52 45 9103 1999,ND,https://wa.me/524591031999,https://WWW.FACEBOOK.COMNATURACOSMETICOSYPER.COM/,"https://www.google.com/maps/search/?api=1&query=18.90124865,-100.73733776"
Boutique Alo,Tiquicheo de Nicolás Romero,+52 44 3438 0915,ND,https://wa.me/524434380915,https://www.facebook.com/search/pages/?q=Boutique%20Alo%20Tiquicheo%20de%20Nicolás%20Romero,"https://www.google.com/maps/search/?api=1&query=18.90223735,-100.73674434"
Tienda De Ropa Candy Boutique,Tiquicheo de Nicolás Romero,+52 45 9105 2981,ND,https://wa.me/524591052981,https://www.facebook.com/search/pages/?q=Tienda%20De%20Ropa%20Candy%20Boutique%20Tiquicheo%20de%20Nicolás%20Romero,"https://www.google.com/maps/search/?api=1&query=18.90078848,-100.73021178"
Star Girls Boutique,Tlalpujahua,+52 44 7167 6461,ND,https://wa.me/524471676461,https://www.facebook.com/search/pages/?q=Star%20Girls%20Boutique%20Tlalpujahua,"https://www.google.com/maps/search/?api=1&query=19.80466479,-100.17226222"
Esquina De La Moda,Tlazazalca,+52 43 6104 7983,ND,https://wa.me/524361047983,https://www.facebook.com/search/pages/?q=Esquina%20De%20La%20Moda%20Tlazazalca,"https://www.google.com/maps/search/?api=1&query=19.97165278,-102.05568839"
Tienda De Ropa Laga Boutique,Tlazazalca,+52 43 6120 3269,ND,https://wa.me/524361203269,https://www.facebook.com/search/pages/?q=Tienda%20De%20Ropa%20Laga%20Boutique%20Tlazazalca,"https://www.google.com/maps/search/?api=1&query=19.97263162,-102.05625832"
Tiendita Manzo,Tocumbo,+52 35 4115 7599,ND,https://wa.me/523541157599,https://www.facebook.com/search/pages/?q=Tiendita%20Manzo%20Tocumbo,"https://www.google.com/maps/search/?api=1&query=19.64307682,-102.4928306"
Tienda De Ropa,Tocumbo,+52 35 4117 0068,ND,https://wa.me/523541170068,https://www.facebook.com/search/pages/?q=Tienda%20De%20Ropa%20Tocumbo,"https://www.google.com/maps/search/?api=1&query=19.64095386,-102.49126426"
Venta De Ropa,Tumbiscatío,+52 45 2504 8323,ND,https://wa.me/524525048323,https://www.facebook.com/search/pages/?q=Venta%20De%20Ropa%20Tumbiscatío,"https://www.google.com/maps/search/?api=1&query=18.5251488,-102.37694949"
Alexa Moda Y Accesorios,Turicato,+52 45 9107 7099,ND,https://wa.me/524591077099,https://www.facebook.com/search/pages/?q=Alexa%20Moda%20Y%20Accesorios%20Turicato,"https://www.google.com/maps/search/?api=1&query=19.09564809,-101.52210859"
Tienda De Ropa Fashion Butique Lilis,Turicato,+52 45 9113 3422,ND,https://wa.me/524591133422,https://www.facebook.com/search/pages/?q=Tienda%20De%20Ropa%20Fashion%20Butique%20Lilis%20Turicato,"https://www.google.com/maps/search/?api=1&query=19.09669416,-101.52411676"
Boutique Mia,Tuxpan,+52 78 6143 0001,ND,https://wa.me/527861430001,https://WWW.BOUTIQUEMIA.COM/,"https://www.google.com/maps/search/?api=1&query=19.57028406,-100.46691017"
Boutique Luna,Tuxpan,+52 78 6118 6366,ND,https://wa.me/527861186366,https://www.facebook.com/search/pages/?q=Boutique%20Luna%20Tuxpan,"https://www.google.com/maps/search/?api=1&query=19.56518835,-100.46516284"
Boutique Mirame,Tuxpan,+52 78 6125 6713,ND,https://wa.me/527861256713,https://www.facebook.com/search/pages/?q=Boutique%20Mirame%20Tuxpan,"https://www.google.com/maps/search/?api=1&query=19.56759862,-100.46317115"
Boutiques Amanda,Tuxpan,+52 78 6262 6731,ND,https://wa.me/527862626731,https://www.facebook.com/search/pages/?q=Boutiques%20Amanda%20Tuxpan,"https://www.google.com/maps/search/?api=1&query=19.56895881,-100.46348432"
Men Fashion,Tuxpan,+52 78 6141 0323,ND,https://wa.me/527861410323,https://www.facebook.com/search/pages/?q=Men%20Fashion%20Tuxpan,"https://www.google.com/maps/search/?api=1&query=19.56835815,-100.46362013"
Modas Sabina,Tuxpan,+52 78 6155 1452,ND,https://wa.me/527861551452,https://www.facebook.com/search/pages/?q=Modas%20Sabina%20Tuxpan,"https://www.google.com/maps/search/?api=1&query=19.56820199,-100.46321953"
Tienda De Ropa Men Fashion,Tuxpan,+52 78 6143 2187,ND,https://wa.me/527861432187,https://www.facebook.com/search/pages/?q=Tienda%20De%20Ropa%20Men%20Fashion%20Tuxpan,"https://www.google.com/maps/search/?api=1&query=19.56634257,-100.46354719"
Tienda De Ropa Telefashion Colete,Tuxpan,+52 64 9188 3233,ND,https://wa.me/526491883233,https://www.facebook.com/search/pages/?q=Tienda%20De%20Ropa%20Telefashion%20Colete%20Tuxpan,"https://www.google.com/maps/search/?api=1&query=19.56582843,-100.46316046"
Boutique Abimael Trejo,Tuzantla,+52 55 2333 7153,ND,https://wa.me/525523337153,https://www.facebook.com/search/pages/?q=Boutique%20Abimael%20Trejo%20Tuzantla,"https://www.google.com/maps/search/?api=1&query=19.20618556,-100.57701256"
Boutique Elegancia,Tuzantla,+52 71 5254 8182,ND,https://wa.me/527152548182,https://www.facebook.com/search/pages/?q=Boutique%20Elegancia%20Tuzantla,"https://www.google.com/maps/search/?api=1&query=19.20666503,-100.57297478"
Boutique Mi Angel,Tuzantla,+52 78 6104 8865,ND,https://wa.me/527861048865,https://www.facebook.com/search/pages/?q=Boutique%20Mi%20Angel%20Tuzantla,"https://www.google.com/maps/search/?api=1&query=19.20626434,-100.57673531"
Sofias Fashion Boutique,Tzintzuntzan,+52 44 3431 4657,ND,https://wa.me/524434314657,https://www.facebook.com/search/pages/?q=Sofias%20Fashion%20Boutique%20Tzintzuntzan,"https://www.google.com/maps/search/?api=1&query=19.62854487,-101.57621673"
Tienda De Ropa Para Toda La Familiar,Tzitzio,ND,ND,ND,https://www.facebook.com/search/pages/?q=Tienda%20De%20Ropa%20Para%20Toda%20La%20Familiar%20Tzitzio,"https://www.google.com/maps/search/?api=1&query=19.58451291,-100.92568542"
Boutique Bananas Mens,Uruapan,+52 44 3118 1169,bananamensmorelia@gmail.com,https://wa.me/524431181169,https://WWW.BANANAMENS.COM/,"https://www.google.com/maps/search/?api=1&query=19.40406426,-102.05453516"
Boutique Estilos,Uruapan,+52 45 2526 1587,estilosboutiqueupn@outlook.com,https://wa.me/524525261587,https://www.facebook.com/search/pages/?q=Boutique%20Estilos%20Uruapan,"https://www.google.com/maps/search/?api=1&query=19.41239901,-102.05643072"
Boutique Faishel,Uruapan,+52 44 3357 0528,grisyf2578@gmail.com,https://wa.me/524433570528,https://www.facebook.com/search/pages/?q=Boutique%20Faishel%20Uruapan,"https://www.google.com/maps/search/?api=1&query=19.40017798,-102.05606467"
Boutique La Cigueña Moda En Maternidad,Uruapan,+52 45 2523 7953,gpcendejas@gmail.com,https://wa.me/524525237953,https://www.facebook.com/search/pages/?q=Boutique%20La%20Cigueña%20Moda%20En%20Maternidad%20Uruapan,"https://www.google.com/maps/search/?api=1&query=19.41600447,-102.06196961"
Boutique La Patrona,Uruapan,+52 45 2525 1262,lapatronaboutique@outlook.com,https://wa.me/524525251262,https://www.facebook.com/search/pages/?q=Boutique%20La%20Patrona%20Uruapan,"https://www.google.com/maps/search/?api=1&query=19.4150813,-102.05170066"
Boutique Mandra,Uruapan,+52 45 2525 6415,gloriamedina.1960@hotmail.com,https://wa.me/524525256415,https://www.facebook.com/search/pages/?q=Boutique%20Mandra%20Uruapan,"https://www.google.com/maps/search/?api=1&query=19.41356745,-102.05434894"
Boutique Pretty Woman,Uruapan,+52 45 2135 5654,jakiee3107@gmail.com,https://wa.me/524521355654,https://www.facebook.com/search/pages/?q=Boutique%20Pretty%20Woman%20Uruapan,"https://www.google.com/maps/search/?api=1&query=19.41225426,-102.05750223"
Boutique Tete,Uruapan,+52 45 2114 1279,tetepime@outlook.es,https://wa.me/524521141279,https://www.facebook.com/search/pages/?q=Boutique%20Tete%20Uruapan,"https://www.google.com/maps/search/?api=1&query=19.4109931,-102.0553829"
Boutique Yonce Fashion,Uruapan,+52 45 2196 9813,yamilramirez.mel@hotmail.com,https://wa.me/524521969813,https://www.facebook.com/search/pages/?q=Boutique%20Yonce%20Fashion%20Uruapan,"https://www.google.com/maps/search/?api=1&query=19.41220775,-102.05751713"
Glam Boutique,Uruapan,+52 45 2150 7946,npiedra87@hotmail.com,https://wa.me/524521507946,https://www.facebook.com/search/pages/?q=Glam%20Boutique%20Uruapan,"https://www.google.com/maps/search/?api=1&query=19.40190628,-102.0576254"
Isla Jeans,Uruapan,+52 45 2203 3335,islajeansjean@gmail.com,https://wa.me/524522033335,https://www.facebook.com/search/pages/?q=Isla%20Jeans%20Uruapan,"https://www.google.com/maps/search/?api=1&query=19.41848446,-102.06350927"
Karu Boutique,Uruapan,+52 44 3273 0877,karu.chicboutique@gmail.com,https://wa.me/524432730877,https://www.facebook.com/search/pages/?q=Karu%20Boutique%20Uruapan,"https://www.google.com/maps/search/?api=1&query=19.41816099,-102.05582061"
Levis Store,Uruapan,+52 45 2524 8067,larizza_levisupn@yahoo.com,https://wa.me/524525248067,https://www.facebook.com/search/pages/?q=Levis%20Store%20Uruapan,"https://www.google.com/maps/search/?api=1&query=19.42087418,-102.06371128"
Marcel Boutique,Uruapan,+52 45 2236 9455,marcel.clothes@gmail.com,https://wa.me/524522369455,https://www.facebook.com/search/pages/?q=Marcel%20Boutique%20Uruapan,"https://www.google.com/maps/search/?api=1&query=19.40202584,-102.05549047"
Mia Vita Boutique,Uruapan,+52 45 2195 2705,sandyleo86@hotmail.com,https://wa.me/524521952705,https://www.facebook.com/search/pages/?q=Mia%20Vita%20Boutique%20Uruapan,"https://www.google.com/maps/search/?api=1&query=19.40213381,-102.05545894"
Tienda De Ropa Te Lo Vendo Boutique,Uruapan,+52 45 2593 9183,ND,https://wa.me/524525939183,https://WWW.TELOVENDOBOUTIQUE.COM/,"https://www.google.com/maps/search/?api=1&query=19.41811708,-102.05118226"
Adilene Boutique,Uruapan,+52 45 2503 0431,ND,https://wa.me/524525030431,https://www.facebook.com/search/pages/?q=Adilene%20Boutique%20Uruapan,"https://www.google.com/maps/search/?api=1&query=19.40824626,-102.022667"
Adys Boutique,Uruapan,+52 45 2117 0074,ND,https://wa.me/524521170074,https://www.facebook.com/search/pages/?q=Adys%20Boutique%20Uruapan,"https://www.google.com/maps/search/?api=1&query=19.41905562,-102.03668713"
Alevin Boutique,Uruapan,+52 45 2524 5989,ND,https://wa.me/524525245989,https://www.facebook.com/search/pages/?q=Alevin%20Boutique%20Uruapan,"https://www.google.com/maps/search/?api=1&query=19.41376689,-102.0545209"
Bo Boutique,Uruapan,+52 45 2128 0759,ND,https://wa.me/524521280759,https://www.facebook.com/search/pages/?q=Bo%20Boutique%20Uruapan,"https://www.google.com/maps/search/?api=1&query=19.41712046,-102.05615019"
Bonita Boutique,Uruapan,+52 45 2182 5364,ND,https://wa.me/524521825364,https://www.facebook.com/search/pages/?q=Bonita%20Boutique%20Uruapan,"https://www.google.com/maps/search/?api=1&query=19.40855147,-102.01353985"
Boutique,Uruapan,+52 45 2258 6398,ND,https://wa.me/524522586398,https://www.facebook.com/search/pages/?q=Boutique%20Uruapan,"https://www.google.com/maps/search/?api=1&query=19.4432016,-102.00400754"
Boutique,Uruapan,+52 45 2339 4598,ND,https://wa.me/524523394598,https://www.facebook.com/search/pages/?q=Boutique%20Uruapan,"https://www.google.com/maps/search/?api=1&query=19.39644297,-102.02140024"
Boutique .M,Uruapan,+52 45 2154 0818,ND,https://wa.me/524521540818,https://www.facebook.com/search/pages/?q=Boutique%20.M%20Uruapan,"https://www.google.com/maps/search/?api=1&query=19.42453595,-102.066293"
Boutique Adriana,Uruapan,+52 45 2165 2370,ND,https://wa.me/524521652370,https://www.facebook.com/search/pages/?q=Boutique%20Adriana%20Uruapan,"https://www.google.com/maps/search/?api=1&query=19.4025079,-102.02740137"
Boutique Caret,Uruapan,+52 45 2111 1475,ND,https://wa.me/524521111475,https://www.facebook.com/search/pages/?q=Boutique%20Caret%20Uruapan,"https://www.google.com/maps/search/?api=1&query=19.41068017,-102.04798686"
Boutique Clau,Uruapan,+52 45 2114 7797,ND,https://wa.me/524521147797,https://www.facebook.com/search/pages/?q=Boutique%20Clau%20Uruapan,"https://www.google.com/maps/search/?api=1&query=19.42806817,-102.05980898"
Boutique Coco Chic,Uruapan,+52 45 2480 7235,ND,https://wa.me/524524807235,https://www.facebook.com/search/pages/?q=Boutique%20Coco%20Chic%20Uruapan,"https://www.google.com/maps/search/?api=1&query=19.42855541,-102.00561584"
Boutique D Paulys,Uruapan,+52 45 2525 8413,ND,https://wa.me/524525258413,https://www.facebook.com/search/pages/?q=Boutique%20D%20Paulys%20Uruapan,"https://www.google.com/maps/search/?api=1&query=19.40986377,-102.01926011"
Boutique De Ropa Para Dama,Uruapan,+52 45 2133 2357,ND,https://wa.me/524521332357,https://www.facebook.com/search/pages/?q=Boutique%20De%20Ropa%20Para%20Dama%20Uruapan,"https://www.google.com/maps/search/?api=1&query=19.40926224,-102.01884687"
Boutique Dresser,Uruapan,+52 45 2528 2450,ND,https://wa.me/524525282450,https://www.facebook.com/search/pages/?q=Boutique%20Dresser%20Uruapan,"https://www.google.com/maps/search/?api=1&query=19.42433775,-102.03663132"
Boutique Elvis,Uruapan,+52 45 2181 4984,ND,https://wa.me/524521814984,https://www.facebook.com/search/pages/?q=Boutique%20Elvis%20Uruapan,"https://www.google.com/maps/search/?api=1&query=19.40023514,-102.06968639"
Boutique Fany,Uruapan,+52 45 2203 2030,ND,https://wa.me/524522032030,https://www.facebook.com/search/pages/?q=Boutique%20Fany%20Uruapan,"https://www.google.com/maps/search/?api=1&query=19.44371131,-102.00463611"
Boutique Fashion Pink,Uruapan,+52 45 2128 1042,ND,https://wa.me/524521281042,https://www.facebook.com/search/pages/?q=Boutique%20Fashion%20Pink%20Uruapan,"https://www.google.com/maps/search/?api=1&query=19.38066186,-102.05976486"
Boutique Fashion Shop,Uruapan,+52 45 2203 4223,ND,https://wa.me/524522034223,https://www.facebook.com/search/pages/?q=Boutique%20Fashion%20Shop%20Uruapan,"https://www.google.com/maps/search/?api=1&query=19.42003423,-102.03667866"
Boutique Frida,Uruapan,+52 45 2120 2836,ND,https://wa.me/524521202836,https://www.facebook.com/search/pages/?q=Boutique%20Frida%20Uruapan,"https://www.google.com/maps/search/?api=1&query=19.4077964,-102.04814138"
Boutique Gaby,Uruapan,+52 45 2140 1707,ND,https://wa.me/524521401707,https://www.facebook.com/search/pages/?q=Boutique%20Gaby%20Uruapan,"https://www.google.com/maps/search/?api=1&query=19.41276101,-102.03944522"
Boutique Glenda,Uruapan,+52 45 2211 8697,ND,https://wa.me/524522118697,https://www.facebook.com/search/pages/?q=Boutique%20Glenda%20Uruapan,"https://www.google.com/maps/search/?api=1&query=19.41791657,-102.05580207"
Boutique Happy,Uruapan,+52 45 2195 7502,ND,https://wa.me/524521957502,https://www.facebook.com/search/pages/?q=Boutique%20Happy%20Uruapan,"https://www.google.com/maps/search/?api=1&query=19.41071262,-102.05814645"
Boutique Ja,Uruapan,+52 45 2121 3703,ND,https://wa.me/524521213703,https://www.facebook.com/search/pages/?q=Boutique%20Ja%20Uruapan,"https://www.google.com/maps/search/?api=1&query=19.40375194,-102.06659449"
Boutique Jaybe,Uruapan,+52 45 2524 2679,ND,https://wa.me/524525242679,https://www.facebook.com/search/pages/?q=Boutique%20Jaybe%20Uruapan,"https://www.google.com/maps/search/?api=1&query=19.42244962,-102.0688206"
Boutique La Cuerva,Uruapan,+52 45 2170 2961,ND,https://wa.me/524521702961,https://www.facebook.com/search/pages/?q=Boutique%20La%20Cuerva%20Uruapan,"https://www.google.com/maps/search/?api=1&query=19.40846888,-102.07323094"
Boutique M A,Uruapan,+52 45 2281 3958,ND,https://wa.me/524522813958,https://www.facebook.com/search/pages/?q=Boutique%20M%20A%20Uruapan,"https://www.google.com/maps/search/?api=1&query=19.54669835,-102.22069249"
Boutique Men,Uruapan,+52 45 2144 5510,ND,https://wa.me/524521445510,https://www.facebook.com/search/pages/?q=Boutique%20Men%20Uruapan,"https://www.google.com/maps/search/?api=1&query=19.41087246,-102.04265228"
Boutique Mg Gugu,Uruapan,+52 45 2132 1233,ND,https://wa.me/524521321233,https://www.facebook.com/search/pages/?q=Boutique%20Mg%20Gugu%20Uruapan,"https://www.google.com/maps/search/?api=1&query=19.41834238,-102.05576397"
Boutique Ohana,Uruapan,+52 45 2104 7010,ND,https://wa.me/524521047010,https://www.facebook.com/search/pages/?q=Boutique%20Ohana%20Uruapan,"https://www.google.com/maps/search/?api=1&query=19.39109957,-102.05730173"
Boutique Regina,Uruapan,+52 45 2203 1820,ND,https://wa.me/524522031820,https://www.facebook.com/search/pages/?q=Boutique%20Regina%20Uruapan,"https://www.google.com/maps/search/?api=1&query=19.39771424,-102.05142863"
Boutique Royal Famyly,Uruapan,+52 45 2128 6497,ND,https://wa.me/524521286497,https://www.facebook.com/search/pages/?q=Boutique%20Royal%20Famyly%20Uruapan,"https://www.google.com/maps/search/?api=1&query=19.40169918,-102.05131843"
Boutique Tess Ropa Para Dama,Uruapan,+52 45 2524 0220,ND,https://wa.me/524525240220,https://www.facebook.com/search/pages/?q=Boutique%20Tess%20Ropa%20Para%20Dama%20Uruapan,"https://www.google.com/maps/search/?api=1&query=19.41640303,-102.05626806"
Boutique Tokyo,Uruapan,+52 45 2523 3474,ND,https://wa.me/524525233474,https://www.facebook.com/search/pages/?q=Boutique%20Tokyo%20Uruapan,"https://www.google.com/maps/search/?api=1&query=19.41370075,-102.06506542"
Boutique Valentinas,Uruapan,+52 45 2229 3614,ND,https://wa.me/524522293614,https://www.facebook.com/search/pages/?q=Boutique%20Valentinas%20Uruapan,"https://www.google.com/maps/search/?api=1&query=19.42763398,-102.06296362"
Boutique Yamilet,Uruapan,+52 45 2283 9385,ND,https://wa.me/524522839385,https://www.facebook.com/search/pages/?q=Boutique%20Yamilet%20Uruapan,"https://www.google.com/maps/search/?api=1&query=19.52763,-102.11219152"
Boutique Yareli,Uruapan,+52 45 2154 7614,ND,https://wa.me/524521547614,https://www.facebook.com/search/pages/?q=Boutique%20Yareli%20Uruapan,"https://www.google.com/maps/search/?api=1&query=19.39122781,-102.05374905"
Boutique Yuri,Uruapan,+52 45 2158 0107,ND,https://wa.me/524521580107,https://www.facebook.com/search/pages/?q=Boutique%20Yuri%20Uruapan,"https://www.google.com/maps/search/?api=1&query=19.40837478,-102.019959"
California Fashion Boutique,Uruapan,+52 45 2307 3696,ND,https://wa.me/524523073696,https://www.facebook.com/search/pages/?q=California%20Fashion%20Boutique%20Uruapan,"https://www.google.com/maps/search/?api=1&query=19.41535296,-102.05348127"
Cayetana Boutique,Uruapan,+52 45 2157 2092,ND,https://wa.me/524521572092,https://www.facebook.com/search/pages/?q=Cayetana%20Boutique%20Uruapan,"https://www.google.com/maps/search/?api=1&query=19.41652133,-102.05623171"
Cimarron Jeans Ropa Para Caballero,Uruapan,+52 45 2519 1813,ND,https://wa.me/524525191813,https://www.facebook.com/search/pages/?q=Cimarron%20Jeans%20Ropa%20Para%20Caballero%20Uruapan,"https://www.google.com/maps/search/?api=1&query=19.42174652,-102.06419131"
Closet Femenino,Uruapan,+52 45 2122 2882,ND,https://wa.me/524521222882,https://www.facebook.com/search/pages/?q=Closet%20Femenino%20Uruapan,"https://www.google.com/maps/search/?api=1&query=19.41886588,-102.06000269"
Criss Boutique,Uruapan,+52 45 2142 4501,ND,https://wa.me/524521424501,https://www.facebook.com/search/pages/?q=Criss%20Boutique%20Uruapan,"https://www.google.com/maps/search/?api=1&query=19.3920522,-102.05369101"
Dg Store,Uruapan,+52 45 2101 0770,ND,https://wa.me/524521010770,https://www.facebook.com/search/pages/?q=Dg%20Store%20Uruapan,"https://www.google.com/maps/search/?api=1&query=19.40502427,-102.04862726"
Dm Store,Uruapan,+52 45 2149 7710,ND,https://wa.me/524521497710,https://www.facebook.com/search/pages/?q=Dm%20Store%20Uruapan,"https://www.google.com/maps/search/?api=1&query=19.41518217,-102.05359839"
Fashion Shop,Uruapan,+52 44 3735 4284,ND,https://wa.me/524437354284,https://www.facebook.com/search/pages/?q=Fashion%20Shop%20Uruapan,"https://www.google.com/maps/search/?api=1&query=19.4202238,-102.03647378"
Gloss Boutique,Uruapan,+52 45 2521 4132,ND,https://wa.me/524525214132,https://www.facebook.com/search/pages/?q=Gloss%20Boutique%20Uruapan,"https://www.google.com/maps/search/?api=1&query=19.40819172,-102.04148364"
Gloss Boutique De Ropa,Uruapan,+52 45 2500 7576,ND,https://wa.me/524525007576,https://www.facebook.com/search/pages/?q=Gloss%20Boutique%20De%20Ropa%20Uruapan,"https://www.google.com/maps/search/?api=1&query=19.42129318,-102.06893635"
Golden Boutique,Uruapan,+52 45 2520 7356,ND,https://wa.me/524525207356,https://www.facebook.com/search/pages/?q=Golden%20Boutique%20Uruapan,"https://www.google.com/maps/search/?api=1&query=19.41448888,-102.04025898"
Human Store,Uruapan,+52 45 2284 9883,ND,https://wa.me/524522849883,https://www.facebook.com/search/pages/?q=Human%20Store%20Uruapan,"https://www.google.com/maps/search/?api=1&query=19.42166813,-102.05463285"
Imperial Shop,Uruapan,+52 45 2526 5017,ND,https://wa.me/524525265017,https://www.facebook.com/search/pages/?q=Imperial%20Shop%20Uruapan,"https://www.google.com/maps/search/?api=1&query=19.41626037,-102.03780453"
Kiss Boutique Uruapan,Uruapan,+52 45 2200 8327,ND,https://wa.me/524522008327,https://www.facebook.com/search/pages/?q=Kiss%20Boutique%20Uruapan%20Uruapan,"https://www.google.com/maps/search/?api=1&query=19.41697457,-102.05619451"
Mahalo Boutique,Uruapan,+52 45 2182 2352,ND,https://wa.me/524521822352,https://www.facebook.com/search/pages/?q=Mahalo%20Boutique%20Uruapan,"https://www.google.com/maps/search/?api=1&query=19.42407559,-102.05553833"
Mateo Store,Uruapan,+52 45 2112 9613,ND,https://wa.me/524521129613,https://www.facebook.com/search/pages/?q=Mateo%20Store%20Uruapan,"https://www.google.com/maps/search/?api=1&query=19.41756949,-102.06268637"
Mi Boutique,Uruapan,+52 45 2443 4740,ND,https://wa.me/524524434740,https://www.facebook.com/search/pages/?q=Mi%20Boutique%20Uruapan,"https://www.google.com/maps/search/?api=1&query=19.41519308,-102.0529102"
Mia Shop Boutique,Uruapan,+52 45 2217 1586,ND,https://wa.me/524522171586,https://www.facebook.com/search/pages/?q=Mia%20Shop%20Boutique%20Uruapan,"https://www.google.com/maps/search/?api=1&query=19.4069488,-102.05549424"
Moda Alison,Uruapan,+52 45 2269 0469,ND,https://wa.me/524522690469,https://www.facebook.com/search/pages/?q=Moda%20Alison%20Uruapan,"https://www.google.com/maps/search/?api=1&query=19.42429334,-102.0605425"
Moda Y Tentacion,Uruapan,+52 45 2102 2566,ND,https://wa.me/524521022566,https://www.facebook.com/search/pages/?q=Moda%20Y%20Tentacion%20Uruapan,"https://www.google.com/maps/search/?api=1&query=19.41880986,-102.03887353"
Niembas Boutique,Uruapan,+52 45 2520 4541,ND,https://wa.me/524525204541,https://www.facebook.com/search/pages/?q=Niembas%20Boutique%20Uruapan,"https://www.google.com/maps/search/?api=1&query=19.39462357,-102.02117308"
Paraiso Dorado Boutique,Uruapan,+52 45 2101 4646,ND,https://wa.me/524521014646,https://www.facebook.com/search/pages/?q=Paraiso%20Dorado%20Boutique%20Uruapan,"https://www.google.com/maps/search/?api=1&query=19.42023014,-102.06522934"
Pereira Y Moda Boutique,Uruapan,+52 45 2145 4083,ND,https://wa.me/524521454083,https://www.facebook.com/search/pages/?q=Pereira%20Y%20Moda%20Boutique%20Uruapan,"https://www.google.com/maps/search/?api=1&query=19.41627823,-102.05333993"
Raices Rosas Boutique,Uruapan,+52 45 2153 0300,ND,https://wa.me/524521530300,https://www.facebook.com/search/pages/?q=Raices%20Rosas%20Boutique%20Uruapan,"https://www.google.com/maps/search/?api=1&query=19.40668797,-102.05555088"
Rebelliouz Boutique,Uruapan,+52 45 2517 9502,ND,https://wa.me/524525179502,https://www.facebook.com/search/pages/?q=Rebelliouz%20Boutique%20Uruapan,"https://www.google.com/maps/search/?api=1&query=19.41748602,-102.05567023"
Regina Boutique,Uruapan,+52 45 2217 6797,ND,https://wa.me/524522176797,https://www.facebook.com/search/pages/?q=Regina%20Boutique%20Uruapan,"https://www.google.com/maps/search/?api=1&query=19.41778156,-102.05593907"
Ropa Para Dama Moda Y Estilo Valeria,Uruapan,+52 45 2165 4284,ND,https://wa.me/524521654284,https://www.facebook.com/search/pages/?q=Ropa%20Para%20Dama%20Moda%20Y%20Estilo%20Valeria%20Uruapan,"https://www.google.com/maps/search/?api=1&query=19.40851175,-102.07329947"
Ropa Para Dama Zantina Boutique,Uruapan,+52 45 2303 7800,ND,https://wa.me/524523037800,https://www.facebook.com/search/pages/?q=Ropa%20Para%20Dama%20Zantina%20Boutique%20Uruapan,"https://www.google.com/maps/search/?api=1&query=19.41767973,-102.05635686"
Rose Fit Boutique De Ropa,Uruapan,+52 45 2545 7561,ND,https://wa.me/524525457561,https://www.facebook.com/search/pages/?q=Rose%20Fit%20Boutique%20De%20Ropa%20Uruapan,"https://www.google.com/maps/search/?api=1&query=19.39751746,-102.05444035"
Secreto Boutique,Uruapan,+52 45 2122 0792,ND,https://wa.me/524521220792,https://www.facebook.com/search/pages/?q=Secreto%20Boutique%20Uruapan,"https://www.google.com/maps/search/?api=1&query=19.41955885,-102.04772612"
Sennaya Fashion Store,Uruapan,+52 45 2305 5559,ND,https://wa.me/524523055559,https://www.facebook.com/search/pages/?q=Sennaya%20Fashion%20Store%20Uruapan,"https://www.google.com/maps/search/?api=1&query=19.41743898,-102.05549888"
Sol Boutique,Uruapan,+52 45 2443 1043,ND,https://wa.me/524524431043,https://www.facebook.com/search/pages/?q=Sol%20Boutique%20Uruapan,"https://www.google.com/maps/search/?api=1&query=19.40538017,-102.02584544"
Spectrum Store,Uruapan,+52 45 2545 7011,ND,https://wa.me/524525457011,https://www.facebook.com/search/pages/?q=Spectrum%20Store%20Uruapan,"https://www.google.com/maps/search/?api=1&query=19.42719299,-102.06066977"
Tienda De Ropa 562 Store,Uruapan,+52 45 2157 3897,ND,https://wa.me/524521573897,https://www.facebook.com/search/pages/?q=Tienda%20De%20Ropa%20562%20Store%20Uruapan,"https://www.google.com/maps/search/?api=1&query=19.42618151,-102.05510649"
Tienda De Ropa Glamour Boutique,Uruapan,+52 45 2505 4264,ND,https://wa.me/524525054264,https://www.facebook.com/search/pages/?q=Tienda%20De%20Ropa%20Glamour%20Boutique%20Uruapan,"https://www.google.com/maps/search/?api=1&query=19.42208983,-102.06752087"
Tienda De Ropa Golden Store,Uruapan,+52 33 3442 5245,ND,https://wa.me/523334425245,https://www.facebook.com/search/pages/?q=Tienda%20De%20Ropa%20Golden%20Store%20Uruapan,"https://www.google.com/maps/search/?api=1&query=19.40396037,-102.05435646"
Tienda De Ropa Imperial Shop,Uruapan,+52 45 2287 1671,ND,https://wa.me/524522871671,https://www.facebook.com/search/pages/?q=Tienda%20De%20Ropa%20Imperial%20Shop%20Uruapan,"https://www.google.com/maps/search/?api=1&query=19.40838254,-102.04992798"
Tienda De Ropa Naomi Boutique,Uruapan,+52 45 2103 9580,ND,https://wa.me/524521039580,https://www.facebook.com/search/pages/?q=Tienda%20De%20Ropa%20Naomi%20Boutique%20Uruapan,"https://www.google.com/maps/search/?api=1&query=19.54632368,-102.22610623"
Tienda De Ropa Para Caballero Stilo Boutique,Uruapan,+52 45 2143 9782,ND,https://wa.me/524521439782,https://www.facebook.com/search/pages/?q=Tienda%20De%20Ropa%20Para%20Caballero%20Stilo%20Boutique%20Uruapan,"https://www.google.com/maps/search/?api=1&query=19.42210672,-102.06757857"
Tienda De Ropa Samantha Shop,Uruapan,+52 45 2480 8401,ND,https://wa.me/524524808401,https://www.facebook.com/search/pages/?q=Tienda%20De%20Ropa%20Samantha%20Shop%20Uruapan,"https://www.google.com/maps/search/?api=1&query=19.40813415,-102.04964907"
Tienda Ropa Boutique Ohanna,Uruapan,+52 45 2105 6108,ND,https://wa.me/524521056108,https://www.facebook.com/search/pages/?q=Tienda%20Ropa%20Boutique%20Ohanna%20Uruapan,"https://www.google.com/maps/search/?api=1&query=19.39872065,-102.0511262"
Trasnational Shop,Uruapan,+52 45 2149 7144,ND,https://wa.me/524521497144,https://www.facebook.com/search/pages/?q=Trasnational%20Shop%20Uruapan,"https://www.google.com/maps/search/?api=1&query=19.42160123,-102.06488821"
Vanessa Boutique,Uruapan,+52 45 2130 5119,ND,https://wa.me/524521305119,https://www.facebook.com/search/pages/?q=Vanessa%20Boutique%20Uruapan,"https://www.google.com/maps/search/?api=1&query=19.4042655,-102.06392912"
Venta De Ropa Boutique De Soled,Uruapan,+52 45 2108 9735,ND,https://wa.me/524521089735,https://www.facebook.com/search/pages/?q=Venta%20De%20Ropa%20Boutique%20De%20Soled%20Uruapan,"https://www.google.com/maps/search/?api=1&query=19.4062792,-102.04409473"
Via Ross Boutique,Uruapan,+52 45 2150 5496,ND,https://wa.me/524521505496,https://www.facebook.com/search/pages/?q=Via%20Ross%20Boutique%20Uruapan,"https://www.google.com/maps/search/?api=1&query=19.42087628,-102.0363693"
Zandra Boutique,Uruapan,+52 45 2122 4298,ND,https://wa.me/524521224298,https://www.facebook.com/search/pages/?q=Zandra%20Boutique%20Uruapan,"https://www.google.com/maps/search/?api=1&query=19.42020129,-102.05411646"
Zumara Boutique,Uruapan,+52 45 2200 1250,ND,https://wa.me/524522001250,https://www.facebook.com/search/pages/?q=Zumara%20Boutique%20Uruapan,"https://www.google.com/maps/search/?api=1&query=19.41551494,-102.05662015"
Boutique Br,Venustiano Carranza,+52 35 3173 0621,ND,https://wa.me/523531730621,https://www.facebook.com/search/pages/?q=Boutique%20Br%20Venustiano%20Carranza,"https://www.google.com/maps/search/?api=1&query=20.11309319,-102.65231666"
Boutique Glamour,Venustiano Carranza,+52 35 3572 1820,ND,https://wa.me/523535721820,https://www.facebook.com/search/pages/?q=Boutique%20Glamour%20Venustiano%20Carranza,"https://www.google.com/maps/search/?api=1&query=20.11663532,-102.65312475"
Boutique Palmira,Venustiano Carranza,+52 35 3247 7410,ND,https://wa.me/523532477410,https://www.facebook.com/search/pages/?q=Boutique%20Palmira%20Venustiano%20Carranza,"https://www.google.com/maps/search/?api=1&query=20.14970746,-102.75949005"
Boutique San Pedro,Venustiano Carranza,+52 35 3140 5941,ND,https://wa.me/523531405941,https://www.facebook.com/search/pages/?q=Boutique%20San%20Pedro%20Venustiano%20Carranza,"https://www.google.com/maps/search/?api=1&query=20.11619767,-102.653132"
Doras Boutique,Venustiano Carranza,+52 35 3572 1463,ND,https://wa.me/523535721463,https://www.facebook.com/search/pages/?q=Doras%20Boutique%20Venustiano%20Carranza,"https://www.google.com/maps/search/?api=1&query=20.11620574,-102.65328569"
J Carlos Boutique,Venustiano Carranza,+52 35 3114 5503,ND,https://wa.me/523531145503,https://www.facebook.com/search/pages/?q=J%20Carlos%20Boutique%20Venustiano%20Carranza,"https://www.google.com/maps/search/?api=1&query=20.14921117,-102.76123591"
Moda Casual,Venustiano Carranza,+52 35 3127 5779,ND,https://wa.me/523531275779,https://www.facebook.com/search/pages/?q=Moda%20Casual%20Venustiano%20Carranza,"https://www.google.com/maps/search/?api=1&query=20.1153803,-102.65175626"
Uva Rosa Store Tienda De Ropa,Venustiano Carranza,+52 55 6116 8179,ND,https://wa.me/525561168179,https://www.facebook.com/search/pages/?q=Uva%20Rosa%20Store%20Tienda%20De%20Ropa%20Venustiano%20Carranza,"https://www.google.com/maps/search/?api=1&query=20.11649878,-102.65318711"
Vania Boutique,Venustiano Carranza,+52 35 3132 3239,ND,https://wa.me/523531323239,https://www.facebook.com/search/pages/?q=Vania%20Boutique%20Venustiano%20Carranza,"https://www.google.com/maps/search/?api=1&query=20.14930659,-102.62327058"
Glam Boutique,Villamar,+52 35 3152 2999,ND,https://wa.me/523531522999,https://www.facebook.com/search/pages/?q=Glam%20Boutique%20Villamar,"https://www.google.com/maps/search/?api=1&query=19.99299962,-102.6138964"
Samie The Flow Boutique,Villamar,+52 35 3127 5734,ND,https://wa.me/523531275734,https://www.facebook.com/search/pages/?q=Samie%20The%20Flow%20Boutique%20Villamar,"https://www.google.com/maps/search/?api=1&query=19.99580095,-102.61468095"
Boutique Cecy,Vista Hermosa,+52 39 3109 7297,ND,https://wa.me/523931097297,https://www.facebook.com/search/pages/?q=Boutique%20Cecy%20Vista%20Hermosa,"https://www.google.com/maps/search/?api=1&query=20.27667957,-102.47460564"
Impormoda Lupita,Vista Hermosa,+52 35 1125 3074,ND,https://wa.me/523511253074,https://www.facebook.com/search/pages/?q=Impormoda%20Lupita%20Vista%20Hermosa,"https://www.google.com/maps/search/?api=1&query=20.27011704,-102.47607344"
Lulu S Boutique,Vista Hermosa,+52 35 1122 2218,ND,https://wa.me/523511222218,https://www.facebook.com/search/pages/?q=Lulu%20S%20Boutique%20Vista%20Hermosa,"https://www.google.com/maps/search/?api=1&query=20.27339748,-102.4762761"
Moda Casual,Vista Hermosa,+52 39 3938 4608,ND,https://wa.me/523939384608,https://www.facebook.com/search/pages/?q=Moda%20Casual%20Vista%20Hermosa,"https://www.google.com/maps/search/?api=1&query=20.27304058,-102.47484264"
Queenns Boutique,Vista Hermosa,+52 39 3938 1650,ND,https://wa.me/523939381650,https://www.facebook.com/search/pages/?q=Queenns%20Boutique%20Vista%20Hermosa,"https://www.google.com/maps/search/?api=1&query=20.27322498,-102.47501781"
Boutique Veros,Yurécuaro,+52 35 2529 0374,ND,https://wa.me/523525290374,https://www.facebook.com/search/pages/?q=Boutique%20Veros%20Yurécuaro,"https://www.google.com/maps/search/?api=1&query=20.34113032,-102.28282647"
Tienda De Ropa Moda Y Estilo Kashe,Yurécuaro,+52 35 2100 2355,ND,https://wa.me/523521002355,https://www.facebook.com/search/pages/?q=Tienda%20De%20Ropa%20Moda%20Y%20Estilo%20Kashe%20Yurécuaro,"https://www.google.com/maps/search/?api=1&query=20.34149517,-102.28349842"
Venta De Ropa Moda Plus,Yurécuaro,+52 35 2146 7982,ND,https://wa.me/523521467982,https://www.facebook.com/search/pages/?q=Venta%20De%20Ropa%20Moda%20Plus%20Yurécuaro,"https://www.google.com/maps/search/?api=1&query=20.3425486,-102.28133346"
California Style,Zacapu,+52 43 6105 5577,ND,https://wa.me/524361055577,https://www.facebook.com/search/pages/?q=California%20Style%20Zacapu,"https://www.google.com/maps/search/?api=1&query=19.81202166,-101.79013166"
Fashion Kkiss Me,Zacapu,+52 43 6105 4368,ND,https://wa.me/524361054368,https://www.facebook.com/search/pages/?q=Fashion%20Kkiss%20Me%20Zacapu,"https://www.google.com/maps/search/?api=1&query=19.81744747,-101.78834431"
Lilias Boutique,Zacapu,+52 43 6136 4183,ND,https://wa.me/524361364183,https://www.facebook.com/search/pages/?q=Lilias%20Boutique%20Zacapu,"https://www.google.com/maps/search/?api=1&query=19.81566655,-101.7872596"
Moda De Hoy,Zacapu,+52 43 6110 4091,ND,https://wa.me/524361104091,https://www.facebook.com/search/pages/?q=Moda%20De%20Hoy%20Zacapu,"https://www.google.com/maps/search/?api=1&query=19.81761756,-101.78915176"
Romalex Spin Boutique,Zacapu,+52 43 6101 0114,ND,https://wa.me/524361010114,https://www.facebook.com/search/pages/?q=Romalex%20Spin%20Boutique%20Zacapu,"https://www.google.com/maps/search/?api=1&query=19.82104447,-101.7836887"
Shopie Shop Tienda De Ropa,Zacapu,+52 43 6101 7626,ND,https://wa.me/524361017626,https://www.facebook.com/search/pages/?q=Shopie%20Shop%20Tienda%20De%20Ropa%20Zacapu,"https://www.google.com/maps/search/?api=1&query=19.81439778,-101.78607235"
Tienda De Ropa Men S Fashion,Zacapu,+52 43 6361 6987,ND,https://wa.me/524363616987,https://www.facebook.com/search/pages/?q=Tienda%20De%20Ropa%20Men%20S%20Fashion%20Zacapu,"https://www.google.com/maps/search/?api=1&query=19.81786256,-101.79056105"
Tienda De Ropa Tanys Shoping,Zacapu,+52 43 6109 4051,ND,https://wa.me/524361094051,https://www.facebook.com/search/pages/?q=Tienda%20De%20Ropa%20Tanys%20Shoping%20Zacapu,"https://www.google.com/maps/search/?api=1&query=19.81584979,-101.79358431"
Venta De Ropa Boutique Oh Lala,Zacapu,+52 43 6126 7911,ND,https://wa.me/524361267911,https://www.facebook.com/search/pages/?q=Venta%20De%20Ropa%20Boutique%20Oh%20Lala%20Zacapu,"https://www.google.com/maps/search/?api=1&query=19.81616868,-101.78547848"
Blvck Boutique,Zamora,+52 35 1107 1110,chapou_mit@icloud.com,https://wa.me/523511071110,https://www.facebook.com/search/pages/?q=Blvck%20Boutique%20Zamora,"https://www.google.com/maps/search/?api=1&query=19.97696232,-102.28465318"
Boutique D Varon,Zamora,+52 35 1512 1389,josefina20032@hotmail.com,https://wa.me/523515121389,https://www.facebook.com/search/pages/?q=Boutique%20D%20Varon%20Zamora,"https://www.google.com/maps/search/?api=1&query=19.98566182,-102.28543516"
Hei Boutique,Zamora,+52 35 1119 5625,ventas@jannboutique.com,https://wa.me/523511195625,https://www.facebook.com/search/pages/?q=Hei%20Boutique%20Zamora,"https://www.google.com/maps/search/?api=1&query=19.97784059,-102.28739746"
Ivonne Boutique,Zamora,+52 35 1512 5844,liliagodinez@hotmail.com,https://wa.me/523515125844,https://www.facebook.com/search/pages/?q=Ivonne%20Boutique%20Zamora,"https://www.google.com/maps/search/?api=1&query=19.98533483,-102.28561671"
Tienda Kuñaos Shop,Zamora,+52 35 1156 0686,skate_adn@hotmail.com,https://wa.me/523511560686,https://www.facebook.com/search/pages/?q=Tienda%20Kuñaos%20Shop%20Zamora,"https://www.google.com/maps/search/?api=1&query=19.98834957,-102.28405214"
Bella Boutique,Zamora,+52 35 1509 3129,ND,https://wa.me/523515093129,https://www.facebook.com/search/pages/?q=Bella%20Boutique%20Zamora,"https://www.google.com/maps/search/?api=1&query=20.0084197,-102.28998572"
Boutique,Zamora,+52 35 1509 2024,ND,https://wa.me/523515092024,https://www.facebook.com/search/pages/?q=Boutique%20Zamora,"https://www.google.com/maps/search/?api=1&query=19.97305908,-102.27863382"
Boutique Vima,Zamora,+52 35 1500 4319,ND,https://wa.me/523515004319,https://www.facebook.com/search/pages/?q=Boutique%20Vima%20Zamora,"https://www.google.com/maps/search/?api=1&query=19.98709825,-102.28636174"
Coral Shop,Zamora,+52 35 1207 5986,ND,https://wa.me/523512075986,https://www.facebook.com/search/pages/?q=Coral%20Shop%20Zamora,"https://www.google.com/maps/search/?api=1&query=20.04293654,-102.29256316"
Danell Boutique,Zamora,+52 46 2785 9832,ND,https://wa.me/524627859832,https://www.facebook.com/search/pages/?q=Danell%20Boutique%20Zamora,"https://www.google.com/maps/search/?api=1&query=19.98366916,-102.29047034"
Dufai Boutique,Zamora,+52 35 1515 2460,ND,https://wa.me/523515152460,https://www.facebook.com/search/pages/?q=Dufai%20Boutique%20Zamora,"https://www.google.com/maps/search/?api=1&query=19.97326754,-102.29511218"
Elizabetha Boutique,Zamora,+52 35 1123 2878,ND,https://wa.me/523511232878,https://www.facebook.com/search/pages/?q=Elizabetha%20Boutique%20Zamora,"https://www.google.com/maps/search/?api=1&query=19.98687902,-102.28585017"
Esamayoa Boutique,Zamora,+52 35 1144 3685,ND,https://wa.me/523511443685,https://www.facebook.com/search/pages/?q=Esamayoa%20Boutique%20Zamora,"https://www.google.com/maps/search/?api=1&query=19.97335629,-102.28845207"
Fashion Moda,Zamora,+52 35 1500 2137,ND,https://wa.me/523515002137,https://www.facebook.com/search/pages/?q=Fashion%20Moda%20Zamora,"https://www.google.com/maps/search/?api=1&query=20.00424209,-102.27317995"
Jenn Boutique,Zamora,+52 35 1130 3379,ND,https://wa.me/523511303379,https://www.facebook.com/search/pages/?q=Jenn%20Boutique%20Zamora,"https://www.google.com/maps/search/?api=1&query=19.98552534,-102.28563647"
Lady Fashion,Zamora,+52 35 1160 0697,ND,https://wa.me/523511600697,https://www.facebook.com/search/pages/?q=Lady%20Fashion%20Zamora,"https://www.google.com/maps/search/?api=1&query=19.99104333,-102.29146981"
Lety Boutique,Zamora,+52 35 1101 7473,ND,https://wa.me/523511017473,https://www.facebook.com/search/pages/?q=Lety%20Boutique%20Zamora,"https://www.google.com/maps/search/?api=1&query=20.01093424,-102.29132272"
Matrioska Boutique,Zamora,+52 35 1510 7096,ND,https://wa.me/523515107096,https://www.facebook.com/search/pages/?q=Matrioska%20Boutique%20Zamora,"https://www.google.com/maps/search/?api=1&query=19.97114164,-102.28050363"
Mi Boutique,Zamora,+52 35 1127 4476,ND,https://wa.me/523511274476,https://www.facebook.com/search/pages/?q=Mi%20Boutique%20Zamora,"https://www.google.com/maps/search/?api=1&query=19.97679401,-102.28748219"
Mika Fashion Shop,Zamora,+52 35 1228 2125,ND,https://wa.me/523512282125,https://www.facebook.com/search/pages/?q=Mika%20Fashion%20Shop%20Zamora,"https://www.google.com/maps/search/?api=1&query=19.98661931,-102.28787226"
Moda Ana Vk Estilo,Zamora,+52 35 1133 8134,ND,https://wa.me/523511338134,https://www.facebook.com/search/pages/?q=Moda%20Ana%20Vk%20Estilo%20Zamora,"https://www.google.com/maps/search/?api=1&query=19.9872319,-102.28036773"
Moda Casual El Baul,Zamora,+52 35 2120 3183,ND,https://wa.me/523521203183,https://www.facebook.com/search/pages/?q=Moda%20Casual%20El%20Baul%20Zamora,"https://www.google.com/maps/search/?api=1&query=19.97729573,-102.28084795"
Moda Mariam,Zamora,+52 35 1133 3733,ND,https://wa.me/523511333733,https://www.facebook.com/search/pages/?q=Moda%20Mariam%20Zamora,"https://www.google.com/maps/search/?api=1&query=19.98471921,-102.25791557"
Outfits Boutique,Zamora,+52 35 1108 1018,ND,https://wa.me/523511081018,https://www.facebook.com/search/pages/?q=Outfits%20Boutique%20Zamora,"https://www.google.com/maps/search/?api=1&query=19.98831378,-102.28322768"
Rca Boutique,Zamora,+52 35 1191 7655,ND,https://wa.me/523511917655,https://www.facebook.com/search/pages/?q=Rca%20Boutique%20Zamora,"https://www.google.com/maps/search/?api=1&query=19.97828587,-102.28177974"
Sao Boutique,Zamora,+52 35 1515 6542,ND,https://wa.me/523515156542,https://www.facebook.com/search/pages/?q=Sao%20Boutique%20Zamora,"https://www.google.com/maps/search/?api=1&query=19.97773256,-102.27779996"
Store Mens,Zamora,+52 35 1225 3104,ND,https://wa.me/523512253104,https://www.facebook.com/search/pages/?q=Store%20Mens%20Zamora,"https://www.google.com/maps/search/?api=1&query=19.98424786,-102.2869131"
The Vain Boutique,Zamora,+52 35 1210 4171,ND,https://wa.me/523512104171,https://www.facebook.com/search/pages/?q=The%20Vain%20Boutique%20Zamora,"https://www.google.com/maps/search/?api=1&query=19.98378588,-102.2904195"
Tiempos Jeans,Zamora,+52 35 1163 0506,ND,https://wa.me/523511630506,https://www.facebook.com/search/pages/?q=Tiempos%20Jeans%20Zamora,"https://www.google.com/maps/search/?api=1&query=19.98835101,-102.28335201"
Tienda De Ropa Aries Boutique,Zamora,+52 35 1548 9321,ND,https://wa.me/523515489321,https://www.facebook.com/search/pages/?q=Tienda%20De%20Ropa%20Aries%20Boutique%20Zamora,"https://www.google.com/maps/search/?api=1&query=19.98515599,-102.28453403"
Tienda De Ropa Gelas Fashion,Zamora,+52 35 1512 5386,ND,https://wa.me/523515125386,https://www.facebook.com/search/pages/?q=Tienda%20De%20Ropa%20Gelas%20Fashion%20Zamora,"https://www.google.com/maps/search/?api=1&query=19.98628383,-102.28959212"
Tienda De Ropa Para Dama Moda Castell,Zamora,+52 35 1185 1206,ND,https://wa.me/523511851206,https://www.facebook.com/search/pages/?q=Tienda%20De%20Ropa%20Para%20Dama%20Moda%20Castell%20Zamora,"https://www.google.com/maps/search/?api=1&query=19.9785169,-102.28201767"
Venta De Ropa Moda Casual Armany,Zamora,+52 35 1148 1558,ND,https://wa.me/523511481558,https://www.facebook.com/search/pages/?q=Venta%20De%20Ropa%20Moda%20Casual%20Armany%20Zamora,"https://www.google.com/maps/search/?api=1&query=19.99136758,-102.28878641"
Zaha Boutique,Zamora,+52 35 1547 0717,ND,https://wa.me/523515470717,https://www.facebook.com/search/pages/?q=Zaha%20Boutique%20Zamora,"https://www.google.com/maps/search/?api=1&query=19.98078836,-102.29141058"
Tienda De Ropa Con Venta Por Internet Elishop,Zináparo,+52 55 1240 6578,noikale@hotmail.com,https://wa.me/525512406578,https://www.facebook.com/search/pages/?q=Tienda%20De%20Ropa%20Con%20Venta%20Por%20Internet%20Elishop%20Zináparo,"https://www.google.com/maps/search/?api=1&query=20.17441648,-101.99720571"
Tienda De Ropa Harapos Moda Club,Zináparo,+52 44 3137 4465,ND,https://wa.me/524431374465,https://www.facebook.com/search/pages/?q=Tienda%20De%20Ropa%20Harapos%20Moda%20Club%20Zináparo,"https://www.google.com/maps/search/?api=1&query=20.17343723,-101.99738801"
Boutique Barbara Nancy,Zinapécuaro,+52 44 3409 6033,ND,https://wa.me/524434096033,https://www.facebook.com/search/pages/?q=Boutique%20Barbara%20Nancy%20Zinapécuaro,"https://www.google.com/maps/search/?api=1&query=19.8559419,-100.83108094"
Boutique Yanely,Zinapécuaro,+52 44 3389 0955,ND,https://wa.me/524433890955,https://www.facebook.com/search/pages/?q=Boutique%20Yanely%20Zinapécuaro,"https://www.google.com/maps/search/?api=1&query=19.85988097,-100.82637742"
Tienda De Ropa Boutique Coss,Zinapécuaro,+52 44 3266 3360,ND,https://wa.me/524432663360,https://www.facebook.com/search/pages/?q=Tienda%20De%20Ropa%20Boutique%20Coss%20Zinapécuaro,"https://www.google.com/maps/search/?api=1&query=19.85969689,-100.82535463"
Tienda De Ropa Star Shopping Fantastic,Zinapécuaro,+52 44 3490 6037,ND,https://wa.me/524434906037,https://www.facebook.com/search/pages/?q=Tienda%20De%20Ropa%20Star%20Shopping%20Fantastic%20Zinapécuaro,"https://www.google.com/maps/search/?api=1&query=19.86049592,-100.82707558"
Boutique Sarita,Ziracuaretiro,+52 45 2520 3620,ND,https://wa.me/524525203620,https://www.facebook.com/search/pages/?q=Boutique%20Sarita%20Ziracuaretiro,"https://www.google.com/maps/search/?api=1&query=19.41783615,-101.91046982"
Pame Boutique,Zitácuaro,+52 71 5119 9001,hali_8903@hotmail.com,https://wa.me/527151199001,https://www.facebook.com/search/pages/?q=Pame%20Boutique%20Zitácuaro,"https://www.google.com/maps/search/?api=1&query=19.43789772,-100.35991878"
Vaqueros California,Zitácuaro,+52 71 5153 9144,vaqueroscal@hotmail.com,https://wa.me/527151539144,https://www.facebook.com/search/pages/?q=Vaqueros%20California%20Zitácuaro,"https://www.google.com/maps/search/?api=1&query=19.43780602,-100.35565045"
A&Y Boutique,Zitácuaro,+52 78 6124 9086,ND,https://wa.me/527861249086,https://www.facebook.com/search/pages/?q=A%26Y%20Boutique%20Zitácuaro,"https://www.google.com/maps/search/?api=1&query=19.44008181,-100.35751283"
Adris Boutique,Zitácuaro,+52 71 5104 1152,ND,https://wa.me/527151041152,https://www.facebook.com/search/pages/?q=Adris%20Boutique%20Zitácuaro,"https://www.google.com/maps/search/?api=1&query=19.44271903,-100.35389748"
Boutique Capricho,Zitácuaro,+52 71 5197 5809,ND,https://wa.me/527151975809,https://www.facebook.com/search/pages/?q=Boutique%20Capricho%20Zitácuaro,"https://www.google.com/maps/search/?api=1&query=19.43398976,-100.35975362"
Boutique Chingao,Zitácuaro,+52 71 5108 2508,ND,https://wa.me/527151082508,https://www.facebook.com/search/pages/?q=Boutique%20Chingao%20Zitácuaro,"https://www.google.com/maps/search/?api=1&query=19.43495396,-100.34990451"
Boutique Ego,Zitácuaro,+52 71 5114 4033,ND,https://wa.me/527151144033,https://www.facebook.com/search/pages/?q=Boutique%20Ego%20Zitácuaro,"https://www.google.com/maps/search/?api=1&query=19.43500232,-100.35804637"
Boutique Gepsi,Zitácuaro,+52 71 5162 7567,ND,https://wa.me/527151627567,https://www.facebook.com/search/pages/?q=Boutique%20Gepsi%20Zitácuaro,"https://www.google.com/maps/search/?api=1&query=19.43378917,-100.35616084"
Boutique Lola,Zitácuaro,+52 71 5218 8838,ND,https://wa.me/527152188838,https://www.facebook.com/search/pages/?q=Boutique%20Lola%20Zitácuaro,"https://www.google.com/maps/search/?api=1&query=19.43842065,-100.35733937"
Boutique Mania Jeans,Zitácuaro,+52 71 5104 1301,ND,https://wa.me/527151041301,https://www.facebook.com/search/pages/?q=Boutique%20Mania%20Jeans%20Zitácuaro,"https://www.google.com/maps/search/?api=1&query=19.43744607,-100.35599586"
Boutique Mendoza,Zitácuaro,+52 71 5124 2593,ND,https://wa.me/527151242593,https://www.facebook.com/search/pages/?q=Boutique%20Mendoza%20Zitácuaro,"https://www.google.com/maps/search/?api=1&query=19.42757623,-100.35387332"
Boutique Pame,Zitácuaro,+52 71 5108 2949,ND,https://wa.me/527151082949,https://www.facebook.com/search/pages/?q=Boutique%20Pame%20Zitácuaro,"https://www.google.com/maps/search/?api=1&query=19.43764836,-100.35599394"
Boutique Taty,Zitácuaro,+52 71 2168 1276,ND,https://wa.me/527121681276,https://www.facebook.com/search/pages/?q=Boutique%20Taty%20Zitácuaro,"https://www.google.com/maps/search/?api=1&query=19.43393257,-100.3591216"
Boutique Tzentzandarth,Zitácuaro,+52 71 5135 6658,ND,https://wa.me/527151356658,https://www.facebook.com/search/pages/?q=Boutique%20Tzentzandarth%20Zitácuaro,"https://www.google.com/maps/search/?api=1&query=19.43873754,-100.3564107"
Casa De La Moda Boutique,Zitácuaro,+52 71 5115 5738,ND,https://wa.me/527151155738,https://www.facebook.com/search/pages/?q=Casa%20De%20La%20Moda%20Boutique%20Zitácuaro,"https://www.google.com/maps/search/?api=1&query=19.43690177,-100.35927828"
D Ale Boutique,Zitácuaro,+52 71 5119 4635,ND,https://wa.me/527151194635,https://www.facebook.com/search/pages/?q=D%20Ale%20Boutique%20Zitácuaro,"https://www.google.com/maps/search/?api=1&query=19.43865959,-100.35836131"
Donna Fashion & Men Boutique,Zitácuaro,+52 71 5253 1112,ND,https://wa.me/527152531112,https://www.facebook.com/search/pages/?q=Donna%20Fashion%20%26%20Men%20Boutique%20Zitácuaro,"https://www.google.com/maps/search/?api=1&query=19.43768075,-100.35606789"
Elena Moda,Zitácuaro,+52 71 5121 9978,ND,https://wa.me/527151219978,https://www.facebook.com/search/pages/?q=Elena%20Moda%20Zitácuaro,"https://www.google.com/maps/search/?api=1&query=19.43717261,-100.35903043"
Fashion Girls,Zitácuaro,+52 71 5159 0572,ND,https://wa.me/527151590572,https://www.facebook.com/search/pages/?q=Fashion%20Girls%20Zitácuaro,"https://www.google.com/maps/search/?api=1&query=19.43499125,-100.35805162"
Fashion Store,Zitácuaro,+52 71 5131 5684,ND,https://wa.me/527151315684,https://www.facebook.com/search/pages/?q=Fashion%20Store%20Zitácuaro,"https://www.google.com/maps/search/?api=1&query=19.43657617,-100.35835901"
Jama Boutique,Zitácuaro,+52 71 5120 6720,ND,https://wa.me/527151206720,https://www.facebook.com/search/pages/?q=Jama%20Boutique%20Zitácuaro,"https://www.google.com/maps/search/?api=1&query=19.43747971,-100.35690277"
Lovey Shop,Zitácuaro,+52 71 5135 9835,ND,https://wa.me/527151359835,https://www.facebook.com/search/pages/?q=Lovey%20Shop%20Zitácuaro,"https://www.google.com/maps/search/?api=1&query=19.44067149,-100.3583077"
M Y M Boutique 1996,Zitácuaro,+52 71 5218 6325,ND,https://wa.me/527152186325,https://www.facebook.com/search/pages/?q=M%20Y%20M%20Boutique%201996%20Zitácuaro,"https://www.google.com/maps/search/?api=1&query=19.43463859,-100.34870306"
Mary Chuy Boutique,Zitácuaro,+52 71 5153 6111,ND,https://wa.me/527151536111,https://www.facebook.com/search/pages/?q=Mary%20Chuy%20Boutique%20Zitácuaro,"https://www.google.com/maps/search/?api=1&query=19.43903697,-100.35696046"
Moda Y Accsesorios,Zitácuaro,+52 71 5136 8954,ND,https://wa.me/527151368954,https://www.facebook.com/search/pages/?q=Moda%20Y%20Accsesorios%20Zitácuaro,"https://www.google.com/maps/search/?api=1&query=19.42571675,-100.35817959"
Nuevo Estilo Shop,Zitácuaro,+52 71 5159 1942,ND,https://wa.me/527151591942,https://www.facebook.com/search/pages/?q=Nuevo%20Estilo%20Shop%20Zitácuaro,"https://www.google.com/maps/search/?api=1&query=19.43615877,-100.35914442"
Proego Boutique,Zitácuaro,+52 71 5103 6385,ND,https://wa.me/527151036385,https://www.facebook.com/search/pages/?q=Proego%20Boutique%20Zitácuaro,"https://www.google.com/maps/search/?api=1&query=19.43602483,-100.35865776"
The Cat Shop,Zitácuaro,+52 71 5131 1427,ND,https://wa.me/527151311427,https://www.facebook.com/search/pages/?q=The%20Cat%20Shop%20Zitácuaro,"https://www.google.com/maps/search/?api=1&query=19.43670408,-100.35927482"
The Doga Shop,Zitácuaro,+52 71 5163 0751,ND,https://wa.me/527151630751,https://www.facebook.com/search/pages/?q=The%20Doga%20Shop%20Zitácuaro,"https://www.google.com/maps/search/?api=1&query=19.44003492,-100.356746"
Tienda De Animes Taky Shopping,Zitácuaro,+52 71 5197 9155,ND,https://wa.me/527151979155,https://www.facebook.com/search/pages/?q=Tienda%20De%20Animes%20Taky%20Shopping%20Zitácuaro,"https://www.google.com/maps/search/?api=1&query=19.43873981,-100.35531101"
Tienda De Ropa Fashion Clothes,Zitácuaro,+52 71 5173 8922,ND,https://wa.me/527151738922,https://www.facebook.com/search/pages/?q=Tienda%20De%20Ropa%20Fashion%20Clothes%20Zitácuaro,"https://www.google.com/maps/search/?api=1&query=19.43728969,-100.35517519"
Tienda De Ropa Luan Shope,Zitácuaro,+52 71 5138 6209,ND,https://wa.me/527151386209,https://www.facebook.com/search/pages/?q=Tienda%20De%20Ropa%20Luan%20Shope%20Zitácuaro,"https://www.google.com/maps/search/?api=1&query=19.43658515,-100.35985568"
Tienda De Ropa Mil Estilos,Zitácuaro,+52 71 5144 7807,ND,https://wa.me/527151447807,https://www.facebook.com/search/pages/?q=Tienda%20De%20Ropa%20Mil%20Estilos%20Zitácuaro,"https://www.google.com/maps/search/?api=1&query=19.43526077,-100.34879193"
Tienda De Ropa Vaquera Rodeo Cero,Zitácuaro,+52 71 5135 1900,ND,https://wa.me/527151351900,https://www.facebook.com/search/pages/?q=Tienda%20De%20Ropa%20Vaquera%20Rodeo%20Cero%20Zitácuaro,"https://www.google.com/maps/search/?api=1&query=19.43612095,-100.35968681"
Xioshopp,Zitácuaro,+52 71 5157 8638,ND,https://wa.me/527151578638,https://www.facebook.com/search/pages/?q=Xioshopp%20Zitácuaro,"https://www.google.com/maps/search/?api=1&query=19.43271128,-100.36043907"
