nombre,municipio,teléfono,correo,WhatsApp,sitio_red,url_fuente
Boutique Mi Sarita,Acajete,+52 22 3132 1198,ND,https://wa.me/522231321198,https://www.facebook.com/search/pages/?q=Boutique%20Mi%20Sarita%20Acajete,"https://www.google.com/maps/search/?api=1&query=19.05139454,-97.94124744"
Boutique My Fashon,Acajete,+52 22 3100 3718,ND,https://wa.me/522231003718,https://www.facebook.com/search/pages/?q=Boutique%20My%20Fashon%20Acajete,"https://www.google.com/maps/search/?api=1&query=19.11875681,-97.98618962"
Tienda De Ropa Boutique Fashion,Acajete,+52 22 3143 7902,ND,https://wa.me/522231437902,https://www.facebook.com/search/pages/?q=Tienda%20De%20Ropa%20Boutique%20Fashion%20Acajete,"https://www.google.com/maps/search/?api=1&query=19.047807,-97.94596651"
Tienda De Ropa Fashion Look,Acajete,+52 22 3113 1020,ND,https://wa.me/522231131020,https://www.facebook.com/search/pages/?q=Tienda%20De%20Ropa%20Fashion%20Look%20Acajete,"https://www.google.com/maps/search/?api=1&query=19.05721203,-97.94294544"
Tienda De Ropa Moda Vip,Acajete,+52 22 3125 8280,ND,https://wa.me/522231258280,https://www.facebook.com/search/pages/?q=Tienda%20De%20Ropa%20Moda%20Vip%20Acajete,"https://www.google.com/maps/search/?api=1&query=19.05175608,-97.94257146"
Tienda De Ropa Modas Paty,Acateno,+52 23 2198 3369,ND,https://wa.me/522321983369,https://www.facebook.com/search/pages/?q=Tienda%20De%20Ropa%20Modas%20Paty%20Acateno,"https://www.google.com/maps/search/?api=1&query=20.12960675,-97.20968952"
Rivers Shop,Acatlán,+52 95 3241 5391,ND,https://wa.me/529532415391,https://www.facebook.com/search/pages/?q=Rivers%20Shop%20Acatlán,"https://www.google.com/maps/search/?api=1&query=18.20291603,-98.04771463"
Tienda De Ropa Fer Shop,Acatlán,+52 95 3122 6990,ND,https://wa.me/529531226990,https://www.facebook.com/search/pages/?q=Tienda%20De%20Ropa%20Fer%20Shop%20Acatlán,"https://www.google.com/maps/search/?api=1&query=18.20097975,-98.04912441"
Tienda De Ropa Solo Jeans,Acatlán,+52 95 3179 8113,ND,https://wa.me/529531798113,https://www.facebook.com/search/pages/?q=Tienda%20De%20Ropa%20Solo%20Jeans%20Acatlán,"https://www.google.com/maps/search/?api=1&query=18.198919,-98.04853071"
Venta De Ropa Aniloi Boutique,Acatlán,+52 95 3186 4797,ND,https://wa.me/529531864797,https://www.facebook.com/search/pages/?q=Venta%20De%20Ropa%20Aniloi%20Boutique%20Acatlán,"https://www.google.com/maps/search/?api=1&query=18.20414537,-98.04907013"
Xolo Boutique -Sneakers,Acatlán,+52 95 3116 1488,ND,https://wa.me/529531161488,https://www.facebook.com/search/pages/?q=Xolo%20Boutique%20-Sneakers%20Acatlán,"https://www.google.com/maps/search/?api=1&query=18.20102273,-98.05052432"
Estilo Boutique Maru,Acatzingo,+52 24 9101 0097,maru_2507@live.com,https://wa.me/522491010097,https://www.facebook.com/search/pages/?q=Estilo%20Boutique%20Maru%20Acatzingo,"https://www.google.com/maps/search/?api=1&query=18.97866518,-97.7854402"
Botique Mi Moda Te Viste,Acatzingo,+52 22 4106 6700,ND,https://wa.me/522241066700,https://www.facebook.com/search/pages/?q=Botique%20Mi%20Moda%20Te%20Viste%20Acatzingo,"https://www.google.com/maps/search/?api=1&query=18.97978766,-97.78347143"
Boutique Army,Acatzingo,+52 24 9214 3035,ND,https://wa.me/522492143035,https://www.facebook.com/search/pages/?q=Boutique%20Army%20Acatzingo,"https://www.google.com/maps/search/?api=1&query=18.95674855,-97.80046919"
Boutique De Ropa Frederick,Acatzingo,+52 22 3139 5457,ND,https://wa.me/522231395457,https://www.facebook.com/search/pages/?q=Boutique%20De%20Ropa%20Frederick%20Acatzingo,"https://www.google.com/maps/search/?api=1&query=18.9793558,-97.78652808"
Boutique Ellas,Acatzingo,+52 22 2359 9676,ND,https://wa.me/522223599676,https://www.facebook.com/search/pages/?q=Boutique%20Ellas%20Acatzingo,"https://www.google.com/maps/search/?api=1&query=18.97978241,-97.78242032"
Boutique Guisha,Acatzingo,+52 24 9121 8899,ND,https://wa.me/522491218899,https://www.facebook.com/search/pages/?q=Boutique%20Guisha%20Acatzingo,"https://www.google.com/maps/search/?api=1&query=18.98335936,-97.7848334"
Boutique Khloe,Acatzingo,+52 24 9145 5448,ND,https://wa.me/522491455448,https://www.facebook.com/search/pages/?q=Boutique%20Khloe%20Acatzingo,"https://www.google.com/maps/search/?api=1&query=18.98345524,-97.78310023"
Boutique Mane,Acatzingo,+52 24 9138 8567,ND,https://wa.me/522491388567,https://www.facebook.com/search/pages/?q=Boutique%20Mane%20Acatzingo,"https://www.google.com/maps/search/?api=1&query=18.97869014,-97.78072135"
Boutique Manzana Dorada,Acatzingo,+52 24 9172 6830,ND,https://wa.me/522491726830,https://www.facebook.com/search/pages/?q=Boutique%20Manzana%20Dorada%20Acatzingo,"https://www.google.com/maps/search/?api=1&query=18.98056258,-97.78208125"
Boutique Melys,Acatzingo,+52 22 2841 6733,ND,https://wa.me/522228416733,https://www.facebook.com/search/pages/?q=Boutique%20Melys%20Acatzingo,"https://www.google.com/maps/search/?api=1&query=18.97840857,-97.78370105"
Boutique Nahomi,Acatzingo,+52 24 9203 0974,ND,https://wa.me/522492030974,https://www.facebook.com/search/pages/?q=Boutique%20Nahomi%20Acatzingo,"https://www.google.com/maps/search/?api=1&query=18.98141902,-97.78867991"
Boutique X Goga,Acatzingo,+52 24 9113 3007,ND,https://wa.me/522491133007,https://www.facebook.com/search/pages/?q=Boutique%20X%20Goga%20Acatzingo,"https://www.google.com/maps/search/?api=1&query=18.98002192,-97.78451756"
Camisas Y Pantalones Oscar,Acatzingo,+52 22 3116 4612,ND,https://wa.me/522231164612,https://www.facebook.com/search/pages/?q=Camisas%20Y%20Pantalones%20Oscar%20Acatzingo,"https://www.google.com/maps/search/?api=1&query=18.97978241,-97.78242032"
Fridas Boutique,Acatzingo,+52 24 9105 5854,ND,https://wa.me/522491055854,https://www.facebook.com/search/pages/?q=Fridas%20Boutique%20Acatzingo,"https://www.google.com/maps/search/?api=1&query=18.97883902,-97.78235411"
Modas Valeria,Acatzingo,+52 24 9104 9434,ND,https://wa.me/522491049434,https://www.facebook.com/search/pages/?q=Modas%20Valeria%20Acatzingo,"https://www.google.com/maps/search/?api=1&query=18.97978241,-97.78242032"
Ng Boutique,Acatzingo,+52 24 9137 3336,ND,https://wa.me/522491373336,https://www.facebook.com/search/pages/?q=Ng%20Boutique%20Acatzingo,"https://www.google.com/maps/search/?api=1&query=18.97549624,-97.78582424"
Ropa De Mezclilla,Acatzingo,+52 24 9138 8696,ND,https://wa.me/522491388696,https://www.facebook.com/search/pages/?q=Ropa%20De%20Mezclilla%20Acatzingo,"https://www.google.com/maps/search/?api=1&query=18.97826766,-97.78548762"
Sm Boutique,Acatzingo,+52 24 9139 6402,ND,https://wa.me/522491396402,https://www.facebook.com/search/pages/?q=Sm%20Boutique%20Acatzingo,"https://www.google.com/maps/search/?api=1&query=18.97959638,-97.78140748"
Tienda De Pantalones Mundo Jeans,Acatzingo,+52 22 4116 6405,ND,https://wa.me/522241166405,https://www.facebook.com/search/pages/?q=Tienda%20De%20Pantalones%20Mundo%20Jeans%20Acatzingo,"https://www.google.com/maps/search/?api=1&query=18.98021407,-97.78651121"
Tienda De Ropa Glam Shop Mafe,Acatzingo,+52 24 9173 4224,ND,https://wa.me/522491734224,https://www.facebook.com/search/pages/?q=Tienda%20De%20Ropa%20Glam%20Shop%20Mafe%20Acatzingo,"https://www.google.com/maps/search/?api=1&query=18.98011847,-97.79072385"
Las 3 Torres Store,Acteopan,ND,ND,ND,https://www.facebook.com/search/pages/?q=Las%203%20Torres%20Store%20Acteopan,"https://www.google.com/maps/search/?api=1&query=18.763402,-98.7118751"
Boutique Yamilet,Ahuacatlán,+52 79 7131 0075,ND,https://wa.me/527971310075,https://www.facebook.com/search/pages/?q=Boutique%20Yamilet%20Ahuacatlán,"https://www.google.com/maps/search/?api=1&query=20.00645282,-97.8592609"
Boutique Dany,Ahuazotepec,+52 77 6107 7194,ND,https://wa.me/527761077194,https://www.facebook.com/search/pages/?q=Boutique%20Dany%20Ahuazotepec,"https://www.google.com/maps/search/?api=1&query=20.04369704,-98.15991151"
Boutique Minguis,Ajalpan,+52 22 2114 1732,minguis@gmail.com,https://wa.me/522221141732,https://WWW.MINGUIS.COM/,"https://www.google.com/maps/search/?api=1&query=18.3790663,-97.26029438"
Adry Shop,Ajalpan,+52 23 8155 9247,ND,https://wa.me/522381559247,https://www.facebook.com/search/pages/?q=Adry%20Shop%20Ajalpan,"https://www.google.com/maps/search/?api=1&query=18.37708702,-97.25862833"
Boutique Did,Ajalpan,+52 23 8133 4421,ND,https://wa.me/522381334421,https://www.facebook.com/search/pages/?q=Boutique%20Did%20Ajalpan,"https://www.google.com/maps/search/?api=1&query=18.37871969,-97.25653924"
Boutique Fondiu,Ajalpan,+52 23 6104 6030,ND,https://wa.me/522361046030,https://www.facebook.com/search/pages/?q=Boutique%20Fondiu%20Ajalpan,"https://www.google.com/maps/search/?api=1&query=18.37752226,-97.2518105"
Boutique Marianas Tienda De Ropa,Ajalpan,+52 23 6136 1346,ND,https://wa.me/522361361346,https://www.facebook.com/search/pages/?q=Boutique%20Marianas%20Tienda%20De%20Ropa%20Ajalpan,"https://www.google.com/maps/search/?api=1&query=18.37625236,-97.26139755"
Boutique Rous,Ajalpan,+52 23 6102 3501,ND,https://wa.me/522361023501,https://www.facebook.com/search/pages/?q=Boutique%20Rous%20Ajalpan,"https://www.google.com/maps/search/?api=1&query=18.37877695,-97.2584272"
Kity Jeans Venta De Pantalon De Mezclilla Para Dama Y Caballero,Ajalpan,+52 23 6113 4335,ND,https://wa.me/522361134335,https://www.facebook.com/search/pages/?q=Kity%20Jeans%20Venta%20De%20Pantalon%20De%20Mezclilla%20Para%20Dama%20Y%20Caballero%20Ajalpan,"https://www.google.com/maps/search/?api=1&query=18.37618508,-97.25999065"
Moda Y Estilo Los Bros,Ajalpan,+52 23 6106 1902,ND,https://wa.me/522361061902,https://www.facebook.com/search/pages/?q=Moda%20Y%20Estilo%20Los%20Bros%20Ajalpan,"https://www.google.com/maps/search/?api=1&query=18.37898114,-97.25578554"
Modas Axel,Ajalpan,+52 23 8235 5875,ND,https://wa.me/522382355875,https://www.facebook.com/search/pages/?q=Modas%20Axel%20Ajalpan,"https://www.google.com/maps/search/?api=1&query=18.37887674,-97.25832917"
Modas Ellos Y Ellas,Ajalpan,+52 23 6136 0362,ND,https://wa.me/522361360362,https://www.facebook.com/search/pages/?q=Modas%20Ellos%20Y%20Ellas%20Ajalpan,"https://www.google.com/maps/search/?api=1&query=18.37782466,-97.26514838"
Modas Juqui,Ajalpan,+52 23 8199 8767,ND,https://wa.me/522381998767,https://www.facebook.com/search/pages/?q=Modas%20Juqui%20Ajalpan,"https://www.google.com/maps/search/?api=1&query=18.37830479,-97.26184571"
Modas Mia,Ajalpan,+52 23 8172 0214,ND,https://wa.me/522381720214,https://www.facebook.com/search/pages/?q=Modas%20Mia%20Ajalpan,"https://www.google.com/maps/search/?api=1&query=18.37975254,-97.24811677"
Modas Paris Tienda De Ropa,Ajalpan,+52 23 6112 8381,ND,https://wa.me/522361128381,https://www.facebook.com/search/pages/?q=Modas%20Paris%20Tienda%20De%20Ropa%20Ajalpan,"https://www.google.com/maps/search/?api=1&query=18.37725293,-97.25585401"
Modas Ros-Ana,Ajalpan,+52 23 6102 5216,ND,https://wa.me/522361025216,https://www.facebook.com/search/pages/?q=Modas%20Ros-Ana%20Ajalpan,"https://www.google.com/maps/search/?api=1&query=18.37830479,-97.26184571"
Modas Sofia,Ajalpan,+52 23 8225 5153,ND,https://wa.me/522382255153,https://www.facebook.com/search/pages/?q=Modas%20Sofia%20Ajalpan,"https://www.google.com/maps/search/?api=1&query=18.37795332,-97.25893708"
Tienda De Ropa Estilos Esperanza,Ajalpan,+52 23 6110 0706,ND,https://wa.me/522361100706,https://www.facebook.com/search/pages/?q=Tienda%20De%20Ropa%20Estilos%20Esperanza%20Ajalpan,"https://www.google.com/maps/search/?api=1&query=18.37830479,-97.26184571"
Tienda De Ropa Gallardos Jeans,Ajalpan,+52 23 8101 9126,ND,https://wa.me/522381019126,https://www.facebook.com/search/pages/?q=Tienda%20De%20Ropa%20Gallardos%20Jeans%20Ajalpan,"https://www.google.com/maps/search/?api=1&query=18.37851556,-97.2625791"
Tienda De Ropa Jc Shop,Ajalpan,+52 23 8208 6769,ND,https://wa.me/522382086769,https://www.facebook.com/search/pages/?q=Tienda%20De%20Ropa%20Jc%20Shop%20Ajalpan,"https://www.google.com/maps/search/?api=1&query=18.37830479,-97.26184571"
Tienda De Ropa Modas F&J,Ajalpan,+52 23 8241 2080,ND,https://wa.me/522382412080,https://www.facebook.com/search/pages/?q=Tienda%20De%20Ropa%20Modas%20F%26J%20Ajalpan,"https://www.google.com/maps/search/?api=1&query=18.37830479,-97.26184571"
Tienda De Ropa Modas Gloria,Ajalpan,+52 23 8165 5251,ND,https://wa.me/522381655251,https://www.facebook.com/search/pages/?q=Tienda%20De%20Ropa%20Modas%20Gloria%20Ajalpan,"https://www.google.com/maps/search/?api=1&query=18.37830479,-97.26184571"
Tienda De Ropa Modas Isamar,Ajalpan,+52 23 6109 8740,ND,https://wa.me/522361098740,https://www.facebook.com/search/pages/?q=Tienda%20De%20Ropa%20Modas%20Isamar%20Ajalpan,"https://www.google.com/maps/search/?api=1&query=18.37830479,-97.26184571"
Tienda De Ropa Modas Mary,Ajalpan,+52 23 6116 0020,ND,https://wa.me/522361160020,https://www.facebook.com/search/pages/?q=Tienda%20De%20Ropa%20Modas%20Mary%20Ajalpan,"https://www.google.com/maps/search/?api=1&query=18.37830479,-97.26184571"
Tienda De Ropa Modas Mary,Ajalpan,+52 23 8186 8817,ND,https://wa.me/522381868817,https://www.facebook.com/search/pages/?q=Tienda%20De%20Ropa%20Modas%20Mary%20Ajalpan,"https://www.google.com/maps/search/?api=1&query=18.37830479,-97.26184571"
Tienda De Ropa Modas Nayeli Guadalupe,Ajalpan,+52 23 6114 2326,ND,https://wa.me/522361142326,https://www.facebook.com/search/pages/?q=Tienda%20De%20Ropa%20Modas%20Nayeli%20Guadalupe%20Ajalpan,"https://www.google.com/maps/search/?api=1&query=18.37830479,-97.26184571"
Tienda De Ropa Rivka Jeans,Ajalpan,+52 23 8156 6211,ND,https://wa.me/522381566211,https://www.facebook.com/search/pages/?q=Tienda%20De%20Ropa%20Rivka%20Jeans%20Ajalpan,"https://www.google.com/maps/search/?api=1&query=18.37652556,-97.2613199"
Tiendas De Ropa Marlet Modas Glamur,Ajalpan,+52 22 1359 3210,ND,https://wa.me/522213593210,https://www.facebook.com/search/pages/?q=Tiendas%20De%20Ropa%20Marlet%20Modas%20Glamur%20Ajalpan,"https://www.google.com/maps/search/?api=1&query=18.37932836,-97.26125047"
Timeless Boutique,Ajalpan,+52 23 8100 6122,ND,https://wa.me/522381006122,https://www.facebook.com/search/pages/?q=Timeless%20Boutique%20Ajalpan,"https://www.google.com/maps/search/?api=1&query=18.3791338,-97.26200767"
Valentina Boutique,Ajalpan,+52 23 8142 5301,ND,https://wa.me/522381425301,https://www.facebook.com/search/pages/?q=Valentina%20Boutique%20Ajalpan,"https://www.google.com/maps/search/?api=1&query=18.3732677,-97.25791666"
Venta De Pantalon De Mezclilla,Ajalpan,+52 23 8103 7773,ND,https://wa.me/522381037773,https://www.facebook.com/search/pages/?q=Venta%20De%20Pantalon%20De%20Mezclilla%20Ajalpan,"https://www.google.com/maps/search/?api=1&query=18.37789687,-97.26116967"
Venta De Pantalon De Mezclilla Santini Jeans,Ajalpan,+52 23 6121 1319,ND,https://wa.me/522361211319,https://www.facebook.com/search/pages/?q=Venta%20De%20Pantalon%20De%20Mezclilla%20Santini%20Jeans%20Ajalpan,"https://www.google.com/maps/search/?api=1&query=18.37708772,-97.25879911"
Boutique Mf,Albino Zertuche,ND,ND,ND,https://www.facebook.com/search/pages/?q=Boutique%20Mf%20Albino%20Zertuche,"https://www.google.com/maps/search/?api=1&query=18.01635885,-98.540863"
Tienda De Ropa Yari,Albino Zertuche,ND,ND,ND,https://www.facebook.com/search/pages/?q=Tienda%20De%20Ropa%20Yari%20Albino%20Zertuche,"https://www.google.com/maps/search/?api=1&query=18.019164,-98.54128979"
Boutique Amor Chiquito,Aljojuca,+52 22 2505 4789,ND,https://wa.me/522225054789,https://www.facebook.com/search/pages/?q=Boutique%20Amor%20Chiquito%20Aljojuca,"https://www.google.com/maps/search/?api=1&query=19.10030469,-97.53087911"
Compra Venta De Ropa The Urban Fashion,Altepexi,+52 23 6110 8585,ND,https://wa.me/522361108585,https://www.facebook.com/search/pages/?q=Compra%20Venta%20De%20Ropa%20The%20Urban%20Fashion%20Altepexi,"https://www.google.com/maps/search/?api=1&query=18.36823906,-97.29953194"
Tienda De Ropa Alter Ego Store,Altepexi,+52 23 8207 6605,ND,https://wa.me/522382076605,https://www.facebook.com/search/pages/?q=Tienda%20De%20Ropa%20Alter%20Ego%20Store%20Altepexi,"https://www.google.com/maps/search/?api=1&query=18.36755032,-97.29977601"
Tienda De Ropa Sol Boutique,Altepexi,+52 23 8207 6797,ND,https://wa.me/522382076797,https://www.facebook.com/search/pages/?q=Tienda%20De%20Ropa%20Sol%20Boutique%20Altepexi,"https://www.google.com/maps/search/?api=1&query=18.36800004,-97.29920702"
Venta De Ropa Urban Fashion,Altepexi,+52 23 6104 2873,ND,https://wa.me/522361042873,https://www.facebook.com/search/pages/?q=Venta%20De%20Ropa%20Urban%20Fashion%20Altepexi,"https://www.google.com/maps/search/?api=1&query=18.36712871,-97.29991226"
Tienda De Ropa Carlin,Amixtlán,+52 76 4103 3848,ND,https://wa.me/527641033848,https://www.facebook.com/search/pages/?q=Tienda%20De%20Ropa%20Carlin%20Amixtlán,"https://www.google.com/maps/search/?api=1&query=20.04803448,-97.7989278"
Adri Boutique,Amozoc,+52 22 2858 5290,ND,https://wa.me/522228585290,https://www.facebook.com/search/pages/?q=Adri%20Boutique%20Amozoc,"https://www.google.com/maps/search/?api=1&query=19.04293056,-98.08996037"
Boutique Al,Amozoc,+52 22 2833 7407,ND,https://wa.me/522228337407,https://www.facebook.com/search/pages/?q=Boutique%20Al%20Amozoc,"https://www.google.com/maps/search/?api=1&query=19.04578507,-98.04347663"
Boutique Amy,Amozoc,+52 22 2126 2700,ND,https://wa.me/522221262700,https://www.facebook.com/search/pages/?q=Boutique%20Amy%20Amozoc,"https://www.google.com/maps/search/?api=1&query=19.04466967,-98.09345582"
Boutique Anja,Amozoc,+52 22 2678 9656,ND,https://wa.me/522226789656,https://www.facebook.com/search/pages/?q=Boutique%20Anja%20Amozoc,"https://www.google.com/maps/search/?api=1&query=19.04339885,-98.04366955"
Boutique Bella Moda,Amozoc,+52 22 2171 0967,ND,https://wa.me/522221710967,https://www.facebook.com/search/pages/?q=Boutique%20Bella%20Moda%20Amozoc,"https://www.google.com/maps/search/?api=1&query=19.04337121,-98.11943318"
Boutique De Ropa,Amozoc,+52 22 2188 3645,ND,https://wa.me/522221883645,https://www.facebook.com/search/pages/?q=Boutique%20De%20Ropa%20Amozoc,"https://www.google.com/maps/search/?api=1&query=19.04301139,-98.12292949"
Boutique De Ropa Saly,Amozoc,+52 22 2461 0878,ND,https://wa.me/522224610878,https://www.facebook.com/search/pages/?q=Boutique%20De%20Ropa%20Saly%20Amozoc,"https://www.google.com/maps/search/?api=1&query=19.0415998,-98.11785354"
Boutique Emily,Amozoc,+52 22 4335 1892,ND,https://wa.me/522243351892,https://www.facebook.com/search/pages/?q=Boutique%20Emily%20Amozoc,"https://www.google.com/maps/search/?api=1&query=19.04052767,-98.09992846"
Boutique Kokee,Amozoc,+52 22 1207 3736,ND,https://wa.me/522212073736,https://www.facebook.com/search/pages/?q=Boutique%20Kokee%20Amozoc,"https://www.google.com/maps/search/?api=1&query=19.04418711,-98.07418134"
Boutique L&I,Amozoc,+52 22 1440 9237,ND,https://wa.me/522214409237,https://www.facebook.com/search/pages/?q=Boutique%20L%26I%20Amozoc,"https://www.google.com/maps/search/?api=1&query=19.04081423,-98.12388056"
Boutique Lucy Ropa Para Dama,Amozoc,+52 22 2243 5664,ND,https://wa.me/522222435664,https://www.facebook.com/search/pages/?q=Boutique%20Lucy%20Ropa%20Para%20Dama%20Amozoc,"https://www.google.com/maps/search/?api=1&query=19.04653868,-98.09302978"
Boutique Milan,Amozoc,+52 22 2824 1626,ND,https://wa.me/522228241626,https://www.facebook.com/search/pages/?q=Boutique%20Milan%20Amozoc,"https://www.google.com/maps/search/?api=1&query=19.04351288,-98.12135358"
Boutique My Style Head,Amozoc,+52 22 1350 2768,ND,https://wa.me/522213502768,https://www.facebook.com/search/pages/?q=Boutique%20My%20Style%20Head%20Amozoc,"https://www.google.com/maps/search/?api=1&query=19.04626026,-98.04120306"
Boutique Pily,Amozoc,+52 22 2493 7484,ND,https://wa.me/522224937484,https://www.facebook.com/search/pages/?q=Boutique%20Pily%20Amozoc,"https://www.google.com/maps/search/?api=1&query=19.03732168,-98.0378919"
Boutique Rachell,Amozoc,+52 22 1803 8143,ND,https://wa.me/522218038143,https://www.facebook.com/search/pages/?q=Boutique%20Rachell%20Amozoc,"https://www.google.com/maps/search/?api=1&query=19.04264315,-98.04041346"
Boutique Saffy,Amozoc,+52 22 2390 8066,ND,https://wa.me/522223908066,https://www.facebook.com/search/pages/?q=Boutique%20Saffy%20Amozoc,"https://www.google.com/maps/search/?api=1&query=19.04368687,-98.04256428"
Boutique Sam,Amozoc,+52 22 1927 8168,ND,https://wa.me/522219278168,https://www.facebook.com/search/pages/?q=Boutique%20Sam%20Amozoc,"https://www.google.com/maps/search/?api=1&query=19.0438356,-98.04355149"
Jeans And Nails,Amozoc,+52 22 2707 6310,ND,https://wa.me/522227076310,https://www.facebook.com/search/pages/?q=Jeans%20And%20Nails%20Amozoc,"https://www.google.com/maps/search/?api=1&query=19.04260347,-98.04374516"
Nams Fashion One,Amozoc,+52 22 2414 1895,ND,https://wa.me/522224141895,https://www.facebook.com/search/pages/?q=Nams%20Fashion%20One%20Amozoc,"https://www.google.com/maps/search/?api=1&query=19.03852378,-98.05299768"
Ropa Y Accesorios Fashion Forus Rmw,Amozoc,+52 22 2999 7604,ND,https://wa.me/522229997604,https://www.facebook.com/search/pages/?q=Ropa%20Y%20Accesorios%20Fashion%20Forus%20Rmw%20Amozoc,"https://www.google.com/maps/search/?api=1&query=19.04181971,-98.03838895"
Tienda De Ropa Coco Boutique,Amozoc,+52 22 1279 9863,ND,https://wa.me/522212799863,https://www.facebook.com/search/pages/?q=Tienda%20De%20Ropa%20Coco%20Boutique%20Amozoc,"https://www.google.com/maps/search/?api=1&query=19.03784587,-98.03784003"
American Clothes,Aquixtla,+52 79 7112 8567,ND,https://wa.me/527971128567,https://www.facebook.com/search/pages/?q=American%20Clothes%20Aquixtla,"https://www.google.com/maps/search/?api=1&query=19.79588478,-97.93699716"
Tienda De Ropa Y Ceramica,Aquixtla,ND,ND,ND,https://www.facebook.com/search/pages/?q=Tienda%20De%20Ropa%20Y%20Ceramica%20Aquixtla,"https://www.google.com/maps/search/?api=1&query=19.79639482,-97.93743127"
Arlu Moda Casual,Atempan,+52 23 1103 5656,ND,https://wa.me/522311035656,https://www.facebook.com/search/pages/?q=Arlu%20Moda%20Casual%20Atempan,"https://www.google.com/maps/search/?api=1&query=19.83888686,-97.45766632"
Boutique Bg,Atempan,+52 23 1181 8510,ND,https://wa.me/522311818510,https://www.facebook.com/search/pages/?q=Boutique%20Bg%20Atempan,"https://www.google.com/maps/search/?api=1&query=19.83691036,-97.45838008"
Boutique Marisa,Atempan,+52 23 1112 7787,ND,https://wa.me/522311127787,https://www.facebook.com/search/pages/?q=Boutique%20Marisa%20Atempan,"https://www.google.com/maps/search/?api=1&query=19.83576909,-97.45772802"
Boutique Reny,Atempan,+52 23 1121 3734,ND,https://wa.me/522311213734,https://www.facebook.com/search/pages/?q=Boutique%20Reny%20Atempan,"https://www.google.com/maps/search/?api=1&query=19.83873283,-97.45767038"
Boutique Yolzin,Atempan,+52 22 2424 6430,ND,https://wa.me/522224246430,https://www.facebook.com/search/pages/?q=Boutique%20Yolzin%20Atempan,"https://www.google.com/maps/search/?api=1&query=19.83690278,-97.45829441"
Jokajo Boutique,Atempan,+52 23 1175 7451,ND,https://wa.me/522311757451,https://www.facebook.com/search/pages/?q=Jokajo%20Boutique%20Atempan,"https://www.google.com/maps/search/?api=1&query=19.83956512,-97.45912207"
Lo Mejor De La Moda Lorely,Atempan,+52 23 1108 8297,ND,https://wa.me/522311088297,https://www.facebook.com/search/pages/?q=Lo%20Mejor%20De%20La%20Moda%20Lorely%20Atempan,"https://www.google.com/maps/search/?api=1&query=19.83881977,-97.45845483"
Ropa Mery Boutique,Atempan,+52 22 2761 8414,ND,https://wa.me/522227618414,https://www.facebook.com/search/pages/?q=Ropa%20Mery%20Boutique%20Atempan,"https://www.google.com/maps/search/?api=1&query=19.83836039,-97.45523419"
Xiolay Fhashion Boutique,Atempan,+52 23 1119 9372,ND,https://wa.me/522311199372,https://www.facebook.com/search/pages/?q=Xiolay%20Fhashion%20Boutique%20Atempan,"https://www.google.com/maps/search/?api=1&query=19.83865128,-97.45767252"
Venta De Ropa,Atlequizayan,ND,ND,ND,https://www.facebook.com/search/pages/?q=Venta%20De%20Ropa%20Atlequizayan,"https://www.google.com/maps/search/?api=1&query=20.01417917,-97.62560126"
Boutique Donna,Atlixco,+52 24 4100 4271,torresmarianar78@hotmail.com,https://wa.me/522441004271,https://www.facebook.com/search/pages/?q=Boutique%20Donna%20Atlixco,"https://www.google.com/maps/search/?api=1&query=18.9090589,-98.43643251"
Peachy Royal Boutique,Atlixco,+52 24 4448 0580,janine.vargasp@gmail.com,https://wa.me/522444480580,https://www.facebook.com/search/pages/?q=Peachy%20Royal%20Boutique%20Atlixco,"https://www.google.com/maps/search/?api=1&query=18.90744474,-98.44509201"
Tienda De Ropa De Boutique,Atlixco,+52 22 2256 6257,dyeclothes2023@gmail.com,https://wa.me/522222566257,https://www.facebook.com/search/pages/?q=Tienda%20De%20Ropa%20De%20Boutique%20Atlixco,"https://www.google.com/maps/search/?api=1&query=18.91289564,-98.433203"
Boutique Alice,Atlixco,+52 24 4161 4946,ND,https://wa.me/522441614946,https://www.facebook.com/search/pages/?q=Boutique%20Alice%20Atlixco,"https://www.google.com/maps/search/?api=1&query=18.91838354,-98.42565842"
Boutique America Moda,Atlixco,+52 24 4120 2257,ND,https://wa.me/522441202257,https://www.facebook.com/search/pages/?q=Boutique%20America%20Moda%20Atlixco,"https://www.google.com/maps/search/?api=1&query=18.92179304,-98.44902003"
Boutique Clemizu,Atlixco,+52 24 4100 2702,ND,https://wa.me/522441002702,https://www.facebook.com/search/pages/?q=Boutique%20Clemizu%20Atlixco,"https://www.google.com/maps/search/?api=1&query=18.91866723,-98.42668756"
Boutique D Mom Shop,Atlixco,+52 22 9465 4059,ND,https://wa.me/522294654059,https://www.facebook.com/search/pages/?q=Boutique%20D%20Mom%20Shop%20Atlixco,"https://www.google.com/maps/search/?api=1&query=18.91449126,-98.429499"
Boutique Helen,Atlixco,+52 24 4102 9123,ND,https://wa.me/522441029123,https://www.facebook.com/search/pages/?q=Boutique%20Helen%20Atlixco,"https://www.google.com/maps/search/?api=1&query=18.91434021,-98.43027603"
Boutique Llego La Original,Atlixco,+52 24 4139 6915,ND,https://wa.me/522441396915,https://www.facebook.com/search/pages/?q=Boutique%20Llego%20La%20Original%20Atlixco,"https://www.google.com/maps/search/?api=1&query=18.90287329,-98.43630922"
Boutique Mariana As,Atlixco,+52 24 4121 0872,ND,https://wa.me/522441210872,https://www.facebook.com/search/pages/?q=Boutique%20Mariana%20As%20Atlixco,"https://www.google.com/maps/search/?api=1&query=18.90484416,-98.44745859"
Boutique Marifer,Atlixco,+52 24 3105 4685,ND,https://wa.me/522431054685,https://www.facebook.com/search/pages/?q=Boutique%20Marifer%20Atlixco,"https://www.google.com/maps/search/?api=1&query=18.91839743,-98.43353881"
Boutique Michel Villegas,Atlixco,+52 24 4100 3092,ND,https://wa.me/522441003092,https://www.facebook.com/search/pages/?q=Boutique%20Michel%20Villegas%20Atlixco,"https://www.google.com/maps/search/?api=1&query=18.90708954,-98.4389043"
Boutique Monly,Atlixco,+52 24 4146 9811,ND,https://wa.me/522441469811,https://www.facebook.com/search/pages/?q=Boutique%20Monly%20Atlixco,"https://www.google.com/maps/search/?api=1&query=18.92010171,-98.42678971"
Boutique Sandy,Atlixco,+52 24 4101 1710,ND,https://wa.me/522441011710,https://www.facebook.com/search/pages/?q=Boutique%20Sandy%20Atlixco,"https://www.google.com/maps/search/?api=1&query=18.91743565,-98.43248774"
Interactivamente Fashion Vianny Boutique,Atlixco,+52 24 4117 7783,ND,https://wa.me/522441177783,https://www.facebook.com/search/pages/?q=Interactivamente%20Fashion%20Vianny%20Boutique%20Atlixco,"https://www.google.com/maps/search/?api=1&query=18.91263636,-98.43144782"
Kelly S Clothing Store,Atlixco,+52 24 4446 6158,ND,https://wa.me/522444466158,https://www.facebook.com/search/pages/?q=Kelly%20S%20Clothing%20Store%20Atlixco,"https://www.google.com/maps/search/?api=1&query=18.90806219,-98.43680941"
La Moda Boutique,Atlixco,+52 24 4446 4119,ND,https://wa.me/522444464119,https://www.facebook.com/search/pages/?q=La%20Moda%20Boutique%20Atlixco,"https://www.google.com/maps/search/?api=1&query=18.9081348,-98.43670206"
Local De Ropa Shop E Love,Atlixco,+52 24 4133 8751,ND,https://wa.me/522441338751,https://www.facebook.com/search/pages/?q=Local%20De%20Ropa%20Shop%20E%20Love%20Atlixco,"https://www.google.com/maps/search/?api=1&query=18.90764047,-98.43688461"
Magenta Jeans Boutique,Atlixco,+52 22 2899 9071,ND,https://wa.me/522228999071,https://www.facebook.com/search/pages/?q=Magenta%20Jeans%20Boutique%20Atlixco,"https://www.google.com/maps/search/?api=1&query=18.90736539,-98.43848055"
Mely Sanchez Boutique,Atlixco,+52 24 4119 7959,ND,https://wa.me/522441197959,https://www.facebook.com/search/pages/?q=Mely%20Sanchez%20Boutique%20Atlixco,"https://www.google.com/maps/search/?api=1&query=18.90674454,-98.43805982"
Moda Casual O De Vestir Ossary,Atlixco,+52 24 4161 8488,ND,https://wa.me/522441618488,https://www.facebook.com/search/pages/?q=Moda%20Casual%20O%20De%20Vestir%20Ossary%20Atlixco,"https://www.google.com/maps/search/?api=1&query=18.91752887,-98.42523525"
Rolvis Boutique,Atlixco,+52 24 4106 4251,ND,https://wa.me/522441064251,https://www.facebook.com/search/pages/?q=Rolvis%20Boutique%20Atlixco,"https://www.google.com/maps/search/?api=1&query=18.91009252,-98.44151113"
Creaciones Cesvin,Atoyatempan,+52 22 4104 1175,ND,https://wa.me/522241041175,https://www.facebook.com/search/pages/?q=Creaciones%20Cesvin%20Atoyatempan,"https://www.google.com/maps/search/?api=1&query=18.8237288,-97.91531346"
Importaciones Mym,Atoyatempan,+52 22 4106 6809,ND,https://wa.me/522241066809,https://www.facebook.com/search/pages/?q=Importaciones%20Mym%20Atoyatempan,"https://www.google.com/maps/search/?api=1&query=18.82354827,-97.91485117"
Venta De Ropa,Atzala,ND,ND,ND,https://www.facebook.com/search/pages/?q=Venta%20De%20Ropa%20Atzala,"https://www.google.com/maps/search/?api=1&query=18.54458044,-98.55366382"
Venta De Ropa,Atzala,ND,ND,ND,https://www.facebook.com/search/pages/?q=Venta%20De%20Ropa%20Atzala,"https://www.google.com/maps/search/?api=1&query=18.54134614,-98.55537823"
Ashileys Boutique,Atzitzihuacán,ND,ND,ND,https://www.facebook.com/search/pages/?q=Ashileys%20Boutique%20Atzitzihuacán,"https://www.google.com/maps/search/?api=1&query=18.83393101,-98.65993874"
Bloom,Atzitzihuacán,ND,ND,ND,https://www.facebook.com/search/pages/?q=Bloom%20Atzitzihuacán,"https://www.google.com/maps/search/?api=1&query=18.83518075,-98.65987826"
Boutique Alis,Atzitzintla,+52 23 8173 3102,ND,https://wa.me/522381733102,https://www.facebook.com/search/pages/?q=Boutique%20Alis%20Atzitzintla,"https://www.google.com/maps/search/?api=1&query=18.89858058,-97.32507186"
Boutique Larracilla Castillo,Atzitzintla,+52 24 5115 9875,ND,https://wa.me/522451159875,https://www.facebook.com/search/pages/?q=Boutique%20Larracilla%20Castillo%20Atzitzintla,"https://www.google.com/maps/search/?api=1&query=18.9007836,-97.32274745"
May Fashion Boutique,Ayotoxco de Guerrero,+52 23 1151 6541,ND,https://wa.me/522311516541,https://www.facebook.com/search/pages/?q=May%20Fashion%20Boutique%20Ayotoxco%20de%20Guerrero,"https://www.google.com/maps/search/?api=1&query=20.09499955,-97.4066109"
Venta De Ropa Estilo Moda Y Tentacion,Ayotoxco de Guerrero,+52 23 1116 5830,ND,https://wa.me/522311165830,https://www.facebook.com/search/pages/?q=Venta%20De%20Ropa%20Estilo%20Moda%20Y%20Tentacion%20Ayotoxco%20de%20Guerrero,"https://www.google.com/maps/search/?api=1&query=20.09588586,-97.4087716"
Venta De Ropa The Closet,Ayotoxco de Guerrero,+52 23 3114 1236,ND,https://wa.me/522331141236,https://www.facebook.com/search/pages/?q=Venta%20De%20Ropa%20The%20Closet%20Ayotoxco%20de%20Guerrero,"https://www.google.com/maps/search/?api=1&query=20.09670434,-97.41032544"
Boutique Cherry Bomb,Calpan,+52 22 2813 6636,ND,https://wa.me/522228136636,https://www.facebook.com/search/pages/?q=Boutique%20Cherry%20Bomb%20Calpan,"https://www.google.com/maps/search/?api=1&query=19.10505947,-98.4631329"
Venta De Ropa Vaquera Mi Estilo,Caltepec,ND,ND,ND,https://www.facebook.com/search/pages/?q=Venta%20De%20Ropa%20Vaquera%20Mi%20Estilo%20Caltepec,"https://www.google.com/maps/search/?api=1&query=18.18221138,-97.47964378"
Venta De Ropa,Caltepec,ND,ND,ND,https://www.facebook.com/search/pages/?q=Venta%20De%20Ropa%20Caltepec,"https://www.google.com/maps/search/?api=1&query=18.18262611,-97.47942472"
Boutique Melibet,Camocuautla,+52 79 7106 0337,ND,https://wa.me/527971060337,https://www.facebook.com/search/pages/?q=Boutique%20Melibet%20Camocuautla,"https://www.google.com/maps/search/?api=1&query=20.03827236,-97.75898307"
Boutique Lolita,Cañada Morelos,+52 24 9108 1415,ND,https://wa.me/522491081415,https://www.facebook.com/search/pages/?q=Boutique%20Lolita%20Cañada%20Morelos,"https://www.google.com/maps/search/?api=1&query=18.74028349,-97.42118976"
Modas Calaya,Cañada Morelos,+52 23 8133 8428,ND,https://wa.me/522381338428,https://www.facebook.com/search/pages/?q=Modas%20Calaya%20Cañada%20Morelos,"https://www.google.com/maps/search/?api=1&query=18.73619352,-97.42214458"
Venta De Ropa Mendez,Caxhuacan,+52 23 3128 8145,ND,https://wa.me/522331288145,https://www.facebook.com/search/pages/?q=Venta%20De%20Ropa%20Mendez%20Caxhuacan,"https://www.google.com/maps/search/?api=1&query=20.06365908,-97.60465435"
Boutique Isa,Caxhuacan,ND,ND,ND,https://www.facebook.com/search/pages/?q=Boutique%20Isa%20Caxhuacan,"https://www.google.com/maps/search/?api=1&query=20.06374222,-97.60650944"
Boutique Mayte,Chalchicomula de Sesma,+52 24 5108 9683,ND,https://wa.me/522451089683,https://www.facebook.com/search/pages/?q=Boutique%20Mayte%20Chalchicomula%20de%20Sesma,"https://www.google.com/maps/search/?api=1&query=18.98879846,-97.45257018"
Garcia Shop Venta De Articulos Varios,Chalchicomula de Sesma,+52 24 5118 1325,ND,https://wa.me/522451181325,https://www.facebook.com/search/pages/?q=Garcia%20Shop%20Venta%20De%20Articulos%20Varios%20Chalchicomula%20de%20Sesma,"https://www.google.com/maps/search/?api=1&query=18.98794564,-97.44997935"
Kings Fashion,Chalchicomula de Sesma,+52 24 5103 5252,ND,https://wa.me/522451035252,https://www.facebook.com/search/pages/?q=Kings%20Fashion%20Chalchicomula%20de%20Sesma,"https://www.google.com/maps/search/?api=1&query=18.98537973,-97.44704591"
Queen Shopping,Chalchicomula de Sesma,+52 24 5107 2217,ND,https://wa.me/522451072217,https://www.facebook.com/search/pages/?q=Queen%20Shopping%20Chalchicomula%20de%20Sesma,"https://www.google.com/maps/search/?api=1&query=18.98882295,-97.45072169"
Tienda De Ropa Para Caballero Kings Boutique,Chalchicomula de Sesma,+52 24 5154 7699,ND,https://wa.me/522451547699,https://www.facebook.com/search/pages/?q=Tienda%20De%20Ropa%20Para%20Caballero%20Kings%20Boutique%20Chalchicomula%20de%20Sesma,"https://www.google.com/maps/search/?api=1&query=18.99020726,-97.44567534"
Moda Y Estilo Angel,Chapulco,ND,ND,ND,https://www.facebook.com/search/pages/?q=Moda%20Y%20Estilo%20Angel%20Chapulco,"https://www.google.com/maps/search/?api=1&query=18.58847359,-97.41165718"
Atach Boutique,Chiautla,+52 27 5106 1954,ND,https://wa.me/522751061954,https://www.facebook.com/search/pages/?q=Atach%20Boutique%20Chiautla,"https://www.google.com/maps/search/?api=1&query=18.29333822,-98.59970339"
Boutique De Marys,Chiautla,+52 73 5249 5096,ND,https://wa.me/527352495096,https://www.facebook.com/search/pages/?q=Boutique%20De%20Marys%20Chiautla,"https://www.google.com/maps/search/?api=1&query=18.43236523,-98.69912959"
Kenia Boutique,Chiautla,+52 27 5688 0029,ND,https://wa.me/522756880029,https://www.facebook.com/search/pages/?q=Kenia%20Boutique%20Chiautla,"https://www.google.com/maps/search/?api=1&query=18.30129994,-98.60285592"
Love Boutique De Lucia Padilla,Chiautla,+52 34 7637 9468,ND,https://wa.me/523476379468,https://www.facebook.com/search/pages/?q=Love%20Boutique%20De%20Lucia%20Padilla%20Chiautla,"https://www.google.com/maps/search/?api=1&query=18.30079222,-98.60272573"
Lucy Shoppe,Chiautla,+52 73 5347 3073,ND,https://wa.me/527353473073,https://www.facebook.com/search/pages/?q=Lucy%20Shoppe%20Chiautla,"https://www.google.com/maps/search/?api=1&query=18.30070181,-98.60318472"
Moda Y Estilo Lupita,Chiautla,+52 27 5110 7881,ND,https://wa.me/522751107881,https://www.facebook.com/search/pages/?q=Moda%20Y%20Estilo%20Lupita%20Chiautla,"https://www.google.com/maps/search/?api=1&query=18.30169595,-98.60333754"
Tienda De Ropa Modas Inri,Chiautla,+52 22 2549 6122,ND,https://wa.me/522225496122,https://www.facebook.com/search/pages/?q=Tienda%20De%20Ropa%20Modas%20Inri%20Chiautla,"https://www.google.com/maps/search/?api=1&query=18.30142722,-98.60322272"
Valentinas Boutique,Chiautla,+52 27 5111 4190,ND,https://wa.me/522751114190,https://www.facebook.com/search/pages/?q=Valentinas%20Boutique%20Chiautla,"https://www.google.com/maps/search/?api=1&query=18.30030647,-98.60376909"
Boutique Curio City,Chiautzingo,+52 24 8202 8114,ND,https://wa.me/522482028114,https://www.facebook.com/search/pages/?q=Boutique%20Curio%20City%20Chiautzingo,"https://www.google.com/maps/search/?api=1&query=19.20133902,-98.46468423"
Boutique Fashion Cloths,Chiautzingo,+52 24 8143 2846,ND,https://wa.me/522481432846,https://www.facebook.com/search/pages/?q=Boutique%20Fashion%20Cloths%20Chiautzingo,"https://www.google.com/maps/search/?api=1&query=19.20253644,-98.46647866"
Boutique Regis,Chiautzingo,+52 24 8160 0815,ND,https://wa.me/522481600815,https://www.facebook.com/search/pages/?q=Boutique%20Regis%20Chiautzingo,"https://www.google.com/maps/search/?api=1&query=19.20248556,-98.46620326"
Boutique Shein Viste Bonito,Chiautzingo,+52 24 8102 8631,ND,https://wa.me/522481028631,https://www.facebook.com/search/pages/?q=Boutique%20Shein%20Viste%20Bonito%20Chiautzingo,"https://www.google.com/maps/search/?api=1&query=19.17161779,-98.50281833"
Chaparritas Tomy,Chichiquila,ND,ND,ND,https://www.facebook.com/search/pages/?q=Chaparritas%20Tomy%20Chichiquila,"https://www.google.com/maps/search/?api=1&query=19.20108329,-97.06730939"
Shein,Chichiquila,ND,ND,ND,https://www.facebook.com/search/pages/?q=Shein%20Chichiquila,"https://www.google.com/maps/search/?api=1&query=19.19981446,-97.06700633"
Tienda De Ropa Boutique Sehin,Chiconcuautla,+52 79 7153 6842,ND,https://wa.me/527971536842,https://www.facebook.com/search/pages/?q=Tienda%20De%20Ropa%20Boutique%20Sehin%20Chiconcuautla,"https://www.google.com/maps/search/?api=1&query=20.09473343,-97.93951574"
Boutique Glamour,Chietla,+52 73 5271 9746,ND,https://wa.me/527352719746,https://www.facebook.com/search/pages/?q=Boutique%20Glamour%20Chietla,"https://www.google.com/maps/search/?api=1&query=18.48359202,-98.6604459"
Fashion Line,Chietla,+52 24 3123 9172,ND,https://wa.me/522431239172,https://www.facebook.com/search/pages/?q=Fashion%20Line%20Chietla,"https://www.google.com/maps/search/?api=1&query=18.51791083,-98.60707081"
Boutique Micaela,Chignahuapan,+52 79 7101 2615,cpalacios1520@gmail.com,https://wa.me/527971012615,https://www.facebook.com/search/pages/?q=Boutique%20Micaela%20Chignahuapan,"https://www.google.com/maps/search/?api=1&query=19.83877674,-98.03253116"
Anima Boutique,Chignahuapan,+52 22 1202 7444,ND,https://wa.me/522212027444,https://www.facebook.com/search/pages/?q=Anima%20Boutique%20Chignahuapan,"https://www.google.com/maps/search/?api=1&query=19.83977446,-98.02822776"
Boutique Conchitas,Chignahuapan,+52 79 7141 2387,ND,https://wa.me/527971412387,https://www.facebook.com/search/pages/?q=Boutique%20Conchitas%20Chignahuapan,"https://www.google.com/maps/search/?api=1&query=19.83939035,-98.03494829"
Boutique De Ropa Selecto,Chignahuapan,+52 79 7101 0504,ND,https://wa.me/527971010504,https://www.facebook.com/search/pages/?q=Boutique%20De%20Ropa%20Selecto%20Chignahuapan,"https://www.google.com/maps/search/?api=1&query=19.83910575,-98.03068109"
Boutique Ferginos,Chignahuapan,+52 79 7111 0882,ND,https://wa.me/527971110882,https://www.facebook.com/search/pages/?q=Boutique%20Ferginos%20Chignahuapan,"https://www.google.com/maps/search/?api=1&query=19.83785292,-98.03202075"
Boutique Nats Closet,Chignahuapan,+52 79 7140 2342,ND,https://wa.me/527971402342,https://www.facebook.com/search/pages/?q=Boutique%20Nats%20Closet%20Chignahuapan,"https://www.google.com/maps/search/?api=1&query=19.8399,-98.03146347"
Boutique Ragahl,Chignahuapan,+52 79 7155 3923,ND,https://wa.me/527971553923,https://www.facebook.com/search/pages/?q=Boutique%20Ragahl%20Chignahuapan,"https://www.google.com/maps/search/?api=1&query=19.83651635,-98.03233547"
Boutique Shani,Chignahuapan,+52 79 7971 0246,ND,https://wa.me/527979710246,https://www.facebook.com/search/pages/?q=Boutique%20Shani%20Chignahuapan,"https://www.google.com/maps/search/?api=1&query=19.83970389,-98.02899901"
Edsam Fashion,Chignahuapan,+52 79 7121 1789,ND,https://wa.me/527971211789,https://www.facebook.com/search/pages/?q=Edsam%20Fashion%20Chignahuapan,"https://www.google.com/maps/search/?api=1&query=19.83601582,-98.03379281"
Moda Y Estilo Boutique,Chignahuapan,+52 79 7124 7350,ND,https://wa.me/527971247350,https://www.facebook.com/search/pages/?q=Moda%20Y%20Estilo%20Boutique%20Chignahuapan,"https://www.google.com/maps/search/?api=1&query=19.83745739,-98.03196913"
Tienda De Ropa Ali Moda,Chignahuapan,+52 79 7116 6648,ND,https://wa.me/527971166648,https://www.facebook.com/search/pages/?q=Tienda%20De%20Ropa%20Ali%20Moda%20Chignahuapan,"https://www.google.com/maps/search/?api=1&query=19.84000563,-98.0307411"
Tienda De Ropa Blue & Pink Fashion Boutique,Chignahuapan,+52 79 7146 0672,ND,https://wa.me/527971460672,https://www.facebook.com/search/pages/?q=Tienda%20De%20Ropa%20Blue%20%26%20Pink%20Fashion%20Boutique%20Chignahuapan,"https://www.google.com/maps/search/?api=1&query=19.83976024,-98.03193752"
Tienda De Ropa Boutique Coleatzy,Chignahuapan,+52 79 7114 8646,ND,https://wa.me/527971148646,https://www.facebook.com/search/pages/?q=Tienda%20De%20Ropa%20Boutique%20Coleatzy%20Chignahuapan,"https://www.google.com/maps/search/?api=1&query=19.83854657,-98.03188843"
Urban Zone Store,Chignahuapan,+52 22 2806 7968,ND,https://wa.me/522228067968,https://www.facebook.com/search/pages/?q=Urban%20Zone%20Store%20Chignahuapan,"https://www.google.com/maps/search/?api=1&query=19.83582413,-98.02695332"
Venta De Ropa Ch Boutique,Chignahuapan,+52 79 7145 7184,ND,https://wa.me/527971457184,https://www.facebook.com/search/pages/?q=Venta%20De%20Ropa%20Ch%20Boutique%20Chignahuapan,"https://www.google.com/maps/search/?api=1&query=19.83824953,-98.02885781"
Boutique Lucy,Chignautla,+52 55 3750 5722,ND,https://wa.me/525537505722,https://www.facebook.com/search/pages/?q=Boutique%20Lucy%20Chignautla,"https://www.google.com/maps/search/?api=1&query=19.81117946,-97.39002065"
Boutique Lupita,Chignautla,+52 23 1164 1736,ND,https://wa.me/522311641736,https://www.facebook.com/search/pages/?q=Boutique%20Lupita%20Chignautla,"https://www.google.com/maps/search/?api=1&query=19.81344881,-97.38894749"
Maritza Shop,Chignautla,+52 23 1133 2004,ND,https://wa.me/522311332004,https://www.facebook.com/search/pages/?q=Maritza%20Shop%20Chignautla,"https://www.google.com/maps/search/?api=1&query=19.81294707,-97.39006578"
Modas Emy,Chignautla,+52 23 1134 1698,ND,https://wa.me/522311341698,https://www.facebook.com/search/pages/?q=Modas%20Emy%20Chignautla,"https://www.google.com/maps/search/?api=1&query=19.81305689,-97.38912628"
Confeccionescarinho,Chila,+52 953 543 4506,ND,https://wa.me/529535434506,https://www.facebook.com/search/pages/?q=Confeccionescarinho%20Chila,"https://www.google.com/maps/search/?api=1&query=17.9712912,-97.8579802"
Venta De Ropa Y Accesorios Michi Store,Chila de la Sal,ND,ND,ND,https://www.facebook.com/search/pages/?q=Venta%20De%20Ropa%20Y%20Accesorios%20Michi%20Store%20Chila%20de%20la%20Sal,"https://www.google.com/maps/search/?api=1&query=18.1102537,-98.48477042"
Tienda De Ropa De Ellas,Chilchotla,+52 28 2555 8308,lss@live.com.mx,https://wa.me/522825558308,https://www.facebook.com/search/pages/?q=Tienda%20De%20Ropa%20De%20Ellas%20Chilchotla,"https://www.google.com/maps/search/?api=1&query=19.25359496,-97.18376242"
Tienda De Ropa El Sastrero,Chilchotla,+52 28 2105 5685,ND,https://wa.me/522821055685,https://www.facebook.com/search/pages/?q=Tienda%20De%20Ropa%20El%20Sastrero%20Chilchotla,"https://www.google.com/maps/search/?api=1&query=19.25374012,-97.18376619"
Venta De Ropa,Chinantla,+52 27 5332 0435,ND,https://wa.me/522753320435,https://www.facebook.com/search/pages/?q=Venta%20De%20Ropa%20Chinantla,"https://www.google.com/maps/search/?api=1&query=18.20746676,-98.25633791"
Boutique Hidalgo,Chinantla,ND,ND,ND,https://www.facebook.com/search/pages/?q=Boutique%20Hidalgo%20Chinantla,"https://www.google.com/maps/search/?api=1&query=18.20670798,-98.26207087"
Tienda De Ropa,Coatepec,+52 79 7121 5614,ND,https://wa.me/527971215614,https://www.facebook.com/search/pages/?q=Tienda%20De%20Ropa%20Coatepec,"https://www.google.com/maps/search/?api=1&query=20.0613308,-97.73274904"
Venta De Ropa,Coatepec,+52 79 7125 4305,ND,https://wa.me/527971254305,https://www.facebook.com/search/pages/?q=Venta%20De%20Ropa%20Coatepec,"https://www.google.com/maps/search/?api=1&query=20.06019802,-97.73179362"
Tienda De Ropa Del Centro,Coatzingo,+52 24 3435 6058,ND,https://wa.me/522434356058,https://www.facebook.com/search/pages/?q=Tienda%20De%20Ropa%20Del%20Centro%20Coatzingo,"https://www.google.com/maps/search/?api=1&query=18.61516637,-98.17353015"
Ginas Tienda Y Accesorios,Coatzingo,ND,ND,ND,https://www.facebook.com/search/pages/?q=Ginas%20Tienda%20Y%20Accesorios%20Coatzingo,"https://www.google.com/maps/search/?api=1&query=18.61538956,-98.17441602"
Roperia,Cohuecan,+52 73 5188 2833,ND,https://wa.me/527351882833,https://www.facebook.com/search/pages/?q=Roperia%20Cohuecan,"https://www.google.com/maps/search/?api=1&query=18.78234885,-98.7198226"
Tienda De Ropa Rincon Sorpresa,Cohuecan,+52 22 1597 1557,ND,https://wa.me/522215971557,https://www.facebook.com/search/pages/?q=Tienda%20De%20Ropa%20Rincon%20Sorpresa%20Cohuecan,"https://www.google.com/maps/search/?api=1&query=18.78288766,-98.72024656"
Venta De Calcetines Sox Shop,Coronango,+52 22 2156 0450,premiumpueblasoxshop@gmail.com,https://wa.me/522221560450,https://www.facebook.com/search/pages/?q=Venta%20De%20Calcetines%20Sox%20Shop%20Coronango,"https://www.google.com/maps/search/?api=1&query=19.13114948,-98.26729216"
Boutique Dulce Vita,Coronango,+52 22 2656 9924,ND,https://wa.me/522226569924,https://www.facebook.com/search/pages/?q=Boutique%20Dulce%20Vita%20Coronango,"https://www.google.com/maps/search/?api=1&query=19.13486643,-98.28742529"
Boutique Jani,Coronango,+52 22 1395 8801,ND,https://wa.me/522213958801,https://www.facebook.com/search/pages/?q=Boutique%20Jani%20Coronango,"https://www.google.com/maps/search/?api=1&query=19.13537901,-98.28732144"
Boutique Veronica,Coronango,+52 22 1417 3500,ND,https://wa.me/522214173500,https://www.facebook.com/search/pages/?q=Boutique%20Veronica%20Coronango,"https://www.google.com/maps/search/?api=1&query=19.13355767,-98.27884083"
The Style Shop,Coronango,+52 22 2126 2705,ND,https://wa.me/522221262705,https://www.facebook.com/search/pages/?q=The%20Style%20Shop%20Coronango,"https://www.google.com/maps/search/?api=1&query=19.11973225,-98.3006033"
Boutique Brisbibe,Coxcatlán,+52 66 4853 5610,ND,https://wa.me/526648535610,https://www.facebook.com/search/pages/?q=Boutique%20Brisbibe%20Coxcatlán,"https://www.google.com/maps/search/?api=1&query=18.29713907,-97.16099944"
Modas Rimos,Coxcatlán,+52 23 6114 2611,ND,https://wa.me/522361142611,https://www.facebook.com/search/pages/?q=Modas%20Rimos%20Coxcatlán,"https://www.google.com/maps/search/?api=1&query=18.26152756,-97.14042575"
Tienda De Ropa Vaquera El Habanero Mundo Vaquero Del Oeste,Coxcatlán,+52 23 6222 5759,ND,https://wa.me/522362225759,https://www.facebook.com/search/pages/?q=Tienda%20De%20Ropa%20Vaquera%20El%20Habanero%20Mundo%20Vaquero%20Del%20Oeste%20Coxcatlán,"https://www.google.com/maps/search/?api=1&query=18.29435515,-97.16611501"
Tienda De Ropa Aribe,Coyomeapan,+52 24 9104 4680,ND,https://wa.me/522491044680,https://www.facebook.com/search/pages/?q=Tienda%20De%20Ropa%20Aribe%20Coyomeapan,"https://www.google.com/maps/search/?api=1&query=18.28191478,-96.99388287"
Tienda De Ropa Tania,Coyomeapan,+52 23 8251 5913,ND,https://wa.me/522382515913,https://www.facebook.com/search/pages/?q=Tienda%20De%20Ropa%20Tania%20Coyomeapan,"https://www.google.com/maps/search/?api=1&query=18.2801484,-96.99250864"
Venta De Ropa Los 3 Contreras,Coyotepec,ND,ND,ND,https://www.facebook.com/search/pages/?q=Venta%20De%20Ropa%20Los%203%20Contreras%20Coyotepec,"https://www.google.com/maps/search/?api=1&query=18.39873252,-97.82887805"
Compra Venta De Ropa,Cuapiaxtla de Madero,+52 22 2494 5231,ND,https://wa.me/522224945231,https://www.facebook.com/search/pages/?q=Compra%20Venta%20De%20Ropa%20Cuapiaxtla%20de%20Madero,"https://www.google.com/maps/search/?api=1&query=18.91709674,-97.82204704"
Javoventa En Linea,Cuapiaxtla de Madero,+52 24 9185 5689,ND,https://wa.me/522491855689,https://www.facebook.com/search/pages/?q=Javoventa%20En%20Linea%20Cuapiaxtla%20de%20Madero,"https://www.google.com/maps/search/?api=1&query=18.9181885,-97.83177436"
Moda Y Estilo Lucero,Cuautempan,+52 22 1280 8328,ND,https://wa.me/522212808328,https://www.facebook.com/search/pages/?q=Moda%20Y%20Estilo%20Lucero%20Cuautempan,"https://www.google.com/maps/search/?api=1&query=19.91407643,-97.79538023"
Tienda De Ropa Romero,Cuautinchán,+52 22 4105 9546,ND,https://wa.me/522241059546,https://www.facebook.com/search/pages/?q=Tienda%20De%20Ropa%20Romero%20Cuautinchán,"https://www.google.com/maps/search/?api=1&query=18.93981697,-98.0096178"
Tienda De Ropa Maxi,Cuautinchán,ND,ND,ND,https://www.facebook.com/search/pages/?q=Tienda%20De%20Ropa%20Maxi%20Cuautinchán,"https://www.google.com/maps/search/?api=1&query=18.93998094,-98.01095794"
Togals Moda,Cuautlancingo,+52 22 2293 4261,togals_moda@yahoo.com.mx,https://wa.me/522222934261,https://www.facebook.com/search/pages/?q=Togals%20Moda%20Cuautlancingo,"https://www.google.com/maps/search/?api=1&query=19.08719694,-98.27359981"
Boutique Euphoria,Cuautlancingo,+52 22 2965 3536,ND,https://wa.me/522229653536,https://www.facebook.com/search/pages/?q=Boutique%20Euphoria%20Cuautlancingo,"https://www.google.com/maps/search/?api=1&query=19.13804749,-98.23810126"
Boutique Ruth,Cuautlancingo,+52 22 1273 4128,ND,https://wa.me/522212734128,https://www.facebook.com/search/pages/?q=Boutique%20Ruth%20Cuautlancingo,"https://www.google.com/maps/search/?api=1&query=19.09283071,-98.26902883"
Boutique V Y K,Cuautlancingo,+52 22 1104 9526,ND,https://wa.me/522211049526,https://www.facebook.com/search/pages/?q=Boutique%20V%20Y%20K%20Cuautlancingo,"https://www.google.com/maps/search/?api=1&query=19.09380194,-98.24265398"
Chic Moda Para Todos,Cuautlancingo,+52 22 1585 6871,ND,https://wa.me/522215856871,https://www.facebook.com/search/pages/?q=Chic%20Moda%20Para%20Todos%20Cuautlancingo,"https://www.google.com/maps/search/?api=1&query=19.08835917,-98.27823372"
Ferni Store Boutique De Ropa,Cuautlancingo,+52 22 2508 2083,ND,https://wa.me/522225082083,https://www.facebook.com/search/pages/?q=Ferni%20Store%20Boutique%20De%20Ropa%20Cuautlancingo,"https://www.google.com/maps/search/?api=1&query=19.08867038,-98.27101629"
Ha-Cha Boutique,Cuautlancingo,+52 22 2792 9012,ND,https://wa.me/522227929012,https://www.facebook.com/search/pages/?q=Ha-Cha%20Boutique%20Cuautlancingo,"https://www.google.com/maps/search/?api=1&query=19.08710004,-98.25250473"
Jan Clothes Show Room Boutique,Cuautlancingo,+52 22 2861 7780,ND,https://wa.me/522228617780,https://www.facebook.com/search/pages/?q=Jan%20Clothes%20Show%20Room%20Boutique%20Cuautlancingo,"https://www.google.com/maps/search/?api=1&query=19.08883202,-98.26677756"
Tienda De Ropa Mimi Fashion,Cuautlancingo,+52 22 1829 6871,ND,https://wa.me/522218296871,https://www.facebook.com/search/pages/?q=Tienda%20De%20Ropa%20Mimi%20Fashion%20Cuautlancingo,"https://www.google.com/maps/search/?api=1&query=19.08604668,-98.26536985"
Tienda De Ropa Prenda Moda,Cuautlancingo,+52 22 1654 7664,ND,https://wa.me/522216547664,https://www.facebook.com/search/pages/?q=Tienda%20De%20Ropa%20Prenda%20Moda%20Cuautlancingo,"https://www.google.com/maps/search/?api=1&query=19.09004462,-98.28166829"
Shein Cuayuca,Cuayuca de Andrade,ND,ND,ND,https://www.facebook.com/search/pages/?q=Shein%20Cuayuca%20Cuayuca%20de%20Andrade,"https://www.google.com/maps/search/?api=1&query=18.48919538,-98.18074463"
Tienda De Ropa Kely,Cuayuca de Andrade,ND,ND,ND,https://www.facebook.com/search/pages/?q=Tienda%20De%20Ropa%20Kely%20Cuayuca%20de%20Andrade,"https://www.google.com/maps/search/?api=1&query=18.48194321,-98.18169669"
Giselle & Joani,Cuetzalan del Progreso,+52 23 3153 5051,ND,https://wa.me/522331535051,https://www.facebook.com/search/pages/?q=Giselle%20%26%20Joani%20Cuetzalan%20del%20Progreso,"https://www.google.com/maps/search/?api=1&query=20.0178172,-97.52174322"
Macarena Mx,Cuetzalan del Progreso,+52 23 3124 2464,ND,https://wa.me/522331242464,https://www.facebook.com/search/pages/?q=Macarena%20Mx%20Cuetzalan%20del%20Progreso,"https://www.google.com/maps/search/?api=1&query=20.02039888,-97.52695227"
La Boutique Detay,Cuyoaco,+52 55 4936 8771,ND,https://wa.me/525549368771,https://www.facebook.com/search/pages/?q=La%20Boutique%20Detay%20Cuyoaco,"https://www.google.com/maps/search/?api=1&query=19.52395159,-97.61872463"
Karol Boutique Fashion,Domingo Arenas,+52 22 1261 3103,ND,https://wa.me/522212613103,https://www.facebook.com/search/pages/?q=Karol%20Boutique%20Fashion%20Domingo%20Arenas,"https://www.google.com/maps/search/?api=1&query=19.14242901,-98.45886096"
La Casa De Las Ofertas,Eloxochitlán,+52 23 7105 1811,ND,https://wa.me/522371051811,https://www.facebook.com/search/pages/?q=La%20Casa%20De%20Las%20Ofertas%20Eloxochitlán,"https://www.google.com/maps/search/?api=1&query=18.49921861,-96.95532634"
Tienda De Ropa,Eloxochitlán,+52 23 8172 6116,ND,https://wa.me/522381726116,https://www.facebook.com/search/pages/?q=Tienda%20De%20Ropa%20Eloxochitlán,"https://www.google.com/maps/search/?api=1&query=18.49884283,-96.95368032"
Boutique Belle,Epatlán,+52 24 3106 0517,ND,https://wa.me/522431060517,https://www.facebook.com/search/pages/?q=Boutique%20Belle%20Epatlán,"https://www.google.com/maps/search/?api=1&query=18.642478,-98.36986121"
Boutique Alondra,Esperanza,+52 24 5114 5940,ND,https://wa.me/522451145940,https://www.facebook.com/search/pages/?q=Boutique%20Alondra%20Esperanza,"https://www.google.com/maps/search/?api=1&query=18.85711486,-97.37277571"
Boutique Salma,Esperanza,+52 22 3112 2936,ND,https://wa.me/522231122936,https://www.facebook.com/search/pages/?q=Boutique%20Salma%20Esperanza,"https://www.google.com/maps/search/?api=1&query=18.85933308,-97.37688474"
Venta De Ropa De Moda,Esperanza,+52 24 5103 6821,ND,https://wa.me/522451036821,https://www.facebook.com/search/pages/?q=Venta%20De%20Ropa%20De%20Moda%20Esperanza,"https://www.google.com/maps/search/?api=1&query=18.86028588,-97.37664335"
Aromas Boutique,Francisco Z. Mena,+52 78 2208 2355,ND,https://wa.me/527822082355,https://www.facebook.com/search/pages/?q=Aromas%20Boutique%20Francisco%20Z.%20Mena,"https://www.google.com/maps/search/?api=1&query=20.73349848,-97.85001308"
Boutique Diana,Francisco Z. Mena,+52 78 2254 6224,ND,https://wa.me/527822546224,https://www.facebook.com/search/pages/?q=Boutique%20Diana%20Francisco%20Z.%20Mena,"https://www.google.com/maps/search/?api=1&query=20.73575212,-97.85286478"
Boutique Versec,Francisco Z. Mena,+52 74 6114 4155,ND,https://wa.me/527461144155,https://www.facebook.com/search/pages/?q=Boutique%20Versec%20Francisco%20Z.%20Mena,"https://www.google.com/maps/search/?api=1&query=20.73262706,-97.85207175"
Boutique Vianey,Francisco Z. Mena,+52 74 6109 1563,ND,https://wa.me/527461091563,https://www.facebook.com/search/pages/?q=Boutique%20Vianey%20Francisco%20Z.%20Mena,"https://www.google.com/maps/search/?api=1&query=20.73427368,-97.85159726"
Moda-T-Las Pablito,Francisco Z. Mena,+52 55 1369 1900,ND,https://wa.me/525513691900,https://www.facebook.com/search/pages/?q=Moda-T-Las%20Pablito%20Francisco%20Z.%20Mena,"https://www.google.com/maps/search/?api=1&query=20.73427368,-97.85159726"
M & F Boutique,General Felipe Ángeles,+52 24 9159 9500,ND,https://wa.me/522491599500,https://www.facebook.com/search/pages/?q=M%20%26%20F%20Boutique%20General%20Felipe%20Ángeles,"https://www.google.com/maps/search/?api=1&query=18.99275197,-97.70556204"
Quick Love Boutique,General Felipe Ángeles,+52 24 9138 8924,ND,https://wa.me/522491388924,https://www.facebook.com/search/pages/?q=Quick%20Love%20Boutique%20General%20Felipe%20Ángeles,"https://www.google.com/maps/search/?api=1&query=18.99517742,-97.71377187"
Tienda De Ropa Modas La Nena,General Felipe Ángeles,+52 24 9177 9315,ND,https://wa.me/522491779315,https://www.facebook.com/search/pages/?q=Tienda%20De%20Ropa%20Modas%20La%20Nena%20General%20Felipe%20Ángeles,"https://www.google.com/maps/search/?api=1&query=19.01323854,-97.67406474"
Butique Nanis,Guadalupe,+52 75 7147 9099,ND,https://wa.me/527571479099,https://www.facebook.com/search/pages/?q=Butique%20Nanis%20Guadalupe,"https://www.google.com/maps/search/?api=1&query=18.09176811,-98.12266426"
Venta De Ropa,Guadalupe,+52 27 5107 5214,ND,https://wa.me/522751075214,https://www.facebook.com/search/pages/?q=Venta%20De%20Ropa%20Guadalupe,"https://www.google.com/maps/search/?api=1&query=18.09305412,-98.12723658"
Boutique Paris,Guadalupe Victoria,+52 28 2825 9411,ND,https://wa.me/522828259411,https://www.facebook.com/search/pages/?q=Boutique%20Paris%20Guadalupe%20Victoria,"https://www.google.com/maps/search/?api=1&query=19.29380045,-97.34387707"
Gucrin Jeans,Guadalupe Victoria,+52 28 2828 0800,ND,https://wa.me/522828280800,https://www.facebook.com/search/pages/?q=Gucrin%20Jeans%20Guadalupe%20Victoria,"https://www.google.com/maps/search/?api=1&query=19.2960056,-97.34230472"
Venta De Ropa Moda Mia,Guadalupe Victoria,+52 55 2758 0308,ND,https://wa.me/525527580308,https://www.facebook.com/search/pages/?q=Venta%20De%20Ropa%20Moda%20Mia%20Guadalupe%20Victoria,"https://www.google.com/maps/search/?api=1&query=19.29211151,-97.34340594"
Tienda De Ropa,Hermenegildo Galeana,+52 79 7121 6959,ND,https://wa.me/527971216959,https://www.facebook.com/search/pages/?q=Tienda%20De%20Ropa%20Hermenegildo%20Galeana,"https://www.google.com/maps/search/?api=1&query=20.12207473,-97.74488222"
Tienda De Ropa,Hermenegildo Galeana,+52 79 7153 7741,ND,https://wa.me/527971537741,https://www.facebook.com/search/pages/?q=Tienda%20De%20Ropa%20Hermenegildo%20Galeana,"https://www.google.com/maps/search/?api=1&query=20.12223063,-97.74417962"
Tienda De Ropa De Moda Shari,Honey,+52 77 5182 4559,ND,https://wa.me/527751824559,https://www.facebook.com/search/pages/?q=Tienda%20De%20Ropa%20De%20Moda%20Shari%20Honey,"https://www.google.com/maps/search/?api=1&query=20.2382754,-98.21250724"
Tienda De Ropa La Moda De Eva,Huaquechula,+52 24 4107 8716,ND,https://wa.me/522441078716,https://www.facebook.com/search/pages/?q=Tienda%20De%20Ropa%20La%20Moda%20De%20Eva%20Huaquechula,"https://www.google.com/maps/search/?api=1&query=18.7866626,-98.48363661"
Tienda De Ropa Revolucion Juvenil,Huatlatlauca,ND,ND,ND,https://www.facebook.com/search/pages/?q=Tienda%20De%20Ropa%20Revolucion%20Juvenil%20Huatlatlauca,"https://www.google.com/maps/search/?api=1&query=18.6783543,-98.05059301"
Boutique Fantasia,Huauchinango,+52 77 6101 2002,fantasia.kid@hotmail.com,https://wa.me/527761012002,https://www.facebook.com/search/pages/?q=Boutique%20Fantasia%20Huauchinango,"https://www.google.com/maps/search/?api=1&query=20.17519231,-98.0491062"
Botique E Moda,Huauchinango,+52 77 6105 1205,ND,https://wa.me/527761051205,https://www.facebook.com/search/pages/?q=Botique%20E%20Moda%20Huauchinango,"https://www.google.com/maps/search/?api=1&query=20.17243189,-98.05538276"
Boutique Aldib,Huauchinango,+52 77 6134 1231,ND,https://wa.me/527761341231,https://www.facebook.com/search/pages/?q=Boutique%20Aldib%20Huauchinango,"https://www.google.com/maps/search/?api=1&query=20.17487853,-98.04938809"
Boutique Capriccio,Huauchinango,+52 77 6130 6838,ND,https://wa.me/527761306838,https://www.facebook.com/search/pages/?q=Boutique%20Capriccio%20Huauchinango,"https://www.google.com/maps/search/?api=1&query=20.17423039,-98.05212181"
Boutique Casa Mh,Huauchinango,+52 77 6762 3696,ND,https://wa.me/527767623696,https://www.facebook.com/search/pages/?q=Boutique%20Casa%20Mh%20Huauchinango,"https://www.google.com/maps/search/?api=1&query=20.17368388,-98.04948245"
Boutique Casa Ortega,Huauchinango,+52 77 6767 8724,ND,https://wa.me/527767678724,https://www.facebook.com/search/pages/?q=Boutique%20Casa%20Ortega%20Huauchinango,"https://www.google.com/maps/search/?api=1&query=20.1765975,-98.04660653"
Boutique Chuy,Huauchinango,+52 77 6762 9284,ND,https://wa.me/527767629284,https://www.facebook.com/search/pages/?q=Boutique%20Chuy%20Huauchinango,"https://www.google.com/maps/search/?api=1&query=20.17302205,-98.05566432"
Boutique D Alba,Huauchinango,+52 77 6120 8673,ND,https://wa.me/527761208673,https://www.facebook.com/search/pages/?q=Boutique%20D%20Alba%20Huauchinango,"https://www.google.com/maps/search/?api=1&query=20.17509153,-98.05315355"
Boutique De Ropa Hanna Banana,Huauchinango,+52 77 6114 6460,ND,https://wa.me/527761146460,https://www.facebook.com/search/pages/?q=Boutique%20De%20Ropa%20Hanna%20Banana%20Huauchinango,"https://www.google.com/maps/search/?api=1&query=20.1757294,-98.05298131"
Boutique Euforia,Huauchinango,+52 77 6123 4924,ND,https://wa.me/527761234924,https://www.facebook.com/search/pages/?q=Boutique%20Euforia%20Huauchinango,"https://www.google.com/maps/search/?api=1&query=20.17276537,-98.05534062"
Boutique Gi,Huauchinango,+52 22 2852 2760,ND,https://wa.me/522228522760,https://www.facebook.com/search/pages/?q=Boutique%20Gi%20Huauchinango,"https://www.google.com/maps/search/?api=1&query=20.17424033,-98.05097815"
Boutique Glamour,Huauchinango,+52 76 4123 7741,ND,https://wa.me/527641237741,https://www.facebook.com/search/pages/?q=Boutique%20Glamour%20Huauchinango,"https://www.google.com/maps/search/?api=1&query=20.17508364,-98.05116523"
Boutique Jessy,Huauchinango,+52 77 6134 5522,ND,https://wa.me/527761345522,https://www.facebook.com/search/pages/?q=Boutique%20Jessy%20Huauchinango,"https://www.google.com/maps/search/?api=1&query=20.17411579,-98.03145113"
Boutique Kelly,Huauchinango,+52 77 6110 1742,ND,https://wa.me/527761101742,https://www.facebook.com/search/pages/?q=Boutique%20Kelly%20Huauchinango,"https://www.google.com/maps/search/?api=1&query=20.17479007,-98.05363766"
Boutique Mandala,Huauchinango,+52 77 6107 8280,ND,https://wa.me/527761078280,https://www.facebook.com/search/pages/?q=Boutique%20Mandala%20Huauchinango,"https://www.google.com/maps/search/?api=1&query=20.17545052,-98.05217925"
Boutique Mariana Yo,Huauchinango,+52 77 5137 6985,ND,https://wa.me/527751376985,https://www.facebook.com/search/pages/?q=Boutique%20Mariana%20Yo%20Huauchinango,"https://www.google.com/maps/search/?api=1&query=20.17423039,-98.05212181"
Boutique Mariana Yo,Huauchinango,+52 77 5137 6986,ND,https://wa.me/527751376986,https://www.facebook.com/search/pages/?q=Boutique%20Mariana%20Yo%20Huauchinango,"https://www.google.com/maps/search/?api=1&query=20.17431795,-98.05220726"
Boutique Me Encanta,Huauchinango,+52 22 2490 8073,ND,https://wa.me/522224908073,https://www.facebook.com/search/pages/?q=Boutique%20Me%20Encanta%20Huauchinango,"https://www.google.com/maps/search/?api=1&query=20.17568548,-98.05075674"
Boutique Moda Linda,Huauchinango,+52 77 6111 8530,ND,https://wa.me/527761118530,https://www.facebook.com/search/pages/?q=Boutique%20Moda%20Linda%20Huauchinango,"https://www.google.com/maps/search/?api=1&query=20.17519536,-98.05089307"
Boutique Moda Vega,Huauchinango,+52 77 6154 3028,ND,https://wa.me/527761543028,https://www.facebook.com/search/pages/?q=Boutique%20Moda%20Vega%20Huauchinango,"https://www.google.com/maps/search/?api=1&query=20.17429242,-98.05297472"
Boutique Outlet Mart,Huauchinango,+52 77 6114 5401,ND,https://wa.me/527761145401,https://www.facebook.com/search/pages/?q=Boutique%20Outlet%20Mart%20Huauchinango,"https://www.google.com/maps/search/?api=1&query=20.17634565,-98.04879451"
Boutique Rey De Reyes,Huauchinango,+52 77 6118 4688,ND,https://wa.me/527761184688,https://www.facebook.com/search/pages/?q=Boutique%20Rey%20De%20Reyes%20Huauchinango,"https://www.google.com/maps/search/?api=1&query=20.1755445,-98.05229826"
Boutique Sharon,Huauchinango,+52 77 6762 3363,ND,https://wa.me/527767623363,https://www.facebook.com/search/pages/?q=Boutique%20Sharon%20Huauchinango,"https://www.google.com/maps/search/?api=1&query=20.18006314,-98.04471099"
Boutique Smog,Huauchinango,+52 77 5205 4348,ND,https://wa.me/527752054348,https://www.facebook.com/search/pages/?q=Boutique%20Smog%20Huauchinango,"https://www.google.com/maps/search/?api=1&query=20.1741268,-98.05219832"
Boutique Stigma,Huauchinango,+52 77 6762 1360,ND,https://wa.me/527767621360,https://www.facebook.com/search/pages/?q=Boutique%20Stigma%20Huauchinango,"https://www.google.com/maps/search/?api=1&query=20.17495339,-98.05364431"
Boutique Venegas,Huauchinango,+52 77 6127 8457,ND,https://wa.me/527761278457,https://www.facebook.com/search/pages/?q=Boutique%20Venegas%20Huauchinango,"https://www.google.com/maps/search/?api=1&query=20.17333586,-98.05140862"
Boutique Venegas,Huauchinango,+52 77 6103 0079,ND,https://wa.me/527761030079,https://www.facebook.com/search/pages/?q=Boutique%20Venegas%20Huauchinango,"https://www.google.com/maps/search/?api=1&query=20.17212683,-98.05450989"
Boutique Viggo,Huauchinango,+52 77 6106 1681,ND,https://wa.me/527761061681,https://www.facebook.com/search/pages/?q=Boutique%20Viggo%20Huauchinango,"https://www.google.com/maps/search/?api=1&query=20.17174747,-98.05699684"
Boutique Zacamila Juvenil,Huauchinango,+52 77 6767 2858,ND,https://wa.me/527767672858,https://www.facebook.com/search/pages/?q=Boutique%20Zacamila%20Juvenil%20Huauchinango,"https://www.google.com/maps/search/?api=1&query=20.17295413,-98.05350245"
Candy Boutique,Huauchinango,+52 77 6112 7425,ND,https://wa.me/527761127425,https://www.facebook.com/search/pages/?q=Candy%20Boutique%20Huauchinango,"https://www.google.com/maps/search/?api=1&query=20.17509835,-98.05083787"
Kika Fashion,Huauchinango,+52 77 6117 8438,ND,https://wa.me/527761178438,https://www.facebook.com/search/pages/?q=Kika%20Fashion%20Huauchinango,"https://www.google.com/maps/search/?api=1&query=20.17209014,-98.05599767"
Lunas Boutique,Huauchinango,+52 81 2969 9207,ND,https://wa.me/528129699207,https://www.facebook.com/search/pages/?q=Lunas%20Boutique%20Huauchinango,"https://www.google.com/maps/search/?api=1&query=20.1863363,-98.06735697"
Mayem Shop,Huauchinango,+52 77 6107 0016,ND,https://wa.me/527761070016,https://www.facebook.com/search/pages/?q=Mayem%20Shop%20Huauchinango,"https://www.google.com/maps/search/?api=1&query=20.1726864,-98.05488223"
Moda Y Estilo Ferdis,Huauchinango,+52 77 6769 6659,ND,https://wa.me/527767696659,https://www.facebook.com/search/pages/?q=Moda%20Y%20Estilo%20Ferdis%20Huauchinango,"https://www.google.com/maps/search/?api=1&query=20.20620949,-97.99769737"
Moka Boutique,Huauchinango,+52 77 6189 5625,ND,https://wa.me/527761895625,https://www.facebook.com/search/pages/?q=Moka%20Boutique%20Huauchinango,"https://www.google.com/maps/search/?api=1&query=20.17409009,-98.04790992"
Stylo Boutike,Huauchinango,+52 77 6120 7414,ND,https://wa.me/527761207414,https://www.facebook.com/search/pages/?q=Stylo%20Boutike%20Huauchinango,"https://www.google.com/maps/search/?api=1&query=20.17537668,-98.04935215"
Tienda De Ropa Ambiguas Moda,Huauchinango,+52 77 6101 1332,ND,https://wa.me/527761011332,https://www.facebook.com/search/pages/?q=Tienda%20De%20Ropa%20Ambiguas%20Moda%20Huauchinango,"https://www.google.com/maps/search/?api=1&query=20.17314516,-98.05350764"
Tienda De Ropa Mega Moda,Huauchinango,+52 77 6124 2065,ND,https://wa.me/527761242065,https://www.facebook.com/search/pages/?q=Tienda%20De%20Ropa%20Mega%20Moda%20Huauchinango,"https://www.google.com/maps/search/?api=1&query=20.1734452,-98.05297081"
Tienda De Ropa Mi Boutique Dany S,Huauchinango,+52 77 6189 5717,ND,https://wa.me/527761895717,https://www.facebook.com/search/pages/?q=Tienda%20De%20Ropa%20Mi%20Boutique%20Dany%20S%20Huauchinango,"https://www.google.com/maps/search/?api=1&query=20.17509153,-98.05315355"
Tienda De Ropa Modas Raul,Huauchinango,+52 77 6108 1993,ND,https://wa.me/527761081993,https://www.facebook.com/search/pages/?q=Tienda%20De%20Ropa%20Modas%20Raul%20Huauchinango,"https://www.google.com/maps/search/?api=1&query=20.16778379,-98.04088534"
Tienda De Ropa Scape Boutique,Huauchinango,+52 77 6101 7101,ND,https://wa.me/527761017101,https://www.facebook.com/search/pages/?q=Tienda%20De%20Ropa%20Scape%20Boutique%20Huauchinango,"https://www.google.com/maps/search/?api=1&query=20.17487003,-98.05356452"
Tienda De Ropa Todo Rock Shop,Huauchinango,+52 77 6767 1764,ND,https://wa.me/527767671764,https://www.facebook.com/search/pages/?q=Tienda%20De%20Ropa%20Todo%20Rock%20Shop%20Huauchinango,"https://www.google.com/maps/search/?api=1&query=20.17254012,-98.05462924"
Tienda De Vestidos Lucianas Closet,Huauchinango,+52 77 6124 2953,ND,https://wa.me/527761242953,https://www.facebook.com/search/pages/?q=Tienda%20De%20Vestidos%20Lucianas%20Closet%20Huauchinango,"https://www.google.com/maps/search/?api=1&query=20.16663595,-98.04028018"
Venta De Ropa De Moda Y Diseño Edgarnos,Huauchinango,+52 77 6134 4139,ND,https://wa.me/527761344139,https://www.facebook.com/search/pages/?q=Venta%20De%20Ropa%20De%20Moda%20Y%20Diseño%20Edgarnos%20Huauchinango,"https://www.google.com/maps/search/?api=1&query=20.17346016,-98.05504687"
Venta De Ropa Less Shop,Huauchinango,+52 55 4480 3813,ND,https://wa.me/525544803813,https://www.facebook.com/search/pages/?q=Venta%20De%20Ropa%20Less%20Shop%20Huauchinango,"https://www.google.com/maps/search/?api=1&query=20.17508506,-98.04788088"
Zury Moda,Huauchinango,+52 77 6134 5399,ND,https://wa.me/527761345399,https://www.facebook.com/search/pages/?q=Zury%20Moda%20Huauchinango,"https://www.google.com/maps/search/?api=1&query=20.17428694,-98.05338803"
Importaciones De Jesus,Huehuetla,+52 79 7109 7525,ND,https://wa.me/527971097525,https://www.facebook.com/search/pages/?q=Importaciones%20De%20Jesus%20Huehuetla,"https://www.google.com/maps/search/?api=1&query=20.10410827,-97.62455238"
Tienda De Ropa Alex,Huehuetla,+52 23 3144 7400,ND,https://wa.me/522331447400,https://www.facebook.com/search/pages/?q=Tienda%20De%20Ropa%20Alex%20Huehuetla,"https://www.google.com/maps/search/?api=1&query=20.10396288,-97.62451628"
Nayeli Boutique,Huehuetlán el Chico,+52 73 5101 8641,ND,https://wa.me/527351018641,https://www.facebook.com/search/pages/?q=Nayeli%20Boutique%20Huehuetlán%20el%20Chico,"https://www.google.com/maps/search/?api=1&query=18.45184179,-98.75844138"
El Sueño De Polet,Huehuetlán el Grande,+52 24 3108 8790,ND,https://wa.me/522431088790,https://www.facebook.com/search/pages/?q=El%20Sueño%20De%20Polet%20Huehuetlán%20el%20Grande,"https://www.google.com/maps/search/?api=1&query=18.73833412,-98.16834001"
Venta De Ropa,Huehuetlán el Grande,+52 24 3115 0564,ND,https://wa.me/522431150564,https://www.facebook.com/search/pages/?q=Venta%20De%20Ropa%20Huehuetlán%20el%20Grande,"https://www.google.com/maps/search/?api=1&query=18.74019758,-98.16655946"
Ales Boutique,Huejotzingo,+52 22 1278 6949,ND,https://wa.me/522212786949,https://www.facebook.com/search/pages/?q=Ales%20Boutique%20Huejotzingo,"https://www.google.com/maps/search/?api=1&query=19.17851239,-98.38232325"
Bella Boutique,Huejotzingo,+52 22 7100 9861,ND,https://wa.me/522271009861,https://www.facebook.com/search/pages/?q=Bella%20Boutique%20Huejotzingo,"https://www.google.com/maps/search/?api=1&query=19.16910122,-98.40784991"
Blusas De Moda Jack,Huejotzingo,+52 22 7111 8313,ND,https://wa.me/522271118313,https://www.facebook.com/search/pages/?q=Blusas%20De%20Moda%20Jack%20Huejotzingo,"https://www.google.com/maps/search/?api=1&query=19.15598597,-98.40790038"
Boutique Aguilar,Huejotzingo,+52 22 7105 7583,ND,https://wa.me/522271057583,https://www.facebook.com/search/pages/?q=Boutique%20Aguilar%20Huejotzingo,"https://www.google.com/maps/search/?api=1&query=19.16008675,-98.43944486"
Boutique D Darian,Huejotzingo,+52 22 7125 8540,ND,https://wa.me/522271258540,https://www.facebook.com/search/pages/?q=Boutique%20D%20Darian%20Huejotzingo,"https://www.google.com/maps/search/?api=1&query=19.15796145,-98.41257628"
Boutique Emily,Huejotzingo,+52 22 7110 3525,ND,https://wa.me/522271103525,https://www.facebook.com/search/pages/?q=Boutique%20Emily%20Huejotzingo,"https://www.google.com/maps/search/?api=1&query=19.20986956,-98.38263101"
Boutique Estela,Huejotzingo,+52 22 7105 3565,ND,https://wa.me/522271053565,https://www.facebook.com/search/pages/?q=Boutique%20Estela%20Huejotzingo,"https://www.google.com/maps/search/?api=1&query=19.20709973,-98.37989486"
Boutique Galy,Huejotzingo,+52 22 7105 1277,ND,https://wa.me/522271051277,https://www.facebook.com/search/pages/?q=Boutique%20Galy%20Huejotzingo,"https://www.google.com/maps/search/?api=1&query=19.15883367,-98.41049449"
Boutique Heron,Huejotzingo,+52 22 7122 3571,ND,https://wa.me/522271223571,https://www.facebook.com/search/pages/?q=Boutique%20Heron%20Huejotzingo,"https://www.google.com/maps/search/?api=1&query=19.15765447,-98.40978212"
Boutique K M,Huejotzingo,+52 22 7105 3788,ND,https://wa.me/522271053788,https://www.facebook.com/search/pages/?q=Boutique%20K%20M%20Huejotzingo,"https://www.google.com/maps/search/?api=1&query=19.16574979,-98.40414356"
Boutique Lauris,Huejotzingo,+52 22 2293 2006,ND,https://wa.me/522222932006,https://www.facebook.com/search/pages/?q=Boutique%20Lauris%20Huejotzingo,"https://www.google.com/maps/search/?api=1&query=19.21013775,-98.38302648"
Boutique Malau,Huejotzingo,+52 22 7105 6283,ND,https://wa.me/522271056283,https://www.facebook.com/search/pages/?q=Boutique%20Malau%20Huejotzingo,"https://www.google.com/maps/search/?api=1&query=19.16600987,-98.40547843"
Boutique Patts,Huejotzingo,+52 24 8173 3089,ND,https://wa.me/522481733089,https://www.facebook.com/search/pages/?q=Boutique%20Patts%20Huejotzingo,"https://www.google.com/maps/search/?api=1&query=19.20908136,-98.3805562"
Dearling Moda,Huejotzingo,+52 22 1402 5123,ND,https://wa.me/522214025123,https://www.facebook.com/search/pages/?q=Dearling%20Moda%20Huejotzingo,"https://www.google.com/maps/search/?api=1&query=19.15943916,-98.40805114"
Fashion Boutique,Huejotzingo,+52 24 8136 0911,ND,https://wa.me/522481360911,https://www.facebook.com/search/pages/?q=Fashion%20Boutique%20Huejotzingo,"https://www.google.com/maps/search/?api=1&query=19.20818987,-98.38656174"
Heimad Boutique,Huejotzingo,+52 22 7101 3669,ND,https://wa.me/522271013669,https://www.facebook.com/search/pages/?q=Heimad%20Boutique%20Huejotzingo,"https://www.google.com/maps/search/?api=1&query=19.16176629,-98.41211468"
Katerin Jeans,Huejotzingo,+52 22 1208 9800,ND,https://wa.me/522212089800,https://www.facebook.com/search/pages/?q=Katerin%20Jeans%20Huejotzingo,"https://www.google.com/maps/search/?api=1&query=19.16098185,-98.40436023"
La Boutique Xiomara,Huejotzingo,+52 56 4145 0860,ND,https://wa.me/525641450860,https://www.facebook.com/search/pages/?q=La%20Boutique%20Xiomara%20Huejotzingo,"https://www.google.com/maps/search/?api=1&query=19.20987131,-98.3824609"
Mayte Boutique,Huejotzingo,+52 22 1572 6345,ND,https://wa.me/522215726345,https://www.facebook.com/search/pages/?q=Mayte%20Boutique%20Huejotzingo,"https://www.google.com/maps/search/?api=1&query=19.16413072,-98.40570859"
Pp S Jeans Boutique,Huejotzingo,+52 22 7101 3987,ND,https://wa.me/522271013987,https://www.facebook.com/search/pages/?q=Pp%20S%20Jeans%20Boutique%20Huejotzingo,"https://www.google.com/maps/search/?api=1&query=19.16194855,-98.40691456"
Tag Moda,Huejotzingo,+52 22 7110 0990,ND,https://wa.me/522271100990,https://www.facebook.com/search/pages/?q=Tag%20Moda%20Huejotzingo,"https://www.google.com/maps/search/?api=1&query=19.15887082,-98.41093213"
The Shop Fashion,Huejotzingo,+52 22 7117 8335,ND,https://wa.me/522271178335,https://www.facebook.com/search/pages/?q=The%20Shop%20Fashion%20Huejotzingo,"https://www.google.com/maps/search/?api=1&query=19.17573931,-98.38346165"
Tienda De Ropa Angy,Hueyapan,+52 23 1140 5407,ND,https://wa.me/522311405407,https://www.facebook.com/search/pages/?q=Tienda%20De%20Ropa%20Angy%20Hueyapan,"https://www.google.com/maps/search/?api=1&query=19.88380134,-97.44550154"
Tienda De Ropa Casa Mario,Hueyapan,+52 23 1102 9015,ND,https://wa.me/522311029015,https://www.facebook.com/search/pages/?q=Tienda%20De%20Ropa%20Casa%20Mario%20Hueyapan,"https://www.google.com/maps/search/?api=1&query=19.88181865,-97.44591288"
Boutique Eclipse,Hueytamalco,+52 23 1329 2610,ND,https://wa.me/522313292610,https://www.facebook.com/search/pages/?q=Boutique%20Eclipse%20Hueytamalco,"https://www.google.com/maps/search/?api=1&query=19.93952637,-97.28784082"
Tienda De Pantalones Jeans Gop,Hueytamalco,+52 23 2142 0114,ND,https://wa.me/522321420114,https://www.facebook.com/search/pages/?q=Tienda%20De%20Pantalones%20Jeans%20Gop%20Hueytamalco,"https://www.google.com/maps/search/?api=1&query=19.93940089,-97.29013694"
Tienda De Ropa Moda E Inobacion Gaby,Hueytamalco,+52 23 2104 5080,ND,https://wa.me/522321045080,https://www.facebook.com/search/pages/?q=Tienda%20De%20Ropa%20Moda%20E%20Inobacion%20Gaby%20Hueytamalco,"https://www.google.com/maps/search/?api=1&query=19.94147811,-97.28996674"
Tienda De Ropa Moda Yaritza,Hueytamalco,+52 23 2147 2630,ND,https://wa.me/522321472630,https://www.facebook.com/search/pages/?q=Tienda%20De%20Ropa%20Moda%20Yaritza%20Hueytamalco,"https://www.google.com/maps/search/?api=1&query=19.93869954,-97.28840289"
Venta De Ropa Fashion Melly,Hueytamalco,+52 23 2104 5649,ND,https://wa.me/522321045649,https://www.facebook.com/search/pages/?q=Venta%20De%20Ropa%20Fashion%20Melly%20Hueytamalco,"https://www.google.com/maps/search/?api=1&query=19.93944633,-97.29018208"
Tienda De Ropa,Hueytlalpan,ND,ND,ND,https://www.facebook.com/search/pages/?q=Tienda%20De%20Ropa%20Hueytlalpan,"https://www.google.com/maps/search/?api=1&query=20.02612678,-97.69774974"
Tienda De Ropa,Hueytlalpan,ND,ND,ND,https://www.facebook.com/search/pages/?q=Tienda%20De%20Ropa%20Hueytlalpan,"https://www.google.com/maps/search/?api=1&query=20.02554907,-97.69837133"
Tienda De Ropa,Huitzilan de Serdán,+52 23 3111 6750,ND,https://wa.me/522331116750,https://www.facebook.com/search/pages/?q=Tienda%20De%20Ropa%20Huitzilan%20de%20Serdán,"https://www.google.com/maps/search/?api=1&query=19.97065784,-97.69664071"
Tienda De Ropa,Huitzilan de Serdán,ND,ND,ND,https://www.facebook.com/search/pages/?q=Tienda%20De%20Ropa%20Huitzilan%20de%20Serdán,"https://www.google.com/maps/search/?api=1&query=19.9679354,-97.69453258"
Amile Fashion Boutique,Huitziltepec,ND,ND,ND,https://www.facebook.com/search/pages/?q=Amile%20Fashion%20Boutique%20Huitziltepec,"https://www.google.com/maps/search/?api=1&query=18.77100281,-97.88143234"
Ropa Y Algo Mas... Fatima,Huitziltepec,ND,ND,ND,https://www.facebook.com/search/pages/?q=Ropa%20Y%20Algo%20Mas...%20Fatima%20Huitziltepec,"https://www.google.com/maps/search/?api=1&query=18.77177229,-97.88393542"
Tienda De Ropa Cari,Ixcamilpa de Guerrero,+52 24 3101 8199,ND,https://wa.me/522431018199,https://www.facebook.com/search/pages/?q=Tienda%20De%20Ropa%20Cari%20Ixcamilpa%20de%20Guerrero,"https://www.google.com/maps/search/?api=1&query=18.02761841,-98.69635804"
Tienda De Ropa,Ixcamilpa de Guerrero,ND,ND,ND,https://www.facebook.com/search/pages/?q=Tienda%20De%20Ropa%20Ixcamilpa%20de%20Guerrero,"https://www.google.com/maps/search/?api=1&query=18.02745121,-98.69667722"
Angys Boutique,Ixcaquixtla,+52 22 4112 4213,ND,https://wa.me/522241124213,https://www.facebook.com/search/pages/?q=Angys%20Boutique%20Ixcaquixtla,"https://www.google.com/maps/search/?api=1&query=18.45990993,-97.83343393"
Boutique Lm,Ixcaquixtla,+52 55 2332 5547,ND,https://wa.me/525523325547,https://www.facebook.com/search/pages/?q=Boutique%20Lm%20Ixcaquixtla,"https://www.google.com/maps/search/?api=1&query=18.47075069,-97.8314417"
Boutique Nalleli,Ixcaquixtla,+52 66 4728 3019,ND,https://wa.me/526647283019,https://www.facebook.com/search/pages/?q=Boutique%20Nalleli%20Ixcaquixtla,"https://www.google.com/maps/search/?api=1&query=18.45719574,-97.83333389"
Boutique Uri,Ixcaquixtla,+52 22 4100 9609,ND,https://wa.me/522241009609,https://www.facebook.com/search/pages/?q=Boutique%20Uri%20Ixcaquixtla,"https://www.google.com/maps/search/?api=1&query=18.46145966,-97.83238673"
Tienda De Ropa Vaquera Camachos,Ixcaquixtla,+52 22 4108 9705,ND,https://wa.me/522241089705,https://www.facebook.com/search/pages/?q=Tienda%20De%20Ropa%20Vaquera%20Camachos%20Ixcaquixtla,"https://www.google.com/maps/search/?api=1&query=18.45931653,-97.83119393"
Tienda De Ropa Bonillas,Ixtacamaxtitlán,+52 24 1159 6883,ND,https://wa.me/522411596883,https://www.facebook.com/search/pages/?q=Tienda%20De%20Ropa%20Bonillas%20Ixtacamaxtitlán,"https://www.google.com/maps/search/?api=1&query=19.62402392,-97.81597428"
Tienda De Ropa El Angel,Ixtacamaxtitlán,+52 24 1158 6403,ND,https://wa.me/522411586403,https://www.facebook.com/search/pages/?q=Tienda%20De%20Ropa%20El%20Angel%20Ixtacamaxtitlán,"https://www.google.com/maps/search/?api=1&query=19.62412586,-97.81557143"
Tienda De Ropa Janet Y Mayra,Ixtepec,+52 23 3106 4518,ND,https://wa.me/522331064518,https://www.facebook.com/search/pages/?q=Tienda%20De%20Ropa%20Janet%20Y%20Mayra%20Ixtepec,"https://www.google.com/maps/search/?api=1&query=20.0259264,-97.64755038"
Venta De Ropa Vils,Ixtepec,+52 23 3120 9777,ND,https://wa.me/522331209777,https://www.facebook.com/search/pages/?q=Venta%20De%20Ropa%20Vils%20Ixtepec,"https://www.google.com/maps/search/?api=1&query=20.02443631,-97.64695863"
Boutique California,Izúcar de Matamoros,+52 24 3119 8348,ND,https://wa.me/522431198348,https://www.facebook.com/search/pages/?q=Boutique%20California%20Izúcar%20de%20Matamoros,"https://www.google.com/maps/search/?api=1&query=18.60472553,-98.46607383"
Boutique Coquette,Izúcar de Matamoros,+52 24 3112 9724,ND,https://wa.me/522431129724,https://www.facebook.com/search/pages/?q=Boutique%20Coquette%20Izúcar%20de%20Matamoros,"https://www.google.com/maps/search/?api=1&query=18.60201752,-98.46437778"
Boutique De Sol,Izúcar de Matamoros,+52 24 3124 8860,ND,https://wa.me/522431248860,https://www.facebook.com/search/pages/?q=Boutique%20De%20Sol%20Izúcar%20de%20Matamoros,"https://www.google.com/maps/search/?api=1&query=18.60537149,-98.46493529"
Boutique Emi,Izúcar de Matamoros,+52 24 3139 2245,ND,https://wa.me/522431392245,https://www.facebook.com/search/pages/?q=Boutique%20Emi%20Izúcar%20de%20Matamoros,"https://www.google.com/maps/search/?api=1&query=18.60410981,-98.46693567"
Boutique Fashion Rouse,Izúcar de Matamoros,+52 56 5303 5957,ND,https://wa.me/525653035957,https://www.facebook.com/search/pages/?q=Boutique%20Fashion%20Rouse%20Izúcar%20de%20Matamoros,"https://www.google.com/maps/search/?api=1&query=18.60345529,-98.46525263"
Boutique Jaque Mate,Izúcar de Matamoros,+52 24 3101 0186,ND,https://wa.me/522431010186,https://www.facebook.com/search/pages/?q=Boutique%20Jaque%20Mate%20Izúcar%20de%20Matamoros,"https://www.google.com/maps/search/?api=1&query=18.60441615,-98.46546253"
Boutique Laura,Izúcar de Matamoros,+52 24 3110 3936,ND,https://wa.me/522431103936,https://www.facebook.com/search/pages/?q=Boutique%20Laura%20Izúcar%20de%20Matamoros,"https://www.google.com/maps/search/?api=1&query=18.59783844,-98.46586218"
Boutique Maria Antonienta Izucar,Izúcar de Matamoros,+52 22 2333 7435,ND,https://wa.me/522223337435,https://www.facebook.com/search/pages/?q=Boutique%20Maria%20Antonienta%20Izucar%20Izúcar%20de%20Matamoros,"https://www.google.com/maps/search/?api=1&query=18.60368769,-98.46574522"
Boutique Mumu,Izúcar de Matamoros,+52 24 3127 4993,ND,https://wa.me/522431274993,https://www.facebook.com/search/pages/?q=Boutique%20Mumu%20Izúcar%20de%20Matamoros,"https://www.google.com/maps/search/?api=1&query=18.60542059,-98.4654687"
Boutique Patty,Izúcar de Matamoros,+52 24 3436 1460,ND,https://wa.me/522434361460,https://www.facebook.com/search/pages/?q=Boutique%20Patty%20Izúcar%20de%20Matamoros,"https://www.google.com/maps/search/?api=1&query=18.60345478,-98.46581308"
Boutique Retro Fashion,Izúcar de Matamoros,+52 24 3100 2243,ND,https://wa.me/522431002243,https://www.facebook.com/search/pages/?q=Boutique%20Retro%20Fashion%20Izúcar%20de%20Matamoros,"https://www.google.com/maps/search/?api=1&query=18.60413272,-98.46699054"
Candy Boutique,Izúcar de Matamoros,+52 24 3126 6803,ND,https://wa.me/522431266803,https://www.facebook.com/search/pages/?q=Candy%20Boutique%20Izúcar%20de%20Matamoros,"https://www.google.com/maps/search/?api=1&query=18.60272357,-98.467488"
Modas Dalia,Izúcar de Matamoros,+52 64 6377 3817,ND,https://wa.me/526463773817,https://www.facebook.com/search/pages/?q=Modas%20Dalia%20Izúcar%20de%20Matamoros,"https://www.google.com/maps/search/?api=1&query=18.54537855,-98.50723167"
Tienda De Ropa Mi Ranchito,Izúcar de Matamoros,+52 24 3112 6720,ND,https://wa.me/522431126720,https://www.facebook.com/search/pages/?q=Tienda%20De%20Ropa%20Mi%20Ranchito%20Izúcar%20de%20Matamoros,"https://www.google.com/maps/search/?api=1&query=18.59404084,-98.45911803"
Venta De Ropa Vaquera Angeles Del Infierno,Izúcar de Matamoros,+52 24 3101 5448,ND,https://wa.me/522431015448,https://www.facebook.com/search/pages/?q=Venta%20De%20Ropa%20Vaquera%20Angeles%20Del%20Infierno%20Izúcar%20de%20Matamoros,"https://www.google.com/maps/search/?api=1&query=18.58817793,-98.45551427"
Modas July,Jolalpan,+52 27 5433 3286,ND,https://wa.me/522754333286,https://www.facebook.com/search/pages/?q=Modas%20July%20Jolalpan,"https://www.google.com/maps/search/?api=1&query=18.32001225,-98.84340785"
Boutique Flor De Liz,Jonotla,ND,ND,ND,https://www.facebook.com/search/pages/?q=Boutique%20Flor%20De%20Liz%20Jonotla,"https://www.google.com/maps/search/?api=1&query=20.03019996,-97.57434631"
Tienda De Ropa Lupita,Jonotla,ND,ND,ND,https://www.facebook.com/search/pages/?q=Tienda%20De%20Ropa%20Lupita%20Jonotla,"https://www.google.com/maps/search/?api=1&query=20.03022995,-97.57435829"
Boutique Bonita De Vestir,Jopala,+52 55 7799 1665,ND,https://wa.me/525577991665,https://www.facebook.com/search/pages/?q=Boutique%20Bonita%20De%20Vestir%20Jopala,"https://www.google.com/maps/search/?api=1&query=20.16334957,-97.69316369"
Boutique Shein,Jopala,+52 79 7134 2071,ND,https://wa.me/527971342071,https://www.facebook.com/search/pages/?q=Boutique%20Shein%20Jopala,"https://www.google.com/maps/search/?api=1&query=20.24297111,-97.83111402"
Copias Y Venta De Pantalones Para Dama,Jopala,+52 77 6107 5979,ND,https://wa.me/527761075979,https://www.facebook.com/search/pages/?q=Copias%20Y%20Venta%20De%20Pantalones%20Para%20Dama%20Jopala,"https://www.google.com/maps/search/?api=1&query=20.24420078,-97.83047925"
The Shoping Queens,Jopala,+52 76 4130 3784,ND,https://wa.me/527641303784,https://www.facebook.com/search/pages/?q=The%20Shoping%20Queens%20Jopala,"https://www.google.com/maps/search/?api=1&query=20.24298327,-97.82914249"
Tienda De Ropa Fashion,Jopala,+52 81 8162 8990,ND,https://wa.me/528181628990,https://www.facebook.com/search/pages/?q=Tienda%20De%20Ropa%20Fashion%20Jopala,"https://www.google.com/maps/search/?api=1&query=20.24422306,-97.83052517"
Boutique The Colors,Juan C. Bonilla,+52 22 7120 3896,ND,https://wa.me/522271203896,https://www.facebook.com/search/pages/?q=Boutique%20The%20Colors%20Juan%20C.%20Bonilla,"https://www.google.com/maps/search/?api=1&query=19.10396665,-98.33764134"
Boutique L Farel,Juan Galindo,+52 77 1410 3397,ND,https://wa.me/527714103397,https://www.facebook.com/search/pages/?q=Boutique%20L%20Farel%20Juan%20Galindo,"https://www.google.com/maps/search/?api=1&query=20.20962673,-98.00705231"
Venta De Accesorio Y Ropa,Juan N. Méndez,ND,ND,ND,https://www.facebook.com/search/pages/?q=Venta%20De%20Accesorio%20Y%20Ropa%20Juan%20N.%20Méndez,"https://www.google.com/maps/search/?api=1&query=18.54471819,-97.77431457"
Venta De Ropa Para Dama,Juan N. Méndez,ND,ND,ND,https://www.facebook.com/search/pages/?q=Venta%20De%20Ropa%20Para%20Dama%20Juan%20N.%20Méndez,"https://www.google.com/maps/search/?api=1&query=18.5414687,-97.76989704"
Venta De Ropa,La Magdalena Tlatlauquitepec,ND,ND,ND,https://www.facebook.com/search/pages/?q=Venta%20De%20Ropa%20La%20Magdalena%20Tlatlauquitepec,"https://www.google.com/maps/search/?api=1&query=18.75936202,-98.09965502"
El closet ropa,Lafragua,+52 282 555 5341,ND,https://wa.me/522825555341,https://www.facebook.com/search/pages/?q=El%20closet%20ropa%20Lafragua,"https://www.google.com/maps/search/?api=1&query=19.2904974,-97.3480464"
OD-Botique,Lafragua,+52 282 103 7411,ND,https://wa.me/522821037411,https://www.facebook.com/search/pages/?q=OD-Botique%20Lafragua,"https://www.google.com/maps/search/?api=1&query=19.2901233,-97.3418936"
Boutique Coqueta,Libres,+52 27 6106 5725,ND,https://wa.me/522761065725,https://www.facebook.com/search/pages/?q=Boutique%20Coqueta%20Libres,"https://www.google.com/maps/search/?api=1&query=19.4670126,-97.68797185"
Boutique Issabella,Libres,+52 27 6109 8355,ND,https://wa.me/522761098355,https://www.facebook.com/search/pages/?q=Boutique%20Issabella%20Libres,"https://www.google.com/maps/search/?api=1&query=19.46377579,-97.69029439"
Boutique Lupita,Libres,+52 27 6107 2389,ND,https://wa.me/522761072389,https://www.facebook.com/search/pages/?q=Boutique%20Lupita%20Libres,"https://www.google.com/maps/search/?api=1&query=19.46100485,-97.68168532"
Boutique Mi Angel,Libres,+52 27 6123 4848,ND,https://wa.me/522761234848,https://www.facebook.com/search/pages/?q=Boutique%20Mi%20Angel%20Libres,"https://www.google.com/maps/search/?api=1&query=19.46442109,-97.6892922"
Boutique Sinai,Libres,+52 22 2709 2969,ND,https://wa.me/522227092969,https://www.facebook.com/search/pages/?q=Boutique%20Sinai%20Libres,"https://www.google.com/maps/search/?api=1&query=19.46362453,-97.68351401"
Compra Y Venta Ropa Fashion Hall,Libres,+52 27 6105 3479,ND,https://wa.me/522761053479,https://www.facebook.com/search/pages/?q=Compra%20Y%20Venta%20Ropa%20Fashion%20Hall%20Libres,"https://www.google.com/maps/search/?api=1&query=19.46642843,-97.68598614"
Jl Fashion Store,Libres,+52 27 6119 5660,ND,https://wa.me/522761195660,https://www.facebook.com/search/pages/?q=Jl%20Fashion%20Store%20Libres,"https://www.google.com/maps/search/?api=1&query=19.46738504,-97.68720782"
Mackafi Moda & Accesorios,Libres,+52 27 6100 3341,ND,https://wa.me/522761003341,https://www.facebook.com/search/pages/?q=Mackafi%20Moda%20%26%20Accesorios%20Libres,"https://www.google.com/maps/search/?api=1&query=19.46473408,-97.68850568"
Tienda De Ropa A Tu Estilo Pily,Libres,+52 27 6112 1405,ND,https://wa.me/522761121405,https://www.facebook.com/search/pages/?q=Tienda%20De%20Ropa%20A%20Tu%20Estilo%20Pily%20Libres,"https://www.google.com/maps/search/?api=1&query=19.46485212,-97.68563958"
Tienda De Ropa Berracos Shop,Libres,+52 27 6125 5597,ND,https://wa.me/522761255597,https://www.facebook.com/search/pages/?q=Tienda%20De%20Ropa%20Berracos%20Shop%20Libres,"https://www.google.com/maps/search/?api=1&query=19.4661305,-97.68692011"
Tienda De Ropa Boutique H G,Libres,+52 27 6122 6320,ND,https://wa.me/522761226320,https://www.facebook.com/search/pages/?q=Tienda%20De%20Ropa%20Boutique%20H%20G%20Libres,"https://www.google.com/maps/search/?api=1&query=19.46645409,-97.68649201"
Tienda De Ropa Celebrity Boutique,Libres,+52 22 1412 1607,ND,https://wa.me/522214121607,https://www.facebook.com/search/pages/?q=Tienda%20De%20Ropa%20Celebrity%20Boutique%20Libres,"https://www.google.com/maps/search/?api=1&query=19.46374634,-97.68893869"
Tienda De Ropa Chocolate Boutique,Libres,+52 27 6102 1885,ND,https://wa.me/522761021885,https://www.facebook.com/search/pages/?q=Tienda%20De%20Ropa%20Chocolate%20Boutique%20Libres,"https://www.google.com/maps/search/?api=1&query=19.46257065,-97.68732504"
Tienda De Ropa Ef Shop,Libres,+52 22 2733 1227,ND,https://wa.me/522227331227,https://www.facebook.com/search/pages/?q=Tienda%20De%20Ropa%20Ef%20Shop%20Libres,"https://www.google.com/maps/search/?api=1&query=19.46461751,-97.68583334"
Tienda De Ropa Kl Shop,Libres,+52 27 6136 2278,ND,https://wa.me/522761362278,https://www.facebook.com/search/pages/?q=Tienda%20De%20Ropa%20Kl%20Shop%20Libres,"https://www.google.com/maps/search/?api=1&query=19.46284953,-97.68657764"
Tienda De Ropa La Boutique,Libres,+52 27 3122 4452,ND,https://wa.me/522731224452,https://www.facebook.com/search/pages/?q=Tienda%20De%20Ropa%20La%20Boutique%20Libres,"https://www.google.com/maps/search/?api=1&query=19.45907772,-97.6910369"
Tienda De Ropa Lk Shop,Libres,+52 27 6111 5454,ND,https://wa.me/522761115454,https://www.facebook.com/search/pages/?q=Tienda%20De%20Ropa%20Lk%20Shop%20Libres,"https://www.google.com/maps/search/?api=1&query=19.46644721,-97.68793523"
Tienda De Ropa Nirvana Boutique,Libres,+52 27 6110 0311,ND,https://wa.me/522761100311,https://www.facebook.com/search/pages/?q=Tienda%20De%20Ropa%20Nirvana%20Boutique%20Libres,"https://www.google.com/maps/search/?api=1&query=19.46352338,-97.68830464"
Tienda De Ropa R Style,Libres,+52 27 6100 9184,ND,https://wa.me/522761009184,https://www.facebook.com/search/pages/?q=Tienda%20De%20Ropa%20R%20Style%20Libres,"https://www.google.com/maps/search/?api=1&query=19.46611879,-97.68682546"
Boutique Alexia,Los Reyes de Juárez,+52 22 1925 1543,alemellado_19@outlook.com,https://wa.me/522219251543,https://www.facebook.com/search/pages/?q=Boutique%20Alexia%20Los%20Reyes%20de%20Juárez,"https://www.google.com/maps/search/?api=1&query=18.96518865,-97.82301091"
Boutique De Wendy,Los Reyes de Juárez,+52 24 9150 6226,ND,https://wa.me/522491506226,https://www.facebook.com/search/pages/?q=Boutique%20De%20Wendy%20Los%20Reyes%20de%20Juárez,"https://www.google.com/maps/search/?api=1&query=18.95483094,-97.81383913"
Boutique Martinez Fernandez,Los Reyes de Juárez,+52 24 9123 2022,ND,https://wa.me/522491232022,https://www.facebook.com/search/pages/?q=Boutique%20Martinez%20Fernandez%20Los%20Reyes%20de%20Juárez,"https://www.google.com/maps/search/?api=1&query=18.94771886,-97.81133408"
Boutique Y Accesorios Ld,Los Reyes de Juárez,+52 24 9130 9346,ND,https://wa.me/522491309346,https://www.facebook.com/search/pages/?q=Boutique%20Y%20Accesorios%20Ld%20Los%20Reyes%20de%20Juárez,"https://www.google.com/maps/search/?api=1&query=18.96169971,-97.8209509"
Dress Well Los Reyes Boutique,Los Reyes de Juárez,+52 24 9118 5757,ND,https://wa.me/522491185757,https://www.facebook.com/search/pages/?q=Dress%20Well%20Los%20Reyes%20Boutique%20Los%20Reyes%20de%20Juárez,"https://www.google.com/maps/search/?api=1&query=18.94762194,-97.8116008"
Edith Rosas Boutique,Los Reyes de Juárez,+52 24 9148 2310,ND,https://wa.me/522491482310,https://www.facebook.com/search/pages/?q=Edith%20Rosas%20Boutique%20Los%20Reyes%20de%20Juárez,"https://www.google.com/maps/search/?api=1&query=18.96547411,-97.82352363"
Km Karla Melanie Boutique,Los Reyes de Juárez,+52 24 9244 6861,ND,https://wa.me/522492446861,https://www.facebook.com/search/pages/?q=Km%20Karla%20Melanie%20Boutique%20Los%20Reyes%20de%20Juárez,"https://www.google.com/maps/search/?api=1&query=18.94984879,-97.81516097"
Lauri Boutique,Los Reyes de Juárez,+52 22 2706 6232,ND,https://wa.me/522227066232,https://www.facebook.com/search/pages/?q=Lauri%20Boutique%20Los%20Reyes%20de%20Juárez,"https://www.google.com/maps/search/?api=1&query=18.96473705,-97.82123284"
Mara Boutique,Los Reyes de Juárez,+52 22 1292 1747,ND,https://wa.me/522212921747,https://www.facebook.com/search/pages/?q=Mara%20Boutique%20Los%20Reyes%20de%20Juárez,"https://www.google.com/maps/search/?api=1&query=18.9460804,-97.81177543"
Moda Shop 18,Los Reyes de Juárez,+52 24 9144 1549,ND,https://wa.me/522491441549,https://www.facebook.com/search/pages/?q=Moda%20Shop%2018%20Los%20Reyes%20de%20Juárez,"https://www.google.com/maps/search/?api=1&query=18.94724084,-97.8104601"
Set De Moda Mtz. Fdz,Los Reyes de Juárez,+52 24 9102 6429,ND,https://wa.me/522491026429,https://www.facebook.com/search/pages/?q=Set%20De%20Moda%20Mtz.%20Fdz%20Los%20Reyes%20de%20Juárez,"https://www.google.com/maps/search/?api=1&query=18.93190942,-97.82080364"
Tienda De Ropa Activa Tu Estilo,Los Reyes de Juárez,+52 78 2196 3293,ND,https://wa.me/527821963293,https://www.facebook.com/search/pages/?q=Tienda%20De%20Ropa%20Activa%20Tu%20Estilo%20Los%20Reyes%20de%20Juárez,"https://www.google.com/maps/search/?api=1&query=18.9686249,-97.82276253"
Algo bonito,Mazapiltepec de Juárez,ND,ND,ND,https://www.facebook.com/search/pages/?q=Algo%20bonito%20Mazapiltepec%20de%20Juárez,"https://www.google.com/maps/search/?api=1&query=19.1211523,-97.7080497"
Venta De Ropa Rojas,Mixtla,ND,ND,ND,https://www.facebook.com/search/pages/?q=Venta%20De%20Ropa%20Rojas%20Mixtla,"https://www.google.com/maps/search/?api=1&query=18.90329422,-97.89429366"
Tienda De Ropa,Mixtla,ND,ND,ND,https://www.facebook.com/search/pages/?q=Tienda%20De%20Ropa%20Mixtla,"https://www.google.com/maps/search/?api=1&query=18.90190366,-97.89463687"
Boutique Urihana,Molcaxac,+52 22 3126 9497,ND,https://wa.me/522231269497,https://www.facebook.com/search/pages/?q=Boutique%20Urihana%20Molcaxac,"https://www.google.com/maps/search/?api=1&query=18.74063873,-97.91027278"
Boutique El Mishi,Naupan,+52 77 6134 5000,ND,https://wa.me/527761345000,https://www.facebook.com/search/pages/?q=Boutique%20El%20Mishi%20Naupan,"https://www.google.com/maps/search/?api=1&query=20.22768043,-98.11030848"
Boutique Reyes,Naupan,+52 77 6114 8369,ND,https://wa.me/527761148369,https://www.facebook.com/search/pages/?q=Boutique%20Reyes%20Naupan,"https://www.google.com/maps/search/?api=1&query=20.2282257,-98.11061364"
Tienda De Ropa,Nauzontla,+52 23 3104 4075,ND,https://wa.me/522331044075,https://www.facebook.com/search/pages/?q=Tienda%20De%20Ropa%20Nauzontla,"https://www.google.com/maps/search/?api=1&query=19.95944894,-97.60382886"
Tienda De Ropa,Nauzontla,ND,ND,ND,https://www.facebook.com/search/pages/?q=Tienda%20De%20Ropa%20Nauzontla,"https://www.google.com/maps/search/?api=1&query=19.95976602,-97.60214563"
Boutique Julies Clothes,Nealtican,+52 22 1400 0397,ND,https://wa.me/522214000397,https://www.facebook.com/search/pages/?q=Boutique%20Julies%20Clothes%20Nealtican,"https://www.google.com/maps/search/?api=1&query=19.04577589,-98.42601965"
Boutique Luna,Nealtican,+52 22 2182 2982,ND,https://wa.me/522221822982,https://www.facebook.com/search/pages/?q=Boutique%20Luna%20Nealtican,"https://www.google.com/maps/search/?api=1&query=19.04932031,-98.43323665"
Oscar Boutique,Nealtican,+52 22 7109 2343,ND,https://wa.me/522271092343,https://www.facebook.com/search/pages/?q=Oscar%20Boutique%20Nealtican,"https://www.google.com/maps/search/?api=1&query=19.05157891,-98.43068"
Compra Venta De Ropa En General,Nicolás Bravo,+52 23 8274 2489,ND,https://wa.me/522382742489,https://www.facebook.com/search/pages/?q=Compra%20Venta%20De%20Ropa%20En%20General%20Nicolás%20Bravo,"https://www.google.com/maps/search/?api=1&query=18.6514807,-97.40007607"
Tienda De Ropa Soni Fashion,Nopalucan,+52 22 3115 6765,ND,https://wa.me/522231156765,https://www.facebook.com/search/pages/?q=Tienda%20De%20Ropa%20Soni%20Fashion%20Nopalucan,"https://www.google.com/maps/search/?api=1&query=19.21551756,-97.82410376"
Lunas Botique,Ocotepec,+52 23 1138 1280,ND,https://wa.me/522311381280,https://www.facebook.com/search/pages/?q=Lunas%20Botique%20Ocotepec,"https://www.google.com/maps/search/?api=1&query=19.55552815,-97.65517619"
Venta De Ropa,Ocotepec,+52 22 2714 2425,ND,https://wa.me/522227142425,https://www.facebook.com/search/pages/?q=Venta%20De%20Ropa%20Ocotepec,"https://www.google.com/maps/search/?api=1&query=19.55463695,-97.65351145"
Boutique Seni,Ocoyucan,+52 22 2634 0974,ND,https://wa.me/522226340974,https://www.facebook.com/search/pages/?q=Boutique%20Seni%20Ocoyucan,"https://www.google.com/maps/search/?api=1&query=18.97446578,-98.30412483"
Moda Fashion,Ocoyucan,+52 22 1240 1862,ND,https://wa.me/522212401862,https://www.facebook.com/search/pages/?q=Moda%20Fashion%20Ocoyucan,"https://www.google.com/maps/search/?api=1&query=18.9726476,-98.3375625"
Tienda De Ropa Charo,Olintla,+52 22 2565 7866,ND,https://wa.me/522225657866,https://www.facebook.com/search/pages/?q=Tienda%20De%20Ropa%20Charo%20Olintla,"https://www.google.com/maps/search/?api=1&query=20.12340605,-97.65503509"
Tienda De Ropa,Olintla,+52 23 3136 4440,ND,https://wa.me/522331364440,https://www.facebook.com/search/pages/?q=Tienda%20De%20Ropa%20Olintla,"https://www.google.com/maps/search/?api=1&query=20.10297514,-97.68438248"
Life Moda Y Hogar,Oriental,+52 27 6108 9389,ND,https://wa.me/522761089389,https://www.facebook.com/search/pages/?q=Life%20Moda%20Y%20Hogar%20Oriental,"https://www.google.com/maps/search/?api=1&query=19.37539669,-97.62073478"
Moda Magica,Pahuatlán,+52 77 6101 3617,ND,https://wa.me/527761013617,https://www.facebook.com/search/pages/?q=Moda%20Magica%20Pahuatlán,"https://www.google.com/maps/search/?api=1&query=20.27704043,-98.15139933"
Studio Moda Pahuatlan,Pahuatlán,+52 55 8034 2509,ND,https://wa.me/525580342509,https://www.facebook.com/search/pages/?q=Studio%20Moda%20Pahuatlan%20Pahuatlán,"https://www.google.com/maps/search/?api=1&query=20.27722755,-98.15021903"
Boutique Buchi Fressa,Palmar de Bravo,+52 23 8209 2926,ND,https://wa.me/522382092926,https://www.facebook.com/search/pages/?q=Boutique%20Buchi%20Fressa%20Palmar%20de%20Bravo,"https://www.google.com/maps/search/?api=1&query=18.81810963,-97.51068138"
Boutique Jupiter,Palmar de Bravo,+52 24 9100 1140,ND,https://wa.me/522491001140,https://www.facebook.com/search/pages/?q=Boutique%20Jupiter%20Palmar%20de%20Bravo,"https://www.google.com/maps/search/?api=1&query=18.81684628,-97.51097158"
Boutique Rosas,Palmar de Bravo,+52 22 2439 7740,ND,https://wa.me/522224397740,https://www.facebook.com/search/pages/?q=Boutique%20Rosas%20Palmar%20de%20Bravo,"https://www.google.com/maps/search/?api=1&query=18.81700112,-97.50932236"
Boutique Sofia Michelle,Palmar de Bravo,+52 22 1362 8797,ND,https://wa.me/522213628797,https://www.facebook.com/search/pages/?q=Boutique%20Sofia%20Michelle%20Palmar%20de%20Bravo,"https://www.google.com/maps/search/?api=1&query=18.81716264,-97.51326086"
Tienda De Ropa Aylin Shop,Palmar de Bravo,+52 24 9199 6792,ND,https://wa.me/522491996792,https://www.facebook.com/search/pages/?q=Tienda%20De%20Ropa%20Aylin%20Shop%20Palmar%20de%20Bravo,"https://www.google.com/maps/search/?api=1&query=18.81708333,-97.51160073"
Tienda De Ropa Burbus Shop,Palmar de Bravo,+52 24 9156 9782,ND,https://wa.me/522491569782,https://www.facebook.com/search/pages/?q=Tienda%20De%20Ropa%20Burbus%20Shop%20Palmar%20de%20Bravo,"https://www.google.com/maps/search/?api=1&query=18.81680303,-97.5108568"
Tienda De Ropa Cadena Shop,Palmar de Bravo,+52 24 9100 0990,ND,https://wa.me/522491000990,https://www.facebook.com/search/pages/?q=Tienda%20De%20Ropa%20Cadena%20Shop%20Palmar%20de%20Bravo,"https://www.google.com/maps/search/?api=1&query=18.82005268,-97.50796531"
Tienda De Ropa Girls Fashion,Palmar de Bravo,+52 24 9128 0030,ND,https://wa.me/522491280030,https://www.facebook.com/search/pages/?q=Tienda%20De%20Ropa%20Girls%20Fashion%20Palmar%20de%20Bravo,"https://www.google.com/maps/search/?api=1&query=18.81702218,-97.50769313"
Venta De Ropa Fashion Bren,Palmar de Bravo,+52 56 2731 7880,ND,https://wa.me/525627317880,https://www.facebook.com/search/pages/?q=Venta%20De%20Ropa%20Fashion%20Bren%20Palmar%20de%20Bravo,"https://www.google.com/maps/search/?api=1&query=18.87956643,-97.61171024"
Matmodas,Pantepec,+52 77 5183 1956,ND,https://wa.me/527751831956,https://www.facebook.com/search/pages/?q=Matmodas%20Pantepec,"https://www.google.com/maps/search/?api=1&query=20.526727,-97.85659953"
Tienda De Ropa,Petlalcingo,+52 95 3556 1603,ND,https://wa.me/529535561603,https://www.facebook.com/search/pages/?q=Tienda%20De%20Ropa%20Petlalcingo,"https://www.google.com/maps/search/?api=1&query=18.08600597,-97.91717174"
Tienda De Ropa,Petlalcingo,+52 95 3174 3031,ND,https://wa.me/529531743031,https://www.facebook.com/search/pages/?q=Tienda%20De%20Ropa%20Petlalcingo,"https://www.google.com/maps/search/?api=1&query=18.08213584,-97.92235937"
Tienda De Ropa Sandra,Piaxtla,+52 27 5109 2229,ND,https://wa.me/522751092229,https://www.facebook.com/search/pages/?q=Tienda%20De%20Ropa%20Sandra%20Piaxtla,"https://www.google.com/maps/search/?api=1&query=18.19870353,-98.2602511"
Tienda De Ropa,Piaxtla,+52 27 5107 1204,ND,https://wa.me/522751071204,https://www.facebook.com/search/pages/?q=Tienda%20De%20Ropa%20Piaxtla,"https://www.google.com/maps/search/?api=1&query=18.19797674,-98.26089624"
Albaricoque Style,Puebla,+52 22 2791 0192,albaricoquestyle@gmail.com,https://wa.me/522227910192,https://www.facebook.com/search/pages/?q=Albaricoque%20Style%20Puebla,"https://www.google.com/maps/search/?api=1&query=19.04398667,-98.2350029"
Aufi Shop Puebla,Puebla,+52 22 2560 1111,lorehg69@gmail.com,https://wa.me/522225601111,https://www.facebook.com/search/pages/?q=Aufi%20Shop%20Puebla%20Puebla,"https://www.google.com/maps/search/?api=1&query=19.05157224,-98.20638712"
Boutique Andariega,Puebla,+52 22 2154 1748,lucero_ibarrak@hotmail.com,https://wa.me/522221541748,https://www.facebook.com/search/pages/?q=Boutique%20Andariega%20Puebla,"https://www.google.com/maps/search/?api=1&query=19.03560178,-98.20573654"
Boutique Blezza,Puebla,+52 22 1277 4030,ND,https://wa.me/522212774030,https://BLEZZABOUTIQUE.COM/,"https://www.google.com/maps/search/?api=1&query=19.05058889,-98.27295063"
Boutique De Ropa D Moda,Puebla,+52 22 2215 6775,maibteh_perez@yahoo.com.mx,https://wa.me/522222156775,https://www.facebook.com/search/pages/?q=Boutique%20De%20Ropa%20D%20Moda%20Puebla,"https://www.google.com/maps/search/?api=1&query=18.96430571,-98.24075007"
Boutique Glamee,Puebla,+52 22 2321 4185,boutiqueglamee@gmail.com,https://wa.me/522223214185,https://www.facebook.com/search/pages/?q=Boutique%20Glamee%20Puebla,"https://www.google.com/maps/search/?api=1&query=19.05505064,-98.23032415"
Boutique Luz Elena,Puebla,+52 22 2125 9531,luz.elena9@yahoo.com.mx,https://wa.me/522221259531,https://www.facebook.com/search/pages/?q=Boutique%20Luz%20Elena%20Puebla,"https://www.google.com/maps/search/?api=1&query=19.06612055,-98.17767272"
Boutique Michel,Puebla,+52 22 2844 2655,patsypop13@gmail.com,https://wa.me/522228442655,https://www.facebook.com/search/pages/?q=Boutique%20Michel%20Puebla,"https://www.google.com/maps/search/?api=1&query=19.03935747,-98.17511187"
Boutique Paris,Puebla,+52 22 2240 2616,botiqueparis@gmail.com,https://wa.me/522222402616,https://www.facebook.com/search/pages/?q=Boutique%20Paris%20Puebla,"https://www.google.com/maps/search/?api=1&query=19.03738181,-98.19893431"
Boutique Shein,Puebla,+52 22 1321 5115,gabymr145@gmail.com,https://wa.me/522213215115,https://www.facebook.com/search/pages/?q=Boutique%20Shein%20Puebla,"https://www.google.com/maps/search/?api=1&query=19.01444485,-98.226654"
Cp Store Urban,Puebla,+52 22 2181 7299,cp.storemx@gmail.com,https://wa.me/522221817299,https://www.facebook.com/search/pages/?q=Cp%20Store%20Urban%20Puebla,"https://www.google.com/maps/search/?api=1&query=19.01956478,-98.22780691"
Emporio Boutique,Puebla,+52 22 2563 2121,elenacoyolt@gmail.com,https://wa.me/522225632121,https://www.facebook.com/search/pages/?q=Emporio%20Boutique%20Puebla,"https://www.google.com/maps/search/?api=1&query=18.99133407,-98.20121526"
Jeans West,Puebla,+52 22 2758 4208,jw8poniente@grupoguyi.com,https://wa.me/522227584208,https://www.facebook.com/search/pages/?q=Jeans%20West%20Puebla,"https://www.google.com/maps/search/?api=1&query=19.04751123,-98.19703208"
Moda Sara,Puebla,+52 78 2148 6338,garbal.hilario74@gmail.com,https://wa.me/527821486338,https://www.facebook.com/search/pages/?q=Moda%20Sara%20Puebla,"https://www.google.com/maps/search/?api=1&query=19.05058667,-98.19880415"
Moda Y Accesorios Lustore,Puebla,+52 49 2107 0974,lu.storemodaaccesorios@gmail.com,https://wa.me/524921070974,https://www.facebook.com/search/pages/?q=Moda%20Y%20Accesorios%20Lustore%20Puebla,"https://www.google.com/maps/search/?api=1&query=19.0351661,-98.18515203"
Ropa Dama Boutique Queens,Puebla,+52 22 2866 1319,palafoxm1@hotmail.cm,https://wa.me/522228661319,https://www.facebook.com/search/pages/?q=Ropa%20Dama%20Boutique%20Queens%20Puebla,"https://www.google.com/maps/search/?api=1&query=19.04549271,-98.23476708"
Sol Y Luna Boutique,Puebla,+52 22 2473 8397,solyluna@outlook.com,https://wa.me/522224738397,https://www.facebook.com/search/pages/?q=Sol%20Y%20Luna%20Boutique%20Puebla,"https://www.google.com/maps/search/?api=1&query=19.08716393,-98.21427969"
Soxshop,Puebla,+52 22 2321 0569,soxshopparque@tecnosocks.com,https://wa.me/522223210569,https://www.facebook.com/search/pages/?q=Soxshop%20Puebla,"https://www.google.com/maps/search/?api=1&query=19.07136222,-98.17341571"
Tango Boutique,Puebla,+52 22 2431 5094,tangooangelopolis@hotmail.com,https://wa.me/522224315094,https://www.facebook.com/search/pages/?q=Tango%20Boutique%20Puebla,"https://www.google.com/maps/search/?api=1&query=19.03016941,-98.23227481"
Amore Boutique,Puebla,+52 22 2128 5102,ND,https://wa.me/522221285102,https://www.facebook.com/search/pages/?q=Amore%20Boutique%20Puebla,"https://www.google.com/maps/search/?api=1&query=18.97450194,-98.19734418"
Anlu Boutique,Puebla,+52 22 2733 3481,ND,https://wa.me/522227333481,https://www.facebook.com/search/pages/?q=Anlu%20Boutique%20Puebla,"https://www.google.com/maps/search/?api=1&query=19.08914173,-98.22335391"
Bella Moda,Puebla,+52 22 2731 9691,ND,https://wa.me/522227319691,https://www.facebook.com/search/pages/?q=Bella%20Moda%20Puebla,"https://www.google.com/maps/search/?api=1&query=18.95690795,-98.2522498"
Bios Jeans,Puebla,+52 22 1184 5543,ND,https://wa.me/522211845543,https://www.facebook.com/search/pages/?q=Bios%20Jeans%20Puebla,"https://www.google.com/maps/search/?api=1&query=18.98823282,-98.19380062"
Boutique 21,Puebla,+52 22 2388 3287,ND,https://wa.me/522223883287,https://www.facebook.com/search/pages/?q=Boutique%2021%20Puebla,"https://www.google.com/maps/search/?api=1&query=18.98197963,-98.23364945"
Boutique Abbondanza,Puebla,+52 22 1333 5001,ND,https://wa.me/522213335001,https://www.facebook.com/search/pages/?q=Boutique%20Abbondanza%20Puebla,"https://www.google.com/maps/search/?api=1&query=18.9887882,-98.1974797"
Boutique Abril,Puebla,+52 22 2154 2880,ND,https://wa.me/522221542880,https://www.facebook.com/search/pages/?q=Boutique%20Abril%20Puebla,"https://www.google.com/maps/search/?api=1&query=19.03818258,-98.14412036"
Boutique Alas Shop,Puebla,+52 22 2867 9044,ND,https://wa.me/522228679044,https://www.facebook.com/search/pages/?q=Boutique%20Alas%20Shop%20Puebla,"https://www.google.com/maps/search/?api=1&query=19.04948137,-98.2024338"
Boutique Algo Bonito,Puebla,+52 22 2533 3076,ND,https://wa.me/522225333076,https://www.facebook.com/search/pages/?q=Boutique%20Algo%20Bonito%20Puebla,"https://www.google.com/maps/search/?api=1&query=18.99332812,-98.24041992"
Boutique Amelua,Puebla,+52 22 1419 3178,ND,https://wa.me/522214193178,https://www.facebook.com/search/pages/?q=Boutique%20Amelua%20Puebla,"https://www.google.com/maps/search/?api=1&query=18.99133407,-98.20121526"
Boutique Amor Bonito,Puebla,+52 22 2319 0109,ND,https://wa.me/522223190109,https://www.facebook.com/search/pages/?q=Boutique%20Amor%20Bonito%20Puebla,"https://www.google.com/maps/search/?api=1&query=19.06395529,-98.25015733"
Boutique Ana Fernanda,Puebla,+52 22 2357 9093,ND,https://wa.me/522223579093,https://www.facebook.com/search/pages/?q=Boutique%20Ana%20Fernanda%20Puebla,"https://www.google.com/maps/search/?api=1&query=19.05093974,-98.27345192"
Boutique Ana Glez,Puebla,+52 22 2522 6217,ND,https://wa.me/522225226217,https://www.facebook.com/search/pages/?q=Boutique%20Ana%20Glez%20Puebla,"https://www.google.com/maps/search/?api=1&query=18.96293127,-98.26471861"
Boutique Armoni,Puebla,+52 22 1188 1640,ND,https://wa.me/522211881640,https://www.facebook.com/search/pages/?q=Boutique%20Armoni%20Puebla,"https://www.google.com/maps/search/?api=1&query=18.96944521,-98.23721791"
Boutique Azul,Puebla,+52 22 2300 6268,ND,https://wa.me/522223006268,https://www.facebook.com/search/pages/?q=Boutique%20Azul%20Puebla,"https://www.google.com/maps/search/?api=1&query=19.02186817,-98.19878223"
Boutique Boga,Puebla,+52 22 2563 3132,ND,https://wa.me/522225633132,https://www.facebook.com/search/pages/?q=Boutique%20Boga%20Puebla,"https://www.google.com/maps/search/?api=1&query=19.00864076,-98.19982015"
Boutique Ceci,Puebla,+52 22 2867 8050,ND,https://wa.me/522228678050,https://www.facebook.com/search/pages/?q=Boutique%20Ceci%20Puebla,"https://www.google.com/maps/search/?api=1&query=18.90542052,-98.24614184"
Boutique Charlie,Puebla,+52 22 1230 1018,ND,https://wa.me/522212301018,https://www.facebook.com/search/pages/?q=Boutique%20Charlie%20Puebla,"https://www.google.com/maps/search/?api=1&query=19.09361972,-98.21502479"
Boutique Chely,Puebla,+52 22 2110 8482,ND,https://wa.me/522221108482,https://www.facebook.com/search/pages/?q=Boutique%20Chely%20Puebla,"https://www.google.com/maps/search/?api=1&query=19.06027389,-98.13296746"
Boutique Chicos Y Chicas,Puebla,+52 22 1436 0281,ND,https://wa.me/522214360281,https://www.facebook.com/search/pages/?q=Boutique%20Chicos%20Y%20Chicas%20Puebla,"https://www.google.com/maps/search/?api=1&query=19.04670957,-98.19733305"
Boutique Cole,Puebla,+52 22 1205 0505,ND,https://wa.me/522212050505,https://www.facebook.com/search/pages/?q=Boutique%20Cole%20Puebla,"https://www.google.com/maps/search/?api=1&query=19.04102573,-98.24324249"
Boutique Coral,Puebla,+52 22 2833 5790,ND,https://wa.me/522228335790,https://www.facebook.com/search/pages/?q=Boutique%20Coral%20Puebla,"https://www.google.com/maps/search/?api=1&query=19.04790209,-98.21374367"
Boutique D Angel,Puebla,+52 22 1329 4344,ND,https://wa.me/522213294344,https://www.facebook.com/search/pages/?q=Boutique%20D%20Angel%20Puebla,"https://www.google.com/maps/search/?api=1&query=18.97238681,-98.18356482"
Boutique De Ropa,Puebla,+52 22 2452 5361,ND,https://wa.me/522224525361,https://www.facebook.com/search/pages/?q=Boutique%20De%20Ropa%20Puebla,"https://www.google.com/maps/search/?api=1&query=18.98029899,-98.26200546"
Boutique De Ropa,Puebla,+52 22 1360 9288,ND,https://wa.me/522213609288,https://www.facebook.com/search/pages/?q=Boutique%20De%20Ropa%20Puebla,"https://www.google.com/maps/search/?api=1&query=18.99235994,-98.25055606"
Boutique De Ropa Pao,Puebla,+52 22 2827 8007,ND,https://wa.me/522228278007,https://www.facebook.com/search/pages/?q=Boutique%20De%20Ropa%20Pao%20Puebla,"https://www.google.com/maps/search/?api=1&query=19.03818319,-98.14421556"
Boutique De Vargas,Puebla,+52 22 2670 8945,ND,https://wa.me/522226708945,https://www.facebook.com/search/pages/?q=Boutique%20De%20Vargas%20Puebla,"https://www.google.com/maps/search/?api=1&query=18.90914832,-98.1763007"
Boutique Divas And Mens Fashion,Puebla,+52 22 1336 0478,ND,https://wa.me/522213360478,https://www.facebook.com/search/pages/?q=Boutique%20Divas%20And%20Mens%20Fashion%20Puebla,"https://www.google.com/maps/search/?api=1&query=19.03267227,-98.12602374"
Boutique Divine,Puebla,+52 22 2618 4352,ND,https://wa.me/522226184352,https://www.facebook.com/search/pages/?q=Boutique%20Divine%20Puebla,"https://www.google.com/maps/search/?api=1&query=19.04957805,-98.19554097"
Boutique Dulce Beso,Puebla,+52 22 1282 1384,ND,https://wa.me/522212821384,https://www.facebook.com/search/pages/?q=Boutique%20Dulce%20Beso%20Puebla,"https://www.google.com/maps/search/?api=1&query=18.98598666,-98.21096415"
Boutique E Herco,Puebla,+52 22 2662 5203,ND,https://wa.me/522226625203,https://www.facebook.com/search/pages/?q=Boutique%20E%20Herco%20Puebla,"https://www.google.com/maps/search/?api=1&query=19.01561643,-98.18422971"
Boutique Eba,Puebla,+52 22 2805 2376,ND,https://wa.me/522228052376,https://www.facebook.com/search/pages/?q=Boutique%20Eba%20Puebla,"https://www.google.com/maps/search/?api=1&query=18.97898667,-98.23629724"
Boutique El Milagro,Puebla,+52 22 1375 9299,ND,https://wa.me/522213759299,https://www.facebook.com/search/pages/?q=Boutique%20El%20Milagro%20Puebla,"https://www.google.com/maps/search/?api=1&query=19.06119023,-98.14212023"
Boutique El Renacer,Puebla,+52 22 2395 0155,ND,https://wa.me/522223950155,https://www.facebook.com/search/pages/?q=Boutique%20El%20Renacer%20Puebla,"https://www.google.com/maps/search/?api=1&query=18.98721679,-98.24237439"
Boutique Elegancia A La Moda,Puebla,+52 22 2108 6007,ND,https://wa.me/522221086007,https://www.facebook.com/search/pages/?q=Boutique%20Elegancia%20A%20La%20Moda%20Puebla,"https://www.google.com/maps/search/?api=1&query=19.03432128,-98.14980855"
Boutique Elena,Puebla,+52 22 2528 2853,ND,https://wa.me/522225282853,https://www.facebook.com/search/pages/?q=Boutique%20Elena%20Puebla,"https://www.google.com/maps/search/?api=1&query=19.07542447,-98.19578722"
Boutique Estefhanny Herrera,Puebla,+52 22 2526 0470,ND,https://wa.me/522225260470,https://www.facebook.com/search/pages/?q=Boutique%20Estefhanny%20Herrera%20Puebla,"https://www.google.com/maps/search/?api=1&query=19.04397371,-98.19565249"
Boutique Estela Del Carmen,Puebla,+52 22 2497 7220,ND,https://wa.me/522224977220,https://www.facebook.com/search/pages/?q=Boutique%20Estela%20Del%20Carmen%20Puebla,"https://www.google.com/maps/search/?api=1&query=19.01146584,-98.19973758"
Boutique Fashion,Puebla,+52 22 2151 8089,ND,https://wa.me/522221518089,https://www.facebook.com/search/pages/?q=Boutique%20Fashion%20Puebla,"https://www.google.com/maps/search/?api=1&query=18.97610153,-98.19287415"
Boutique Fashion,Puebla,+52 22 2160 1636,ND,https://wa.me/522221601636,https://www.facebook.com/search/pages/?q=Boutique%20Fashion%20Puebla,"https://www.google.com/maps/search/?api=1&query=18.96659407,-98.21459977"
Boutique Fer,Puebla,+52 22 2119 0395,ND,https://wa.me/522221190395,https://www.facebook.com/search/pages/?q=Boutique%20Fer%20Puebla,"https://www.google.com/maps/search/?api=1&query=19.14618444,-98.10494159"
Boutique Fer,Puebla,+52 22 1193 2435,ND,https://wa.me/522211932435,https://www.facebook.com/search/pages/?q=Boutique%20Fer%20Puebla,"https://www.google.com/maps/search/?api=1&query=18.96411675,-98.26764355"
Boutique G&A,Puebla,+52 22 1587 7543,ND,https://wa.me/522215877543,https://www.facebook.com/search/pages/?q=Boutique%20G%26A%20Puebla,"https://www.google.com/maps/search/?api=1&query=19.09012416,-98.20059311"
Boutique Gaby,Puebla,+52 22 1206 6866,ND,https://wa.me/522212066866,https://www.facebook.com/search/pages/?q=Boutique%20Gaby%20Puebla,"https://www.google.com/maps/search/?api=1&query=19.074567,-98.19290425"
Boutique Gaez,Puebla,+52 22 1595 7878,ND,https://wa.me/522215957878,https://www.facebook.com/search/pages/?q=Boutique%20Gaez%20Puebla,"https://www.google.com/maps/search/?api=1&query=18.98817248,-98.22952857"
Boutique Gi Gitsy,Puebla,+52 22 2536 1593,ND,https://wa.me/522225361593,https://www.facebook.com/search/pages/?q=Boutique%20Gi%20Gitsy%20Puebla,"https://www.google.com/maps/search/?api=1&query=18.98785212,-98.21057123"
Boutique Gloria,Puebla,+52 22 2323 3186,ND,https://wa.me/522223233186,https://www.facebook.com/search/pages/?q=Boutique%20Gloria%20Puebla,"https://www.google.com/maps/search/?api=1&query=19.02572581,-98.21048038"
Boutique H Y M,Puebla,+52 22 2343 2018,ND,https://wa.me/522223432018,https://www.facebook.com/search/pages/?q=Boutique%20H%20Y%20M%20Puebla,"https://www.google.com/maps/search/?api=1&query=19.09584862,-98.16561604"
Boutique Heyshop,Puebla,+52 22 1576 9236,ND,https://wa.me/522215769236,https://www.facebook.com/search/pages/?q=Boutique%20Heyshop%20Puebla,"https://www.google.com/maps/search/?api=1&query=19.0096001,-98.20365332"
Boutique Indara,Puebla,+52 22 2437 5782,ND,https://wa.me/522224375782,https://www.facebook.com/search/pages/?q=Boutique%20Indara%20Puebla,"https://www.google.com/maps/search/?api=1&query=19.02897926,-98.14218881"
Boutique Karis Star,Puebla,+52 22 1525 2597,ND,https://wa.me/522215252597,https://www.facebook.com/search/pages/?q=Boutique%20Karis%20Star%20Puebla,"https://www.google.com/maps/search/?api=1&query=19.07633073,-98.24630185"
Boutique Karmalove,Puebla,+52 22 2225 2093,ND,https://wa.me/522222252093,https://www.facebook.com/search/pages/?q=Boutique%20Karmalove%20Puebla,"https://www.google.com/maps/search/?api=1&query=19.07058631,-98.22591145"
Boutique Kasual,Puebla,+52 22 2446 2728,ND,https://wa.me/522224462728,https://www.facebook.com/search/pages/?q=Boutique%20Kasual%20Puebla,"https://www.google.com/maps/search/?api=1&query=19.09800578,-98.21834189"
Boutique La Morita,Puebla,+52 22 1136 9896,ND,https://wa.me/522211369896,https://www.facebook.com/search/pages/?q=Boutique%20La%20Morita%20Puebla,"https://www.google.com/maps/search/?api=1&query=19.07468448,-98.25441674"
Boutique La Principal,Puebla,+52 22 2345 0314,ND,https://wa.me/522223450314,https://www.facebook.com/search/pages/?q=Boutique%20La%20Principal%20Puebla,"https://www.google.com/maps/search/?api=1&query=19.09243056,-98.19900423"
Boutique Lady,Puebla,+52 22 2567 2959,ND,https://wa.me/522225672959,https://www.facebook.com/search/pages/?q=Boutique%20Lady%20Puebla,"https://www.google.com/maps/search/?api=1&query=19.07678229,-98.14158804"
Boutique Latina,Puebla,+52 22 2244 9130,ND,https://wa.me/522222449130,https://www.facebook.com/search/pages/?q=Boutique%20Latina%20Puebla,"https://www.google.com/maps/search/?api=1&query=19.01581407,-98.19822765"
Boutique Laura,Puebla,+52 22 2243 2481,ND,https://wa.me/522222432481,https://www.facebook.com/search/pages/?q=Boutique%20Laura%20Puebla,"https://www.google.com/maps/search/?api=1&query=19.02514025,-98.20999942"
Boutique Lezama,Puebla,+52 22 2160 4836,ND,https://wa.me/522221604836,https://www.facebook.com/search/pages/?q=Boutique%20Lezama%20Puebla,"https://www.google.com/maps/search/?api=1&query=18.96959812,-98.1846193"
Boutique Lggins Fasdhion,Puebla,+52 22 2128 6741,ND,https://wa.me/522221286741,https://www.facebook.com/search/pages/?q=Boutique%20Lggins%20Fasdhion%20Puebla,"https://www.google.com/maps/search/?api=1&query=18.96779285,-98.21832821"
Boutique Lili Venta Ee Ropa Para Dama Y Caballero,Puebla,+52 22 1652 4301,ND,https://wa.me/522216524301,https://www.facebook.com/search/pages/?q=Boutique%20Lili%20Venta%20Ee%20Ropa%20Para%20Dama%20Y%20Caballero%20Puebla,"https://www.google.com/maps/search/?api=1&query=18.94346032,-98.15835189"
Boutique Lolas,Puebla,+52 22 2105 9586,ND,https://wa.me/522221059586,https://www.facebook.com/search/pages/?q=Boutique%20Lolas%20Puebla,"https://www.google.com/maps/search/?api=1&query=19.07205523,-98.16674767"
Boutique Luna Karis,Puebla,+52 22 2832 7737,ND,https://wa.me/522228327737,https://www.facebook.com/search/pages/?q=Boutique%20Luna%20Karis%20Puebla,"https://www.google.com/maps/search/?api=1&query=19.05667805,-98.14715417"
Boutique Male S,Puebla,+52 22 1180 8691,ND,https://wa.me/522211808691,https://www.facebook.com/search/pages/?q=Boutique%20Male%20S%20Puebla,"https://www.google.com/maps/search/?api=1&query=19.10158109,-98.22600175"
Boutique Mar,Puebla,+52 22 2867 3987,ND,https://wa.me/522228673987,https://www.facebook.com/search/pages/?q=Boutique%20Mar%20Puebla,"https://www.google.com/maps/search/?api=1&query=19.06267957,-98.12892868"
Boutique Mariana,Puebla,+52 22 2685 7824,ND,https://wa.me/522226857824,https://www.facebook.com/search/pages/?q=Boutique%20Mariana%20Puebla,"https://www.google.com/maps/search/?api=1&query=19.00876347,-98.18777432"
Boutique Mateos,Puebla,+52 22 2242 2532,ND,https://wa.me/522222422532,https://www.facebook.com/search/pages/?q=Boutique%20Mateos%20Puebla,"https://www.google.com/maps/search/?api=1&query=19.04166627,-98.20026716"
Boutique Meaculpa,Puebla,+52 22 2482 0691,ND,https://wa.me/522224820691,https://www.facebook.com/search/pages/?q=Boutique%20Meaculpa%20Puebla,"https://www.google.com/maps/search/?api=1&query=19.01042285,-98.24546358"
Boutique Moda Luna,Puebla,+52 22 1255 5747,ND,https://wa.me/522212555747,https://www.facebook.com/search/pages/?q=Boutique%20Moda%20Luna%20Puebla,"https://www.google.com/maps/search/?api=1&query=19.10412962,-98.22511428"
Boutique Moon,Puebla,+52 22 2333 9626,ND,https://wa.me/522223339626,https://www.facebook.com/search/pages/?q=Boutique%20Moon%20Puebla,"https://www.google.com/maps/search/?api=1&query=18.97762624,-98.2457421"
Boutique Mors,Puebla,+52 22 2493 2689,ND,https://wa.me/522224932689,https://www.facebook.com/search/pages/?q=Boutique%20Mors%20Puebla,"https://www.google.com/maps/search/?api=1&query=18.97355617,-98.2187694"
Boutique Multimarcas,Puebla,+52 22 1104 5174,ND,https://wa.me/522211045174,https://www.facebook.com/search/pages/?q=Boutique%20Multimarcas%20Puebla,"https://www.google.com/maps/search/?api=1&query=18.9718982,-98.21444328"
Boutique Mundo Europea,Puebla,+52 22 2362 7017,ND,https://wa.me/522223627017,https://www.facebook.com/search/pages/?q=Boutique%20Mundo%20Europea%20Puebla,"https://www.google.com/maps/search/?api=1&query=19.00901133,-98.18654502"
Boutique Picazo,Puebla,+52 22 2818 9297,ND,https://wa.me/522228189297,https://www.facebook.com/search/pages/?q=Boutique%20Picazo%20Puebla,"https://www.google.com/maps/search/?api=1&query=19.08595307,-98.18395665"
Boutique Pinillos,Puebla,+52 24 6490 0617,ND,https://wa.me/522464900617,https://www.facebook.com/search/pages/?q=Boutique%20Pinillos%20Puebla,"https://www.google.com/maps/search/?api=1&query=19.08727946,-98.18633533"
Boutique Polenta,Puebla,+52 22 2637 4760,ND,https://wa.me/522226374760,https://www.facebook.com/search/pages/?q=Boutique%20Polenta%20Puebla,"https://www.google.com/maps/search/?api=1&query=19.04388969,-98.20095868"
Boutique Princess,Puebla,+52 22 2249 0697,ND,https://wa.me/522222490697,https://www.facebook.com/search/pages/?q=Boutique%20Princess%20Puebla,"https://www.google.com/maps/search/?api=1&query=19.07038258,-98.23458983"
Boutique Ranita,Puebla,+52 22 1140 3314,ND,https://wa.me/522211403314,https://www.facebook.com/search/pages/?q=Boutique%20Ranita%20Puebla,"https://www.google.com/maps/search/?api=1&query=18.95677052,-98.23898155"
Boutique Reina Eternity,Puebla,+52 22 2506 1838,ND,https://wa.me/522225061838,https://www.facebook.com/search/pages/?q=Boutique%20Reina%20Eternity%20Puebla,"https://www.google.com/maps/search/?api=1&query=19.04646594,-98.23096623"
Boutique Rodvan,Puebla,+52 22 2613 3293,ND,https://wa.me/522226133293,https://www.facebook.com/search/pages/?q=Boutique%20Rodvan%20Puebla,"https://www.google.com/maps/search/?api=1&query=18.96680415,-98.19956777"
Boutique Rossy,Puebla,+52 22 1422 5811,ND,https://wa.me/522214225811,https://www.facebook.com/search/pages/?q=Boutique%20Rossy%20Puebla,"https://www.google.com/maps/search/?api=1&query=19.07475756,-98.24953309"
Boutique Rosy,Puebla,+52 22 2147 8990,ND,https://wa.me/522221478990,https://www.facebook.com/search/pages/?q=Boutique%20Rosy%20Puebla,"https://www.google.com/maps/search/?api=1&query=18.95387381,-98.24585471"
Boutique Rous,Puebla,+52 22 2824 0930,ND,https://wa.me/522228240930,https://www.facebook.com/search/pages/?q=Boutique%20Rous%20Puebla,"https://www.google.com/maps/search/?api=1&query=19.06728512,-98.12674508"
Boutique Santa,Puebla,+52 22 2101 6533,ND,https://wa.me/522221016533,https://www.facebook.com/search/pages/?q=Boutique%20Santa%20Puebla,"https://www.google.com/maps/search/?api=1&query=18.99258831,-98.22718617"
Boutique Scorpion,Puebla,+52 22 2230 3798,ND,https://wa.me/522222303798,https://www.facebook.com/search/pages/?q=Boutique%20Scorpion%20Puebla,"https://www.google.com/maps/search/?api=1&query=19.06594388,-98.21286969"
Boutique Sofia,Puebla,+52 22 2801 5206,ND,https://wa.me/522228015206,https://www.facebook.com/search/pages/?q=Boutique%20Sofia%20Puebla,"https://www.google.com/maps/search/?api=1&query=19.08294945,-98.23174166"
Boutique Store,Puebla,+52 22 2713 6471,ND,https://wa.me/522227136471,https://www.facebook.com/search/pages/?q=Boutique%20Store%20Puebla,"https://www.google.com/maps/search/?api=1&query=19.0378423,-98.1485208"
Boutique Susy,Puebla,+52 22 1234 7564,ND,https://wa.me/522212347564,https://www.facebook.com/search/pages/?q=Boutique%20Susy%20Puebla,"https://www.google.com/maps/search/?api=1&query=19.07051754,-98.13501954"
Boutique Torela,Puebla,+52 22 2108 2842,ND,https://wa.me/522221082842,https://www.facebook.com/search/pages/?q=Boutique%20Torela%20Puebla,"https://www.google.com/maps/search/?api=1&query=19.02652188,-98.20916731"
Boutique V&P,Puebla,+52 72 2396 0221,ND,https://wa.me/527223960221,https://www.facebook.com/search/pages/?q=Boutique%20V%26P%20Puebla,"https://www.google.com/maps/search/?api=1&query=19.05184799,-98.27409181"
Boutique Valaz,Puebla,+52 22 1527 5766,ND,https://wa.me/522215275766,https://www.facebook.com/search/pages/?q=Boutique%20Valaz%20Puebla,"https://www.google.com/maps/search/?api=1&query=18.99071712,-98.19044171"
Boutique Vianey,Puebla,+52 22 2428 5676,ND,https://wa.me/522224285676,https://www.facebook.com/search/pages/?q=Boutique%20Vianey%20Puebla,"https://www.google.com/maps/search/?api=1&query=18.96862076,-98.24124992"
Boutique Woman Style,Puebla,+52 22 2209 4919,ND,https://wa.me/522222094919,https://www.facebook.com/search/pages/?q=Boutique%20Woman%20Style%20Puebla,"https://www.google.com/maps/search/?api=1&query=19.04383313,-98.20115229"
Boutique Xitami,Puebla,+52 22 1584 5962,ND,https://wa.me/522215845962,https://www.facebook.com/search/pages/?q=Boutique%20Xitami%20Puebla,"https://www.google.com/maps/search/?api=1&query=19.06142684,-98.14720774"
Boutique Zamora,Puebla,+52 22 2930 5845,ND,https://wa.me/522229305845,https://www.facebook.com/search/pages/?q=Boutique%20Zamora%20Puebla,"https://www.google.com/maps/search/?api=1&query=18.96750007,-98.24037254"
Casa Boutique,Puebla,+52 22 2545 9700,ND,https://wa.me/522225459700,https://www.facebook.com/search/pages/?q=Casa%20Boutique%20Puebla,"https://www.google.com/maps/search/?api=1&query=19.14749541,-98.10558937"
Cherry Shop,Puebla,+52 22 1137 3172,ND,https://wa.me/522211373172,https://www.facebook.com/search/pages/?q=Cherry%20Shop%20Puebla,"https://www.google.com/maps/search/?api=1&query=19.10175961,-98.12620311"
Closet Boutique De Ropa Para Dama,Puebla,+52 22 2713 9777,ND,https://wa.me/522227139777,https://www.facebook.com/search/pages/?q=Closet%20Boutique%20De%20Ropa%20Para%20Dama%20Puebla,"https://www.google.com/maps/search/?api=1&query=18.97016291,-98.26626238"
Cool Moda,Puebla,+52 22 2912 9704,ND,https://wa.me/522229129704,https://www.facebook.com/search/pages/?q=Cool%20Moda%20Puebla,"https://www.google.com/maps/search/?api=1&query=19.07517349,-98.12829318"
Cubo Boutique,Puebla,+52 22 2174 2173,ND,https://wa.me/522221742173,https://www.facebook.com/search/pages/?q=Cubo%20Boutique%20Puebla,"https://www.google.com/maps/search/?api=1&query=18.99722829,-98.20366735"
De Moda Y Casa,Puebla,+52 22 2647 6478,ND,https://wa.me/522226476478,https://www.facebook.com/search/pages/?q=De%20Moda%20Y%20Casa%20Puebla,"https://www.google.com/maps/search/?api=1&query=18.98914944,-98.24063752"
Deus Store,Puebla,+52 22 2395 0057,ND,https://wa.me/522223950057,https://www.facebook.com/search/pages/?q=Deus%20Store%20Puebla,"https://www.google.com/maps/search/?api=1&query=18.98685935,-98.24879099"
Eh Fashion,Puebla,+52 22 1655 7955,ND,https://wa.me/522216557955,https://www.facebook.com/search/pages/?q=Eh%20Fashion%20Puebla,"https://www.google.com/maps/search/?api=1&query=18.98385854,-98.25192622"
El Closet De Afrodita,Puebla,+52 22 2507 7852,ND,https://wa.me/522225077852,https://www.facebook.com/search/pages/?q=El%20Closet%20De%20Afrodita%20Puebla,"https://www.google.com/maps/search/?api=1&query=19.01387264,-98.22847403"
El Closet De Andy,Puebla,+52 22 2748 1674,ND,https://wa.me/522227481674,https://www.facebook.com/search/pages/?q=El%20Closet%20De%20Andy%20Puebla,"https://www.google.com/maps/search/?api=1&query=19.06305429,-98.2364236"
Eri Mora Boutique,Puebla,+52 22 2560 8942,ND,https://wa.me/522225608942,https://www.facebook.com/search/pages/?q=Eri%20Mora%20Boutique%20Puebla,"https://www.google.com/maps/search/?api=1&query=19.0571938,-98.26313518"
Faty Boutique,Puebla,+52 22 2196 6800,ND,https://wa.me/522221966800,https://www.facebook.com/search/pages/?q=Faty%20Boutique%20Puebla,"https://www.google.com/maps/search/?api=1&query=19.04658648,-98.19906669"
Fresa Glam Boutique,Puebla,+52 22 2256 4583,ND,https://wa.me/522222564583,https://www.facebook.com/search/pages/?q=Fresa%20Glam%20Boutique%20Puebla,"https://www.google.com/maps/search/?api=1&query=19.04615816,-98.2495178"
Gabys Boutique,Puebla,+52 22 1118 7123,ND,https://wa.me/522211187123,https://www.facebook.com/search/pages/?q=Gabys%20Boutique%20Puebla,"https://www.google.com/maps/search/?api=1&query=18.99040591,-98.24482384"
Gera Y Moda,Puebla,+52 22 2270 4973,ND,https://wa.me/522222704973,https://www.facebook.com/search/pages/?q=Gera%20Y%20Moda%20Puebla,"https://www.google.com/maps/search/?api=1&query=18.99987697,-98.23171128"
Gretas Boutique,Puebla,+52 22 2200 8480,ND,https://wa.me/522222008480,https://www.facebook.com/search/pages/?q=Gretas%20Boutique%20Puebla,"https://www.google.com/maps/search/?api=1&query=19.09828118,-98.22006104"
Island Boutique,Puebla,+52 22 2709 3278,ND,https://wa.me/522227093278,https://www.facebook.com/search/pages/?q=Island%20Boutique%20Puebla,"https://www.google.com/maps/search/?api=1&query=19.0123448,-98.23011648"
Jeans & Boutique Sory,Puebla,+52 22 2428 5868,ND,https://wa.me/522224285868,https://www.facebook.com/search/pages/?q=Jeans%20%26%20Boutique%20Sory%20Puebla,"https://www.google.com/maps/search/?api=1&query=19.02241505,-98.20392029"
Josefinas Boutique,Puebla,+52 22 1120 7261,ND,https://wa.me/522211207261,https://www.facebook.com/search/pages/?q=Josefinas%20Boutique%20Puebla,"https://www.google.com/maps/search/?api=1&query=19.05414423,-98.12781487"
Konoha Shopping,Puebla,+52 22 2527 3822,ND,https://wa.me/522225273822,https://www.facebook.com/search/pages/?q=Konoha%20Shopping%20Puebla,"https://www.google.com/maps/search/?api=1&query=19.04936974,-98.20033067"
Lia Closet Venta De Ropa Para Dama,Puebla,+52 22 2397 6249,ND,https://wa.me/522223976249,https://www.facebook.com/search/pages/?q=Lia%20Closet%20Venta%20De%20Ropa%20Para%20Dama%20Puebla,"https://www.google.com/maps/search/?api=1&query=19.0872907,-98.21502928"
Liber Jeans,Puebla,+52 22 2212 6784,ND,https://wa.me/522222126784,https://www.facebook.com/search/pages/?q=Liber%20Jeans%20Puebla,"https://www.google.com/maps/search/?api=1&query=19.04999317,-98.19990679"
Lili Shopin Tienda De Ropa,Puebla,+52 22 2362 6157,ND,https://wa.me/522223626157,https://www.facebook.com/search/pages/?q=Lili%20Shopin%20Tienda%20De%20Ropa%20Puebla,"https://www.google.com/maps/search/?api=1&query=19.05399527,-98.24666928"
Liz Boutique,Puebla,+52 22 2150 3797,ND,https://wa.me/522221503797,https://www.facebook.com/search/pages/?q=Liz%20Boutique%20Puebla,"https://www.google.com/maps/search/?api=1&query=19.05076548,-98.16710199"
M & R Boutique,Puebla,+52 22 2758 8282,ND,https://wa.me/522227588282,https://www.facebook.com/search/pages/?q=M%20%26%20R%20Boutique%20Puebla,"https://www.google.com/maps/search/?api=1&query=18.97215726,-98.23820784"
Maggshop Boutique,Puebla,+52 22 1286 9066,ND,https://wa.me/522212869066,https://www.facebook.com/search/pages/?q=Maggshop%20Boutique%20Puebla,"https://www.google.com/maps/search/?api=1&query=19.07262776,-98.21865103"
Mary Lu Boutique,Puebla,+52 22 1656 4552,ND,https://wa.me/522216564552,https://www.facebook.com/search/pages/?q=Mary%20Lu%20Boutique%20Puebla,"https://www.google.com/maps/search/?api=1&query=19.02443086,-98.17853724"
Mineshop,Puebla,+52 22 2152 1425,ND,https://wa.me/522221521425,https://www.facebook.com/search/pages/?q=Mineshop%20Puebla,"https://www.google.com/maps/search/?api=1&query=19.07113289,-98.23113221"
Mis Nietas Boutique,Puebla,+52 22 2136 1605,ND,https://wa.me/522221361605,https://www.facebook.com/search/pages/?q=Mis%20Nietas%20Boutique%20Puebla,"https://www.google.com/maps/search/?api=1&query=19.09181511,-98.2041646"
Moda Casual,Puebla,+52 22 2614 3286,ND,https://wa.me/522226143286,https://www.facebook.com/search/pages/?q=Moda%20Casual%20Puebla,"https://www.google.com/maps/search/?api=1&query=19.06612055,-98.17767272"
Moda Casual,Puebla,+52 22 2130 8019,ND,https://wa.me/522221308019,https://www.facebook.com/search/pages/?q=Moda%20Casual%20Puebla,"https://www.google.com/maps/search/?api=1&query=19.10307306,-98.18847995"
Moda Casual Horte,Puebla,+52 22 1578 8593,ND,https://wa.me/522215788593,https://www.facebook.com/search/pages/?q=Moda%20Casual%20Horte%20Puebla,"https://www.google.com/maps/search/?api=1&query=18.96951152,-98.18393594"
Moda Casual Paty,Puebla,+52 22 2176 8576,ND,https://wa.me/522221768576,https://www.facebook.com/search/pages/?q=Moda%20Casual%20Paty%20Puebla,"https://www.google.com/maps/search/?api=1&query=19.06199045,-98.13380605"
Moda En Jeans Juarez,Puebla,+52 22 2618 2046,ND,https://wa.me/522226182046,https://www.facebook.com/search/pages/?q=Moda%20En%20Jeans%20Juarez%20Puebla,"https://www.google.com/maps/search/?api=1&query=19.08727946,-98.18633533"
Moda Exagerada,Puebla,+52 22 2223 4013,ND,https://wa.me/522222234013,https://www.facebook.com/search/pages/?q=Moda%20Exagerada%20Puebla,"https://www.google.com/maps/search/?api=1&query=19.04657598,-98.19351457"
Moda Imagen Ropa,Puebla,+52 22 1594 0520,ND,https://wa.me/522215940520,https://www.facebook.com/search/pages/?q=Moda%20Imagen%20Ropa%20Puebla,"https://www.google.com/maps/search/?api=1&query=19.0714494,-98.20960387"
Moda Outlet,Puebla,+52 22 2520 8724,ND,https://wa.me/522225208724,https://www.facebook.com/search/pages/?q=Moda%20Outlet%20Puebla,"https://www.google.com/maps/search/?api=1&query=19.04985155,-98.16674541"
Moda Pink,Puebla,+52 22 1293 8481,ND,https://wa.me/522212938481,https://www.facebook.com/search/pages/?q=Moda%20Pink%20Puebla,"https://www.google.com/maps/search/?api=1&query=19.0215908,-98.20795202"
Moda Y Accesorios Sam Y Kai,Puebla,+52 22 1644 9315,ND,https://wa.me/522216449315,https://www.facebook.com/search/pages/?q=Moda%20Y%20Accesorios%20Sam%20Y%20Kai%20Puebla,"https://www.google.com/maps/search/?api=1&query=19.09068251,-98.2001652"
Moda Y Estilo Antonella,Puebla,+52 22 2573 5533,ND,https://wa.me/522225735533,https://www.facebook.com/search/pages/?q=Moda%20Y%20Estilo%20Antonella%20Puebla,"https://www.google.com/maps/search/?api=1&query=19.0450098,-98.19962326"
Modas Cristy,Puebla,+52 22 2423 8543,ND,https://wa.me/522224238543,https://www.facebook.com/search/pages/?q=Modas%20Cristy%20Puebla,"https://www.google.com/maps/search/?api=1&query=19.04937492,-98.19756894"
Modas Dany,Puebla,+52 22 2678 3742,ND,https://wa.me/522226783742,https://www.facebook.com/search/pages/?q=Modas%20Dany%20Puebla,"https://www.google.com/maps/search/?api=1&query=19.0710233,-98.20695533"
Modas Eli,Puebla,+52 24 6110 7081,ND,https://wa.me/522461107081,https://www.facebook.com/search/pages/?q=Modas%20Eli%20Puebla,"https://www.google.com/maps/search/?api=1&query=19.0710233,-98.20695533"
Modatto Boutique,Puebla,+52 22 2904 1479,ND,https://wa.me/522229041479,https://www.facebook.com/search/pages/?q=Modatto%20Boutique%20Puebla,"https://www.google.com/maps/search/?api=1&query=19.04194218,-98.19388164"
Mua Boutique,Puebla,+52 22 2410 5812,ND,https://wa.me/522224105812,https://www.facebook.com/search/pages/?q=Mua%20Boutique%20Puebla,"https://www.google.com/maps/search/?api=1&query=19.01965236,-98.19203377"
Multimarcas Boutique,Puebla,+52 22 2348 3933,ND,https://wa.me/522223483933,https://www.facebook.com/search/pages/?q=Multimarcas%20Boutique%20Puebla,"https://www.google.com/maps/search/?api=1&query=19.00054517,-98.22722913"
My Lady Boutique,Puebla,+52 22 2249 3344,ND,https://wa.me/522222493344,https://www.facebook.com/search/pages/?q=My%20Lady%20Boutique%20Puebla,"https://www.google.com/maps/search/?api=1&query=19.04305813,-98.23369126"
Pantalon Ideal De La 6,Puebla,+52 24 6113 6598,ND,https://wa.me/522461136598,https://www.facebook.com/search/pages/?q=Pantalon%20Ideal%20De%20La%206%20Puebla,"https://www.google.com/maps/search/?api=1&query=19.04967707,-98.20303838"
Porto Moda Y Estilo,Puebla,+52 22 2481 8323,ND,https://wa.me/522224818323,https://www.facebook.com/search/pages/?q=Porto%20Moda%20Y%20Estilo%20Puebla,"https://www.google.com/maps/search/?api=1&query=19.04704609,-98.19995057"
Porto Store,Puebla,+52 22 2897 1280,ND,https://wa.me/522228971280,https://www.facebook.com/search/pages/?q=Porto%20Store%20Puebla,"https://www.google.com/maps/search/?api=1&query=19.05071637,-98.20466916"
Punto Moda,Puebla,+52 23 2147 5299,ND,https://wa.me/522321475299,https://www.facebook.com/search/pages/?q=Punto%20Moda%20Puebla,"https://www.google.com/maps/search/?api=1&query=18.90374492,-98.250061"
Regina Fashion Shop,Puebla,+52 22 2429 2871,ND,https://wa.me/522224292871,https://www.facebook.com/search/pages/?q=Regina%20Fashion%20Shop%20Puebla,"https://www.google.com/maps/search/?api=1&query=19.04116494,-98.20783824"
Retro Shop,Puebla,+52 22 2357 6808,ND,https://wa.me/522223576808,https://www.facebook.com/search/pages/?q=Retro%20Shop%20Puebla,"https://www.google.com/maps/search/?api=1&query=19.04914481,-98.2039598"
Roos Moda Casual,Puebla,+52 22 1350 4447,ND,https://wa.me/522213504447,https://www.facebook.com/search/pages/?q=Roos%20Moda%20Casual%20Puebla,"https://www.google.com/maps/search/?api=1&query=18.99322249,-98.23195924"
Ropa Closet Shot,Puebla,+52 22 2876 1908,ND,https://wa.me/522228761908,https://www.facebook.com/search/pages/?q=Ropa%20Closet%20Shot%20Puebla,"https://www.google.com/maps/search/?api=1&query=19.06371319,-98.2332609"
Ropa De Dama Moda Casual,Puebla,+52 24 6141 0123,ND,https://wa.me/522461410123,https://www.facebook.com/search/pages/?q=Ropa%20De%20Dama%20Moda%20Casual%20Puebla,"https://www.google.com/maps/search/?api=1&query=19.08727946,-98.18633533"
Santa Estilo Estilo Vena De Ropa Militar Y Urbana,Puebla,+52 22 2116 5824,ND,https://wa.me/522221165824,https://www.facebook.com/search/pages/?q=Santa%20Estilo%20Estilo%20Vena%20De%20Ropa%20Militar%20Y%20Urbana%20Puebla,"https://www.google.com/maps/search/?api=1&query=19.02616461,-98.17940445"
Sara Boutique,Puebla,+52 22 2104 5149,ND,https://wa.me/522221045149,https://www.facebook.com/search/pages/?q=Sara%20Boutique%20Puebla,"https://www.google.com/maps/search/?api=1&query=19.08531093,-98.24244687"
Shoping Nay,Puebla,+52 22 1241 2297,ND,https://wa.me/522212412297,https://www.facebook.com/search/pages/?q=Shoping%20Nay%20Puebla,"https://www.google.com/maps/search/?api=1&query=18.9900667,-98.24537558"
Solo Moda Mezclilla,Puebla,+52 22 2677 7333,ND,https://wa.me/522226777333,https://www.facebook.com/search/pages/?q=Solo%20Moda%20Mezclilla%20Puebla,"https://www.google.com/maps/search/?api=1&query=18.96972311,-98.18558687"
Tienda De Ropa Bonita De Mexico Boutique,Puebla,+52 22 2127 2523,ND,https://wa.me/522221272523,https://www.facebook.com/search/pages/?q=Tienda%20De%20Ropa%20Bonita%20De%20Mexico%20Boutique%20Puebla,"https://www.google.com/maps/search/?api=1&query=19.064176,-98.2501783"
Tienda De Ropa Citlali Modas,Puebla,+52 22 1590 9550,ND,https://wa.me/522215909550,https://www.facebook.com/search/pages/?q=Tienda%20De%20Ropa%20Citlali%20Modas%20Puebla,"https://www.google.com/maps/search/?api=1&query=18.90684297,-98.24561437"
Tienda De Ropa Filt Shop,Puebla,+52 22 2104 4306,ND,https://wa.me/522221044306,https://www.facebook.com/search/pages/?q=Tienda%20De%20Ropa%20Filt%20Shop%20Puebla,"https://www.google.com/maps/search/?api=1&query=19.04172041,-98.1945843"
Tienda De Ropa Nataly Fashion,Puebla,+52 22 2671 6845,ND,https://wa.me/522226716845,https://www.facebook.com/search/pages/?q=Tienda%20De%20Ropa%20Nataly%20Fashion%20Puebla,"https://www.google.com/maps/search/?api=1&query=19.00103426,-98.18657922"
Tiendita K Boutique,Puebla,+52 22 2421 8897,ND,https://wa.me/522224218897,https://www.facebook.com/search/pages/?q=Tiendita%20K%20Boutique%20Puebla,"https://www.google.com/maps/search/?api=1&query=18.9780796,-98.23927876"
Velvet Store,Puebla,+52 22 2188 9829,ND,https://wa.me/522221889829,https://www.facebook.com/search/pages/?q=Velvet%20Store%20Puebla,"https://www.google.com/maps/search/?api=1&query=19.05748457,-98.16974942"
Venta De Pantalones Vidal,Puebla,+52 22 1302 9664,ND,https://wa.me/522213029664,https://www.facebook.com/search/pages/?q=Venta%20De%20Pantalones%20Vidal%20Puebla,"https://www.google.com/maps/search/?api=1&query=19.07451132,-98.2038037"
Venta De Ropa Aris Shop,Puebla,+52 22 2456 4102,ND,https://wa.me/522224564102,https://www.facebook.com/search/pages/?q=Venta%20De%20Ropa%20Aris%20Shop%20Puebla,"https://www.google.com/maps/search/?api=1&query=18.97057407,-98.18389063"
Venta De Ropa Dama Moda Y Accesorios D&M,Puebla,+52 22 2189 4860,ND,https://wa.me/522221894860,https://www.facebook.com/search/pages/?q=Venta%20De%20Ropa%20Dama%20Moda%20Y%20Accesorios%20D%26M%20Puebla,"https://www.google.com/maps/search/?api=1&query=18.9656518,-98.185516"
Venta De Ropa De Moda,Puebla,+52 22 2161 6333,ND,https://wa.me/522221616333,https://www.facebook.com/search/pages/?q=Venta%20De%20Ropa%20De%20Moda%20Puebla,"https://www.google.com/maps/search/?api=1&query=19.05265261,-98.19730904"
Venta De Ropa De Moda Para Mujer,Puebla,+52 22 1560 7237,ND,https://wa.me/522215607237,https://www.facebook.com/search/pages/?q=Venta%20De%20Ropa%20De%20Moda%20Para%20Mujer%20Puebla,"https://www.google.com/maps/search/?api=1&query=19.05265261,-98.19730904"
Venta De Ropa Denim Planet,Puebla,+52 22 2747 8803,ND,https://wa.me/522227478803,https://www.facebook.com/search/pages/?q=Venta%20De%20Ropa%20Denim%20Planet%20Puebla,"https://www.google.com/maps/search/?api=1&query=18.9573913,-98.23914097"
Venta De Ropa Y Tenis Del Gabacho Pa Tu Rancho,Puebla,+52 22 2305 1542,ND,https://wa.me/522223051542,https://www.facebook.com/search/pages/?q=Venta%20De%20Ropa%20Y%20Tenis%20Del%20Gabacho%20Pa%20Tu%20Rancho%20Puebla,"https://www.google.com/maps/search/?api=1&query=19.04271633,-98.13027154"
Yaz Moda Con Estilo,Puebla,+52 22 2388 5677,ND,https://wa.me/522223885677,https://www.facebook.com/search/pages/?q=Yaz%20Moda%20Con%20Estilo%20Puebla,"https://www.google.com/maps/search/?api=1&query=19.03876202,-98.14831507"
Zu - S Boutique,Puebla,+52 22 2400 9208,ND,https://wa.me/522224009208,https://www.facebook.com/search/pages/?q=Zu%20-%20S%20Boutique%20Puebla,"https://www.google.com/maps/search/?api=1&query=18.97112104,-98.24058033"
Boutique Acirema,Quecholac,+52 24 9161 2470,ND,https://wa.me/522491612470,https://www.facebook.com/search/pages/?q=Boutique%20Acirema%20Quecholac,"https://www.google.com/maps/search/?api=1&query=18.90858163,-97.63343765"
Boutique Af,Quecholac,+52 27 2192 0379,ND,https://wa.me/522721920379,https://www.facebook.com/search/pages/?q=Boutique%20Af%20Quecholac,"https://www.google.com/maps/search/?api=1&query=18.90425773,-97.64778051"
Boutique Arellano,Quecholac,+52 22 2360 7233,ND,https://wa.me/522223607233,https://www.facebook.com/search/pages/?q=Boutique%20Arellano%20Quecholac,"https://www.google.com/maps/search/?api=1&query=18.89155625,-97.63001696"
Boutique Belencita,Quecholac,+52 24 9122 2218,ND,https://wa.me/522491222218,https://www.facebook.com/search/pages/?q=Boutique%20Belencita%20Quecholac,"https://www.google.com/maps/search/?api=1&query=18.89433949,-97.63069711"
Boutique Benny,Quecholac,+52 24 9160 2113,ND,https://wa.me/522491602113,https://www.facebook.com/search/pages/?q=Boutique%20Benny%20Quecholac,"https://www.google.com/maps/search/?api=1&query=18.90200083,-97.63429967"
Boutique By Gabys,Quecholac,+52 24 9111 8987,ND,https://wa.me/522491118987,https://www.facebook.com/search/pages/?q=Boutique%20By%20Gabys%20Quecholac,"https://www.google.com/maps/search/?api=1&query=18.89894519,-97.63706965"
Boutique Conchita,Quecholac,+52 24 9122 5626,ND,https://wa.me/522491225626,https://www.facebook.com/search/pages/?q=Boutique%20Conchita%20Quecholac,"https://www.google.com/maps/search/?api=1&query=18.90273042,-97.64306268"
Boutique D Shoppng,Quecholac,+52 24 9161 0021,ND,https://wa.me/522491610021,https://www.facebook.com/search/pages/?q=Boutique%20D%20Shoppng%20Quecholac,"https://www.google.com/maps/search/?api=1&query=18.90633082,-97.64377219"
Boutique De Ropa,Quecholac,+52 24 9209 3251,ND,https://wa.me/522492093251,https://www.facebook.com/search/pages/?q=Boutique%20De%20Ropa%20Quecholac,"https://www.google.com/maps/search/?api=1&query=18.90208784,-97.63010939"
Boutique Fany,Quecholac,+52 24 9170 1269,ND,https://wa.me/522491701269,https://www.facebook.com/search/pages/?q=Boutique%20Fany%20Quecholac,"https://www.google.com/maps/search/?api=1&query=18.90717017,-97.64016741"
Boutique Flor,Quecholac,+52 24 9593 8395,ND,https://wa.me/522495938395,https://www.facebook.com/search/pages/?q=Boutique%20Flor%20Quecholac,"https://www.google.com/maps/search/?api=1&query=18.9022315,-97.64037448"
Boutique Iann,Quecholac,+52 24 9211 9574,ND,https://wa.me/522492119574,https://www.facebook.com/search/pages/?q=Boutique%20Iann%20Quecholac,"https://www.google.com/maps/search/?api=1&query=18.90000735,-97.64282854"
Boutique Lupita,Quecholac,+52 24 9212 9357,ND,https://wa.me/522492129357,https://www.facebook.com/search/pages/?q=Boutique%20Lupita%20Quecholac,"https://www.google.com/maps/search/?api=1&query=18.95887222,-97.66326023"
Boutique Mesf Shopp,Quecholac,+52 24 9157 5507,ND,https://wa.me/522491575507,https://www.facebook.com/search/pages/?q=Boutique%20Mesf%20Shopp%20Quecholac,"https://www.google.com/maps/search/?api=1&query=18.90106773,-97.64350847"
Boutique Moda Y Estilo,Quecholac,+52 24 9163 9840,ND,https://wa.me/522491639840,https://www.facebook.com/search/pages/?q=Boutique%20Moda%20Y%20Estilo%20Quecholac,"https://www.google.com/maps/search/?api=1&query=18.96846145,-97.72258319"
Boutique Navarro,Quecholac,+52 24 9144 7709,ND,https://wa.me/522491447709,https://www.facebook.com/search/pages/?q=Boutique%20Navarro%20Quecholac,"https://www.google.com/maps/search/?api=1&query=18.9020453,-97.63651379"
Boutique Shein,Quecholac,+52 24 9176 9260,ND,https://wa.me/522491769260,https://www.facebook.com/search/pages/?q=Boutique%20Shein%20Quecholac,"https://www.google.com/maps/search/?api=1&query=18.89971909,-97.6338041"
Boutique Siempre Bella,Quecholac,+52 24 9116 8316,ND,https://wa.me/522491168316,https://www.facebook.com/search/pages/?q=Boutique%20Siempre%20Bella%20Quecholac,"https://www.google.com/maps/search/?api=1&query=18.90524652,-97.6396975"
Boutique Solimeli,Quecholac,+52 24 9127 1116,ND,https://wa.me/522491271116,https://www.facebook.com/search/pages/?q=Boutique%20Solimeli%20Quecholac,"https://www.google.com/maps/search/?api=1&query=18.90209805,-97.63382695"
Karen Boutique,Quecholac,+52 24 9108 1984,ND,https://wa.me/522491081984,https://www.facebook.com/search/pages/?q=Karen%20Boutique%20Quecholac,"https://www.google.com/maps/search/?api=1&query=18.95732715,-97.65675399"
Maderos Shop Venta De Ropa Y Accesorios,Quecholac,+52 22 2328 6420,ND,https://wa.me/522223286420,https://www.facebook.com/search/pages/?q=Maderos%20Shop%20Venta%20De%20Ropa%20Y%20Accesorios%20Quecholac,"https://www.google.com/maps/search/?api=1&query=18.90154959,-97.63596174"
Moda Esmeralda Boutique,Quecholac,+52 24 9120 1238,ND,https://wa.me/522491201238,https://www.facebook.com/search/pages/?q=Moda%20Esmeralda%20Boutique%20Quecholac,"https://www.google.com/maps/search/?api=1&query=18.95794925,-97.66228"
Moda Evelyn,Quecholac,+52 24 9999 7924,ND,https://wa.me/522499997924,https://www.facebook.com/search/pages/?q=Moda%20Evelyn%20Quecholac,"https://www.google.com/maps/search/?api=1&query=18.96690094,-97.71301065"
My Little Shop,Quecholac,+52 24 9163 3509,ND,https://wa.me/522491633509,https://www.facebook.com/search/pages/?q=My%20Little%20Shop%20Quecholac,"https://www.google.com/maps/search/?api=1&query=18.95714389,-97.66341073"
Shop Extra Largo,Quecholac,+52 24 9162 9328,ND,https://wa.me/522491629328,https://www.facebook.com/search/pages/?q=Shop%20Extra%20Largo%20Quecholac,"https://www.google.com/maps/search/?api=1&query=18.90234077,-97.66812673"
Todo Moda,Quecholac,+52 22 1266 0902,ND,https://wa.me/522212660902,https://www.facebook.com/search/pages/?q=Todo%20Moda%20Quecholac,"https://www.google.com/maps/search/?api=1&query=18.90115298,-97.66449456"
Boutique De Ropa Rosy,Quimixtlán,ND,ND,ND,https://www.facebook.com/search/pages/?q=Boutique%20De%20Ropa%20Rosy%20Quimixtlán,"https://www.google.com/maps/search/?api=1&query=19.25421403,-97.13599627"
Tienda De Ropa Alo Estilo,Quimixtlán,ND,ND,ND,https://www.facebook.com/search/pages/?q=Tienda%20De%20Ropa%20Alo%20Estilo%20Quimixtlán,"https://www.google.com/maps/search/?api=1&query=19.25295134,-97.13426495"
Al Grito De La Moda,Rafael Lara Grajales,+52 22 1625 9135,ND,https://wa.me/522216259135,https://www.facebook.com/search/pages/?q=Al%20Grito%20De%20La%20Moda%20Rafael%20Lara%20Grajales,"https://www.google.com/maps/search/?api=1&query=19.22728948,-97.80274502"
Aloha Boutique,Rafael Lara Grajales,+52 27 6109 0525,ND,https://wa.me/522761090525,https://www.facebook.com/search/pages/?q=Aloha%20Boutique%20Rafael%20Lara%20Grajales,"https://www.google.com/maps/search/?api=1&query=19.22728948,-97.80274502"
Boutique Beia Showroom,Rafael Lara Grajales,+52 22 2361 5387,ND,https://wa.me/522223615387,https://www.facebook.com/search/pages/?q=Boutique%20Beia%20Showroom%20Rafael%20Lara%20Grajales,"https://www.google.com/maps/search/?api=1&query=19.22551593,-97.80417346"
Boutique Los Angeles,Rafael Lara Grajales,+52 27 6107 9532,ND,https://wa.me/522761079532,https://www.facebook.com/search/pages/?q=Boutique%20Los%20Angeles%20Rafael%20Lara%20Grajales,"https://www.google.com/maps/search/?api=1&query=19.22737481,-97.80342887"
Boutique Vicky,Rafael Lara Grajales,+52 27 6100 3372,ND,https://wa.me/522761003372,https://www.facebook.com/search/pages/?q=Boutique%20Vicky%20Rafael%20Lara%20Grajales,"https://www.google.com/maps/search/?api=1&query=19.22631778,-97.80304925"
Boutique Virtual Jiyu,Rafael Lara Grajales,+52 27 6125 1549,ND,https://wa.me/522761251549,https://www.facebook.com/search/pages/?q=Boutique%20Virtual%20Jiyu%20Rafael%20Lara%20Grajales,"https://www.google.com/maps/search/?api=1&query=19.22609475,-97.80086441"
Moda Que Cautiva Tu Belleza Divany,Rafael Lara Grajales,+52 27 6102 4667,ND,https://wa.me/522761024667,https://www.facebook.com/search/pages/?q=Moda%20Que%20Cautiva%20Tu%20Belleza%20Divany%20Rafael%20Lara%20Grajales,"https://www.google.com/maps/search/?api=1&query=19.22637619,-97.80278259"
Moda Y Estilo Viri,Rafael Lara Grajales,+52 27 6108 5283,ND,https://wa.me/522761085283,https://www.facebook.com/search/pages/?q=Moda%20Y%20Estilo%20Viri%20Rafael%20Lara%20Grajales,"https://www.google.com/maps/search/?api=1&query=19.22856356,-97.80820858"
14S Boutique,San Andrés Cholula,+52 22 2764 3294,boutique14st@gmail.com,https://wa.me/522227643294,https://www.facebook.com/search/pages/?q=14S%20Boutique%20San%20Andrés%20Cholula,"https://www.google.com/maps/search/?api=1&query=19.05685942,-98.29597732"
Boutique A&M,San Andrés Cholula,+52 22 2163 9940,ND,https://wa.me/522221639940,https://AYM.COM/,"https://www.google.com/maps/search/?api=1&query=19.02337491,-98.30753721"
Boutique Blezza,San Andrés Cholula,+52 22 1277 4080,veromateos@hotmail.com,https://wa.me/522212774080,https://www.facebook.com/search/pages/?q=Boutique%20Blezza%20San%20Andrés%20Cholula,"https://www.google.com/maps/search/?api=1&query=19.02193437,-98.2600844"
Boutique Casa Sofia Bodas,San Andrés Cholula,+52 22 2212 6700,asesor@casasofiabodas.com,https://wa.me/522222126700,https://WWW.CASASOFIABODAS.COM/,"https://www.google.com/maps/search/?api=1&query=19.00213122,-98.27114216"
Boutique Nero Store,San Andrés Cholula,+52 22 2842 8910,nerostore.acuara@gmail.com,https://wa.me/522228428910,https://www.facebook.com/search/pages/?q=Boutique%20Nero%20Store%20San%20Andrés%20Cholula,"https://www.google.com/maps/search/?api=1&query=18.9992989,-98.27381656"
Boutique Samy Rodyl,San Andrés Cholula,+52 22 2139 5514,samyrodil@live.com,https://wa.me/522221395514,https://www.facebook.com/search/pages/?q=Boutique%20Samy%20Rodyl%20San%20Andrés%20Cholula,"https://www.google.com/maps/search/?api=1&query=18.99274803,-98.2779662"
Hello Karen Boutique,San Andrés Cholula,+52 22 1122 8060,aimezukiguzmani@gmail.com,https://wa.me/522211228060,https://www.facebook.com/search/pages/?q=Hello%20Karen%20Boutique%20San%20Andrés%20Cholula,"https://www.google.com/maps/search/?api=1&query=19.02750269,-98.27712651"
Maharani Boutique,San Andrés Cholula,+52 22 1111 1930,mahani.sadecv@gmail.com,https://wa.me/522211111930,https://www.facebook.com/search/pages/?q=Maharani%20Boutique%20San%20Andrés%20Cholula,"https://www.google.com/maps/search/?api=1&query=19.00630706,-98.26834416"
Oui Boutique,San Andrés Cholula,+52 22 2328 4475,luz.carretocasa@gmail.com,https://wa.me/522223284475,https://www.facebook.com/search/pages/?q=Oui%20Boutique%20San%20Andrés%20Cholula,"https://www.google.com/maps/search/?api=1&query=19.03313876,-98.24861985"
Bonita Shop,San Andrés Cholula,+52 22 1158 0955,ND,https://wa.me/522211580955,https://www.facebook.com/search/pages/?q=Bonita%20Shop%20San%20Andrés%20Cholula,"https://www.google.com/maps/search/?api=1&query=19.01246168,-98.29615996"
Boutique A R,San Andrés Cholula,+52 22 2118 9042,ND,https://wa.me/522221189042,https://www.facebook.com/search/pages/?q=Boutique%20A%20R%20San%20Andrés%20Cholula,"https://www.google.com/maps/search/?api=1&query=19.04591301,-98.3003335"
Boutique Blezza,San Andrés Cholula,+52 22 1179 0991,ND,https://wa.me/522211790991,https://www.facebook.com/search/pages/?q=Boutique%20Blezza%20San%20Andrés%20Cholula,"https://www.google.com/maps/search/?api=1&query=19.04783126,-98.25880422"
Boutique Casa Boga,San Andrés Cholula,+52 22 2812 1867,ND,https://wa.me/522228121867,https://www.facebook.com/search/pages/?q=Boutique%20Casa%20Boga%20San%20Andrés%20Cholula,"https://www.google.com/maps/search/?api=1&query=19.04724871,-98.25624671"
Boutique De Ropa,San Andrés Cholula,+52 55 6101 9166,ND,https://wa.me/525561019166,https://www.facebook.com/search/pages/?q=Boutique%20De%20Ropa%20San%20Andrés%20Cholula,"https://www.google.com/maps/search/?api=1&query=19.03604296,-98.24976739"
Boutique Eky,San Andrés Cholula,+52 22 2588 4274,ND,https://wa.me/522225884274,https://www.facebook.com/search/pages/?q=Boutique%20Eky%20San%20Andrés%20Cholula,"https://www.google.com/maps/search/?api=1&query=19.01932975,-98.28089897"
Boutique Estilo 3G,San Andrés Cholula,+52 22 2358 3932,ND,https://wa.me/522223583932,https://www.facebook.com/search/pages/?q=Boutique%20Estilo%203G%20San%20Andrés%20Cholula,"https://www.google.com/maps/search/?api=1&query=19.01955454,-98.31088832"
Boutique Eva Del Castillo,San Andrés Cholula,+52 22 2121 8140,ND,https://wa.me/522221218140,https://www.facebook.com/search/pages/?q=Boutique%20Eva%20Del%20Castillo%20San%20Andrés%20Cholula,"https://www.google.com/maps/search/?api=1&query=19.03093254,-98.2498427"
Boutique La Tia Koko,San Andrés Cholula,+52 22 2460 3439,ND,https://wa.me/522224603439,https://www.facebook.com/search/pages/?q=Boutique%20La%20Tia%20Koko%20San%20Andrés%20Cholula,"https://www.google.com/maps/search/?api=1&query=19.05383678,-98.29383923"
Boutique Lili Shopin,San Andrés Cholula,+52 22 2584 7167,ND,https://wa.me/522225847167,https://www.facebook.com/search/pages/?q=Boutique%20Lili%20Shopin%20San%20Andrés%20Cholula,"https://www.google.com/maps/search/?api=1&query=19.03494896,-98.2610698"
Boutique Mag,San Andrés Cholula,+52 22 2152 7376,ND,https://wa.me/522221527376,https://www.facebook.com/search/pages/?q=Boutique%20Mag%20San%20Andrés%20Cholula,"https://www.google.com/maps/search/?api=1&query=19.04687216,-98.25453195"
Boutique Mayra Cuaya,San Andrés Cholula,+52 22 1640 9698,ND,https://wa.me/522216409698,https://www.facebook.com/search/pages/?q=Boutique%20Mayra%20Cuaya%20San%20Andrés%20Cholula,"https://www.google.com/maps/search/?api=1&query=19.04735944,-98.25673909"
Boutique Nadira,San Andrés Cholula,+52 72 2301 1009,ND,https://wa.me/527223011009,https://www.facebook.com/search/pages/?q=Boutique%20Nadira%20San%20Andrés%20Cholula,"https://www.google.com/maps/search/?api=1&query=19.02696139,-98.2494204"
Boutique Q Mono,San Andrés Cholula,+52 22 2543 0540,ND,https://wa.me/522225430540,https://www.facebook.com/search/pages/?q=Boutique%20Q%20Mono%20San%20Andrés%20Cholula,"https://www.google.com/maps/search/?api=1&query=19.02930905,-98.27541118"
Boutique Shein,San Andrés Cholula,+52 22 2700 8746,ND,https://wa.me/522227008746,https://www.facebook.com/search/pages/?q=Boutique%20Shein%20San%20Andrés%20Cholula,"https://www.google.com/maps/search/?api=1&query=19.01114418,-98.29224974"
Boutique Soda,San Andrés Cholula,+52 22 2400 3009,ND,https://wa.me/522224003009,https://www.facebook.com/search/pages/?q=Boutique%20Soda%20San%20Andrés%20Cholula,"https://www.google.com/maps/search/?api=1&query=19.05191704,-98.29892029"
Boutique Tere,San Andrés Cholula,+52 22 2188 3551,ND,https://wa.me/522221883551,https://www.facebook.com/search/pages/?q=Boutique%20Tere%20San%20Andrés%20Cholula,"https://www.google.com/maps/search/?api=1&query=19.00887717,-98.29404279"
Boutique Transfer Studio,San Andrés Cholula,+52 22 2360 3055,ND,https://wa.me/522223603055,https://www.facebook.com/search/pages/?q=Boutique%20Transfer%20Studio%20San%20Andrés%20Cholula,"https://www.google.com/maps/search/?api=1&query=19.04699643,-98.25509274"
Boutique Unlimited,San Andrés Cholula,+52 22 2713 5597,ND,https://wa.me/522227135597,https://www.facebook.com/search/pages/?q=Boutique%20Unlimited%20San%20Andrés%20Cholula,"https://www.google.com/maps/search/?api=1&query=19.04692312,-98.25518857"
Crisailin Boutique,San Andrés Cholula,+52 22 2312 0173,ND,https://wa.me/522223120173,https://www.facebook.com/search/pages/?q=Crisailin%20Boutique%20San%20Andrés%20Cholula,"https://www.google.com/maps/search/?api=1&query=19.02069109,-98.27823706"
Heaven Bridal Boutique,San Andrés Cholula,+52 22 2331 2428,ND,https://wa.me/522223312428,https://www.facebook.com/search/pages/?q=Heaven%20Bridal%20Boutique%20San%20Andrés%20Cholula,"https://www.google.com/maps/search/?api=1&query=19.01731653,-98.2518206"
Lamore Boutique,San Andrés Cholula,+52 22 2809 9266,ND,https://wa.me/522228099266,https://www.facebook.com/search/pages/?q=Lamore%20Boutique%20San%20Andrés%20Cholula,"https://www.google.com/maps/search/?api=1&query=19.05397449,-98.29603367"
Macaria Boutique,San Andrés Cholula,+52 22 2158 5509,ND,https://wa.me/522221585509,https://www.facebook.com/search/pages/?q=Macaria%20Boutique%20San%20Andrés%20Cholula,"https://www.google.com/maps/search/?api=1&query=19.01589479,-98.25422471"
Mine Boutique Cholula,San Andrés Cholula,+52 22 2845 4865,ND,https://wa.me/522228454865,https://www.facebook.com/search/pages/?q=Mine%20Boutique%20Cholula%20San%20Andrés%20Cholula,"https://www.google.com/maps/search/?api=1&query=19.05597644,-98.29705111"
Moda Y Estilo Danae,San Andrés Cholula,+52 22 2787 6374,ND,https://wa.me/522227876374,https://www.facebook.com/search/pages/?q=Moda%20Y%20Estilo%20Danae%20San%20Andrés%20Cholula,"https://www.google.com/maps/search/?api=1&query=19.03964138,-98.3371112"
Nays Boutique,San Andrés Cholula,+52 22 2485 5436,ND,https://wa.me/522224855436,https://www.facebook.com/search/pages/?q=Nays%20Boutique%20San%20Andrés%20Cholula,"https://www.google.com/maps/search/?api=1&query=19.02324529,-98.30812132"
Nicole Shop,San Andrés Cholula,+52 22 2550 8342,ND,https://wa.me/522225508342,https://www.facebook.com/search/pages/?q=Nicole%20Shop%20San%20Andrés%20Cholula,"https://www.google.com/maps/search/?api=1&query=19.0562772,-98.29473517"
Pantalones Mass Outlet,San Andrés Cholula,+52 22 2290 3875,ND,https://wa.me/522222903875,https://www.facebook.com/search/pages/?q=Pantalones%20Mass%20Outlet%20San%20Andrés%20Cholula,"https://www.google.com/maps/search/?api=1&query=19.0364019,-98.25255511"
Paty Boutique,San Andrés Cholula,+52 22 2563 7539,ND,https://wa.me/522225637539,https://www.facebook.com/search/pages/?q=Paty%20Boutique%20San%20Andrés%20Cholula,"https://www.google.com/maps/search/?api=1&query=19.02730521,-98.31965976"
Showroom Dreams Concept Store,San Andrés Cholula,+52 22 2580 0283,ND,https://wa.me/522225800283,https://www.facebook.com/search/pages/?q=Showroom%20Dreams%20Concept%20Store%20San%20Andrés%20Cholula,"https://www.google.com/maps/search/?api=1&query=19.0466566,-98.25413001"
The Showroom Boutique,San Andrés Cholula,+52 22 2402 6589,ND,https://wa.me/522224026589,https://www.facebook.com/search/pages/?q=The%20Showroom%20Boutique%20San%20Andrés%20Cholula,"https://www.google.com/maps/search/?api=1&query=19.05092149,-98.28125028"
Tienda De Ropa Todo Estilo,San Andrés Cholula,+52 22 1268 2560,ND,https://wa.me/522212682560,https://www.facebook.com/search/pages/?q=Tienda%20De%20Ropa%20Todo%20Estilo%20San%20Andrés%20Cholula,"https://www.google.com/maps/search/?api=1&query=19.02315339,-98.2778075"
Tienda De Ropa,San Diego la Mesa Tochimiltz.,ND,ND,ND,https://www.facebook.com/search/pages/?q=Tienda%20De%20Ropa%20San%20Diego%20la%20Mesa%20Tochimiltzingo,"https://www.google.com/maps/search/?api=1&query=18.81074204,-98.3326029"
Boutique Kadin,San Felipe Teotlalcingo,+52 66 4821 9106,ND,https://wa.me/526648219106,https://www.facebook.com/search/pages/?q=Boutique%20Kadin%20San%20Felipe%20Teotlalcingo,"https://www.google.com/maps/search/?api=1&query=19.23193554,-98.50183191"
Boutique Miragee,San Felipe Teotlalcingo,+52 24 8130 2039,ND,https://wa.me/522481302039,https://www.facebook.com/search/pages/?q=Boutique%20Miragee%20San%20Felipe%20Teotlalcingo,"https://www.google.com/maps/search/?api=1&query=19.24127246,-98.49391261"
Cactus Shop,San Gabriel Chilac,+52 23 7107 7278,ND,https://wa.me/522371077278,https://www.facebook.com/search/pages/?q=Cactus%20Shop%20San%20Gabriel%20Chilac,"https://www.google.com/maps/search/?api=1&query=18.32739227,-97.34683319"
Consetida Shop,San Gabriel Chilac,+52 23 7105 1116,ND,https://wa.me/522371051116,https://www.facebook.com/search/pages/?q=Consetida%20Shop%20San%20Gabriel%20Chilac,"https://www.google.com/maps/search/?api=1&query=18.32245901,-97.34887827"
Modas Kapricho,San Gabriel Chilac,+52 23 8104 9941,ND,https://wa.me/522381049941,https://www.facebook.com/search/pages/?q=Modas%20Kapricho%20San%20Gabriel%20Chilac,"https://www.google.com/maps/search/?api=1&query=18.32880304,-97.35127001"
Roperia Vale,San Gregorio Atzompa,+52 22 7117 7598,ND,https://wa.me/522271177598,https://www.facebook.com/search/pages/?q=Roperia%20Vale%20San%20Gregorio%20Atzompa,"https://www.google.com/maps/search/?api=1&query=19.02474876,-98.34720485"
Sh Chipilo,San Gregorio Atzompa,+52 22 2633 1396,ND,https://wa.me/522226331396,https://www.facebook.com/search/pages/?q=Sh%20Chipilo%20San%20Gregorio%20Atzompa,"https://www.google.com/maps/search/?api=1&query=19.00442576,-98.33438498"
Venta De Ropa,San Jerónimo Tecuanipan,+52 24 4117 0723,ND,https://wa.me/522441170723,https://www.facebook.com/search/pages/?q=Venta%20De%20Ropa%20San%20Jerónimo%20Tecuanipan,"https://www.google.com/maps/search/?api=1&query=19.0146609,-98.39913954"
Bres Beutique,San Jerónimo Xayacatlán,+52 22 1179 4178,ND,https://wa.me/522211794178,https://www.facebook.com/search/pages/?q=Bres%20Beutique%20San%20Jerónimo%20Xayacatlán,"https://www.google.com/maps/search/?api=1&query=18.22006784,-97.9161049"
Tienda De Ropa Leidi,San Jerónimo Xayacatlán,ND,ND,ND,https://www.facebook.com/search/pages/?q=Tienda%20De%20Ropa%20Leidi%20San%20Jerónimo%20Xayacatlán,"https://www.google.com/maps/search/?api=1&query=18.22298669,-97.91628346"
Boutique Ruby,San José Chiapa,+52 27 6133 9906,lcoba0307@hotmail.com,https://wa.me/522761339906,https://www.facebook.com/search/pages/?q=Boutique%20Ruby%20San%20José%20Chiapa,"https://www.google.com/maps/search/?api=1&query=19.24407998,-97.76442657"
D Yoss Fashion Tienda Boutique,San José Miahuatlán,+52 23 8185 2500,ND,https://wa.me/522381852500,https://www.facebook.com/search/pages/?q=D%20Yoss%20Fashion%20Tienda%20Boutique%20San%20José%20Miahuatlán,"https://www.google.com/maps/search/?api=1&query=18.29073514,-97.28793118"
Maguishop,San José Miahuatlán,+52 23 8221 7183,ND,https://wa.me/522382217183,https://www.facebook.com/search/pages/?q=Maguishop%20San%20José%20Miahuatlán,"https://www.google.com/maps/search/?api=1&query=18.29078668,-97.2873933"
Modas Kristal,San José Miahuatlán,+52 23 6124 9594,ND,https://wa.me/522361249594,https://www.facebook.com/search/pages/?q=Modas%20Kristal%20San%20José%20Miahuatlán,"https://www.google.com/maps/search/?api=1&query=18.29073018,-97.28647547"
Modas Romze,San José Miahuatlán,+52 23 8224 6320,ND,https://wa.me/522382246320,https://www.facebook.com/search/pages/?q=Modas%20Romze%20San%20José%20Miahuatlán,"https://www.google.com/maps/search/?api=1&query=18.28979918,-97.28750842"
Venta De Pantalon De Mezclilla M B Jeans,San José Miahuatlán,+52 23 8218 8949,ND,https://wa.me/522382188949,https://www.facebook.com/search/pages/?q=Venta%20De%20Pantalon%20De%20Mezclilla%20M%20B%20Jeans%20San%20José%20Miahuatlán,"https://www.google.com/maps/search/?api=1&query=18.29026153,-97.28759024"
Venta De Ropa Moda,San Juan Atenco,ND,ND,ND,https://www.facebook.com/search/pages/?q=Venta%20De%20Ropa%20Moda%20San%20Juan%20Atenco,"https://www.google.com/maps/search/?api=1&query=19.08981614,-97.54054654"
Venta De Ropa Sheehe,San Juan Atenco,ND,ND,ND,https://www.facebook.com/search/pages/?q=Venta%20De%20Ropa%20Sheehe%20San%20Juan%20Atenco,"https://www.google.com/maps/search/?api=1&query=19.08995986,-97.54051203"
Tienda De Ropa Seferina Ayon,San Juan Atzompa,ND,ND,ND,https://www.facebook.com/search/pages/?q=Tienda%20De%20Ropa%20Seferina%20Ayon%20San%20Juan%20Atzompa,"https://www.google.com/maps/search/?api=1&query=18.74610435,-98.02301496"
Bodega De Pantalon Gran Tornado,San Martín Texmelucan,+52 24 8115 1431,g_tornadojsg@hotmail.com,https://wa.me/522481151431,https://www.facebook.com/search/pages/?q=Bodega%20De%20Pantalon%20Gran%20Tornado%20San%20Martín%20Texmelucan,"https://www.google.com/maps/search/?api=1&query=19.27573993,-98.43241998"
Boutique Chaps,San Martín Texmelucan,+52 24 8482 9520,ignacio_ch98@hotmail.com,https://wa.me/522484829520,https://www.facebook.com/search/pages/?q=Boutique%20Chaps%20San%20Martín%20Texmelucan,"https://www.google.com/maps/search/?api=1&query=19.28380285,-98.43503355"
Boutique Consenti-2,San Martín Texmelucan,+52 55 2906 3094,ralf.cam12@gmail.com,https://wa.me/525529063094,https://www.facebook.com/search/pages/?q=Boutique%20Consenti-2%20San%20Martín%20Texmelucan,"https://www.google.com/maps/search/?api=1&query=19.2839446,-98.43545168"
Boutique Deus,San Martín Texmelucan,+52 24 8206 6151,deus_boutique@hotmail.com,https://wa.me/522482066151,https://www.facebook.com/search/pages/?q=Boutique%20Deus%20San%20Martín%20Texmelucan,"https://www.google.com/maps/search/?api=1&query=19.28182247,-98.43566929"
Boutique En Linea Jazmin,San Martín Texmelucan,+52 24 8199 8685,perezmotajhoana70@gmail.com,https://wa.me/522481998685,https://www.facebook.com/search/pages/?q=Boutique%20En%20Linea%20Jazmin%20San%20Martín%20Texmelucan,"https://www.google.com/maps/search/?api=1&query=19.29414305,-98.47454232"
Boutique Good Times,San Martín Texmelucan,+52 55 4616 1342,respect.montiel23@gmail.com,https://wa.me/525546161342,https://www.facebook.com/search/pages/?q=Boutique%20Good%20Times%20San%20Martín%20Texmelucan,"https://www.google.com/maps/search/?api=1&query=19.28156841,-98.43338573"
Boutique Luquitas,San Martín Texmelucan,+52 24 8102 4774,luquitasboutique@hotmail.com,https://wa.me/522481024774,https://www.facebook.com/search/pages/?q=Boutique%20Luquitas%20San%20Martín%20Texmelucan,"https://www.google.com/maps/search/?api=1&query=19.28167034,-98.43406124"
Boutique Mary Pepas,San Martín Texmelucan,+52 22 2466 7617,le.aroche@hotmail.com,https://wa.me/522224667617,https://www.facebook.com/search/pages/?q=Boutique%20Mary%20Pepas%20San%20Martín%20Texmelucan,"https://www.google.com/maps/search/?api=1&query=19.28294113,-98.43402756"
Latina Jeans,San Martín Texmelucan,+52 24 8184 0233,latinajeanhpra12@gmail.com,https://wa.me/522481840233,https://www.facebook.com/search/pages/?q=Latina%20Jeans%20San%20Martín%20Texmelucan,"https://www.google.com/maps/search/?api=1&query=19.28126394,-98.43534581"
Moda Estilo Mkadesh,San Martín Texmelucan,+52 24 8164 7860,ramirezdelarosa@gmail.com,https://wa.me/522481647860,https://www.facebook.com/search/pages/?q=Moda%20Estilo%20Mkadesh%20San%20Martín%20Texmelucan,"https://www.google.com/maps/search/?api=1&query=19.28244793,-98.43596846"
Tosmor Shop,San Martín Texmelucan,+52 24 8149 3589,miki_rx4@hotmail.com,https://wa.me/522481493589,https://www.facebook.com/search/pages/?q=Tosmor%20Shop%20San%20Martín%20Texmelucan,"https://www.google.com/maps/search/?api=1&query=19.27959761,-98.4336379"
Bella Boutique,San Martín Texmelucan,+52 22 2871 8198,ND,https://wa.me/522228718198,https://www.facebook.com/search/pages/?q=Bella%20Boutique%20San%20Martín%20Texmelucan,"https://www.google.com/maps/search/?api=1&query=19.26076262,-98.40919964"
Boutique 26,San Martín Texmelucan,+52 24 8194 0179,ND,https://wa.me/522481940179,https://www.facebook.com/search/pages/?q=Boutique%2026%20San%20Martín%20Texmelucan,"https://www.google.com/maps/search/?api=1&query=19.28352682,-98.44404214"
Boutique A Y M,San Martín Texmelucan,+52 24 8186 2396,ND,https://wa.me/522481862396,https://www.facebook.com/search/pages/?q=Boutique%20A%20Y%20M%20San%20Martín%20Texmelucan,"https://www.google.com/maps/search/?api=1&query=19.28247375,-98.4351466"
Boutique A Y M,San Martín Texmelucan,+52 24 8150 8495,ND,https://wa.me/522481508495,https://www.facebook.com/search/pages/?q=Boutique%20A%20Y%20M%20San%20Martín%20Texmelucan,"https://www.google.com/maps/search/?api=1&query=19.28083549,-98.43408945"
Boutique Amor De Mis Amores,San Martín Texmelucan,+52 55 1937 7662,ND,https://wa.me/525519377662,https://www.facebook.com/search/pages/?q=Boutique%20Amor%20De%20Mis%20Amores%20San%20Martín%20Texmelucan,"https://www.google.com/maps/search/?api=1&query=19.28304594,-98.43446671"
Boutique Azul,San Martín Texmelucan,+52 24 8125 0377,ND,https://wa.me/522481250377,https://www.facebook.com/search/pages/?q=Boutique%20Azul%20San%20Martín%20Texmelucan,"https://www.google.com/maps/search/?api=1&query=19.28744062,-98.4462683"
Boutique Bambu,San Martín Texmelucan,+52 24 8215 1660,ND,https://wa.me/522482151660,https://www.facebook.com/search/pages/?q=Boutique%20Bambu%20San%20Martín%20Texmelucan,"https://www.google.com/maps/search/?api=1&query=19.28009487,-98.43301559"
Boutique Bengala,San Martín Texmelucan,+52 24 8137 2431,ND,https://wa.me/522481372431,https://www.facebook.com/search/pages/?q=Boutique%20Bengala%20San%20Martín%20Texmelucan,"https://www.google.com/maps/search/?api=1&query=19.28077247,-98.42845413"
Boutique Betan-Q,San Martín Texmelucan,+52 24 8158 9349,ND,https://wa.me/522481589349,https://www.facebook.com/search/pages/?q=Boutique%20Betan-Q%20San%20Martín%20Texmelucan,"https://www.google.com/maps/search/?api=1&query=19.28736341,-98.44532561"
Boutique Candy Cane,San Martín Texmelucan,+52 24 8110 0589,ND,https://wa.me/522481100589,https://www.facebook.com/search/pages/?q=Boutique%20Candy%20Cane%20San%20Martín%20Texmelucan,"https://www.google.com/maps/search/?api=1&query=19.28278678,-98.43685676"
Boutique Coco Brillante,San Martín Texmelucan,+52 24 8484 2451,ND,https://wa.me/522484842451,https://www.facebook.com/search/pages/?q=Boutique%20Coco%20Brillante%20San%20Martín%20Texmelucan,"https://www.google.com/maps/search/?api=1&query=19.28750963,-98.44736647"
Boutique Cris,San Martín Texmelucan,+52 24 8166 7143,ND,https://wa.me/522481667143,https://www.facebook.com/search/pages/?q=Boutique%20Cris%20San%20Martín%20Texmelucan,"https://www.google.com/maps/search/?api=1&query=19.29520065,-98.47006902"
Boutique Cristy,San Martín Texmelucan,+52 24 8202 0484,ND,https://wa.me/522482020484,https://www.facebook.com/search/pages/?q=Boutique%20Cristy%20San%20Martín%20Texmelucan,"https://www.google.com/maps/search/?api=1&query=19.28162259,-98.4337373"
Boutique Diamond,San Martín Texmelucan,+52 24 8201 4243,ND,https://wa.me/522482014243,https://www.facebook.com/search/pages/?q=Boutique%20Diamond%20San%20Martín%20Texmelucan,"https://www.google.com/maps/search/?api=1&query=19.28386844,-98.43534889"
Boutique Diann,San Martín Texmelucan,+52 24 8106 4971,ND,https://wa.me/522481064971,https://www.facebook.com/search/pages/?q=Boutique%20Diann%20San%20Martín%20Texmelucan,"https://www.google.com/maps/search/?api=1&query=19.29219242,-98.46184317"
Boutique Garrita Shop,San Martín Texmelucan,+52 24 8183 8292,ND,https://wa.me/522481838292,https://www.facebook.com/search/pages/?q=Boutique%20Garrita%20Shop%20San%20Martín%20Texmelucan,"https://www.google.com/maps/search/?api=1&query=19.26744223,-98.40729568"
Boutique Glamour,San Martín Texmelucan,+52 24 8138 9589,ND,https://wa.me/522481389589,https://www.facebook.com/search/pages/?q=Boutique%20Glamour%20San%20Martín%20Texmelucan,"https://www.google.com/maps/search/?api=1&query=19.28394903,-98.43547964"
Boutique Glamour,San Martín Texmelucan,+52 22 1190 0637,ND,https://wa.me/522211900637,https://www.facebook.com/search/pages/?q=Boutique%20Glamour%20San%20Martín%20Texmelucan,"https://www.google.com/maps/search/?api=1&query=19.28286801,-98.43352336"
Boutique H&Z,San Martín Texmelucan,+52 24 8138 4589,ND,https://wa.me/522481384589,https://www.facebook.com/search/pages/?q=Boutique%20H%26Z%20San%20Martín%20Texmelucan,"https://www.google.com/maps/search/?api=1&query=19.283937,-98.43540378"
Boutique Iris Fashion,San Martín Texmelucan,+52 24 8269 7237,ND,https://wa.me/522482697237,https://www.facebook.com/search/pages/?q=Boutique%20Iris%20Fashion%20San%20Martín%20Texmelucan,"https://www.google.com/maps/search/?api=1&query=19.29174778,-98.45567996"
Boutique Jaramke,San Martín Texmelucan,+52 24 8215 7223,ND,https://wa.me/522482157223,https://www.facebook.com/search/pages/?q=Boutique%20Jaramke%20San%20Martín%20Texmelucan,"https://www.google.com/maps/search/?api=1&query=19.28813142,-98.42299439"
Boutique Jkl,San Martín Texmelucan,+52 24 8141 0665,ND,https://wa.me/522481410665,https://www.facebook.com/search/pages/?q=Boutique%20Jkl%20San%20Martín%20Texmelucan,"https://www.google.com/maps/search/?api=1&query=19.28609422,-98.4663431"
Boutique Juyli,San Martín Texmelucan,+52 24 8148 1022,ND,https://wa.me/522481481022,https://www.facebook.com/search/pages/?q=Boutique%20Juyli%20San%20Martín%20Texmelucan,"https://www.google.com/maps/search/?api=1&query=19.28123634,-98.43675229"
Boutique Klothing & More,San Martín Texmelucan,+52 24 8125 3376,ND,https://wa.me/522481253376,https://www.facebook.com/search/pages/?q=Boutique%20Klothing%20%26%20More%20San%20Martín%20Texmelucan,"https://www.google.com/maps/search/?api=1&query=19.27490749,-98.42843365"
Boutique Mafer,San Martín Texmelucan,+52 24 8169 0125,ND,https://wa.me/522481690125,https://www.facebook.com/search/pages/?q=Boutique%20Mafer%20San%20Martín%20Texmelucan,"https://www.google.com/maps/search/?api=1&query=19.28373423,-98.43364516"
Boutique Magenta,San Martín Texmelucan,+52 24 8108 3241,ND,https://wa.me/522481083241,https://www.facebook.com/search/pages/?q=Boutique%20Magenta%20San%20Martín%20Texmelucan,"https://www.google.com/maps/search/?api=1&query=19.28252513,-98.43693676"
Boutique Mayeli,San Martín Texmelucan,+52 24 8102 6075,ND,https://wa.me/522481026075,https://www.facebook.com/search/pages/?q=Boutique%20Mayeli%20San%20Martín%20Texmelucan,"https://www.google.com/maps/search/?api=1&query=19.2654836,-98.40876864"
Boutique Melany,San Martín Texmelucan,+52 24 8249 2993,ND,https://wa.me/522482492993,https://www.facebook.com/search/pages/?q=Boutique%20Melany%20San%20Martín%20Texmelucan,"https://www.google.com/maps/search/?api=1&query=19.24850672,-98.40479435"
Boutique Mi Bryan,San Martín Texmelucan,+52 55 2135 3560,ND,https://wa.me/525521353560,https://www.facebook.com/search/pages/?q=Boutique%20Mi%20Bryan%20San%20Martín%20Texmelucan,"https://www.google.com/maps/search/?api=1&query=19.28551649,-98.43548069"
Boutique Naty,San Martín Texmelucan,+52 24 8160 7823,ND,https://wa.me/522481607823,https://www.facebook.com/search/pages/?q=Boutique%20Naty%20San%20Martín%20Texmelucan,"https://www.google.com/maps/search/?api=1&query=19.29181935,-98.43337397"
Boutique Petit,San Martín Texmelucan,+52 55 1048 0090,ND,https://wa.me/525510480090,https://www.facebook.com/search/pages/?q=Boutique%20Petit%20San%20Martín%20Texmelucan,"https://www.google.com/maps/search/?api=1&query=19.28773012,-98.45033537"
Boutique Promo Jeans,San Martín Texmelucan,+52 24 8149 6969,ND,https://wa.me/522481496969,https://www.facebook.com/search/pages/?q=Boutique%20Promo%20Jeans%20San%20Martín%20Texmelucan,"https://www.google.com/maps/search/?api=1&query=19.27986241,-98.43316255"
Boutique Ropa De Dama,San Martín Texmelucan,+52 24 8184 5997,ND,https://wa.me/522481845997,https://www.facebook.com/search/pages/?q=Boutique%20Ropa%20De%20Dama%20San%20Martín%20Texmelucan,"https://www.google.com/maps/search/?api=1&query=19.2790848,-98.43438489"
Boutique San Miguel Shoe,San Martín Texmelucan,+52 24 8110 1731,ND,https://wa.me/522481101731,https://www.facebook.com/search/pages/?q=Boutique%20San%20Miguel%20Shoe%20San%20Martín%20Texmelucan,"https://www.google.com/maps/search/?api=1&query=19.28813142,-98.42299439"
Boutique Shiny Store,San Martín Texmelucan,+52 24 8492 0955,ND,https://wa.me/522484920955,https://www.facebook.com/search/pages/?q=Boutique%20Shiny%20Store%20San%20Martín%20Texmelucan,"https://www.google.com/maps/search/?api=1&query=19.28525519,-98.43552059"
Boutique Skl,San Martín Texmelucan,+52 24 8109 1363,ND,https://wa.me/522481091363,https://www.facebook.com/search/pages/?q=Boutique%20Skl%20San%20Martín%20Texmelucan,"https://www.google.com/maps/search/?api=1&query=19.28167034,-98.43406124"
Boutique Vale,San Martín Texmelucan,+52 24 8122 4093,ND,https://wa.me/522481224093,https://www.facebook.com/search/pages/?q=Boutique%20Vale%20San%20Martín%20Texmelucan,"https://www.google.com/maps/search/?api=1&query=19.2905587,-98.43370404"
Boutique Violetas,San Martín Texmelucan,+52 24 8203 2384,ND,https://wa.me/522482032384,https://www.facebook.com/search/pages/?q=Boutique%20Violetas%20San%20Martín%20Texmelucan,"https://www.google.com/maps/search/?api=1&query=19.29384355,-98.46589072"
Boutique Vistete,San Martín Texmelucan,+52 24 8128 3189,ND,https://wa.me/522481283189,https://www.facebook.com/search/pages/?q=Boutique%20Vistete%20San%20Martín%20Texmelucan,"https://www.google.com/maps/search/?api=1&query=19.28375463,-98.43461663"
Boutiques Rosy,San Martín Texmelucan,+52 24 6242 1245,ND,https://wa.me/522462421245,https://www.facebook.com/search/pages/?q=Boutiques%20Rosy%20San%20Martín%20Texmelucan,"https://www.google.com/maps/search/?api=1&query=19.28516507,-98.43553401"
Caselin Fashion,San Martín Texmelucan,+52 24 8105 1644,ND,https://wa.me/522481051644,https://www.facebook.com/search/pages/?q=Caselin%20Fashion%20San%20Martín%20Texmelucan,"https://www.google.com/maps/search/?api=1&query=19.28264619,-98.42369765"
Daf Boutique,San Martín Texmelucan,+52 24 8170 1428,ND,https://wa.me/522481701428,https://www.facebook.com/search/pages/?q=Daf%20Boutique%20San%20Martín%20Texmelucan,"https://www.google.com/maps/search/?api=1&query=19.24411147,-98.46456197"
Florik Boutique,San Martín Texmelucan,+52 24 8186 7164,ND,https://wa.me/522481867164,https://www.facebook.com/search/pages/?q=Florik%20Boutique%20San%20Martín%20Texmelucan,"https://www.google.com/maps/search/?api=1&query=19.27691222,-98.41649293"
Freak Shop,San Martín Texmelucan,+52 24 8226 7011,ND,https://wa.me/522482267011,https://www.facebook.com/search/pages/?q=Freak%20Shop%20San%20Martín%20Texmelucan,"https://www.google.com/maps/search/?api=1&query=19.28341231,-98.43208748"
La Tiendita Boutique,San Martín Texmelucan,+52 24 8106 8660,ND,https://wa.me/522481068660,https://www.facebook.com/search/pages/?q=La%20Tiendita%20Boutique%20San%20Martín%20Texmelucan,"https://www.google.com/maps/search/?api=1&query=19.28854521,-98.4660003"
Moda Azul,San Martín Texmelucan,+52 24 8116 8148,ND,https://wa.me/522481168148,https://www.facebook.com/search/pages/?q=Moda%20Azul%20San%20Martín%20Texmelucan,"https://www.google.com/maps/search/?api=1&query=19.27997347,-98.4258137"
Ophelia Boutique,San Martín Texmelucan,+52 24 8129 5929,ND,https://wa.me/522481295929,https://www.facebook.com/search/pages/?q=Ophelia%20Boutique%20San%20Martín%20Texmelucan,"https://www.google.com/maps/search/?api=1&query=19.2798853,-98.43711363"
Sweet Shop,San Martín Texmelucan,+52 55 1433 1404,ND,https://wa.me/525514331404,https://www.facebook.com/search/pages/?q=Sweet%20Shop%20San%20Martín%20Texmelucan,"https://www.google.com/maps/search/?api=1&query=19.28355588,-98.44464237"
Tienda Boutique Shein,San Martín Texmelucan,+52 24 8143 4718,ND,https://wa.me/522481434718,https://www.facebook.com/search/pages/?q=Tienda%20Boutique%20Shein%20San%20Martín%20Texmelucan,"https://www.google.com/maps/search/?api=1&query=19.28237232,-98.42997758"
Tienda De Ropa De Caballero Uomo Boys Boutique,San Martín Texmelucan,+52 24 8171 0996,ND,https://wa.me/522481710996,https://www.facebook.com/search/pages/?q=Tienda%20De%20Ropa%20De%20Caballero%20Uomo%20Boys%20Boutique%20San%20Martín%20Texmelucan,"https://www.google.com/maps/search/?api=1&query=19.2917478,-98.45572613"
Venta De Pantalones,San Martín Texmelucan,+52 22 2307 5734,ND,https://wa.me/522223075734,https://www.facebook.com/search/pages/?q=Venta%20De%20Pantalones%20San%20Martín%20Texmelucan,"https://www.google.com/maps/search/?api=1&query=19.28372215,-98.46356131"
Venta De Ropa A&M Store,San Martín Texmelucan,+52 24 8186 1772,ND,https://wa.me/522481861772,https://www.facebook.com/search/pages/?q=Venta%20De%20Ropa%20A%26M%20Store%20San%20Martín%20Texmelucan,"https://www.google.com/maps/search/?api=1&query=19.29407913,-98.4340985"
Venta De Ropa Moav Store,San Martín Texmelucan,+52 22 2677 7778,ND,https://wa.me/522226777778,https://www.facebook.com/search/pages/?q=Venta%20De%20Ropa%20Moav%20Store%20San%20Martín%20Texmelucan,"https://www.google.com/maps/search/?api=1&query=19.28292762,-98.42881756"
Moda Liberato,San Martín Totoltepec,ND,ND,ND,https://www.facebook.com/search/pages/?q=Moda%20Liberato%20San%20Martín%20Totoltepec,"https://www.google.com/maps/search/?api=1&query=18.6499017,-98.34582827"
Tienda De Ropa,San Martín Totoltepec,ND,ND,ND,https://www.facebook.com/search/pages/?q=Tienda%20De%20Ropa%20San%20Martín%20Totoltepec,"https://www.google.com/maps/search/?api=1&query=18.6512398,-98.34705422"
Venta De Ropa Boutique Estefany,San Matías Tlalancaleca,+52 24 8106 4092,magy_68@outlook.com,https://wa.me/522481064092,https://www.facebook.com/search/pages/?q=Venta%20De%20Ropa%20Boutique%20Estefany%20San%20Matías%20Tlalancaleca,"https://www.google.com/maps/search/?api=1&query=19.32432399,-98.50011544"
Bella Boutique,San Matías Tlalancaleca,+52 41 5305 0484,ND,https://wa.me/524153050484,https://www.facebook.com/search/pages/?q=Bella%20Boutique%20San%20Matías%20Tlalancaleca,"https://www.google.com/maps/search/?api=1&query=19.32478576,-98.49687124"
Boutique Griss,San Matías Tlalancaleca,+52 24 8172 2522,ND,https://wa.me/522481722522,https://www.facebook.com/search/pages/?q=Boutique%20Griss%20San%20Matías%20Tlalancaleca,"https://www.google.com/maps/search/?api=1&query=19.32103159,-98.50169867"
Boutique Jihem,San Matías Tlalancaleca,+52 55 7207 1794,ND,https://wa.me/525572071794,https://www.facebook.com/search/pages/?q=Boutique%20Jihem%20San%20Matías%20Tlalancaleca,"https://www.google.com/maps/search/?api=1&query=19.32664506,-98.50203588"
Boutique Monroe,San Matías Tlalancaleca,+52 22 1274 8818,ND,https://wa.me/522212748818,https://www.facebook.com/search/pages/?q=Boutique%20Monroe%20San%20Matías%20Tlalancaleca,"https://www.google.com/maps/search/?api=1&query=19.32377227,-98.49810034"
Boutique Siempre Bella,San Matías Tlalancaleca,+52 24 8139 9236,ND,https://wa.me/522481399236,https://www.facebook.com/search/pages/?q=Boutique%20Siempre%20Bella%20San%20Matías%20Tlalancaleca,"https://www.google.com/maps/search/?api=1&query=19.32072745,-98.49810252"
Dual Fashion,San Matías Tlalancaleca,+52 24 8196 6646,ND,https://wa.me/522481966646,https://www.facebook.com/search/pages/?q=Dual%20Fashion%20San%20Matías%20Tlalancaleca,"https://www.google.com/maps/search/?api=1&query=19.32330101,-98.49810625"
Ew Boutique,San Matías Tlalancaleca,+52 24 8155 4874,ND,https://wa.me/522481554874,https://www.facebook.com/search/pages/?q=Ew%20Boutique%20San%20Matías%20Tlalancaleca,"https://www.google.com/maps/search/?api=1&query=19.36071588,-98.522087"
Venta Chalecos De Mezclilla,San Matías Tlalancaleca,+52 22 1243 6777,ND,https://wa.me/522212436777,https://www.facebook.com/search/pages/?q=Venta%20Chalecos%20De%20Mezclilla%20San%20Matías%20Tlalancaleca,"https://www.google.com/maps/search/?api=1&query=19.3278683,-98.4981141"
Venta De Ropa Gugui Boutique,San Matías Tlalancaleca,+52 24 8160 5923,ND,https://wa.me/522481605923,https://www.facebook.com/search/pages/?q=Venta%20De%20Ropa%20Gugui%20Boutique%20San%20Matías%20Tlalancaleca,"https://www.google.com/maps/search/?api=1&query=19.32449546,-98.49881145"
Store 28,San Miguel Xoxtla,+52 22 1520 8528,ND,https://wa.me/522215208528,https://www.facebook.com/search/pages/?q=Store%2028%20San%20Miguel%20Xoxtla,"https://www.google.com/maps/search/?api=1&query=19.16806777,-98.30461693"
Fashion Boutique,San Nicolás Buenos Aires,+52 24 5450 5285,ND,https://wa.me/522454505285,https://www.facebook.com/search/pages/?q=Fashion%20Boutique%20San%20Nicolás%20Buenos%20Aires,"https://www.google.com/maps/search/?api=1&query=19.16431668,-97.55282382"
Boutique Rouss,San Nicolás de los Ranchos,+52 22 7119 2646,ND,https://wa.me/522271192646,https://www.facebook.com/search/pages/?q=Boutique%20Rouss%20San%20Nicolás%20de%20los%20Ranchos,"https://www.google.com/maps/search/?api=1&query=19.07224066,-98.48055562"
Boutique Sanchez,San Nicolás de los Ranchos,+52 22 2200 2200,ND,https://wa.me/522222002200,https://www.facebook.com/search/pages/?q=Boutique%20Sanchez%20San%20Nicolás%20de%20los%20Ranchos,"https://www.google.com/maps/search/?api=1&query=19.07478739,-98.48110934"
Metal Shop,San Nicolás de los Ranchos,+52 22 2775 7101,ND,https://wa.me/522227757101,https://www.facebook.com/search/pages/?q=Metal%20Shop%20San%20Nicolás%20de%20los%20Ranchos,"https://www.google.com/maps/search/?api=1&query=19.07354073,-98.48558753"
Caseta De Venta Ropa,San Pablo Anicano,+52 27 5111 4525,ND,https://wa.me/522751114525,https://www.facebook.com/search/pages/?q=Caseta%20De%20Venta%20Ropa%20San%20Pablo%20Anicano,"https://www.google.com/maps/search/?api=1&query=18.12454749,-98.08367597"
Tienda De Ropa,San Pablo Anicano,ND,ND,ND,https://www.facebook.com/search/pages/?q=Tienda%20De%20Ropa%20San%20Pablo%20Anicano,"https://www.google.com/maps/search/?api=1&query=18.12160352,-98.08493168"
Boutique Jb,San Pedro Cholula,+52 22 1213 8522,jesus_27mr@hotmail.com,https://wa.me/522212138522,https://www.facebook.com/search/pages/?q=Boutique%20Jb%20San%20Pedro%20Cholula,"https://www.google.com/maps/search/?api=1&query=19.06375625,-98.31114719"
Menchiistore,San Pedro Cholula,+52 22 1965 4690,menchiistore@gmail.com,https://wa.me/522219654690,https://www.facebook.com/search/pages/?q=Menchiistore%20San%20Pedro%20Cholula,"https://www.google.com/maps/search/?api=1&query=19.06667876,-98.30827024"
Soxshop,San Pedro Cholula,+52 55 2943 8224,explanadapuebla@tecnosocks.com.mx,https://wa.me/525529438224,https://www.facebook.com/search/pages/?q=Soxshop%20San%20Pedro%20Cholula,"https://www.google.com/maps/search/?api=1&query=19.07251472,-98.27561865"
Boutique Chulisima,San Pedro Cholula,+52 22 2292 5958,ND,https://wa.me/522222925958,https://www.facebook.com/search/pages/?q=Boutique%20Chulisima%20San%20Pedro%20Cholula,"https://www.google.com/maps/search/?api=1&query=19.06130486,-98.31009815"
Boutique El Closet,San Pedro Cholula,+52 22 1661 2564,ND,https://wa.me/522216612564,https://www.facebook.com/search/pages/?q=Boutique%20El%20Closet%20San%20Pedro%20Cholula,"https://www.google.com/maps/search/?api=1&query=19.07614852,-98.28104821"
Boutique Indomito,San Pedro Cholula,+52 22 2693 0388,ND,https://wa.me/522226930388,https://www.facebook.com/search/pages/?q=Boutique%20Indomito%20San%20Pedro%20Cholula,"https://www.google.com/maps/search/?api=1&query=19.06471272,-98.31123812"
Boutique Medina,San Pedro Cholula,+52 22 2275 5541,ND,https://wa.me/522222755541,https://www.facebook.com/search/pages/?q=Boutique%20Medina%20San%20Pedro%20Cholula,"https://www.google.com/maps/search/?api=1&query=19.08647725,-98.3246976"
Boutique Neit,San Pedro Cholula,+52 22 2134 3423,ND,https://wa.me/522221343423,https://www.facebook.com/search/pages/?q=Boutique%20Neit%20San%20Pedro%20Cholula,"https://www.google.com/maps/search/?api=1&query=19.05594702,-98.30813605"
Boutique So Sweet Little,San Pedro Cholula,+52 22 2473 7026,ND,https://wa.me/522224737026,https://www.facebook.com/search/pages/?q=Boutique%20So%20Sweet%20Little%20San%20Pedro%20Cholula,"https://www.google.com/maps/search/?api=1&query=19.06342983,-98.31043237"
Boutique Vane,San Pedro Cholula,+52 22 2623 9749,ND,https://wa.me/522226239749,https://www.facebook.com/search/pages/?q=Boutique%20Vane%20San%20Pedro%20Cholula,"https://www.google.com/maps/search/?api=1&query=19.08236279,-98.32140139"
Breton Boutique,San Pedro Cholula,+52 22 1206 6000,ND,https://wa.me/522212066000,https://www.facebook.com/search/pages/?q=Breton%20Boutique%20San%20Pedro%20Cholula,"https://www.google.com/maps/search/?api=1&query=19.07495633,-98.29562067"
Chula Moda Latina,San Pedro Cholula,+52 22 2896 8822,ND,https://wa.me/522228968822,https://www.facebook.com/search/pages/?q=Chula%20Moda%20Latina%20San%20Pedro%20Cholula,"https://www.google.com/maps/search/?api=1&query=19.06110543,-98.30520524"
Fashion Boutique,San Pedro Cholula,+52 22 1422 3780,ND,https://wa.me/522214223780,https://www.facebook.com/search/pages/?q=Fashion%20Boutique%20San%20Pedro%20Cholula,"https://www.google.com/maps/search/?api=1&query=19.07621356,-98.30912551"
Guapa Boutique,San Pedro Cholula,+52 22 2550 2350,ND,https://wa.me/522225502350,https://www.facebook.com/search/pages/?q=Guapa%20Boutique%20San%20Pedro%20Cholula,"https://www.google.com/maps/search/?api=1&query=19.06246249,-98.3083151"
Innovate Boutique,San Pedro Cholula,+52 22 2923 7575,ND,https://wa.me/522229237575,https://www.facebook.com/search/pages/?q=Innovate%20Boutique%20San%20Pedro%20Cholula,"https://www.google.com/maps/search/?api=1&query=19.09956515,-98.30419928"
Kmata Boutique,San Pedro Cholula,+52 22 2360 9259,ND,https://wa.me/522223609259,https://www.facebook.com/search/pages/?q=Kmata%20Boutique%20San%20Pedro%20Cholula,"https://www.google.com/maps/search/?api=1&query=19.05888194,-98.3066556"
Leidys Boutique,San Pedro Cholula,+52 22 1136 7022,ND,https://wa.me/522211367022,https://www.facebook.com/search/pages/?q=Leidys%20Boutique%20San%20Pedro%20Cholula,"https://www.google.com/maps/search/?api=1&query=19.06426307,-98.31011521"
Lu Boutique,San Pedro Cholula,+52 22 1335 9568,ND,https://wa.me/522213359568,https://www.facebook.com/search/pages/?q=Lu%20Boutique%20San%20Pedro%20Cholula,"https://www.google.com/maps/search/?api=1&query=19.06548758,-98.31495015"
Tienda De Ropa Moda Casual Lupita,San Pedro Cholula,+52 22 2851 3544,ND,https://wa.me/522228513544,https://www.facebook.com/search/pages/?q=Tienda%20De%20Ropa%20Moda%20Casual%20Lupita%20San%20Pedro%20Cholula,"https://www.google.com/maps/search/?api=1&query=19.06394132,-98.30929173"
Venta De Ropa Rosy Jeans,San Pedro Cholula,+52 22 1120 3565,ND,https://wa.me/522211203565,https://www.facebook.com/search/pages/?q=Venta%20De%20Ropa%20Rosy%20Jeans%20San%20Pedro%20Cholula,"https://www.google.com/maps/search/?api=1&query=19.06134669,-98.31031585"
Tienda De Ropa,San Pedro Yeloixtlahuaca,+52 95 3168 4106,ND,https://wa.me/529531684106,https://www.facebook.com/search/pages/?q=Tienda%20De%20Ropa%20San%20Pedro%20Yeloixtlahuaca,"https://www.google.com/maps/search/?api=1&query=18.11605503,-98.07667421"
Tienda De Ropa,San Pedro Yeloixtlahuaca,ND,ND,ND,https://www.facebook.com/search/pages/?q=Tienda%20De%20Ropa%20San%20Pedro%20Yeloixtlahuaca,"https://www.google.com/maps/search/?api=1&query=18.11691388,-98.07612904"
Boutique Canela,San Salvador el Seco,+52 24 9127 3118,ND,https://wa.me/522491273118,https://www.facebook.com/search/pages/?q=Boutique%20Canela%20San%20Salvador%20el%20Seco,"https://www.google.com/maps/search/?api=1&query=19.13353882,-97.6425616"
Isis Shop,San Salvador el Seco,+52 24 9127 7096,ND,https://wa.me/522491277096,https://www.facebook.com/search/pages/?q=Isis%20Shop%20San%20Salvador%20el%20Seco,"https://www.google.com/maps/search/?api=1&query=19.13425557,-97.64004984"
Boutique Ropa Familiar,San Salvador el Verde,+52 24 8166 2487,j.zflop@gmail.com,https://wa.me/522481662487,https://www.facebook.com/search/pages/?q=Boutique%20Ropa%20Familiar%20San%20Salvador%20el%20Verde,"https://www.google.com/maps/search/?api=1&query=19.26549748,-98.4739109"
Boutique Bella Nadeshe,San Salvador el Verde,+52 24 8208 6322,ND,https://wa.me/522482086322,https://www.facebook.com/search/pages/?q=Boutique%20Bella%20Nadeshe%20San%20Salvador%20el%20Verde,"https://www.google.com/maps/search/?api=1&query=19.30785485,-98.48188621"
Boutique Fanylu,San Salvador el Verde,+52 24 8199 5748,ND,https://wa.me/522481995748,https://www.facebook.com/search/pages/?q=Boutique%20Fanylu%20San%20Salvador%20el%20Verde,"https://www.google.com/maps/search/?api=1&query=19.26240559,-98.50188807"
Boutique Instinto,San Salvador el Verde,+52 24 8203 3441,ND,https://wa.me/522482033441,https://www.facebook.com/search/pages/?q=Boutique%20Instinto%20San%20Salvador%20el%20Verde,"https://www.google.com/maps/search/?api=1&query=19.30871645,-98.47782911"
Boutique Iunik,San Salvador el Verde,+52 24 8481 2134,ND,https://wa.me/522484812134,https://www.facebook.com/search/pages/?q=Boutique%20Iunik%20San%20Salvador%20el%20Verde,"https://www.google.com/maps/search/?api=1&query=19.30682795,-98.48213544"
Boutique Jye,San Salvador el Verde,+52 24 8106 8851,ND,https://wa.me/522481068851,https://www.facebook.com/search/pages/?q=Boutique%20Jye%20San%20Salvador%20el%20Verde,"https://www.google.com/maps/search/?api=1&query=19.30846295,-98.4758406"
Boutique La Consentida,San Salvador el Verde,+52 24 8139 7342,ND,https://wa.me/522481397342,https://www.facebook.com/search/pages/?q=Boutique%20La%20Consentida%20San%20Salvador%20el%20Verde,"https://www.google.com/maps/search/?api=1&query=19.26532305,-98.49104154"
Boutique Lucy,San Salvador el Verde,+52 24 8227 7852,ND,https://wa.me/522482277852,https://www.facebook.com/search/pages/?q=Boutique%20Lucy%20San%20Salvador%20el%20Verde,"https://www.google.com/maps/search/?api=1&query=19.30328057,-98.47498481"
Boutique Rm,San Salvador el Verde,+52 24 8122 8246,ND,https://wa.me/522481228246,https://www.facebook.com/search/pages/?q=Boutique%20Rm%20San%20Salvador%20el%20Verde,"https://www.google.com/maps/search/?api=1&query=19.26200361,-98.50399782"
Boutique Sales,San Salvador el Verde,+52 24 8114 5155,ND,https://wa.me/522481145155,https://www.facebook.com/search/pages/?q=Boutique%20Sales%20San%20Salvador%20el%20Verde,"https://www.google.com/maps/search/?api=1&query=19.30333896,-98.47592137"
Moda Y Estilo,San Salvador el Verde,+52 24 8100 4649,ND,https://wa.me/522481004649,https://www.facebook.com/search/pages/?q=Moda%20Y%20Estilo%20San%20Salvador%20el%20Verde,"https://www.google.com/maps/search/?api=1&query=19.26920184,-98.51640744"
Boutique La Casita,San Salvador Huixcolotla,+52 24 9425 0195,gvgt.nagar@hotmail.com,https://wa.me/522494250195,https://www.facebook.com/search/pages/?q=Boutique%20La%20Casita%20San%20Salvador%20Huixcolotla,"https://www.google.com/maps/search/?api=1&query=18.92097262,-97.77236658"
Boutique Rossy,San Salvador Huixcolotla,+52 24 9113 4905,cervantescamacho@gmail.com,https://wa.me/522491134905,https://www.facebook.com/search/pages/?q=Boutique%20Rossy%20San%20Salvador%20Huixcolotla,"https://www.google.com/maps/search/?api=1&query=18.91873583,-97.77104625"
Boutique Ax,San Salvador Huixcolotla,+52 24 9100 9028,ND,https://wa.me/522491009028,https://www.facebook.com/search/pages/?q=Boutique%20Ax%20San%20Salvador%20Huixcolotla,"https://www.google.com/maps/search/?api=1&query=18.90897915,-97.77690292"
Boutique Karmin,San Salvador Huixcolotla,+52 24 9157 8131,ND,https://wa.me/522491578131,https://www.facebook.com/search/pages/?q=Boutique%20Karmin%20San%20Salvador%20Huixcolotla,"https://www.google.com/maps/search/?api=1&query=18.92160014,-97.77015654"
Klasse Boutique,San Salvador Huixcolotla,+52 24 9425 0894,ND,https://wa.me/522494250894,https://www.facebook.com/search/pages/?q=Klasse%20Boutique%20San%20Salvador%20Huixcolotla,"https://www.google.com/maps/search/?api=1&query=18.90433659,-97.78600002"
Venta De Ropa Jazshop,San Salvador Huixcolotla,+52 24 9187 2609,ND,https://wa.me/522491872609,https://www.facebook.com/search/pages/?q=Venta%20De%20Ropa%20Jazshop%20San%20Salvador%20Huixcolotla,"https://www.google.com/maps/search/?api=1&query=18.92036305,-97.77174816"
Venta De Ropa Mina Boutique,San Salvador Huixcolotla,+52 24 9102 6418,ND,https://wa.me/522491026418,https://www.facebook.com/search/pages/?q=Venta%20De%20Ropa%20Mina%20Boutique%20San%20Salvador%20Huixcolotla,"https://www.google.com/maps/search/?api=1&query=18.90895863,-97.77674598"
Venta De Ropa,San Sebastián Tlacotepec,+52 23 8122 3239,ND,https://wa.me/522381223239,https://www.facebook.com/search/pages/?q=Venta%20De%20Ropa%20San%20Sebastián%20Tlacotepec,"https://www.google.com/maps/search/?api=1&query=18.40653734,-96.8454501"
Venta De Ropa,San Sebastián Tlacotepec,+52 56 4642 2107,ND,https://wa.me/525646422107,https://www.facebook.com/search/pages/?q=Venta%20De%20Ropa%20San%20Sebastián%20Tlacotepec,"https://www.google.com/maps/search/?api=1&query=18.40679181,-96.84905091"
Tienda De Ropa Blanca Rosalba Del Prado Orea,Santa Catarina Tlaltempan,ND,ND,ND,https://www.facebook.com/search/pages/?q=Tienda%20De%20Ropa%20Blanca%20Rosalba%20Del%20Prado%20Orea%20Santa%20Catarina%20Tlaltempan,"https://www.google.com/maps/search/?api=1&query=18.6140034,-98.0821785"
Boutique Teresa,Santa Inés Ahuatempan,+52 22 4112 8117,ND,https://wa.me/522241128117,https://www.facebook.com/search/pages/?q=Boutique%20Teresa%20Santa%20Inés%20Ahuatempan,"https://www.google.com/maps/search/?api=1&query=18.41368193,-98.0175784"
Tienda De Accesorios Y Moda El Cinturon De Orion,Santa Inés Ahuatempan,+52 22 4109 6949,ND,https://wa.me/522241096949,https://www.facebook.com/search/pages/?q=Tienda%20De%20Accesorios%20Y%20Moda%20El%20Cinturon%20De%20Orion%20Santa%20Inés%20Ahuatempan,"https://www.google.com/maps/search/?api=1&query=18.41453341,-98.0172771"
Eym Exclusive Shop,Santa Isabel Cholula,+52 22 2762 8544,ND,https://wa.me/522227628544,https://www.facebook.com/search/pages/?q=Eym%20Exclusive%20Shop%20Santa%20Isabel%20Cholula,"https://www.google.com/maps/search/?api=1&query=18.98555378,-98.35428479"
Tienda De Ropa Issa Fashion,Santa Isabel Cholula,+52 24 4127 2931,ND,https://wa.me/522441272931,https://www.facebook.com/search/pages/?q=Tienda%20De%20Ropa%20Issa%20Fashion%20Santa%20Isabel%20Cholula,"https://www.google.com/maps/search/?api=1&query=18.99402444,-98.37744786"
Boutique Jp Moda Estilo Y Mas,Santiago Miahuatlán,+52 23 8371 0706,ND,https://wa.me/522383710706,https://www.facebook.com/search/pages/?q=Boutique%20Jp%20Moda%20Estilo%20Y%20Mas%20Santiago%20Miahuatlán,"https://www.google.com/maps/search/?api=1&query=18.54741336,-97.43818868"
Boutique Lupita,Santiago Miahuatlán,+52 23 8252 9993,ND,https://wa.me/522382529993,https://www.facebook.com/search/pages/?q=Boutique%20Lupita%20Santiago%20Miahuatlán,"https://www.google.com/maps/search/?api=1&query=18.55222572,-97.44031349"
Boutique Ohana,Santiago Miahuatlán,+52 23 8170 4225,ND,https://wa.me/522381704225,https://www.facebook.com/search/pages/?q=Boutique%20Ohana%20Santiago%20Miahuatlán,"https://www.google.com/maps/search/?api=1&query=18.55194965,-97.44016095"
Boutique Princes,Santiago Miahuatlán,+52 23 8113 5847,ND,https://wa.me/522381135847,https://www.facebook.com/search/pages/?q=Boutique%20Princes%20Santiago%20Miahuatlán,"https://www.google.com/maps/search/?api=1&query=18.5521433,-97.44026794"
De Jesus Boutique,Santiago Miahuatlán,+52 23 8136 9638,ND,https://wa.me/522381369638,https://www.facebook.com/search/pages/?q=De%20Jesus%20Boutique%20Santiago%20Miahuatlán,"https://www.google.com/maps/search/?api=1&query=18.5044534,-97.39876313"
Malva Shop Tienda De Ropa,Santiago Miahuatlán,+52 23 8236 1410,ND,https://wa.me/522382361410,https://www.facebook.com/search/pages/?q=Malva%20Shop%20Tienda%20De%20Ropa%20Santiago%20Miahuatlán,"https://www.google.com/maps/search/?api=1&query=18.5451305,-97.44081427"
Mir Boutique,Santiago Miahuatlán,+52 23 8117 2401,ND,https://wa.me/522381172401,https://www.facebook.com/search/pages/?q=Mir%20Boutique%20Santiago%20Miahuatlán,"https://www.google.com/maps/search/?api=1&query=18.50371803,-97.39904784"
Modas Femeninas,Santiago Miahuatlán,+52 23 8221 8078,ND,https://wa.me/522382218078,https://www.facebook.com/search/pages/?q=Modas%20Femeninas%20Santiago%20Miahuatlán,"https://www.google.com/maps/search/?api=1&query=18.54336232,-97.44199225"
Boutique Rocio,Santo Tomás Hueyotlipan,+52 22 4102 6069,ND,https://wa.me/522241026069,https://www.facebook.com/search/pages/?q=Boutique%20Rocio%20Santo%20Tomás%20Hueyotlipan,"https://www.google.com/maps/search/?api=1&query=18.87360596,-97.85207679"
Butoque Moda Shop,Santo Tomás Hueyotlipan,+52 22 3101 7936,ND,https://wa.me/522231017936,https://www.facebook.com/search/pages/?q=Butoque%20Moda%20Shop%20Santo%20Tomás%20Hueyotlipan,"https://www.google.com/maps/search/?api=1&query=18.88103002,-97.84869979"
El Vaquero Ruiz,Santo Tomás Hueyotlipan,+52 24 9110 7063,ND,https://wa.me/522491107063,https://www.facebook.com/search/pages/?q=El%20Vaquero%20Ruiz%20Santo%20Tomás%20Hueyotlipan,"https://www.google.com/maps/search/?api=1&query=18.88971824,-97.86514188"
Boutique Algo Bonito,Soltepec,+52 55 3363 1437,ND,https://wa.me/525533631437,https://www.facebook.com/search/pages/?q=Boutique%20Algo%20Bonito%20Soltepec,"https://www.google.com/maps/search/?api=1&query=19.12891992,-97.70626629"
Boutique Maggy,Soltepec,+52 55 7880 5630,ND,https://wa.me/525578805630,https://www.facebook.com/search/pages/?q=Boutique%20Maggy%20Soltepec,"https://www.google.com/maps/search/?api=1&query=19.12960067,-97.70686803"
Boutique Bella,Tecali de Herrera,+52 22 4113 4951,ND,https://wa.me/522241134951,https://www.facebook.com/search/pages/?q=Boutique%20Bella%20Tecali%20de%20Herrera,"https://www.google.com/maps/search/?api=1&query=18.85965136,-97.91789855"
Boutique Urban Shop Mc,Tecamachalco,+52 24 9111 9861,sheinsanta113@gmail.com,https://wa.me/522491119861,https://www.facebook.com/search/pages/?q=Boutique%20Urban%20Shop%20Mc%20Tecamachalco,"https://www.google.com/maps/search/?api=1&query=18.87894765,-97.78352486"
Aki Shope,Tecamachalco,+52 24 9244 7143,ND,https://wa.me/522492447143,https://www.facebook.com/search/pages/?q=Aki%20Shope%20Tecamachalco,"https://www.google.com/maps/search/?api=1&query=18.88356567,-97.73007429"
Ayram Boutique,Tecamachalco,+52 24 9244 2649,ND,https://wa.me/522492442649,https://www.facebook.com/search/pages/?q=Ayram%20Boutique%20Tecamachalco,"https://www.google.com/maps/search/?api=1&query=18.84277368,-97.7071238"
Boutique Angy,Tecamachalco,+52 24 9116 2026,ND,https://wa.me/522491162026,https://www.facebook.com/search/pages/?q=Boutique%20Angy%20Tecamachalco,"https://www.google.com/maps/search/?api=1&query=18.91329369,-97.73738636"
Boutique Extravaganza,Tecamachalco,+52 24 9108 2858,ND,https://wa.me/522491082858,https://www.facebook.com/search/pages/?q=Boutique%20Extravaganza%20Tecamachalco,"https://www.google.com/maps/search/?api=1&query=18.88338632,-97.7324264"
Boutique Infinti,Tecamachalco,+52 24 9121 7531,ND,https://wa.me/522491217531,https://www.facebook.com/search/pages/?q=Boutique%20Infinti%20Tecamachalco,"https://www.google.com/maps/search/?api=1&query=18.88049613,-97.72854117"
Boutique Jessica Cid,Tecamachalco,+52 24 9102 9239,ND,https://wa.me/522491029239,https://www.facebook.com/search/pages/?q=Boutique%20Jessica%20Cid%20Tecamachalco,"https://www.google.com/maps/search/?api=1&query=18.88248142,-97.72953672"
Boutique Karla,Tecamachalco,+52 24 9120 4519,ND,https://wa.me/522491204519,https://www.facebook.com/search/pages/?q=Boutique%20Karla%20Tecamachalco,"https://www.google.com/maps/search/?api=1&query=18.88119862,-97.7251455"
Boutique Leti,Tecamachalco,+52 24 9175 7104,ND,https://wa.me/522491757104,https://www.facebook.com/search/pages/?q=Boutique%20Leti%20Tecamachalco,"https://www.google.com/maps/search/?api=1&query=18.84204476,-97.7020122"
Boutique Luna,Tecamachalco,+52 24 9113 6883,ND,https://wa.me/522491136883,https://www.facebook.com/search/pages/?q=Boutique%20Luna%20Tecamachalco,"https://www.google.com/maps/search/?api=1&query=18.91411,-97.73712429"
Boutique Lv,Tecamachalco,+52 22 1169 1864,ND,https://wa.me/522211691864,https://www.facebook.com/search/pages/?q=Boutique%20Lv%20Tecamachalco,"https://www.google.com/maps/search/?api=1&query=18.88115484,-97.73332016"
Boutique Magia De Perlas,Tecamachalco,+52 24 9177 8252,ND,https://wa.me/522491778252,https://www.facebook.com/search/pages/?q=Boutique%20Magia%20De%20Perlas%20Tecamachalco,"https://www.google.com/maps/search/?api=1&query=18.8457389,-97.70196573"
Boutique Maribel Milan,Tecamachalco,+52 24 9101 2378,ND,https://wa.me/522491012378,https://www.facebook.com/search/pages/?q=Boutique%20Maribel%20Milan%20Tecamachalco,"https://www.google.com/maps/search/?api=1&query=18.88372739,-97.72999533"
Boutique Miranda,Tecamachalco,+52 24 9176 7244,ND,https://wa.me/522491767244,https://www.facebook.com/search/pages/?q=Boutique%20Miranda%20Tecamachalco,"https://www.google.com/maps/search/?api=1&query=18.88128592,-97.72918655"
Boutique Nicoles,Tecamachalco,+52 24 9101 2551,ND,https://wa.me/522491012551,https://www.facebook.com/search/pages/?q=Boutique%20Nicoles%20Tecamachalco,"https://www.google.com/maps/search/?api=1&query=18.88375582,-97.73166741"
Boutique Psichodelic,Tecamachalco,+52 24 9119 2398,ND,https://wa.me/522491192398,https://www.facebook.com/search/pages/?q=Boutique%20Psichodelic%20Tecamachalco,"https://www.google.com/maps/search/?api=1&query=18.88202012,-97.72672218"
Boutique Susy,Tecamachalco,+52 24 9100 0168,ND,https://wa.me/522491000168,https://www.facebook.com/search/pages/?q=Boutique%20Susy%20Tecamachalco,"https://www.google.com/maps/search/?api=1&query=18.91489883,-97.73921415"
Gaby Moda Y Accesorios,Tecamachalco,+52 24 9186 8120,ND,https://wa.me/522491868120,https://www.facebook.com/search/pages/?q=Gaby%20Moda%20Y%20Accesorios%20Tecamachalco,"https://www.google.com/maps/search/?api=1&query=18.84211962,-97.725949"
M&A Store,Tecamachalco,+52 24 9186 0834,ND,https://wa.me/522491860834,https://www.facebook.com/search/pages/?q=M%26A%20Store%20Tecamachalco,"https://www.google.com/maps/search/?api=1&query=18.87910159,-97.72596085"
Modas Adry,Tecamachalco,+52 24 9121 8811,ND,https://wa.me/522491218811,https://www.facebook.com/search/pages/?q=Modas%20Adry%20Tecamachalco,"https://www.google.com/maps/search/?api=1&query=18.91383407,-97.73666638"
Modas Vego,Tecamachalco,+52 24 9150 1151,ND,https://wa.me/522491501151,https://www.facebook.com/search/pages/?q=Modas%20Vego%20Tecamachalco,"https://www.google.com/maps/search/?api=1&query=18.88053182,-97.72335804"
Pacos Boutique,Tecamachalco,+52 24 9101 5626,ND,https://wa.me/522491015626,https://www.facebook.com/search/pages/?q=Pacos%20Boutique%20Tecamachalco,"https://www.google.com/maps/search/?api=1&query=18.88057016,-97.72752863"
Riadzys Boutique,Tecamachalco,+52 24 9110 4711,ND,https://wa.me/522491104711,https://www.facebook.com/search/pages/?q=Riadzys%20Boutique%20Tecamachalco,"https://www.google.com/maps/search/?api=1&query=18.84444652,-97.70460726"
Shop Extralarge,Tecamachalco,+52 24 9162 9328,ND,https://wa.me/522491629328,https://www.facebook.com/search/pages/?q=Shop%20Extralarge%20Tecamachalco,"https://www.google.com/maps/search/?api=1&query=18.91225514,-97.7377741"
Tienda De Ropa Boutique Carol,Tecamachalco,+52 24 9195 5567,ND,https://wa.me/522491955567,https://www.facebook.com/search/pages/?q=Tienda%20De%20Ropa%20Boutique%20Carol%20Tecamachalco,"https://www.google.com/maps/search/?api=1&query=18.87129753,-97.71823447"
Boutique Jaqui Jaretzi,Tecomatlán,+52 27 5111 1988,ND,https://wa.me/522751111988,https://www.facebook.com/search/pages/?q=Boutique%20Jaqui%20Jaretzi%20Tecomatlán,"https://www.google.com/maps/search/?api=1&query=18.11558238,-98.31204895"
Adam Y Eva Jeans,Tehuacán,+52 23 8388 0701,ND,https://wa.me/522383880701,https://ADAMYEVAJEANS.COM/,"https://www.google.com/maps/search/?api=1&query=18.47441247,-97.39765831"
Banana Boutique,Tehuacán,+52 23 8392 2993,banana_bou@hotmail.com,https://wa.me/522383922993,https://www.facebook.com/search/pages/?q=Banana%20Boutique%20Tehuacán,"https://www.google.com/maps/search/?api=1&query=18.46301398,-97.3952031"
Boutique Botox,Tehuacán,+52 23 8178 9183,musasmoda46@gmail.com,https://wa.me/522381789183,https://www.facebook.com/search/pages/?q=Boutique%20Botox%20Tehuacán,"https://www.google.com/maps/search/?api=1&query=18.46241698,-97.39413567"
Boutique Lam,Tehuacán,+52 55 4019 9255,ND,https://wa.me/525540199255,https://WWW.LAMTENDENCIABOUTI.COM/,"https://www.google.com/maps/search/?api=1&query=18.46525043,-97.39293867"
Casuals Boutique,Tehuacán,+52 23 8105 7128,art_casuals@hotmail.com,https://wa.me/522381057128,https://www.facebook.com/search/pages/?q=Casuals%20Boutique%20Tehuacán,"https://www.google.com/maps/search/?api=1&query=18.46103156,-97.39608574"
Compra Venta De Ropa Enly Moda,Tehuacán,+52 23 8275 0972,enlymoda@gmail.com,https://wa.me/522382750972,https://www.facebook.com/search/pages/?q=Compra%20Venta%20De%20Ropa%20Enly%20Moda%20Tehuacán,"https://www.google.com/maps/search/?api=1&query=18.46483528,-97.39008504"
Eroos Jeans,Tehuacán,+52 23 8110 5278,contacto@erosjeans.org.mx,https://wa.me/522381105278,https://www.facebook.com/search/pages/?q=Eroos%20Jeans%20Tehuacán,"https://www.google.com/maps/search/?api=1&query=18.46624031,-97.39303896"
Faith And Love Boutique,Tehuacán,+52 22 2793 3090,fl_th@hotmail.com,https://wa.me/522227933090,https://WWW.SHOPFAITHANDLOVE.COM/,"https://www.google.com/maps/search/?api=1&query=18.46408159,-97.39409245"
Hatzlaja Boutique,Tehuacán,+52 23 8187 7395,lic.dulcevillagomez@gmail.com,https://wa.me/522381877395,https://www.facebook.com/search/pages/?q=Hatzlaja%20Boutique%20Tehuacán,"https://www.google.com/maps/search/?api=1&query=18.46497235,-97.39601985"
La Boutique,Tehuacán,+52 23 8177 7999,grupocaste30@gmail.com,https://wa.me/522381777999,https://www.facebook.com/search/pages/?q=La%20Boutique%20Tehuacán,"https://www.google.com/maps/search/?api=1&query=18.46268757,-97.38500566"
Rs Moda Boutique,Tehuacán,+52 23 8382 2296,rsmoda@hotmail.com,https://wa.me/522383822296,https://www.facebook.com/search/pages/?q=Rs%20Moda%20Boutique%20Tehuacán,"https://www.google.com/maps/search/?api=1&query=18.46298915,-97.39452082"
Venta De Ropa El Closet,Tehuacán,+52 23 8108 7451,mfhbross@hotmail.com,https://wa.me/522381087451,https://www.facebook.com/search/pages/?q=Venta%20De%20Ropa%20El%20Closet%20Tehuacán,"https://www.google.com/maps/search/?api=1&query=18.456894,-97.40889019"
Venta De Ropa Stylus Moda Casual,Tehuacán,+52 23 8109 6519,stylus.modacasual@gmail.com,https://wa.me/522381096519,https://www.facebook.com/search/pages/?q=Venta%20De%20Ropa%20Stylus%20Moda%20Casual%20Tehuacán,"https://www.google.com/maps/search/?api=1&query=18.46717463,-97.39777654"
Angeline Boutique,Tehuacán,+52 23 8141 4651,ND,https://wa.me/522381414651,https://www.facebook.com/search/pages/?q=Angeline%20Boutique%20Tehuacán,"https://www.google.com/maps/search/?api=1&query=18.46299759,-97.39176921"
Aurora Boutique,Tehuacán,+52 23 8258 5065,ND,https://wa.me/522382585065,https://www.facebook.com/search/pages/?q=Aurora%20Boutique%20Tehuacán,"https://www.google.com/maps/search/?api=1&query=18.4649048,-97.39359302"
Bonita Boutique,Tehuacán,+52 23 8209 2998,ND,https://wa.me/522382092998,https://www.facebook.com/search/pages/?q=Bonita%20Boutique%20Tehuacán,"https://www.google.com/maps/search/?api=1&query=18.46277532,-97.38819047"
Boutique 4 Estaciones,Tehuacán,+52 23 8258 1919,ND,https://wa.me/522382581919,https://www.facebook.com/search/pages/?q=Boutique%204%20Estaciones%20Tehuacán,"https://www.google.com/maps/search/?api=1&query=18.46062636,-97.3941968"
Boutique 4 Estaciones Zona Alta,Tehuacán,+52 23 8488 2020,ND,https://wa.me/522384882020,https://www.facebook.com/search/pages/?q=Boutique%204%20Estaciones%20Zona%20Alta%20Tehuacán,"https://www.google.com/maps/search/?api=1&query=18.46557068,-97.40985065"
Boutique Alpha Mens,Tehuacán,+52 23 8127 1408,ND,https://wa.me/522381271408,https://www.facebook.com/search/pages/?q=Boutique%20Alpha%20Mens%20Tehuacán,"https://www.google.com/maps/search/?api=1&query=18.46362385,-97.3930433"
Boutique Amore Jadenn,Tehuacán,+52 23 8100 1143,ND,https://wa.me/522381001143,https://www.facebook.com/search/pages/?q=Boutique%20Amore%20Jadenn%20Tehuacán,"https://www.google.com/maps/search/?api=1&query=18.46583025,-97.41312254"
Boutique Ani Clothing,Tehuacán,+52 23 8207 0535,ND,https://wa.me/522382070535,https://www.facebook.com/search/pages/?q=Boutique%20Ani%20Clothing%20Tehuacán,"https://www.google.com/maps/search/?api=1&query=18.45020902,-97.4043522"
Boutique Are Y Kev,Tehuacán,+52 23 8409 3274,ND,https://wa.me/522384093274,https://www.facebook.com/search/pages/?q=Boutique%20Are%20Y%20Kev%20Tehuacán,"https://www.google.com/maps/search/?api=1&query=18.46474121,-97.3867574"
Boutique Bambu,Tehuacán,+52 23 8382 7853,ND,https://wa.me/522383827853,https://www.facebook.com/search/pages/?q=Boutique%20Bambu%20Tehuacán,"https://www.google.com/maps/search/?api=1&query=18.46108389,-97.39406339"
Boutique Banana,Tehuacán,+52 23 8149 8406,ND,https://wa.me/522381498406,https://www.facebook.com/search/pages/?q=Boutique%20Banana%20Tehuacán,"https://www.google.com/maps/search/?api=1&query=18.46646269,-97.39291042"
Boutique Bremed,Tehuacán,+52 23 8409 6036,ND,https://wa.me/522384096036,https://www.facebook.com/search/pages/?q=Boutique%20Bremed%20Tehuacán,"https://www.google.com/maps/search/?api=1&query=18.46441383,-97.38927919"
Boutique Cherry Bomb,Tehuacán,+52 23 8199 5775,ND,https://wa.me/522381995775,https://www.facebook.com/search/pages/?q=Boutique%20Cherry%20Bomb%20Tehuacán,"https://www.google.com/maps/search/?api=1&query=18.46362385,-97.3930433"
Boutique Consuelo Fernandez,Tehuacán,+52 23 8240 3835,ND,https://wa.me/522382403835,https://www.facebook.com/search/pages/?q=Boutique%20Consuelo%20Fernandez%20Tehuacán,"https://www.google.com/maps/search/?api=1&query=18.47524912,-97.43493439"
Boutique Daja,Tehuacán,+52 23 8248 4875,ND,https://wa.me/522382484875,https://www.facebook.com/search/pages/?q=Boutique%20Daja%20Tehuacán,"https://www.google.com/maps/search/?api=1&query=18.44869327,-97.385915"
Boutique De Ropa Alegria,Tehuacán,+52 23 8147 8041,ND,https://wa.me/522381478041,https://www.facebook.com/search/pages/?q=Boutique%20De%20Ropa%20Alegria%20Tehuacán,"https://www.google.com/maps/search/?api=1&query=18.46913872,-97.39201773"
Boutique De Ropa Bonita El Pelon,Tehuacán,+52 23 8164 1888,ND,https://wa.me/522381641888,https://www.facebook.com/search/pages/?q=Boutique%20De%20Ropa%20Bonita%20El%20Pelon%20Tehuacán,"https://www.google.com/maps/search/?api=1&query=18.46042563,-97.41745253"
Boutique Dress By Runway,Tehuacán,+52 23 8253 1260,ND,https://wa.me/522382531260,https://www.facebook.com/search/pages/?q=Boutique%20Dress%20By%20Runway%20Tehuacán,"https://www.google.com/maps/search/?api=1&query=18.4646425,-97.39407768"
Boutique Ella Y El,Tehuacán,+52 27 8123 5670,ND,https://wa.me/522781235670,https://www.facebook.com/search/pages/?q=Boutique%20Ella%20Y%20El%20Tehuacán,"https://www.google.com/maps/search/?api=1&query=18.46764886,-97.39793783"
Boutique Hey Lolita,Tehuacán,+52 23 8189 8982,ND,https://wa.me/522381898982,https://www.facebook.com/search/pages/?q=Boutique%20Hey%20Lolita%20Tehuacán,"https://www.google.com/maps/search/?api=1&query=18.46704427,-97.3932553"
Boutique Kiss Me,Tehuacán,+52 23 8178 8702,ND,https://wa.me/522381788702,https://www.facebook.com/search/pages/?q=Boutique%20Kiss%20Me%20Tehuacán,"https://www.google.com/maps/search/?api=1&query=18.46313617,-97.39585362"
Boutique Las Lunas De Saturno,Tehuacán,+52 23 8237 9800,ND,https://wa.me/522382379800,https://www.facebook.com/search/pages/?q=Boutique%20Las%20Lunas%20De%20Saturno%20Tehuacán,"https://www.google.com/maps/search/?api=1&query=18.45116354,-97.39827778"
Boutique Malila,Tehuacán,+52 23 8117 9288,ND,https://wa.me/522381179288,https://www.facebook.com/search/pages/?q=Boutique%20Malila%20Tehuacán,"https://www.google.com/maps/search/?api=1&query=18.46094031,-97.39606034"
Boutique Malila,Tehuacán,+52 23 8199 1574,ND,https://wa.me/522381991574,https://www.facebook.com/search/pages/?q=Boutique%20Malila%20Tehuacán,"https://www.google.com/maps/search/?api=1&query=18.46342923,-97.39644006"
Boutique Paty,Tehuacán,+52 23 8386 1656,ND,https://wa.me/522383861656,https://www.facebook.com/search/pages/?q=Boutique%20Paty%20Tehuacán,"https://www.google.com/maps/search/?api=1&query=18.4588757,-97.3947828"
Boutique Rafiseep,Tehuacán,+52 23 8390 9710,ND,https://wa.me/522383909710,https://www.facebook.com/search/pages/?q=Boutique%20Rafiseep%20Tehuacán,"https://www.google.com/maps/search/?api=1&query=18.46027092,-97.39648357"
Boutique Rivello,Tehuacán,+52 23 8211 1537,ND,https://wa.me/522382111537,https://www.facebook.com/search/pages/?q=Boutique%20Rivello%20Tehuacán,"https://www.google.com/maps/search/?api=1&query=18.46338776,-97.40928769"
Boutique Sin Nimbre,Tehuacán,+52 22 2377 8780,ND,https://wa.me/522223778780,https://www.facebook.com/search/pages/?q=Boutique%20Sin%20Nimbre%20Tehuacán,"https://www.google.com/maps/search/?api=1&query=18.46360272,-97.39812967"
Boutique Valery,Tehuacán,+52 23 8151 7731,ND,https://wa.me/522381517731,https://www.facebook.com/search/pages/?q=Boutique%20Valery%20Tehuacán,"https://www.google.com/maps/search/?api=1&query=18.46372331,-97.39303932"
Boutique Velvet,Tehuacán,+52 23 8305 2812,ND,https://wa.me/522383052812,https://www.facebook.com/search/pages/?q=Boutique%20Velvet%20Tehuacán,"https://www.google.com/maps/search/?api=1&query=18.46714865,-97.39544341"
Boutique Yared,Tehuacán,+52 23 8393 8058,ND,https://wa.me/522383938058,https://www.facebook.com/search/pages/?q=Boutique%20Yared%20Tehuacán,"https://www.google.com/maps/search/?api=1&query=18.46488705,-97.39295795"
Boutique Yaret,Tehuacán,+52 23 8276 8835,ND,https://wa.me/522382768835,https://www.facebook.com/search/pages/?q=Boutique%20Yaret%20Tehuacán,"https://www.google.com/maps/search/?api=1&query=18.47806849,-97.40027321"
Boutique Yes,Tehuacán,+52 23 8382 0847,ND,https://wa.me/522383820847,https://www.facebook.com/search/pages/?q=Boutique%20Yes%20Tehuacán,"https://www.google.com/maps/search/?api=1&query=18.46211482,-97.39402456"
Boutique Zaure,Tehuacán,+52 55 5953 3869,ND,https://wa.me/525559533869,https://www.facebook.com/search/pages/?q=Boutique%20Zaure%20Tehuacán,"https://www.google.com/maps/search/?api=1&query=18.46209824,-97.39629642"
Boutique. Fama,Tehuacán,+52 23 8199 7485,ND,https://wa.me/522381997485,https://www.facebook.com/search/pages/?q=Boutique.%20Fama%20Tehuacán,"https://www.google.com/maps/search/?api=1&query=18.46273984,-97.38690136"
Compra Venta De Ropa Jovas Shop,Tehuacán,+52 23 8121 0297,ND,https://wa.me/522381210297,https://www.facebook.com/search/pages/?q=Compra%20Venta%20De%20Ropa%20Jovas%20Shop%20Tehuacán,"https://www.google.com/maps/search/?api=1&query=18.46483528,-97.39008504"
Compra Venta De Ropa Modas Garabatos,Tehuacán,+52 23 8249 1667,ND,https://wa.me/522382491667,https://www.facebook.com/search/pages/?q=Compra%20Venta%20De%20Ropa%20Modas%20Garabatos%20Tehuacán,"https://www.google.com/maps/search/?api=1&query=18.46476537,-97.39395133"
Compra Venta De Ropa Para Dama I Love Shopping,Tehuacán,+52 23 8152 3885,ND,https://wa.me/522381523885,https://www.facebook.com/search/pages/?q=Compra%20Venta%20De%20Ropa%20Para%20Dama%20I%20Love%20Shopping%20Tehuacán,"https://www.google.com/maps/search/?api=1&query=18.46362385,-97.3930433"
Compra Venta De Ropa Y Accesorios Mirandamen Shop,Tehuacán,+52 23 8204 6784,ND,https://wa.me/522382046784,https://www.facebook.com/search/pages/?q=Compra%20Venta%20De%20Ropa%20Y%20Accesorios%20Mirandamen%20Shop%20Tehuacán,"https://www.google.com/maps/search/?api=1&query=18.46483528,-97.39008504"
Compraventa De Ropa Para Dama Lovely Boutique,Tehuacán,+52 23 8242 9732,ND,https://wa.me/522382429732,https://www.facebook.com/search/pages/?q=Compraventa%20De%20Ropa%20Para%20Dama%20Lovely%20Boutique%20Tehuacán,"https://www.google.com/maps/search/?api=1&query=18.46453903,-97.39332069"
Creaciones En Tu Moda,Tehuacán,+52 23 8116 5756,ND,https://wa.me/522381165756,https://www.facebook.com/search/pages/?q=Creaciones%20En%20Tu%20Moda%20Tehuacán,"https://www.google.com/maps/search/?api=1&query=18.45714318,-97.38396134"
Dreams Boutique,Tehuacán,+52 23 8389 2013,ND,https://wa.me/522383892013,https://www.facebook.com/search/pages/?q=Dreams%20Boutique%20Tehuacán,"https://www.google.com/maps/search/?api=1&query=18.46310393,-97.39494392"
Exodos Moda,Tehuacán,+52 23 8103 1565,ND,https://wa.me/522381031565,https://www.facebook.com/search/pages/?q=Exodos%20Moda%20Tehuacán,"https://www.google.com/maps/search/?api=1&query=18.46163109,-97.38946371"
Inari Boutique,Tehuacán,+52 23 8163 3134,ND,https://wa.me/522381633134,https://www.facebook.com/search/pages/?q=Inari%20Boutique%20Tehuacán,"https://www.google.com/maps/search/?api=1&query=18.46012561,-97.39352235"
Lam Boutique,Tehuacán,+52 55 3864 6038,ND,https://wa.me/525538646038,https://www.facebook.com/search/pages/?q=Lam%20Boutique%20Tehuacán,"https://www.google.com/maps/search/?api=1&query=18.45871941,-97.38921893"
Lau Boutique,Tehuacán,+52 23 8145 1203,ND,https://wa.me/522381451203,https://www.facebook.com/search/pages/?q=Lau%20Boutique%20Tehuacán,"https://www.google.com/maps/search/?api=1&query=18.46504948,-97.39928072"
M Y M Shop,Tehuacán,+52 23 8170 9083,ND,https://wa.me/522381709083,https://www.facebook.com/search/pages/?q=M%20Y%20M%20Shop%20Tehuacán,"https://www.google.com/maps/search/?api=1&query=18.54887341,-97.48962581"
Medusa Store,Tehuacán,+52 23 8187 1680,ND,https://wa.me/522381871680,https://www.facebook.com/search/pages/?q=Medusa%20Store%20Tehuacán,"https://www.google.com/maps/search/?api=1&query=18.47175608,-97.39221443"
Men S Boutique Venta De Ropa Exterior De Caballero,Tehuacán,+52 23 8150 2554,ND,https://wa.me/522381502554,https://www.facebook.com/search/pages/?q=Men%20S%20Boutique%20Venta%20De%20Ropa%20Exterior%20De%20Caballero%20Tehuacán,"https://www.google.com/maps/search/?api=1&query=18.46443524,-97.39145193"
Moda Coquette,Tehuacán,+52 23 8207 7387,ND,https://wa.me/522382077387,https://www.facebook.com/search/pages/?q=Moda%20Coquette%20Tehuacán,"https://www.google.com/maps/search/?api=1&query=18.45647451,-97.39195096"
Moda Rebel,Tehuacán,+52 23 8408 2326,ND,https://wa.me/522384082326,https://www.facebook.com/search/pages/?q=Moda%20Rebel%20Tehuacán,"https://www.google.com/maps/search/?api=1&query=18.46001356,-97.39074932"
Moda Sofy,Tehuacán,+52 22 1120 7592,ND,https://wa.me/522211207592,https://www.facebook.com/search/pages/?q=Moda%20Sofy%20Tehuacán,"https://www.google.com/maps/search/?api=1&query=18.4620168,-97.38493146"
Modas Amy,Tehuacán,+52 23 8127 7985,ND,https://wa.me/522381277985,https://www.facebook.com/search/pages/?q=Modas%20Amy%20Tehuacán,"https://www.google.com/maps/search/?api=1&query=18.46061137,-97.39074895"
Modas Morales,Tehuacán,+52 23 8102 3014,ND,https://wa.me/522381023014,https://www.facebook.com/search/pages/?q=Modas%20Morales%20Tehuacán,"https://www.google.com/maps/search/?api=1&query=18.45908138,-97.39075368"
Modas Y Manualidades Eddy,Tehuacán,+52 23 8389 2297,ND,https://wa.me/522383892297,https://www.facebook.com/search/pages/?q=Modas%20Y%20Manualidades%20Eddy%20Tehuacán,"https://www.google.com/maps/search/?api=1&query=18.47631542,-97.38566408"
Nailche Boutique,Tehuacán,+52 23 8164 3657,ND,https://wa.me/522381643657,https://www.facebook.com/search/pages/?q=Nailche%20Boutique%20Tehuacán,"https://www.google.com/maps/search/?api=1&query=18.48464111,-97.39481866"
Nancs Closet,Tehuacán,+52 23 8390 5407,ND,https://wa.me/522383905407,https://www.facebook.com/search/pages/?q=Nancs%20Closet%20Tehuacán,"https://www.google.com/maps/search/?api=1&query=18.4649048,-97.39359302"
Rafaelos Jeans,Tehuacán,+52 23 8140 9131,ND,https://wa.me/522381409131,https://www.facebook.com/search/pages/?q=Rafaelos%20Jeans%20Tehuacán,"https://www.google.com/maps/search/?api=1&query=18.46075805,-97.38928308"
Solmar Boutique,Tehuacán,+52 23 8390 9909,ND,https://wa.me/522383909909,https://www.facebook.com/search/pages/?q=Solmar%20Boutique%20Tehuacán,"https://www.google.com/maps/search/?api=1&query=18.46435859,-97.39308976"
Stylos Moda Para Toda La Familia,Tehuacán,+52 23 8384 7441,ND,https://wa.me/522383847441,https://www.facebook.com/search/pages/?q=Stylos%20Moda%20Para%20Toda%20La%20Familia%20Tehuacán,"https://www.google.com/maps/search/?api=1&query=18.4691214,-97.40854632"
Tess Boutique,Tehuacán,+52 23 8122 3004,ND,https://wa.me/522381223004,https://www.facebook.com/search/pages/?q=Tess%20Boutique%20Tehuacán,"https://www.google.com/maps/search/?api=1&query=18.46062423,-97.40418221"
Tienda De Ropa Amax Vix Moda,Tehuacán,+52 23 8221 3211,ND,https://wa.me/522382213211,https://www.facebook.com/search/pages/?q=Tienda%20De%20Ropa%20Amax%20Vix%20Moda%20Tehuacán,"https://www.google.com/maps/search/?api=1&query=18.46404211,-97.3931024"
Tienda De Ropa Boutique Popi Mour,Tehuacán,+52 23 8118 0357,ND,https://wa.me/522381180357,https://www.facebook.com/search/pages/?q=Tienda%20De%20Ropa%20Boutique%20Popi%20Mour%20Tehuacán,"https://www.google.com/maps/search/?api=1&query=18.46319867,-97.39994062"
Tienda De Ropa G7Store,Tehuacán,+52 23 8220 5171,ND,https://wa.me/522382205171,https://www.facebook.com/search/pages/?q=Tienda%20De%20Ropa%20G7Store%20Tehuacán,"https://www.google.com/maps/search/?api=1&query=18.45301802,-97.38278685"
Tienda De Ropa Johans Boutique,Tehuacán,+52 95 1613 3598,ND,https://wa.me/529516133598,https://www.facebook.com/search/pages/?q=Tienda%20De%20Ropa%20Johans%20Boutique%20Tehuacán,"https://www.google.com/maps/search/?api=1&query=18.46482832,-97.38970572"
Tienda De Ropa Moda Y Estilo Por Shein,Tehuacán,+52 23 8108 9274,ND,https://wa.me/522381089274,https://www.facebook.com/search/pages/?q=Tienda%20De%20Ropa%20Moda%20Y%20Estilo%20Por%20Shein%20Tehuacán,"https://www.google.com/maps/search/?api=1&query=18.46343653,-97.38929904"
Tienda De Ropa Para Mujer Dovi Fashion,Tehuacán,+52 23 8228 9827,ND,https://wa.me/522382289827,https://www.facebook.com/search/pages/?q=Tienda%20De%20Ropa%20Para%20Mujer%20Dovi%20Fashion%20Tehuacán,"https://www.google.com/maps/search/?api=1&query=18.46083169,-97.38853109"
Tienda Ropa Dxx Jeans,Tehuacán,+52 23 8593 9020,ND,https://wa.me/522385939020,https://www.facebook.com/search/pages/?q=Tienda%20Ropa%20Dxx%20Jeans%20Tehuacán,"https://www.google.com/maps/search/?api=1&query=18.46326475,-97.39137145"
Towers Boutique,Tehuacán,+52 23 8225 5817,ND,https://wa.me/522382255817,https://www.facebook.com/search/pages/?q=Towers%20Boutique%20Tehuacán,"https://www.google.com/maps/search/?api=1&query=18.46310534,-97.39237017"
Venta De Jeans Darling,Tehuacán,+52 22 1805 1787,ND,https://wa.me/522218051787,https://www.facebook.com/search/pages/?q=Venta%20De%20Jeans%20Darling%20Tehuacán,"https://www.google.com/maps/search/?api=1&query=18.45838099,-97.39272131"
Venta De Ropa De Dama Cv Shop,Tehuacán,+52 23 8110 2805,ND,https://wa.me/522381102805,https://www.facebook.com/search/pages/?q=Venta%20De%20Ropa%20De%20Dama%20Cv%20Shop%20Tehuacán,"https://www.google.com/maps/search/?api=1&query=18.46279435,-97.38931732"
Venta De Ropa Ferny American Shop,Tehuacán,+52 23 8390 4302,ND,https://wa.me/522383904302,https://www.facebook.com/search/pages/?q=Venta%20De%20Ropa%20Ferny%20American%20Shop%20Tehuacán,"https://www.google.com/maps/search/?api=1&query=18.46712982,-97.38927418"
Venta De Ropa Mb Jeans,Tehuacán,+52 23 8383 3665,ND,https://wa.me/522383833665,https://www.facebook.com/search/pages/?q=Venta%20De%20Ropa%20Mb%20Jeans%20Tehuacán,"https://www.google.com/maps/search/?api=1&query=18.46043661,-97.39066366"
Venta De Ropa Modas Capricho,Tehuacán,+52 23 8104 9941,ND,https://wa.me/522381049941,https://www.facebook.com/search/pages/?q=Venta%20De%20Ropa%20Modas%20Capricho%20Tehuacán,"https://www.google.com/maps/search/?api=1&query=18.45866598,-97.39105177"
Venta De Ropa Modas Rocio,Tehuacán,+52 23 8203 0171,ND,https://wa.me/522382030171,https://www.facebook.com/search/pages/?q=Venta%20De%20Ropa%20Modas%20Rocio%20Tehuacán,"https://www.google.com/maps/search/?api=1&query=18.46032807,-97.39066359"
Venta De Ropa Modas Rubi,Tehuacán,+52 23 8204 9966,ND,https://wa.me/522382049966,https://www.facebook.com/search/pages/?q=Venta%20De%20Ropa%20Modas%20Rubi%20Tehuacán,"https://www.google.com/maps/search/?api=1&query=18.46104315,-97.39066736"
Venta De Ropa Modas Yolanda,Tehuacán,+52 23 8385 4401,ND,https://wa.me/522383854401,https://www.facebook.com/search/pages/?q=Venta%20De%20Ropa%20Modas%20Yolanda%20Tehuacán,"https://www.google.com/maps/search/?api=1&query=18.46158492,-97.39054554"
Venta De Ropa Para Caballero Fashion Mens,Tehuacán,+52 81 2024 2504,ND,https://wa.me/528120242504,https://www.facebook.com/search/pages/?q=Venta%20De%20Ropa%20Para%20Caballero%20Fashion%20Mens%20Tehuacán,"https://www.google.com/maps/search/?api=1&query=18.46158252,-97.39036542"
Venta De Ropa Para Caballero Modas Fikshion,Tehuacán,+52 23 8241 7161,ND,https://wa.me/522382417161,https://www.facebook.com/search/pages/?q=Venta%20De%20Ropa%20Para%20Caballero%20Modas%20Fikshion%20Tehuacán,"https://www.google.com/maps/search/?api=1&query=18.45993691,-97.38962375"
Venta De Ropa Para Caballeros Estilo Y Cultura 238,Tehuacán,+52 23 8116 1732,ND,https://wa.me/522381161732,https://www.facebook.com/search/pages/?q=Venta%20De%20Ropa%20Para%20Caballeros%20Estilo%20Y%20Cultura%20238%20Tehuacán,"https://www.google.com/maps/search/?api=1&query=18.45860431,-97.38682263"
Venta De Ropa Sexy Moda,Tehuacán,+52 22 2166 3478,ND,https://wa.me/522221663478,https://www.facebook.com/search/pages/?q=Venta%20De%20Ropa%20Sexy%20Moda%20Tehuacán,"https://www.google.com/maps/search/?api=1&query=18.46150424,-97.39051034"
Venta De Ropa Transformate Jeans,Tehuacán,+52 23 0116 2678,ND,https://wa.me/522301162678,https://www.facebook.com/search/pages/?q=Venta%20De%20Ropa%20Transformate%20Jeans%20Tehuacán,"https://www.google.com/maps/search/?api=1&query=18.46275107,-97.38730894"
Everythingfashion,Tehuitzingo,+52 27 5118 0291,ND,https://wa.me/522751180291,https://www.facebook.com/search/pages/?q=Everythingfashion%20Tehuitzingo,"https://www.google.com/maps/search/?api=1&query=18.33237057,-98.27270533"
Moda Casual Challito,Tehuitzingo,+52 27 5110 9877,ND,https://wa.me/522751109877,https://www.facebook.com/search/pages/?q=Moda%20Casual%20Challito%20Tehuitzingo,"https://www.google.com/maps/search/?api=1&query=18.33133211,-98.27531662"
Tienda De Ropa,Tenampulco,+52 22 1588 7138,ND,https://wa.me/522215887138,https://www.facebook.com/search/pages/?q=Tienda%20De%20Ropa%20Tenampulco,"https://www.google.com/maps/search/?api=1&query=20.17097693,-97.40565239"
Venta De Ropa,Tenampulco,+52 22 1258 4015,ND,https://wa.me/522212584015,https://www.facebook.com/search/pages/?q=Venta%20De%20Ropa%20Tenampulco,"https://www.google.com/maps/search/?api=1&query=20.17111333,-97.40555837"
Tienda De Ropa Gilda Melchor Perez,Teopantlán,ND,ND,ND,https://www.facebook.com/search/pages/?q=Tienda%20De%20Ropa%20Gilda%20Melchor%20Perez%20Teopantlán,"https://www.google.com/maps/search/?api=1&query=18.71467058,-98.26208503"
Tienda De Ropa Graciela Cazares Gonzalez,Teopantlán,ND,ND,ND,https://www.facebook.com/search/pages/?q=Tienda%20De%20Ropa%20Graciela%20Cazares%20Gonzalez%20Teopantlán,"https://www.google.com/maps/search/?api=1&query=18.71220949,-98.263157"
Tienda De Ropa,Teotlalco,ND,ND,ND,https://www.facebook.com/search/pages/?q=Tienda%20De%20Ropa%20Teotlalco,"https://www.google.com/maps/search/?api=1&query=18.46871965,-98.77684953"
Roperia Mari,Tepanco de López,+52 23 8197 9475,ND,https://wa.me/522381979475,https://www.facebook.com/search/pages/?q=Roperia%20Mari%20Tepanco%20de%20López,"https://www.google.com/maps/search/?api=1&query=18.48878546,-97.52425494"
Roperia Mary,Tepanco de López,+52 23 8252 5844,ND,https://wa.me/522382525844,https://www.facebook.com/search/pages/?q=Roperia%20Mary%20Tepanco%20de%20López,"https://www.google.com/maps/search/?api=1&query=18.49054386,-97.52580679"
Pequeño Closet,Tepango de Rodríguez,+52 76 4108 5785,ND,https://wa.me/527641085785,https://www.facebook.com/search/pages/?q=Pequeño%20Closet%20Tepango%20de%20Rodríguez,"https://www.google.com/maps/search/?api=1&query=20.00329042,-97.79656378"
Tienda De Ropa Casual Moda,Tepatlaxco de Hidalgo,+52 22 2556 4080,ND,https://wa.me/522225564080,https://www.facebook.com/search/pages/?q=Tienda%20De%20Ropa%20Casual%20Moda%20Tepatlaxco%20de%20Hidalgo,"https://www.google.com/maps/search/?api=1&query=19.07752958,-97.96813062"
Boutique Mantra,Tepeaca,+52 22 3127 5564,floreshuertaangelica@gmail.com,https://wa.me/522231275564,https://www.facebook.com/search/pages/?q=Boutique%20Mantra%20Tepeaca,"https://www.google.com/maps/search/?api=1&query=18.96855182,-97.90357129"
Boutique Cosas Bonitas,Tepeaca,+52 22 3175 4814,ND,https://wa.me/522231754814,https://www.facebook.com/search/pages/?q=Boutique%20Cosas%20Bonitas%20Tepeaca,"https://www.google.com/maps/search/?api=1&query=18.9664814,-97.90619342"
Boutique Daniela,Tepeaca,+52 22 3105 3503,ND,https://wa.me/522231053503,https://www.facebook.com/search/pages/?q=Boutique%20Daniela%20Tepeaca,"https://www.google.com/maps/search/?api=1&query=18.96779512,-97.90351638"
Boutique Estilo,Tepeaca,+52 22 1415 7852,ND,https://wa.me/522214157852,https://www.facebook.com/search/pages/?q=Boutique%20Estilo%20Tepeaca,"https://www.google.com/maps/search/?api=1&query=18.94353389,-97.87938621"
Boutique Lunes Camara Accion,Tepeaca,+52 22 1109 0053,ND,https://wa.me/522211090053,https://www.facebook.com/search/pages/?q=Boutique%20Lunes%20Camara%20Accion%20Tepeaca,"https://www.google.com/maps/search/?api=1&query=18.96923954,-97.90354534"
Boutique Rubi,Tepeaca,+52 22 3114 5067,ND,https://wa.me/522231145067,https://www.facebook.com/search/pages/?q=Boutique%20Rubi%20Tepeaca,"https://www.google.com/maps/search/?api=1&query=18.99354963,-97.93501575"
Boutique Verte Bella,Tepeaca,+52 22 2104 2480,ND,https://wa.me/522221042480,https://www.facebook.com/search/pages/?q=Boutique%20Verte%20Bella%20Tepeaca,"https://www.google.com/maps/search/?api=1&query=18.95747221,-97.89725689"
Boutique Zoe,Tepeaca,+52 22 3107 3772,ND,https://wa.me/522231073772,https://www.facebook.com/search/pages/?q=Boutique%20Zoe%20Tepeaca,"https://www.google.com/maps/search/?api=1&query=18.96351168,-97.90544796"
Butique Mj Dual Estilo,Tepeaca,+52 22 4810 1564,ND,https://wa.me/522248101564,https://www.facebook.com/search/pages/?q=Butique%20Mj%20Dual%20Estilo%20Tepeaca,"https://www.google.com/maps/search/?api=1&query=18.96633569,-97.90646425"
Caprichos Boutique,Tepeaca,+52 22 3113 1523,ND,https://wa.me/522231131523,https://www.facebook.com/search/pages/?q=Caprichos%20Boutique%20Tepeaca,"https://www.google.com/maps/search/?api=1&query=18.92324171,-97.86685874"
Coquetos Boutique,Tepeaca,+52 22 1246 4783,ND,https://wa.me/522212464783,https://www.facebook.com/search/pages/?q=Coquetos%20Boutique%20Tepeaca,"https://www.google.com/maps/search/?api=1&query=18.95971947,-97.90556956"
D Melis Boutique,Tepeaca,+52 22 3100 9106,ND,https://wa.me/522231009106,https://www.facebook.com/search/pages/?q=D%20Melis%20Boutique%20Tepeaca,"https://www.google.com/maps/search/?api=1&query=18.96490837,-97.90944919"
Dian Sanchez Accesorios Moda Y Algo Mas,Tepeaca,+52 24 9130 1176,ND,https://wa.me/522491301176,https://www.facebook.com/search/pages/?q=Dian%20Sanchez%20Accesorios%20Moda%20Y%20Algo%20Mas%20Tepeaca,"https://www.google.com/maps/search/?api=1&query=18.96669634,-97.90163258"
Luxury Boutique,Tepeaca,+52 22 3275 1778,ND,https://wa.me/522232751778,https://www.facebook.com/search/pages/?q=Luxury%20Boutique%20Tepeaca,"https://www.google.com/maps/search/?api=1&query=18.96477373,-97.9018882"
Red Delvet Boutique,Tepeaca,+52 22 2322 4164,ND,https://wa.me/522223224164,https://www.facebook.com/search/pages/?q=Red%20Delvet%20Boutique%20Tepeaca,"https://www.google.com/maps/search/?api=1&query=18.96647949,-97.90594583"
Tienda De Ropa World Fashion,Tepeaca,+52 22 3106 8631,ND,https://wa.me/522231068631,https://www.facebook.com/search/pages/?q=Tienda%20De%20Ropa%20World%20Fashion%20Tepeaca,"https://www.google.com/maps/search/?api=1&query=18.96604948,-97.89607545"
Venta De Moda Y Coleccion Alexa,Tepeaca,+52 22 1280 3046,ND,https://wa.me/522212803046,https://www.facebook.com/search/pages/?q=Venta%20De%20Moda%20Y%20Coleccion%20Alexa%20Tepeaca,"https://www.google.com/maps/search/?api=1&query=18.94986476,-97.8800108"
Venta De Pantalon De Mezclilla Chocolate Jeans,Tepeaca,+52 55 2178 8990,ND,https://wa.me/525521788990,https://www.facebook.com/search/pages/?q=Venta%20De%20Pantalon%20De%20Mezclilla%20Chocolate%20Jeans%20Tepeaca,"https://www.google.com/maps/search/?api=1&query=18.95244558,-97.90424401"
Venta De Pantalones El Llaverito,Tepeaca,+52 24 8139 5057,ND,https://wa.me/522481395057,https://www.facebook.com/search/pages/?q=Venta%20De%20Pantalones%20El%20Llaverito%20Tepeaca,"https://www.google.com/maps/search/?api=1&query=18.95176522,-97.90333123"
Vicky Boutique,Tepeaca,+52 22 3118 8698,ND,https://wa.me/522231188698,https://www.facebook.com/search/pages/?q=Vicky%20Boutique%20Tepeaca,"https://www.google.com/maps/search/?api=1&query=18.98763747,-97.9004384"
Venta De Ropa,Tepemaxalco,ND,ND,ND,https://www.facebook.com/search/pages/?q=Venta%20De%20Ropa%20Tepemaxalco,"https://www.google.com/maps/search/?api=1&query=18.73809465,-98.62896661"
Tienda De Ropa Claudia,Tepeojuma,ND,ND,ND,https://www.facebook.com/search/pages/?q=Tienda%20De%20Ropa%20Claudia%20Tepeojuma,"https://www.google.com/maps/search/?api=1&query=18.72134986,-98.44696762"
Tienda De Ropa,Tepeojuma,ND,ND,ND,https://www.facebook.com/search/pages/?q=Tienda%20De%20Ropa%20Tepeojuma,"https://www.google.com/maps/search/?api=1&query=18.72143905,-98.44701354"
Tienda de ropa,Tepexco,ND,ND,ND,https://www.facebook.com/search/pages/?q=Tienda%20de%20ropa%20Tepexco,"https://www.google.com/maps/search/?api=1&query=18.64162499,-98.6910704"
Moda Fashion,Tepexi de Rodríguez,+52 22 4114 0885,ND,https://wa.me/522241140885,https://www.facebook.com/search/pages/?q=Moda%20Fashion%20Tepexi%20de%20Rodríguez,"https://www.google.com/maps/search/?api=1&query=18.58022727,-97.92638439"
Venta De Ropa Bella Boutique,Tepeyahualco,+52 28 2104 5890,ND,https://wa.me/522821045890,https://www.facebook.com/search/pages/?q=Venta%20De%20Ropa%20Bella%20Boutique%20Tepeyahualco,"https://www.google.com/maps/search/?api=1&query=19.43285627,-97.3894507"
Boutique Vanyss,Tepeyahualco de Cuauhtémoc,ND,ND,ND,https://www.facebook.com/search/pages/?q=Boutique%20Vanyss%20Tepeyahualco%20de%20Cuauhtémoc,"https://www.google.com/maps/search/?api=1&query=18.81433519,-97.87814059"
Boutique Bella Michelle,Tetela de Ocampo,+52 22 1424 0459,ND,https://wa.me/522214240459,https://www.facebook.com/search/pages/?q=Boutique%20Bella%20Michelle%20Tetela%20de%20Ocampo,"https://www.google.com/maps/search/?api=1&query=19.81825774,-97.80809979"
Boutique Mika,Tetela de Ocampo,+52 79 7106 7117,ND,https://wa.me/527971067117,https://www.facebook.com/search/pages/?q=Boutique%20Mika%20Tetela%20de%20Ocampo,"https://www.google.com/maps/search/?api=1&query=19.81736487,-97.80675551"
Boutique Rosas Rosas,Tetela de Ocampo,+52 79 7103 6863,ND,https://wa.me/527971036863,https://www.facebook.com/search/pages/?q=Boutique%20Rosas%20Rosas%20Tetela%20de%20Ocampo,"https://www.google.com/maps/search/?api=1&query=19.81898853,-97.80819006"
Boutique The Shop,Tetela de Ocampo,+52 22 1410 3659,ND,https://wa.me/522214103659,https://www.facebook.com/search/pages/?q=Boutique%20The%20Shop%20Tetela%20de%20Ocampo,"https://www.google.com/maps/search/?api=1&query=19.81615956,-97.80499311"
Venta De Ropa Modas Yessy,Tetela de Ocampo,+52 79 7127 9003,ND,https://wa.me/527971279003,https://www.facebook.com/search/pages/?q=Venta%20De%20Ropa%20Modas%20Yessy%20Tetela%20de%20Ocampo,"https://www.google.com/maps/search/?api=1&query=19.81748218,-97.80697777"
Tienda De Ropa Boutique D Garcia,Teteles de Avila Castillo,+52 23 1143 8645,ND,https://wa.me/522311438645,https://www.facebook.com/search/pages/?q=Tienda%20De%20Ropa%20Boutique%20D%20Garcia%20Teteles%20de%20Avila%20Castillo,"https://www.google.com/maps/search/?api=1&query=19.85821832,-97.45575601"
Boutique Dkarti,Teziutlán,+52 23 1107 7906,monse_33@hotmail.com,https://wa.me/522311077906,https://www.facebook.com/search/pages/?q=Boutique%20Dkarti%20Teziutlán,"https://www.google.com/maps/search/?api=1&query=19.81445195,-97.36099446"
Boutique El Balcon,Teziutlán,+52 23 1164 1350,ND,https://wa.me/522311641350,https://WWW.ELBALCONBOUTIQUE.COM/,"https://www.google.com/maps/search/?api=1&query=19.81511425,-97.36288837"
Cuerno Western Wear,Teziutlán,+52 23 1329 0696,saoriatshirih@gmail.com,https://wa.me/522313290696,https://www.facebook.com/search/pages/?q=Cuerno%20Western%20Wear%20Teziutlán,"https://www.google.com/maps/search/?api=1&query=19.80789034,-97.36735898"
Shein Boutique,Teziutlán,+52 23 1121 6853,cristalsheinplaza@gmail.com,https://wa.me/522311216853,https://www.facebook.com/search/pages/?q=Shein%20Boutique%20Teziutlán,"https://www.google.com/maps/search/?api=1&query=19.80789034,-97.36735898"
Boutique 5Ta Avenida,Teziutlán,+52 23 1103 2373,ND,https://wa.me/522311032373,https://www.facebook.com/search/pages/?q=Boutique%205Ta%20Avenida%20Teziutlán,"https://www.google.com/maps/search/?api=1&query=19.82015092,-97.3606788"
Boutique All Bres,Teziutlán,+52 23 1112 2037,ND,https://wa.me/522311122037,https://www.facebook.com/search/pages/?q=Boutique%20All%20Bres%20Teziutlán,"https://www.google.com/maps/search/?api=1&query=19.81744326,-97.35962018"
Boutique Bbesitos,Teziutlán,+52 23 1155 3838,ND,https://wa.me/522311553838,https://www.facebook.com/search/pages/?q=Boutique%20Bbesitos%20Teziutlán,"https://www.google.com/maps/search/?api=1&query=19.8164475,-97.36030278"
Boutique Blanca,Teziutlán,+52 23 1117 5878,ND,https://wa.me/522311175878,https://www.facebook.com/search/pages/?q=Boutique%20Blanca%20Teziutlán,"https://www.google.com/maps/search/?api=1&query=19.8075121,-97.36805327"
Boutique Chica Trendy,Teziutlán,+52 23 1175 1575,ND,https://wa.me/522311751575,https://www.facebook.com/search/pages/?q=Boutique%20Chica%20Trendy%20Teziutlán,"https://www.google.com/maps/search/?api=1&query=19.81744326,-97.35962018"
Boutique De Caballero Ferman,Teziutlán,+52 23 1151 5296,ND,https://wa.me/522311515296,https://www.facebook.com/search/pages/?q=Boutique%20De%20Caballero%20Ferman%20Teziutlán,"https://www.google.com/maps/search/?api=1&query=19.81744326,-97.35962018"
Boutique De Ropa,Teziutlán,+52 23 1140 8481,ND,https://wa.me/522311408481,https://www.facebook.com/search/pages/?q=Boutique%20De%20Ropa%20Teziutlán,"https://www.google.com/maps/search/?api=1&query=19.8155212,-97.36053496"
Boutique De Ropa,Teziutlán,+52 23 1140 2035,ND,https://wa.me/522311402035,https://www.facebook.com/search/pages/?q=Boutique%20De%20Ropa%20Teziutlán,"https://www.google.com/maps/search/?api=1&query=19.81893409,-97.36033286"
Boutique Golden Trendy,Teziutlán,+52 23 1147 4292,ND,https://wa.me/522311474292,https://www.facebook.com/search/pages/?q=Boutique%20Golden%20Trendy%20Teziutlán,"https://www.google.com/maps/search/?api=1&query=19.81234761,-97.3638186"
Boutique Hiptrender,Teziutlán,+52 23 1312 1487,ND,https://wa.me/522313121487,https://www.facebook.com/search/pages/?q=Boutique%20Hiptrender%20Teziutlán,"https://www.google.com/maps/search/?api=1&query=19.81489476,-97.36362358"
Boutique Hola,Teziutlán,+52 23 1156 2580,ND,https://wa.me/522311562580,https://www.facebook.com/search/pages/?q=Boutique%20Hola%20Teziutlán,"https://www.google.com/maps/search/?api=1&query=19.80789034,-97.36735898"
Boutique Lorraine,Teziutlán,+52 23 1112 9850,ND,https://wa.me/522311129850,https://www.facebook.com/search/pages/?q=Boutique%20Lorraine%20Teziutlán,"https://www.google.com/maps/search/?api=1&query=19.81117244,-97.36228319"
Boutique Miss,Teziutlán,+52 23 1116 4578,ND,https://wa.me/522311164578,https://www.facebook.com/search/pages/?q=Boutique%20Miss%20Teziutlán,"https://www.google.com/maps/search/?api=1&query=19.82454268,-97.36047676"
Boutique Silver Body Jeans,Teziutlán,+52 23 1100 5142,ND,https://wa.me/522311005142,https://www.facebook.com/search/pages/?q=Boutique%20Silver%20Body%20Jeans%20Teziutlán,"https://www.google.com/maps/search/?api=1&query=19.81744326,-97.35962018"
Boutique Venus,Teziutlán,+52 23 1120 2504,ND,https://wa.me/522311202504,https://www.facebook.com/search/pages/?q=Boutique%20Venus%20Teziutlán,"https://www.google.com/maps/search/?api=1&query=19.80822224,-97.37243334"
Coqueta Boutique,Teziutlán,+52 23 1107 9721,ND,https://wa.me/522311079721,https://www.facebook.com/search/pages/?q=Coqueta%20Boutique%20Teziutlán,"https://www.google.com/maps/search/?api=1&query=19.81576144,-97.3594877"
Coquette Boutique,Teziutlán,+52 23 1111 5456,ND,https://wa.me/522311115456,https://www.facebook.com/search/pages/?q=Coquette%20Boutique%20Teziutlán,"https://www.google.com/maps/search/?api=1&query=19.81900508,-97.36022518"
D Arah Boutique,Teziutlán,+52 23 1319 5918,ND,https://wa.me/522313195918,https://www.facebook.com/search/pages/?q=D%20Arah%20Boutique%20Teziutlán,"https://www.google.com/maps/search/?api=1&query=19.80556322,-97.36615406"
El Closet De Ale,Teziutlán,+52 23 1176 7217,ND,https://wa.me/522311767217,https://www.facebook.com/search/pages/?q=El%20Closet%20De%20Ale%20Teziutlán,"https://www.google.com/maps/search/?api=1&query=19.82440419,-97.36041244"
Estar A La Moda,Teziutlán,+52 23 1110 2775,ND,https://wa.me/522311102775,https://www.facebook.com/search/pages/?q=Estar%20A%20La%20Moda%20Teziutlán,"https://www.google.com/maps/search/?api=1&query=19.82066829,-97.36070114"
Galante Boutique,Teziutlán,+52 23 1688 1614,ND,https://wa.me/522316881614,https://www.facebook.com/search/pages/?q=Galante%20Boutique%20Teziutlán,"https://www.google.com/maps/search/?api=1&query=19.82454268,-97.36047676"
Habana Shop,Teziutlán,+52 23 1322 7055,ND,https://wa.me/522313227055,https://www.facebook.com/search/pages/?q=Habana%20Shop%20Teziutlán,"https://www.google.com/maps/search/?api=1&query=19.80853313,-97.3691773"
Moda Casual,Teziutlán,+52 23 1319 3792,ND,https://wa.me/522313193792,https://www.facebook.com/search/pages/?q=Moda%20Casual%20Teziutlán,"https://www.google.com/maps/search/?api=1&query=19.82090984,-97.35970037"
Moda Casual,Teziutlán,+52 23 1174 4347,ND,https://wa.me/522311744347,https://www.facebook.com/search/pages/?q=Moda%20Casual%20Teziutlán,"https://www.google.com/maps/search/?api=1&query=19.81913744,-97.36164192"
Moda K-Sual Mary Fer,Teziutlán,+52 23 1121 3551,ND,https://wa.me/522311213551,https://www.facebook.com/search/pages/?q=Moda%20K-Sual%20Mary%20Fer%20Teziutlán,"https://www.google.com/maps/search/?api=1&query=19.81792111,-97.36106776"
Moda Y Accesorios La,Teziutlán,+52 23 1206 2931,ND,https://wa.me/522312062931,https://www.facebook.com/search/pages/?q=Moda%20Y%20Accesorios%20La%20Teziutlán,"https://www.google.com/maps/search/?api=1&query=19.8292912,-97.35922642"
Monkey Jeans,Teziutlán,+52 23 1329 7085,ND,https://wa.me/522313297085,https://www.facebook.com/search/pages/?q=Monkey%20Jeans%20Teziutlán,"https://www.google.com/maps/search/?api=1&query=19.81792111,-97.36106776"
Pa Pi Boutique,Teziutlán,+52 23 1156 3076,ND,https://wa.me/522311563076,https://www.facebook.com/search/pages/?q=Pa%20Pi%20Boutique%20Teziutlán,"https://www.google.com/maps/search/?api=1&query=19.81792111,-97.36106776"
Paradise Boutique,Teziutlán,+52 23 1313 5889,ND,https://wa.me/522313135889,https://www.facebook.com/search/pages/?q=Paradise%20Boutique%20Teziutlán,"https://www.google.com/maps/search/?api=1&query=19.80789034,-97.36735898"
Studio Y Boutique 3G,Teziutlán,+52 22 2113 1612,ND,https://wa.me/522221131612,https://www.facebook.com/search/pages/?q=Studio%20Y%20Boutique%203G%20Teziutlán,"https://www.google.com/maps/search/?api=1&query=19.81240768,-97.3604547"
Tienda De Moda De Ropa Casual,Teziutlán,+52 23 1322 1568,ND,https://wa.me/522313221568,https://www.facebook.com/search/pages/?q=Tienda%20De%20Moda%20De%20Ropa%20Casual%20Teziutlán,"https://www.google.com/maps/search/?api=1&query=19.81500916,-97.36307327"
Tienda De Ropa Boutique Alondra,Teziutlán,+52 23 1148 7895,ND,https://wa.me/522311487895,https://www.facebook.com/search/pages/?q=Tienda%20De%20Ropa%20Boutique%20Alondra%20Teziutlán,"https://www.google.com/maps/search/?api=1&query=19.80971773,-97.36236122"
Tienda De Ropa Boutique Sebastin,Teziutlán,+52 23 1102 3458,ND,https://wa.me/522311023458,https://www.facebook.com/search/pages/?q=Tienda%20De%20Ropa%20Boutique%20Sebastin%20Teziutlán,"https://www.google.com/maps/search/?api=1&query=19.81159618,-97.37593006"
Tienda De Ropa Karl Store,Teziutlán,+52 23 1111 3473,ND,https://wa.me/522311113473,https://www.facebook.com/search/pages/?q=Tienda%20De%20Ropa%20Karl%20Store%20Teziutlán,"https://www.google.com/maps/search/?api=1&query=19.81251546,-97.36456467"
Tienda De Ropa Xtreme Moda Actual,Teziutlán,+52 23 1153 9482,ND,https://wa.me/522311539482,https://www.facebook.com/search/pages/?q=Tienda%20De%20Ropa%20Xtreme%20Moda%20Actual%20Teziutlán,"https://www.google.com/maps/search/?api=1&query=19.81744326,-97.35962018"
Venta De Ropa Boutique Bambu,Teziutlán,+52 23 1688 3096,ND,https://wa.me/522316883096,https://www.facebook.com/search/pages/?q=Venta%20De%20Ropa%20Boutique%20Bambu%20Teziutlán,"https://www.google.com/maps/search/?api=1&query=19.8144114,-97.36041608"
Venta De Ropa Moda Y Estilo,Teziutlán,+52 23 1139 4763,ND,https://wa.me/522311394763,https://www.facebook.com/search/pages/?q=Venta%20De%20Ropa%20Moda%20Y%20Estilo%20Teziutlán,"https://www.google.com/maps/search/?api=1&query=19.80871034,-97.36297755"
Vestidos De Mezclilla Tlalolini,Teziutlán,+52 23 1103 4024,ND,https://wa.me/522311034024,https://www.facebook.com/search/pages/?q=Vestidos%20De%20Mezclilla%20Tlalolini%20Teziutlán,"https://www.google.com/maps/search/?api=1&query=19.81792111,-97.36106776"
Tienda De Ropa Boutique Luna,Tianguismanalco,+52 24 4106 1741,ND,https://wa.me/522441061741,https://www.facebook.com/search/pages/?q=Tienda%20De%20Ropa%20Boutique%20Luna%20Tianguismanalco,"https://www.google.com/maps/search/?api=1&query=18.97427414,-98.45079572"
Venta De Ropa Eveli,Tilapa,ND,ND,ND,https://www.facebook.com/search/pages/?q=Venta%20De%20Ropa%20Eveli%20Tilapa,"https://www.google.com/maps/search/?api=1&query=18.59115971,-98.55518419"
Venta De Ropa Tienda De Colores,Tilapa,ND,ND,ND,https://www.facebook.com/search/pages/?q=Venta%20De%20Ropa%20Tienda%20De%20Colores%20Tilapa,"https://www.google.com/maps/search/?api=1&query=18.59430485,-98.55378392"
Moda Y Estilo Doña Jose,Tlachichuca,+52 22 1596 8785,ND,https://wa.me/522215968785,https://www.facebook.com/search/pages/?q=Moda%20Y%20Estilo%20Doña%20Jose%20Tlachichuca,"https://www.google.com/maps/search/?api=1&query=19.11584284,-97.41913846"
Regina Shop,Tlachichuca,+52 22 2771 8799,ND,https://wa.me/522227718799,https://www.facebook.com/search/pages/?q=Regina%20Shop%20Tlachichuca,"https://www.google.com/maps/search/?api=1&query=19.11575039,-97.42071809"
Moda Basic,Tlacotepec de Benito Juárez,+52 23 7110 8569,ND,https://wa.me/522371108569,https://www.facebook.com/search/pages/?q=Moda%20Basic%20Tlacotepec%20de%20Benito%20Juárez,"https://www.google.com/maps/search/?api=1&query=18.68330606,-97.6555384"
Moda En Casa,Tlacotepec de Benito Juárez,+52 24 9132 4698,ND,https://wa.me/522491324698,https://www.facebook.com/search/pages/?q=Moda%20En%20Casa%20Tlacotepec%20de%20Benito%20Juárez,"https://www.google.com/maps/search/?api=1&query=18.66708764,-97.60327664"
Roperia Mi Estilo,Tlacotepec de Benito Juárez,+52 62 4159 2024,ND,https://wa.me/526241592024,https://www.facebook.com/search/pages/?q=Roperia%20Mi%20Estilo%20Tlacotepec%20de%20Benito%20Juárez,"https://www.google.com/maps/search/?api=1&query=18.67254844,-97.60462415"
Sarah Shop Venta De Ropa,Tlacotepec de Benito Juárez,+52 23 7114 8795,ND,https://wa.me/522371148795,https://www.facebook.com/search/pages/?q=Sarah%20Shop%20Venta%20De%20Ropa%20Tlacotepec%20de%20Benito%20Juárez,"https://www.google.com/maps/search/?api=1&query=18.5997046,-97.66161617"
Sweet Fashion Clothes Venta De Ropa,Tlacotepec de Benito Juárez,+52 23 7111 3819,ND,https://wa.me/522371113819,https://www.facebook.com/search/pages/?q=Sweet%20Fashion%20Clothes%20Venta%20De%20Ropa%20Tlacotepec%20de%20Benito%20Juárez,"https://www.google.com/maps/search/?api=1&query=18.59665001,-97.65868253"
Tienda De Ropa Rc Jeans,Tlacotepec de Benito Juárez,+52 23 7107 1412,ND,https://wa.me/522371071412,https://www.facebook.com/search/pages/?q=Tienda%20De%20Ropa%20Rc%20Jeans%20Tlacotepec%20de%20Benito%20Juárez,"https://www.google.com/maps/search/?api=1&query=18.68101565,-97.65687497"
Venta De Ropa Basic,Tlacuilotepec,+52 77 6106 1732,ND,https://wa.me/527761061732,https://www.facebook.com/search/pages/?q=Venta%20De%20Ropa%20Basic%20Tlacuilotepec,"https://www.google.com/maps/search/?api=1&query=20.32613481,-98.06948983"
Venta De Ropa Mary,Tlacuilotepec,+52 77 6100 2015,ND,https://wa.me/527761002015,https://www.facebook.com/search/pages/?q=Venta%20De%20Ropa%20Mary%20Tlacuilotepec,"https://www.google.com/maps/search/?api=1&query=20.32611411,-98.06973093"
Boutique Mary,Tlahuapan,+52 24 8113 1148,m83842427@gmail.com,https://wa.me/522481131148,https://www.facebook.com/search/pages/?q=Boutique%20Mary%20Tlahuapan,"https://www.google.com/maps/search/?api=1&query=19.33063836,-98.58254519"
Boutique Mary,Tlahuapan,+52 24 8160 3639,ND,https://wa.me/522481603639,https://www.facebook.com/search/pages/?q=Boutique%20Mary%20Tlahuapan,"https://www.google.com/maps/search/?api=1&query=19.3309438,-98.58173386"
Boutique Milan,Tlahuapan,+52 24 8200 1643,ND,https://wa.me/522482001643,https://www.facebook.com/search/pages/?q=Boutique%20Milan%20Tlahuapan,"https://www.google.com/maps/search/?api=1&query=19.3562491,-98.5373421"
Libertad De Moda,Tlahuapan,+52 24 8107 3058,ND,https://wa.me/522481073058,https://www.facebook.com/search/pages/?q=Libertad%20De%20Moda%20Tlahuapan,"https://www.google.com/maps/search/?api=1&query=19.33067132,-98.58468085"
Evalos,Tlaltenango,ND,ND,ND,https://www.facebook.com/search/pages/?q=Evalos%20Tlaltenango,"https://www.google.com/maps/search/?api=1&query=19.17020188,-98.34312753"
Venta De Ropa,Tlanepantla,+52 22 4106 8428,ND,https://wa.me/522241068428,https://www.facebook.com/search/pages/?q=Venta%20De%20Ropa%20Tlanepantla,"https://www.google.com/maps/search/?api=1&query=18.86359071,-97.88200897"
Butic Fassion Roice,Tlanepantla,ND,ND,ND,https://www.facebook.com/search/pages/?q=Butic%20Fassion%20Roice%20Tlanepantla,"https://www.google.com/maps/search/?api=1&query=18.86814131,-97.89170426"
Tienda De Ropa Ameyali,Tlaola,+52 77 6104 7563,ND,https://wa.me/527761047563,https://www.facebook.com/search/pages/?q=Tienda%20De%20Ropa%20Ameyali%20Tlaola,"https://www.google.com/maps/search/?api=1&query=20.13731822,-97.92729472"
Ambrosio Efrain Bobadilla Luna,Tlaola,ND,ND,ND,https://www.facebook.com/search/pages/?q=Ambrosio%20Efrain%20Bobadilla%20Luna%20Tlaola,"https://www.google.com/maps/search/?api=1&query=20.17476964,-97.97161502"
Tienda De Ropa Evy,Tlapacoya,+52 77 6101 3348,ND,https://wa.me/527761013348,https://www.facebook.com/search/pages/?q=Tienda%20De%20Ropa%20Evy%20Tlapacoya,"https://www.google.com/maps/search/?api=1&query=20.12297071,-97.85051646"
Boutique American Fashion,Tlapanalá,ND,ND,ND,https://www.facebook.com/search/pages/?q=Boutique%20American%20Fashion%20Tlapanalá,"https://www.google.com/maps/search/?api=1&query=18.69510493,-98.53642466"
Boutique Fabris Fashion,Tlapanalá,ND,ND,ND,https://www.facebook.com/search/pages/?q=Boutique%20Fabris%20Fashion%20Tlapanalá,"https://www.google.com/maps/search/?api=1&query=18.69381385,-98.53669095"
Boutique De Ropa Vera,Tlatlauquitepec,+52 23 3136 0096,ND,https://wa.me/522331360096,https://www.facebook.com/search/pages/?q=Boutique%20De%20Ropa%20Vera%20Tlatlauquitepec,"https://www.google.com/maps/search/?api=1&query=19.6936325,-97.53460536"
Boutique Gaby,Tlatlauquitepec,+52 23 3114 1953,ND,https://wa.me/522331141953,https://www.facebook.com/search/pages/?q=Boutique%20Gaby%20Tlatlauquitepec,"https://www.google.com/maps/search/?api=1&query=19.85255926,-97.49802398"
Boutique Paola Regina,Tlatlauquitepec,+52 23 1144 8480,ND,https://wa.me/522311448480,https://www.facebook.com/search/pages/?q=Boutique%20Paola%20Regina%20Tlatlauquitepec,"https://www.google.com/maps/search/?api=1&query=19.85030248,-97.49832904"
Boutique Ropa Ali Va Da,Tlatlauquitepec,+52 23 3119 7101,ND,https://wa.me/522331197101,https://www.facebook.com/search/pages/?q=Boutique%20Ropa%20Ali%20Va%20Da%20Tlatlauquitepec,"https://www.google.com/maps/search/?api=1&query=19.84370889,-97.49805309"
Tienda De Ropa El Rey De La Moda,Tlatlauquitepec,+52 23 3124 8292,ND,https://wa.me/522331248292,https://www.facebook.com/search/pages/?q=Tienda%20De%20Ropa%20El%20Rey%20De%20La%20Moda%20Tlatlauquitepec,"https://www.google.com/maps/search/?api=1&query=19.85266642,-97.49568273"
Tienda De Ropa Maldonado,Tlaxco,+52 77 5125 8000,ND,https://wa.me/527751258000,https://www.facebook.com/search/pages/?q=Tienda%20De%20Ropa%20Maldonado%20Tlaxco,"https://www.google.com/maps/search/?api=1&query=20.42337768,-98.02716635"
Tienda De Ropa Cointa,Tlaxco,ND,ND,ND,https://www.facebook.com/search/pages/?q=Tienda%20De%20Ropa%20Cointa%20Tlaxco,"https://www.google.com/maps/search/?api=1&query=20.4237741,-98.02678529"
Tu Rinconcito Online,Tochimilco,+52 73 5358 7681,ND,https://wa.me/527353587681,https://www.facebook.com/search/pages/?q=Tu%20Rinconcito%20Online%20Tochimilco,"https://www.google.com/maps/search/?api=1&query=18.87498866,-98.70987755"
Tienda De Ropa,Tochimilco,+52 24 4441 0040,ND,https://wa.me/522444410040,https://www.facebook.com/search/pages/?q=Tienda%20De%20Ropa%20Tochimilco,"https://www.google.com/maps/search/?api=1&query=18.89159209,-98.57436266"
Boutique Kike Anel,Tochtepec,+52 24 9173 0077,ND,https://wa.me/522491730077,https://www.facebook.com/search/pages/?q=Boutique%20Kike%20Anel%20Tochtepec,"https://www.google.com/maps/search/?api=1&query=18.88598614,-97.81855876"
Maris butic,Totoltepec de Guerrero,ND,ND,ND,https://www.facebook.com/search/pages/?q=Maris%20butic%20Totoltepec%20de%20Guerrero,"https://www.google.com/maps/search/?api=1&query=18.2225316,-97.8580111"
Boutique Faby,Tulcingo,+52 27 5431 2806,ND,https://wa.me/522754312806,https://www.facebook.com/search/pages/?q=Boutique%20Faby%20Tulcingo,"https://www.google.com/maps/search/?api=1&query=18.0439216,-98.4395972"
Boutique Sheyla,Tulcingo,+52 27 5111 0699,ND,https://wa.me/522751110699,https://www.facebook.com/search/pages/?q=Boutique%20Sheyla%20Tulcingo,"https://www.google.com/maps/search/?api=1&query=18.04907671,-98.44626077"
Cleos Fashion,Tulcingo,+52 27 5102 3695,ND,https://wa.me/522751023695,https://www.facebook.com/search/pages/?q=Cleos%20Fashion%20Tulcingo,"https://www.google.com/maps/search/?api=1&query=18.04394705,-98.44032817"
Fashion Shop,Tulcingo,+52 27 5104 6261,ND,https://wa.me/522751046261,https://www.facebook.com/search/pages/?q=Fashion%20Shop%20Tulcingo,"https://www.google.com/maps/search/?api=1&query=18.04405995,-98.43963434"
Susy Boutique,Tulcingo,+52 27 5104 7567,ND,https://wa.me/522751047567,https://www.facebook.com/search/pages/?q=Susy%20Boutique%20Tulcingo,"https://www.google.com/maps/search/?api=1&query=18.04903493,-98.44212215"
Tienda De Ropa,Tuzamapan de Galeana,ND,ND,ND,https://www.facebook.com/search/pages/?q=Tienda%20De%20Ropa%20Tuzamapan%20de%20Galeana,"https://www.google.com/maps/search/?api=1&query=20.06650296,-97.57369986"
Tienda De Ropa,Tuzamapan de Galeana,ND,ND,ND,https://www.facebook.com/search/pages/?q=Tienda%20De%20Ropa%20Tuzamapan%20de%20Galeana,"https://www.google.com/maps/search/?api=1&query=20.06430734,-97.57476067"
Venta De Ropa,Tzicatlacoyan,ND,ND,ND,https://www.facebook.com/search/pages/?q=Venta%20De%20Ropa%20Tzicatlacoyan,"https://www.google.com/maps/search/?api=1&query=18.84221239,-98.0542641"
Ana Moda Casual,Venustiano Carranza,+52 78 2219 8543,ND,https://wa.me/527822198543,https://www.facebook.com/search/pages/?q=Ana%20Moda%20Casual%20Venustiano%20Carranza,"https://www.google.com/maps/search/?api=1&query=20.46273907,-97.70340771"
Boutique D Sam,Venustiano Carranza,+52 76 4115 5058,ND,https://wa.me/527641155058,https://www.facebook.com/search/pages/?q=Boutique%20D%20Sam%20Venustiano%20Carranza,"https://www.google.com/maps/search/?api=1&query=20.45589186,-97.73632264"
Boutique Neri,Venustiano Carranza,+52 74 6106 3800,ND,https://wa.me/527461063800,https://www.facebook.com/search/pages/?q=Boutique%20Neri%20Venustiano%20Carranza,"https://www.google.com/maps/search/?api=1&query=20.46302727,-97.70291868"
Modas Y Estilo D Mir,Venustiano Carranza,+52 74 6110 6618,ND,https://wa.me/527461106618,https://www.facebook.com/search/pages/?q=Modas%20Y%20Estilo%20D%20Mir%20Venustiano%20Carranza,"https://www.google.com/maps/search/?api=1&query=20.46362187,-97.70168288"
Boutique Briza,Vicente Guerrero,+52 23 8165 3561,ND,https://wa.me/522381653561,https://www.facebook.com/search/pages/?q=Boutique%20Briza%20Vicente%20Guerrero,"https://www.google.com/maps/search/?api=1&query=18.54322214,-97.19714127"
Boutique Pao,Vicente Guerrero,+52 23 6131 1642,ND,https://wa.me/522361311642,https://www.facebook.com/search/pages/?q=Boutique%20Pao%20Vicente%20Guerrero,"https://www.google.com/maps/search/?api=1&query=18.54817838,-97.19710923"
Tienda De Ropa De Shein Ev Shop,Vicente Guerrero,+52 23 8236 0112,ND,https://wa.me/522382360112,https://www.facebook.com/search/pages/?q=Tienda%20De%20Ropa%20De%20Shein%20Ev%20Shop%20Vicente%20Guerrero,"https://www.google.com/maps/search/?api=1&query=18.53867692,-97.2006626"
Moda Japo,Xicotepec,+52 76 4117 3095,kokoro89japonesa@gmail.com,https://wa.me/527641173095,https://www.facebook.com/search/pages/?q=Moda%20Japo%20Xicotepec,"https://www.google.com/maps/search/?api=1&query=20.28140688,-97.96989909"
Bellizzi Moda,Xicotepec,+52 77 6114 9243,ND,https://wa.me/527761149243,https://www.facebook.com/search/pages/?q=Bellizzi%20Moda%20Xicotepec,"https://www.google.com/maps/search/?api=1&query=20.38770622,-97.88278003"
Boutique De Susi,Xicotepec,+52 76 4115 6449,ND,https://wa.me/527641156449,https://www.facebook.com/search/pages/?q=Boutique%20De%20Susi%20Xicotepec,"https://www.google.com/maps/search/?api=1&query=20.27612309,-97.96028153"
Boutique Goga Stile,Xicotepec,+52 76 4113 0425,ND,https://wa.me/527641130425,https://www.facebook.com/search/pages/?q=Boutique%20Goga%20Stile%20Xicotepec,"https://www.google.com/maps/search/?api=1&query=20.27367759,-97.95757113"
Boutique Irais,Xicotepec,+52 76 4104 1462,ND,https://wa.me/527641041462,https://www.facebook.com/search/pages/?q=Boutique%20Irais%20Xicotepec,"https://www.google.com/maps/search/?api=1&query=20.26859382,-97.95920084"
Boutique Luna Rosa,Xicotepec,+52 76 4112 8507,ND,https://wa.me/527641128507,https://www.facebook.com/search/pages/?q=Boutique%20Luna%20Rosa%20Xicotepec,"https://www.google.com/maps/search/?api=1&query=20.27239243,-97.95780553"
Boutique Mia,Xicotepec,+52 56 1751 2449,ND,https://wa.me/525617512449,https://www.facebook.com/search/pages/?q=Boutique%20Mia%20Xicotepec,"https://www.google.com/maps/search/?api=1&query=20.27594588,-97.95870082"
Boutique Moda Casual,Xicotepec,+52 76 4764 3865,ND,https://wa.me/527647643865,https://www.facebook.com/search/pages/?q=Boutique%20Moda%20Casual%20Xicotepec,"https://www.google.com/maps/search/?api=1&query=20.27599898,-97.95891053"
Boutique Olvera,Xicotepec,+52 76 4118 1319,ND,https://wa.me/527641181319,https://www.facebook.com/search/pages/?q=Boutique%20Olvera%20Xicotepec,"https://www.google.com/maps/search/?api=1&query=20.27611316,-97.96123312"
Boutique Queen,Xicotepec,+52 22 8353 2445,ND,https://wa.me/522283532445,https://www.facebook.com/search/pages/?q=Boutique%20Queen%20Xicotepec,"https://www.google.com/maps/search/?api=1&query=20.27652549,-97.95686663"
Boutique Shalom,Xicotepec,+52 76 4764 3480,ND,https://wa.me/527647643480,https://www.facebook.com/search/pages/?q=Boutique%20Shalom%20Xicotepec,"https://www.google.com/maps/search/?api=1&query=20.27593783,-97.95771964"
Boutique Tany,Xicotepec,+52 22 1204 1285,ND,https://wa.me/522212041285,https://www.facebook.com/search/pages/?q=Boutique%20Tany%20Xicotepec,"https://www.google.com/maps/search/?api=1&query=20.27652529,-97.9575585"
Moda Para Caballero Yireh,Xicotepec,+52 76 4111 9798,ND,https://wa.me/527641119798,https://www.facebook.com/search/pages/?q=Moda%20Para%20Caballero%20Yireh%20Xicotepec,"https://www.google.com/maps/search/?api=1&query=20.27771329,-97.95722768"
Modas Aylin,Xicotepec,+52 76 4122 0434,ND,https://wa.me/527641220434,https://www.facebook.com/search/pages/?q=Modas%20Aylin%20Xicotepec,"https://www.google.com/maps/search/?api=1&query=20.27771437,-97.95821856"
Modas Basi,Xicotepec,+52 76 4102 7300,ND,https://wa.me/527641027300,https://www.facebook.com/search/pages/?q=Modas%20Basi%20Xicotepec,"https://www.google.com/maps/search/?api=1&query=20.2840408,-97.9541046"
Purrfect Boutique,Xicotepec,+52 76 4111 1363,ND,https://wa.me/527641111363,https://www.facebook.com/search/pages/?q=Purrfect%20Boutique%20Xicotepec,"https://www.google.com/maps/search/?api=1&query=20.27739939,-97.96185496"
Shalom Boutique,Xicotepec,+52 76 4488 4568,ND,https://wa.me/527644884568,https://www.facebook.com/search/pages/?q=Shalom%20Boutique%20Xicotepec,"https://www.google.com/maps/search/?api=1&query=20.27626425,-97.95771119"
Tienda Vaquera Gran Rodeo,Xicotepec,+52 77 6769 6482,ND,https://wa.me/527767696482,https://www.facebook.com/search/pages/?q=Tienda%20Vaquera%20Gran%20Rodeo%20Xicotepec,"https://www.google.com/maps/search/?api=1&query=20.38752262,-97.88260805"
Xico Boutique,Xicotepec,+52 55 5943 9294,ND,https://wa.me/525559439294,https://www.facebook.com/search/pages/?q=Xico%20Boutique%20Xicotepec,"https://www.google.com/maps/search/?api=1&query=20.27862641,-97.9581941"
Ziba Boutique,Xicotepec,+52 76 4113 8956,ND,https://wa.me/527641138956,https://www.facebook.com/search/pages/?q=Ziba%20Boutique%20Xicotepec,"https://www.google.com/maps/search/?api=1&query=20.27771626,-97.95823763"
Moda Y Calidad Fimker,Xiutetelco,+52 23 1164 6254,monserratjg.2012b@gmail.com,https://wa.me/522311646254,https://www.facebook.com/search/pages/?q=Moda%20Y%20Calidad%20Fimker%20Xiutetelco,"https://www.google.com/maps/search/?api=1&query=19.79647399,-97.32008909"
Boutique Cherry,Xiutetelco,+52 23 1110 7135,ND,https://wa.me/522311107135,https://www.facebook.com/search/pages/?q=Boutique%20Cherry%20Xiutetelco,"https://www.google.com/maps/search/?api=1&query=19.79045589,-97.32546137"
Shein Poled Boutique,Xiutetelco,+52 23 1112 1572,ND,https://wa.me/522311121572,https://www.facebook.com/search/pages/?q=Shein%20Poled%20Boutique%20Xiutetelco,"https://www.google.com/maps/search/?api=1&query=19.78548757,-97.32664333"
Venta De Ropa Lluvia Fashion,Xiutetelco,+52 22 6100 1013,ND,https://wa.me/522261001013,https://www.facebook.com/search/pages/?q=Venta%20De%20Ropa%20Lluvia%20Fashion%20Xiutetelco,"https://www.google.com/maps/search/?api=1&query=19.79633202,-97.32696024"
Tienda De Ropa,Xochiapulco,+52 23 3127 1874,ND,https://wa.me/522331271874,https://www.facebook.com/search/pages/?q=Tienda%20De%20Ropa%20Xochiapulco,"https://www.google.com/maps/search/?api=1&query=19.82065667,-97.65833864"
Venta De Ropa,Xochiapulco,+52 22 1522 2299,ND,https://wa.me/522215222299,https://www.facebook.com/search/pages/?q=Venta%20De%20Ropa%20Xochiapulco,"https://www.google.com/maps/search/?api=1&query=19.81526371,-97.6562026"
Tienda Luna,Xochiltepec,+52 24 3114 9613,ND,https://wa.me/522431149613,https://www.facebook.com/search/pages/?q=Tienda%20Luna%20Xochiltepec,"https://www.google.com/maps/search/?api=1&query=18.65064582,-98.34323842"
Venta De Ropa Reyna,Xochiltepec,ND,ND,ND,https://www.facebook.com/search/pages/?q=Venta%20De%20Ropa%20Reyna%20Xochiltepec,"https://www.google.com/maps/search/?api=1&query=18.64926567,-98.34256789"
Tienda De Ropa Sinnombre,Xochitlán de Vicente Suárez,ND,ND,ND,https://www.facebook.com/search/pages/?q=Tienda%20De%20Ropa%20Sinnombre%20Xochitlán%20de%20Vicente%20Suárez,"https://www.google.com/maps/search/?api=1&query=19.96744442,-97.6299897"
Tienda De Ropa,Xochitlán de Vicente Suárez,ND,ND,ND,https://www.facebook.com/search/pages/?q=Tienda%20De%20Ropa%20Xochitlán%20de%20Vicente%20Suárez,"https://www.google.com/maps/search/?api=1&query=19.93267261,-97.6202933"
Modas Yesbrian,Xochitlán Todos Santos,+52 24 9186 6972,ND,https://wa.me/522491866972,https://www.facebook.com/search/pages/?q=Modas%20Yesbrian%20Xochitlán%20Todos%20Santos,"https://www.google.com/maps/search/?api=1&query=18.6988651,-97.78212414"
Reychels Boutique,Xochitlán Todos Santos,+52 23 7108 4170,ND,https://wa.me/522371084170,https://www.facebook.com/search/pages/?q=Reychels%20Boutique%20Xochitlán%20Todos%20Santos,"https://www.google.com/maps/search/?api=1&query=18.70152213,-97.77699196"
Tienda De Ropa,Yaonáhuac,+52 72 9531 5008,ND,https://wa.me/527295315008,https://www.facebook.com/search/pages/?q=Tienda%20De%20Ropa%20Yaonáhuac,"https://www.google.com/maps/search/?api=1&query=19.87711245,-97.46666868"
Venta De Ropa,Yaonáhuac,+52 22 2277 1947,ND,https://wa.me/522222771947,https://www.facebook.com/search/pages/?q=Venta%20De%20Ropa%20Yaonáhuac,"https://www.google.com/maps/search/?api=1&query=19.87589365,-97.46694259"
Boutique Paty Lu,Yehualtepec,+52 23 7113 0276,ND,https://wa.me/522371130276,https://www.facebook.com/search/pages/?q=Boutique%20Paty%20Lu%20Yehualtepec,"https://www.google.com/maps/search/?api=1&query=18.7587938,-97.69964276"
Boutique Shein,Yehualtepec,+52 24 9178 0755,ND,https://wa.me/522491780755,https://www.facebook.com/search/pages/?q=Boutique%20Shein%20Yehualtepec,"https://www.google.com/maps/search/?api=1&query=18.75887716,-97.70412064"
Boutique Sya,Yehualtepec,+52 24 9129 1950,ND,https://wa.me/522491291950,https://www.facebook.com/search/pages/?q=Boutique%20Sya%20Yehualtepec,"https://www.google.com/maps/search/?api=1&query=18.79104872,-97.66711804"
Venta Ropa,Zacapala,ND,ND,ND,https://www.facebook.com/search/pages/?q=Venta%20Ropa%20Zacapala,"https://www.google.com/maps/search/?api=1&query=18.59686509,-98.06380336"
Tienda De Ropa,Zacapala,ND,ND,ND,https://www.facebook.com/search/pages/?q=Tienda%20De%20Ropa%20Zacapala,"https://www.google.com/maps/search/?api=1&query=18.59042535,-98.06615137"
Antifashion Hause,Zacapoaxtla,+52 23 3117 1857,ND,https://wa.me/522331171857,https://www.facebook.com/search/pages/?q=Antifashion%20Hause%20Zacapoaxtla,"https://www.google.com/maps/search/?api=1&query=19.87404605,-97.58873922"
Berdys Moda Hombre,Zacapoaxtla,+52 23 3314 3662,ND,https://wa.me/522333143662,https://www.facebook.com/search/pages/?q=Berdys%20Moda%20Hombre%20Zacapoaxtla,"https://www.google.com/maps/search/?api=1&query=19.87949345,-97.5885273"
Boutique Guga,Zacapoaxtla,+52 23 3116 9308,ND,https://wa.me/522331169308,https://www.facebook.com/search/pages/?q=Boutique%20Guga%20Zacapoaxtla,"https://www.google.com/maps/search/?api=1&query=19.87598601,-97.58900928"
Boutique Margarita,Zacapoaxtla,+52 23 3314 2020,ND,https://wa.me/522333142020,https://www.facebook.com/search/pages/?q=Boutique%20Margarita%20Zacapoaxtla,"https://www.google.com/maps/search/?api=1&query=19.87370756,-97.58957549"
Boutique Thania,Zacapoaxtla,+52 23 3125 6546,ND,https://wa.me/522331256546,https://www.facebook.com/search/pages/?q=Boutique%20Thania%20Zacapoaxtla,"https://www.google.com/maps/search/?api=1&query=19.87214182,-97.58749885"
Modas Megan,Zacapoaxtla,+52 23 3105 1529,ND,https://wa.me/522331051529,https://www.facebook.com/search/pages/?q=Modas%20Megan%20Zacapoaxtla,"https://www.google.com/maps/search/?api=1&query=19.87362768,-97.58814334"
Tienda De Ropa El Rincon De La Moda,Zacapoaxtla,+52 23 3122 7633,ND,https://wa.me/522331227633,https://www.facebook.com/search/pages/?q=Tienda%20De%20Ropa%20El%20Rincon%20De%20La%20Moda%20Zacapoaxtla,"https://www.google.com/maps/search/?api=1&query=19.87084292,-97.58762529"
Tienda De Ropa Imperio Jeans,Zacapoaxtla,+52 23 3101 5110,ND,https://wa.me/522331015110,https://www.facebook.com/search/pages/?q=Tienda%20De%20Ropa%20Imperio%20Jeans%20Zacapoaxtla,"https://www.google.com/maps/search/?api=1&query=19.86991319,-97.58815904"
Tienda De Ropa Todomodaa,Zacapoaxtla,+52 23 3127 5027,ND,https://wa.me/522331275027,https://www.facebook.com/search/pages/?q=Tienda%20De%20Ropa%20Todomodaa%20Zacapoaxtla,"https://www.google.com/maps/search/?api=1&query=19.87131549,-97.58838648"
Aurora Boutique,Zacatlán,+52 79 7105 9718,ND,https://wa.me/527971059718,https://www.facebook.com/search/pages/?q=Aurora%20Boutique%20Zacatlán,"https://www.google.com/maps/search/?api=1&query=19.93424231,-97.96097219"
Boutique Aitana,Zacatlán,+52 79 7127 3507,ND,https://wa.me/527971273507,https://www.facebook.com/search/pages/?q=Boutique%20Aitana%20Zacatlán,"https://www.google.com/maps/search/?api=1&query=19.93090889,-97.96340167"
Boutique Chely,Zacatlán,+52 79 7106 9901,ND,https://wa.me/527971069901,https://www.facebook.com/search/pages/?q=Boutique%20Chely%20Zacatlán,"https://www.google.com/maps/search/?api=1&query=19.93975133,-97.96585228"
Boutique D Eva,Zacatlán,+52 79 7975 0809,ND,https://wa.me/527979750809,https://www.facebook.com/search/pages/?q=Boutique%20D%20Eva%20Zacatlán,"https://www.google.com/maps/search/?api=1&query=19.93104057,-97.95987956"
Boutique Edith,Zacatlán,+52 79 7117 3449,ND,https://wa.me/527971173449,https://www.facebook.com/search/pages/?q=Boutique%20Edith%20Zacatlán,"https://www.google.com/maps/search/?api=1&query=19.93240254,-97.96218723"
Boutique Hippichci,Zacatlán,+52 79 7118 9861,ND,https://wa.me/527971189861,https://www.facebook.com/search/pages/?q=Boutique%20Hippichci%20Zacatlán,"https://www.google.com/maps/search/?api=1&query=19.93484668,-97.96148265"
Boutique Luna,Zacatlán,+52 79 7147 6248,ND,https://wa.me/527971476248,https://www.facebook.com/search/pages/?q=Boutique%20Luna%20Zacatlán,"https://www.google.com/maps/search/?api=1&query=19.93155945,-97.96352604"
Boutique M&O,Zacatlán,+52 79 7108 6333,ND,https://wa.me/527971086333,https://www.facebook.com/search/pages/?q=Boutique%20M%26O%20Zacatlán,"https://www.google.com/maps/search/?api=1&query=19.94844126,-97.9572537"
Boutique Mikaa Men,Zacatlán,+52 79 7106 7117,ND,https://wa.me/527971067117,https://www.facebook.com/search/pages/?q=Boutique%20Mikaa%20Men%20Zacatlán,"https://www.google.com/maps/search/?api=1&query=19.93462507,-97.96065626"
Estetica Boutique Georgeous Lady,Zacatlán,+52 79 7121 4092,ND,https://wa.me/527971214092,https://www.facebook.com/search/pages/?q=Estetica%20Boutique%20Georgeous%20Lady%20Zacatlán,"https://www.google.com/maps/search/?api=1&query=19.92809559,-97.96166681"
La Trendyshop,Zacatlán,+52 74 6106 8404,ND,https://wa.me/527461068404,https://www.facebook.com/search/pages/?q=La%20Trendyshop%20Zacatlán,"https://www.google.com/maps/search/?api=1&query=19.94852635,-97.95732595"
Liz Moda,Zacatlán,+52 79 7121 4455,ND,https://wa.me/527971214455,https://www.facebook.com/search/pages/?q=Liz%20Moda%20Zacatlán,"https://www.google.com/maps/search/?api=1&query=19.96580168,-97.97316293"
Moda De Liz,Zacatlán,+52 79 7109 5823,ND,https://wa.me/527971095823,https://www.facebook.com/search/pages/?q=Moda%20De%20Liz%20Zacatlán,"https://www.google.com/maps/search/?api=1&query=19.9326866,-97.96141675"
Modainn,Zacatlán,+52 79 7977 5018,ND,https://wa.me/527979775018,https://www.facebook.com/search/pages/?q=Modainn%20Zacatlán,"https://www.google.com/maps/search/?api=1&query=19.92946441,-97.96230863"
Mufasa Boutique,Zacatlán,+52 79 7105 2056,ND,https://wa.me/527971052056,https://www.facebook.com/search/pages/?q=Mufasa%20Boutique%20Zacatlán,"https://www.google.com/maps/search/?api=1&query=19.93311024,-97.96185922"
Musas Boutique,Zacatlán,+52 79 7109 7305,ND,https://wa.me/527971097305,https://www.facebook.com/search/pages/?q=Musas%20Boutique%20Zacatlán,"https://www.google.com/maps/search/?api=1&query=19.93165217,-97.96241466"
Nicky Boutique,Zacatlán,+52 79 7125 6219,ND,https://wa.me/527971256219,https://www.facebook.com/search/pages/?q=Nicky%20Boutique%20Zacatlán,"https://www.google.com/maps/search/?api=1&query=19.93563656,-97.96422342"
Rosas Rosas Boutique,Zacatlán,+52 79 7119 0631,ND,https://wa.me/527971190631,https://www.facebook.com/search/pages/?q=Rosas%20Rosas%20Boutique%20Zacatlán,"https://www.google.com/maps/search/?api=1&query=19.93522853,-97.96259103"
Shein Boutique,Zacatlán,+52 79 7128 4654,ND,https://wa.me/527971284654,https://www.facebook.com/search/pages/?q=Shein%20Boutique%20Zacatlán,"https://www.google.com/maps/search/?api=1&query=19.93432554,-97.96348195"
Tienda De Ropa Ivanas Boutique,Zacatlán,+52 79 7106 6884,ND,https://wa.me/527971066884,https://www.facebook.com/search/pages/?q=Tienda%20De%20Ropa%20Ivanas%20Boutique%20Zacatlán,"https://www.google.com/maps/search/?api=1&query=19.92875509,-97.96223371"
Venta De Ropa Moda Y Estilo,Zapotitlán,+52 23 8189 4393,ND,https://wa.me/522381894393,https://www.facebook.com/search/pages/?q=Venta%20De%20Ropa%20Moda%20Y%20Estilo%20Zapotitlán,"https://www.google.com/maps/search/?api=1&query=18.32744379,-97.47394623"
Tienda De Ropa Baacanda Closse,Zapotitlán de Méndez,+52 23 3106 1441,ND,https://wa.me/522331061441,https://www.facebook.com/search/pages/?q=Tienda%20De%20Ropa%20Baacanda%20Closse%20Zapotitlán%20de%20Méndez,"https://www.google.com/maps/search/?api=1&query=20.00164022,-97.7150357"
Tienda De Ropa Yorfanny,Zapotitlán de Méndez,ND,ND,ND,https://www.facebook.com/search/pages/?q=Tienda%20De%20Ropa%20Yorfanny%20Zapotitlán%20de%20Méndez,"https://www.google.com/maps/search/?api=1&query=20.00112778,-97.71358284"
Boutique S144,Zaragoza,+52 22 2209 5947,ND,https://wa.me/522222095947,https://www.facebook.com/search/pages/?q=Boutique%20S144%20Zaragoza,"https://www.google.com/maps/search/?api=1&query=19.77395522,-97.55139883"
Boutique Seduccion Juvenil,Zaragoza,+52 23 3117 9730,ND,https://wa.me/522331179730,https://www.facebook.com/search/pages/?q=Boutique%20Seduccion%20Juvenil%20Zaragoza,"https://www.google.com/maps/search/?api=1&query=19.76997507,-97.55459758"
Mandala Modas,Zaragoza,+52 23 3127 9797,ND,https://wa.me/522331279797,https://www.facebook.com/search/pages/?q=Mandala%20Modas%20Zaragoza,"https://www.google.com/maps/search/?api=1&query=19.77024783,-97.55354295"
Modas Megan,Zaragoza,+52 23 3105 1529,ND,https://wa.me/522331051529,https://www.facebook.com/search/pages/?q=Modas%20Megan%20Zaragoza,"https://www.google.com/maps/search/?api=1&query=19.7711853,-97.55495017"
Tienda De Ropa Precio Moda Y Calidad,Zaragoza,+52 23 3112 2297,ND,https://wa.me/522331122297,https://www.facebook.com/search/pages/?q=Tienda%20De%20Ropa%20Precio%20Moda%20Y%20Calidad%20Zaragoza,"https://www.google.com/maps/search/?api=1&query=19.77026855,-97.55554271"
Tienda De Ropa Vaquera,Zaragoza,+52 23 1106 6741,ND,https://wa.me/522311066741,https://www.facebook.com/search/pages/?q=Tienda%20De%20Ropa%20Vaquera%20Zaragoza,"https://www.google.com/maps/search/?api=1&query=19.77206807,-97.55343667"
Tienda De Ropa Koii Moda,Zautla,+52 27 6108 8855,ND,https://wa.me/522761088855,https://www.facebook.com/search/pages/?q=Tienda%20De%20Ropa%20Koii%20Moda%20Zautla,"https://www.google.com/maps/search/?api=1&query=19.70902756,-97.59696822"
Ropa Y Accesorios,Zihuateutla,ND,ND,ND,https://www.facebook.com/search/pages/?q=Ropa%20Y%20Accesorios%20Zihuateutla,"https://www.google.com/maps/search/?api=1&query=20.26478041,-97.87643727"
Bodega De Ropa,Zihuateutla,ND,ND,ND,https://www.facebook.com/search/pages/?q=Bodega%20De%20Ropa%20Zihuateutla,"https://www.google.com/maps/search/?api=1&query=20.26330491,-97.87291499"
Boutique La Vie En Rose,Zinacatepec,+52 23 6102 2182,ND,https://wa.me/522361022182,https://www.facebook.com/search/pages/?q=Boutique%20La%20Vie%20En%20Rose%20Zinacatepec,"https://www.google.com/maps/search/?api=1&query=18.33470487,-97.24420505"
Carlis Boutique,Zinacatepec,+52 23 8224 6820,ND,https://wa.me/522382246820,https://www.facebook.com/search/pages/?q=Carlis%20Boutique%20Zinacatepec,"https://www.google.com/maps/search/?api=1&query=18.33453003,-97.24411646"
Erika Hernandez Moda Femenina,Zinacatepec,+52 23 8250 4687,ND,https://wa.me/522382504687,https://www.facebook.com/search/pages/?q=Erika%20Hernandez%20Moda%20Femenina%20Zinacatepec,"https://www.google.com/maps/search/?api=1&query=18.33769358,-97.24240859"
Evodia Boutique,Zinacatepec,+52 23 6110 1091,ND,https://wa.me/522361101091,https://www.facebook.com/search/pages/?q=Evodia%20Boutique%20Zinacatepec,"https://www.google.com/maps/search/?api=1&query=18.33753551,-97.24469763"
Kimmy Boutique,Zinacatepec,+52 23 8258 1182,ND,https://wa.me/522382581182,https://www.facebook.com/search/pages/?q=Kimmy%20Boutique%20Zinacatepec,"https://www.google.com/maps/search/?api=1&query=18.33454766,-97.24239327"
Moda Familiar,Zinacatepec,+52 23 6123 3254,ND,https://wa.me/522361233254,https://www.facebook.com/search/pages/?q=Moda%20Familiar%20Zinacatepec,"https://www.google.com/maps/search/?api=1&query=18.33984331,-97.24355379"
Modas Alex,Zinacatepec,+52 23 8204 8866,ND,https://wa.me/522382048866,https://www.facebook.com/search/pages/?q=Modas%20Alex%20Zinacatepec,"https://www.google.com/maps/search/?api=1&query=18.33691357,-97.24721975"
Pau Shop,Zinacatepec,+52 23 8199 2831,ND,https://wa.me/522381992831,https://www.facebook.com/search/pages/?q=Pau%20Shop%20Zinacatepec,"https://www.google.com/maps/search/?api=1&query=18.332308,-97.2454525"
Refugio Urbano Shop,Zinacatepec,+52 23 6122 3271,ND,https://wa.me/522361223271,https://www.facebook.com/search/pages/?q=Refugio%20Urbano%20Shop%20Zinacatepec,"https://www.google.com/maps/search/?api=1&query=18.334328,-97.24576796"
Venta De Ropa Modas Mago,Zinacatepec,+52 23 6100 6482,ND,https://wa.me/522361006482,https://www.facebook.com/search/pages/?q=Venta%20De%20Ropa%20Modas%20Mago%20Zinacatepec,"https://www.google.com/maps/search/?api=1&query=18.34029062,-97.24432048"
Venta De Ropa Tad S Boutique,Zinacatepec,+52 23 8178 2496,ND,https://wa.me/522381782496,https://www.facebook.com/search/pages/?q=Venta%20De%20Ropa%20Tad%20S%20Boutique%20Zinacatepec,"https://www.google.com/maps/search/?api=1&query=18.3343419,-97.24533092"
Venta De Ropa Luz Maria,Zongozotla,ND,ND,ND,https://www.facebook.com/search/pages/?q=Venta%20De%20Ropa%20Luz%20Maria%20Zongozotla,"https://www.google.com/maps/search/?api=1&query=19.97702144,-97.7260209"
Tienda De Ropa,Zongozotla,ND,ND,ND,https://www.facebook.com/search/pages/?q=Tienda%20De%20Ropa%20Zongozotla,"https://www.google.com/maps/search/?api=1&query=19.97756136,-97.72783518"
Tienda De Ropa,Zoquiapan,ND,ND,ND,https://www.facebook.com/search/pages/?q=Tienda%20De%20Ropa%20Zoquiapan,"https://www.google.com/maps/search/?api=1&query=20.00957116,-97.59575574"
Tienda De Ropa,Zoquiapan,ND,ND,ND,https://www.facebook.com/search/pages/?q=Tienda%20De%20Ropa%20Zoquiapan,"https://www.google.com/maps/search/?api=1&query=20.0084552,-97.59606222"
La Percha Shop Ropa Y Accesorios,Zoquitlán,+52 23 8208 7458,ND,https://wa.me/522382087458,https://www.facebook.com/search/pages/?q=La%20Percha%20Shop%20Ropa%20Y%20Accesorios%20Zoquitlán,"https://www.google.com/maps/search/?api=1&query=18.33547715,-97.01779112"
