nombre,municipio,teléfono,correo,WhatsApp,sitio_red,url_fuente
Boutique Bomu,Álvaro Obregón,+52 55 5661 1297,mcbouzas@yahoo.com,https://wa.me/525556611297,https://www.facebook.com/search/pages/?q=Boutique%20Bomu%20Álvaro%20Obregón,"https://www.google.com/maps/search/?api=1&query=19.35185512,-99.18619883"
Dc Karla Boutique,Álvaro Obregón,+52 55 2408 0079,kdelcastillo658@gmail.com,https://wa.me/525524080079,https://www.facebook.com/search/pages/?q=Dc%20Karla%20Boutique%20Álvaro%20Obregón,"https://www.google.com/maps/search/?api=1&query=19.39158168,-99.20048954"
Boutique Blank,Álvaro Obregón,+52 56 1827 3104,ND,https://wa.me/525618273104,https://www.facebook.com/search/pages/?q=Boutique%20Blank%20Álvaro%20Obregón,"https://www.google.com/maps/search/?api=1&query=19.38739956,-99.21215127"
Boutique Cristina,Álvaro Obregón,+52 55 9219 2942,ND,https://wa.me/525592192942,https://www.facebook.com/search/pages/?q=Boutique%20Cristina%20Álvaro%20Obregón,"https://www.google.com/maps/search/?api=1&query=19.38200505,-99.24031298"
Boutique Estefany,Álvaro Obregón,+52 55 3122 1759,ND,https://wa.me/525531221759,https://www.facebook.com/search/pages/?q=Boutique%20Estefany%20Álvaro%20Obregón,"https://www.google.com/maps/search/?api=1&query=19.36709178,-99.23297652"
Boutique Fashon Shop,Álvaro Obregón,+52 55 4559 8715,ND,https://wa.me/525545598715,https://www.facebook.com/search/pages/?q=Boutique%20Fashon%20Shop%20Álvaro%20Obregón,"https://www.google.com/maps/search/?api=1&query=19.32152586,-99.26955448"
Boutique Las Gueras,Álvaro Obregón,+52 56 1924 4506,ND,https://wa.me/525619244506,https://www.facebook.com/search/pages/?q=Boutique%20Las%20Gueras%20Álvaro%20Obregón,"https://www.google.com/maps/search/?api=1&query=19.31465151,-99.26654935"
Boutique Luky,Álvaro Obregón,+52 55 4237 5493,ND,https://wa.me/525542375493,https://www.facebook.com/search/pages/?q=Boutique%20Luky%20Álvaro%20Obregón,"https://www.google.com/maps/search/?api=1&query=19.35530278,-99.24146004"
Boutique Mary,Álvaro Obregón,+52 55 1151 4804,ND,https://wa.me/525511514804,https://www.facebook.com/search/pages/?q=Boutique%20Mary%20Álvaro%20Obregón,"https://www.google.com/maps/search/?api=1&query=19.32749513,-99.28374933"
Boutique Me Encanta,Álvaro Obregón,+52 55 8802 1107,ND,https://wa.me/525588021107,https://www.facebook.com/search/pages/?q=Boutique%20Me%20Encanta%20Álvaro%20Obregón,"https://www.google.com/maps/search/?api=1&query=19.34756398,-99.2299077"
Boutique Nuevo Estilo Marifer,Álvaro Obregón,+52 55 3247 8975,ND,https://wa.me/525532478975,https://www.facebook.com/search/pages/?q=Boutique%20Nuevo%20Estilo%20Marifer%20Álvaro%20Obregón,"https://www.google.com/maps/search/?api=1&query=19.36791523,-99.2444559"
Boutique Sol Luna,Álvaro Obregón,+52 55 2100 5967,ND,https://wa.me/525521005967,https://www.facebook.com/search/pages/?q=Boutique%20Sol%20Luna%20Álvaro%20Obregón,"https://www.google.com/maps/search/?api=1&query=19.32773468,-99.28358028"
Carol Boutique,Álvaro Obregón,+52 55 3899 1073,ND,https://wa.me/525538991073,https://www.facebook.com/search/pages/?q=Carol%20Boutique%20Álvaro%20Obregón,"https://www.google.com/maps/search/?api=1&query=19.37052936,-99.23266979"
Chiwis Shop,Álvaro Obregón,+52 55 4039 8877,ND,https://wa.me/525540398877,https://www.facebook.com/search/pages/?q=Chiwis%20Shop%20Álvaro%20Obregón,"https://www.google.com/maps/search/?api=1&query=19.37116287,-99.21482867"
Moda Sexy,Álvaro Obregón,+52 55 3058 0067,ND,https://wa.me/525530580067,https://www.facebook.com/search/pages/?q=Moda%20Sexy%20Álvaro%20Obregón,"https://www.google.com/maps/search/?api=1&query=19.38706131,-99.19187584"
Modas Alicia,Álvaro Obregón,+52 55 2655 4580,ND,https://wa.me/525526554580,https://www.facebook.com/search/pages/?q=Modas%20Alicia%20Álvaro%20Obregón,"https://www.google.com/maps/search/?api=1&query=19.3433144,-99.19123929"
The Money Boutique,Álvaro Obregón,+52 55 7321 2393,ND,https://wa.me/525573212393,https://www.facebook.com/search/pages/?q=The%20Money%20Boutique%20Álvaro%20Obregón,"https://www.google.com/maps/search/?api=1&query=19.37280424,-99.20997648"
Tienda De Ropa Para Dama Barinka Danache Fashion Dreams,Álvaro Obregón,+52 55 8335 2891,ND,https://wa.me/525583352891,https://www.facebook.com/search/pages/?q=Tienda%20De%20Ropa%20Para%20Dama%20Barinka%20Danache%20Fashion%20Dreams%20Álvaro%20Obregón,"https://www.google.com/maps/search/?api=1&query=19.40037147,-99.20994707"
Venta De Ropa Bshoping,Álvaro Obregón,+52 55 1343 2436,ND,https://wa.me/525513432436,https://www.facebook.com/search/pages/?q=Venta%20De%20Ropa%20Bshoping%20Álvaro%20Obregón,"https://www.google.com/maps/search/?api=1&query=19.35344277,-99.21803882"
Venta De Ropa Victory Fashion,Álvaro Obregón,+52 55 2575 5973,ND,https://wa.me/525525755973,https://www.facebook.com/search/pages/?q=Venta%20De%20Ropa%20Victory%20Fashion%20Álvaro%20Obregón,"https://www.google.com/maps/search/?api=1&query=19.38822092,-99.19605274"
Zk Boutique,Álvaro Obregón,+52 56 1891 9171,ND,https://wa.me/525618919171,https://www.facebook.com/search/pages/?q=Zk%20Boutique%20Álvaro%20Obregón,"https://www.google.com/maps/search/?api=1&query=19.31435951,-99.26894045"
Boutique Lookatme,Azcapotzalco,+52 55 2388 9382,ismael19842903@gmail.com,https://wa.me/525523889382,https://www.facebook.com/search/pages/?q=Boutique%20Lookatme%20Azcapotzalco,"https://www.google.com/maps/search/?api=1&query=19.46437818,-99.1805587"
El Closet De Monalisa,Azcapotzalco,+52 55 6290 2311,elclosetdemonalisa@gmail.com,https://wa.me/525562902311,https://WWW.ELCLOSETDEMONALISA.COM/,"https://www.google.com/maps/search/?api=1&query=19.48426583,-99.21713827"
Boutique Kiara Luz,Azcapotzalco,+52 55 6150 2236,ND,https://wa.me/525561502236,https://www.facebook.com/search/pages/?q=Boutique%20Kiara%20Luz%20Azcapotzalco,"https://www.google.com/maps/search/?api=1&query=19.5102933,-99.2052378"
Boutique Micaelina,Azcapotzalco,+52 55 5355 3277,ND,https://wa.me/525553553277,https://www.facebook.com/search/pages/?q=Boutique%20Micaelina%20Azcapotzalco,"https://www.google.com/maps/search/?api=1&query=19.47293927,-99.1620808"
Boutique Nina Ferre,Azcapotzalco,+52 55 5347 2522,ND,https://wa.me/525553472522,https://www.facebook.com/search/pages/?q=Boutique%20Nina%20Ferre%20Azcapotzalco,"https://www.google.com/maps/search/?api=1&query=19.48261768,-99.18614431"
Boutique Satisfashion,Azcapotzalco,+52 55 2217 0213,ND,https://wa.me/525522170213,https://www.facebook.com/search/pages/?q=Boutique%20Satisfashion%20Azcapotzalco,"https://www.google.com/maps/search/?api=1&query=19.5142251,-99.20337381"
Boutique Tania Merino,Azcapotzalco,+52 55 6875 4488,ND,https://wa.me/525568754488,https://www.facebook.com/search/pages/?q=Boutique%20Tania%20Merino%20Azcapotzalco,"https://www.google.com/maps/search/?api=1&query=19.47632493,-99.1507311"
Lamia Fashion,Azcapotzalco,+52 55 6412 0313,ND,https://wa.me/525564120313,https://www.facebook.com/search/pages/?q=Lamia%20Fashion%20Azcapotzalco,"https://www.google.com/maps/search/?api=1&query=19.50291025,-99.20513044"
Modas Rosy,Azcapotzalco,+52 56 1474 3659,ND,https://wa.me/525614743659,https://www.facebook.com/search/pages/?q=Modas%20Rosy%20Azcapotzalco,"https://www.google.com/maps/search/?api=1&query=19.48350653,-99.18575436"
Shopping Zone,Azcapotzalco,+52 55 6412 3605,ND,https://wa.me/525564123605,https://www.facebook.com/search/pages/?q=Shopping%20Zone%20Azcapotzalco,"https://www.google.com/maps/search/?api=1&query=19.50464516,-99.20329195"
Boutique Arvi,Benito Juárez,+52 55 2145 1456,jessarvi118@yahoo.com.mx,https://wa.me/525521451456,https://www.facebook.com/search/pages/?q=Boutique%20Arvi%20Benito%20Juárez,"https://www.google.com/maps/search/?api=1&query=19.39358091,-99.15266969"
Boutique Clea,Benito Juárez,+52 55 1362 9892,cleaboutiquem@gmail.com,https://wa.me/525513629892,https://www.facebook.com/search/pages/?q=Boutique%20Clea%20Benito%20Juárez,"https://www.google.com/maps/search/?api=1&query=19.3786672,-99.16915871"
Boutique De Tienda De Ropa Siempre Mona,Benito Juárez,+52 55 4805 4820,ND,https://wa.me/525548054820,https://WWW.SIEMPREMONA.COM/,"https://www.google.com/maps/search/?api=1&query=19.38042589,-99.15004628"
Flaca Store,Benito Juárez,+52 55 6126 0696,flacastore@gmail.com,https://wa.me/525561260696,https://FLACASTORE.COM/,"https://www.google.com/maps/search/?api=1&query=19.39446757,-99.17574686"
Boutique Ale,Benito Juárez,+52 56 3661 5062,ND,https://wa.me/525636615062,https://www.facebook.com/search/pages/?q=Boutique%20Ale%20Benito%20Juárez,"https://www.google.com/maps/search/?api=1&query=19.37152409,-99.14106734"
Id Boutique,Benito Juárez,+52 55 2590 6310,ND,https://wa.me/525525906310,https://www.facebook.com/search/pages/?q=Id%20Boutique%20Benito%20Juárez,"https://www.google.com/maps/search/?api=1&query=19.38853781,-99.14065278"
Laura Restrepo Boutique,Benito Juárez,+52 55 1465 1197,ND,https://wa.me/525514651197,https://www.facebook.com/search/pages/?q=Laura%20Restrepo%20Boutique%20Benito%20Juárez,"https://www.google.com/maps/search/?api=1&query=19.38478921,-99.15213366"
Makati Boutique,Benito Juárez,+52 55 7514 8858,ND,https://wa.me/525575148858,https://www.facebook.com/search/pages/?q=Makati%20Boutique%20Benito%20Juárez,"https://www.google.com/maps/search/?api=1&query=19.39853089,-99.1389257"
Rodchenko Jeans,Benito Juárez,+52 55 5638 0486,ND,https://wa.me/525556380486,https://www.facebook.com/search/pages/?q=Rodchenko%20Jeans%20Benito%20Juárez,"https://www.google.com/maps/search/?api=1&query=19.39317798,-99.15389031"
Sol Flow Fashion,Benito Juárez,+52 55 2306 9308,ND,https://wa.me/525523069308,https://www.facebook.com/search/pages/?q=Sol%20Flow%20Fashion%20Benito%20Juárez,"https://www.google.com/maps/search/?api=1&query=19.36434432,-99.18918401"
Tienda De Ropa Boutique Rosse,Benito Juárez,+52 55 5516 1951,ND,https://wa.me/525555161951,https://www.facebook.com/search/pages/?q=Tienda%20De%20Ropa%20Boutique%20Rosse%20Benito%20Juárez,"https://www.google.com/maps/search/?api=1&query=19.37425382,-99.18866306"
Venta De Ropa Nueva Id Y Boutique,Benito Juárez,+52 56 3205 7883,ND,https://wa.me/525632057883,https://www.facebook.com/search/pages/?q=Venta%20De%20Ropa%20Nueva%20Id%20Y%20Boutique%20Benito%20Juárez,"https://www.google.com/maps/search/?api=1&query=19.38419067,-99.14726816"
Venta De Ropa Y Accesorios Modatel,Benito Juárez,+52 55 7764 2552,ND,https://wa.me/525577642552,https://www.facebook.com/search/pages/?q=Venta%20De%20Ropa%20Y%20Accesorios%20Modatel%20Benito%20Juárez,"https://www.google.com/maps/search/?api=1&query=19.39200936,-99.13856133"
Boutique Calacat,Coyoacán,+52 55 1481 2149,bazarcalacat@gmail.com,https://wa.me/525514812149,https://www.facebook.com/search/pages/?q=Boutique%20Calacat%20Coyoacán,"https://www.google.com/maps/search/?api=1&query=19.3545926,-99.1596402"
Boutique De Ropa Carlo Giovanni Suc Perisur,Coyoacán,+52 55 5247 7962,www@carlo.mx,https://wa.me/525552477962,https://www.facebook.com/search/pages/?q=Boutique%20De%20Ropa%20Carlo%20Giovanni%20Suc%20Perisur%20Coyoacán,"https://www.google.com/maps/search/?api=1&query=19.30271282,-99.18996093"
Boutique De Ropa Muñequitos,Coyoacán,+52 55 2596 2557,hernandezretama@hotmail.com,https://wa.me/525525962557,https://www.facebook.com/search/pages/?q=Boutique%20De%20Ropa%20Muñequitos%20Coyoacán,"https://www.google.com/maps/search/?api=1&query=19.31280969,-99.1035332"
Bpfc Official Store,Coyoacán,+52 55 2575 4142,ma.elena.jasson@bpfc.net,https://wa.me/525525754142,https://www.facebook.com/search/pages/?q=Bpfc%20Official%20Store%20Coyoacán,"https://www.google.com/maps/search/?api=1&query=19.317311,-99.12424728"
La Petite Boutique,Coyoacán,+52 56 2502 2524,lapetiteboutique@gmail.com,https://wa.me/525625022524,https://www.facebook.com/search/pages/?q=La%20Petite%20Boutique%20Coyoacán,"https://www.google.com/maps/search/?api=1&query=19.32961601,-99.1726158"
Nomy Fashion Boutique,Coyoacán,+52 55 5678 3859,naomyfaion@yahoo.com.mx,https://wa.me/525556783859,https://www.facebook.com/search/pages/?q=Nomy%20Fashion%20Boutique%20Coyoacán,"https://www.google.com/maps/search/?api=1&query=19.32107947,-99.13265487"
Oasis Moda Hindu Y Accesorios,Coyoacán,+52 55 5415 8914,oasis.moda.hindu3@gmail.com,https://wa.me/525554158914,https://www.facebook.com/search/pages/?q=Oasis%20Moda%20Hindu%20Y%20Accesorios%20Coyoacán,"https://www.google.com/maps/search/?api=1&query=19.33557465,-99.16330922"
Tienda Boutique Ro,Coyoacán,+52 55 4830 0635,rooalvarado1618@gmail.com,https://wa.me/525548300635,https://www.facebook.com/search/pages/?q=Tienda%20Boutique%20Ro%20Coyoacán,"https://www.google.com/maps/search/?api=1&query=19.32623454,-99.12044805"
Venta De Ropa Para Dama Fashion Tts,Coyoacán,+52 55 1249 3809,esthercita_1989@hotmail.com,https://wa.me/525512493809,https://www.facebook.com/search/pages/?q=Venta%20De%20Ropa%20Para%20Dama%20Fashion%20Tts%20Coyoacán,"https://www.google.com/maps/search/?api=1&query=19.33238019,-99.17281233"
Bety Boutique,Coyoacán,+52 55 5181 6824,ND,https://wa.me/525551816824,https://www.facebook.com/search/pages/?q=Bety%20Boutique%20Coyoacán,"https://www.google.com/maps/search/?api=1&query=19.35244245,-99.16121129"
Boutique Coty,Coyoacán,+52 55 3271 7108,ND,https://wa.me/525532717108,https://www.facebook.com/search/pages/?q=Boutique%20Coty%20Coyoacán,"https://www.google.com/maps/search/?api=1&query=19.32683656,-99.11638059"
Boutique Elean,Coyoacán,+52 55 2954 2962,ND,https://wa.me/525529542962,https://www.facebook.com/search/pages/?q=Boutique%20Elean%20Coyoacán,"https://www.google.com/maps/search/?api=1&query=19.30964336,-99.10851573"
Boutique Kachicks,Coyoacán,+52 55 6458 4356,ND,https://wa.me/525564584356,https://www.facebook.com/search/pages/?q=Boutique%20Kachicks%20Coyoacán,"https://www.google.com/maps/search/?api=1&query=19.33906194,-99.18888965"
Boutique Lily,Coyoacán,+52 55 8230 8213,ND,https://wa.me/525582308213,https://www.facebook.com/search/pages/?q=Boutique%20Lily%20Coyoacán,"https://www.google.com/maps/search/?api=1&query=19.31725766,-99.16477407"
Boutique Ropa Y Accesorios Para Dama Y Caballero,Coyoacán,+52 55 5057 4570,ND,https://wa.me/525550574570,https://www.facebook.com/search/pages/?q=Boutique%20Ropa%20Y%20Accesorios%20Para%20Dama%20Y%20Caballero%20Coyoacán,"https://www.google.com/maps/search/?api=1&query=19.32445873,-99.10848997"
Gualentina Shop,Coyoacán,+52 56 2072 4612,ND,https://wa.me/525620724612,https://www.facebook.com/search/pages/?q=Gualentina%20Shop%20Coyoacán,"https://www.google.com/maps/search/?api=1&query=19.31785319,-99.17030962"
Harmony Boutique,Coyoacán,+52 55 2740 7298,ND,https://wa.me/525527407298,https://www.facebook.com/search/pages/?q=Harmony%20Boutique%20Coyoacán,"https://www.google.com/maps/search/?api=1&query=19.31492881,-99.10379536"
La Boutique,Coyoacán,+52 56 1002 5606,ND,https://wa.me/525610025606,https://www.facebook.com/search/pages/?q=La%20Boutique%20Coyoacán,"https://www.google.com/maps/search/?api=1&query=19.31469247,-99.10449547"
Magic Boutique,Coyoacán,+52 55 4544 6266,ND,https://wa.me/525545446266,https://www.facebook.com/search/pages/?q=Magic%20Boutique%20Coyoacán,"https://www.google.com/maps/search/?api=1&query=19.33472601,-99.16127839"
Modas Berenice,Coyoacán,+52 55 7276 5494,ND,https://wa.me/525572765494,https://www.facebook.com/search/pages/?q=Modas%20Berenice%20Coyoacán,"https://www.google.com/maps/search/?api=1&query=19.32267182,-99.17071334"
Roedzzy Boutique,Coyoacán,+52 55 6937 5282,ND,https://wa.me/525569375282,https://www.facebook.com/search/pages/?q=Roedzzy%20Boutique%20Coyoacán,"https://www.google.com/maps/search/?api=1&query=19.31368662,-99.10723504"
Ropa Y Accesorios Estilo Imagen,Coyoacán,+52 55 4890 8401,ND,https://wa.me/525548908401,https://www.facebook.com/search/pages/?q=Ropa%20Y%20Accesorios%20Estilo%20Imagen%20Coyoacán,"https://www.google.com/maps/search/?api=1&query=19.35244245,-99.16121129"
Tienda De Ropa Boutique Posh,Cuajimalpa de Morelos,+52 56 1380 2290,danielazuber82@gmail.com,https://wa.me/525613802290,https://www.facebook.com/search/pages/?q=Tienda%20De%20Ropa%20Boutique%20Posh%20Cuajimalpa%20de%20Morelos,"https://www.google.com/maps/search/?api=1&query=19.39194066,-99.25948588"
Venta De Ropa 50 Boutique,Cuajimalpa de Morelos,+52 55 3716 9047,50manufatureoproducts@gmail.com,https://wa.me/525537169047,https://www.facebook.com/search/pages/?q=Venta%20De%20Ropa%2050%20Boutique%20Cuajimalpa%20de%20Morelos,"https://www.google.com/maps/search/?api=1&query=19.37157012,-99.28861655"
Boutique Fashion Women,Cuajimalpa de Morelos,+52 59 5101 0096,ND,https://wa.me/525951010096,https://www.facebook.com/search/pages/?q=Boutique%20Fashion%20Women%20Cuajimalpa%20de%20Morelos,"https://www.google.com/maps/search/?api=1&query=19.35731845,-99.30044089"
Boutique Itzayana,Cuajimalpa de Morelos,+52 55 1041 6428,ND,https://wa.me/525510416428,https://www.facebook.com/search/pages/?q=Boutique%20Itzayana%20Cuajimalpa%20de%20Morelos,"https://www.google.com/maps/search/?api=1&query=19.3540485,-99.30038186"
Boutique Kari,Cuajimalpa de Morelos,+52 55 1013 1805,ND,https://wa.me/525510131805,https://www.facebook.com/search/pages/?q=Boutique%20Kari%20Cuajimalpa%20de%20Morelos,"https://www.google.com/maps/search/?api=1&query=19.35464187,-99.2976781"
Boutique Nava,Cuajimalpa de Morelos,+52 55 2017 8571,ND,https://wa.me/525520178571,https://www.facebook.com/search/pages/?q=Boutique%20Nava%20Cuajimalpa%20de%20Morelos,"https://www.google.com/maps/search/?api=1&query=19.35607578,-99.29999843"
Boutique Tenis Y Ropa Andi Store,Cuajimalpa de Morelos,+52 55 2887 1663,ND,https://wa.me/525528871663,https://www.facebook.com/search/pages/?q=Boutique%20Tenis%20Y%20Ropa%20Andi%20Store%20Cuajimalpa%20de%20Morelos,"https://www.google.com/maps/search/?api=1&query=19.35385665,-99.30830521"
Parentesis Activewear Boutique,Cuajimalpa de Morelos,+52 55 4485 7979,ND,https://wa.me/525544857979,https://www.facebook.com/search/pages/?q=Parentesis%20Activewear%20Boutique%20Cuajimalpa%20de%20Morelos,"https://www.google.com/maps/search/?api=1&query=19.38839293,-99.26281205"
Tienda De Ropa Tentacion Hecha Moda,Cuajimalpa de Morelos,+52 55 6198 4820,ND,https://wa.me/525561984820,https://www.facebook.com/search/pages/?q=Tienda%20De%20Ropa%20Tentacion%20Hecha%20Moda%20Cuajimalpa%20de%20Morelos,"https://www.google.com/maps/search/?api=1&query=19.31955435,-99.33326217"
Tienda De Ropa Total Moda,Cuajimalpa de Morelos,+52 55 4070 5200,ND,https://wa.me/525540705200,https://www.facebook.com/search/pages/?q=Tienda%20De%20Ropa%20Total%20Moda%20Cuajimalpa%20de%20Morelos,"https://www.google.com/maps/search/?api=1&query=19.32953519,-99.32663894"
Tu Moda Ge,Cuajimalpa de Morelos,+52 55 8508 6834,ND,https://wa.me/525585086834,https://www.facebook.com/search/pages/?q=Tu%20Moda%20Ge%20Cuajimalpa%20de%20Morelos,"https://www.google.com/maps/search/?api=1&query=19.34353467,-99.28002309"
A & J Fashion Jeans,Cuauhtémoc,+52 55 9129 4827,bili_sun@hotmail.com,https://wa.me/525591294827,https://www.facebook.com/search/pages/?q=A%20%26%20J%20Fashion%20Jeans%20Cuauhtémoc,"https://www.google.com/maps/search/?api=1&query=19.43488493,-99.12602816"
Airman Moda Corporativa,Cuauhtémoc,+52 55 8388 9907,dmalgarin@airman.com.mx,https://wa.me/525583889907,https://www.facebook.com/search/pages/?q=Airman%20Moda%20Corporativa%20Cuauhtémoc,"https://www.google.com/maps/search/?api=1&query=19.40543511,-99.1398308"
Alter Fashion,Cuauhtémoc,+52 55 7484 8919,epidemic@19hotmail.com,https://wa.me/525574848919,https://WWW.EPIDEMIC.COM/,"https://www.google.com/maps/search/?api=1&query=19.43629197,-99.12506238"
America Hot Fashion,Cuauhtémoc,+52 55 5518 4598,16desep@fashionhunters.com.mx,https://wa.me/525555184598,https://www.facebook.com/search/pages/?q=America%20Hot%20Fashion%20Cuauhtémoc,"https://www.google.com/maps/search/?api=1&query=19.4323312,-99.1370957"
American Hot Fashion,Cuauhtémoc,+52 55 8556 2894,pesl8107209c3@hotmail.com,https://wa.me/525585562894,https://www.facebook.com/search/pages/?q=American%20Hot%20Fashion%20Cuauhtémoc,"https://www.google.com/maps/search/?api=1&query=19.42746843,-99.13418982"
Aurora Moda,Cuauhtémoc,+52 77 9188 0007,w365477246@gmail.com,https://wa.me/527791880007,https://www.facebook.com/search/pages/?q=Aurora%20Moda%20Cuauhtémoc,"https://www.google.com/maps/search/?api=1&query=19.43665217,-99.12731964"
Bless Jeans,Cuauhtémoc,+52 55 5795 1286,blessjeans@hotmail.com,https://wa.me/525557951286,https://www.facebook.com/search/pages/?q=Bless%20Jeans%20Cuauhtémoc,"https://www.google.com/maps/search/?api=1&query=19.43761419,-99.12646371"
Boutique Basico 2 Hand,Cuauhtémoc,+52 55 4850 2360,hola@basico2hand.com,https://wa.me/525548502360,https://www.facebook.com/search/pages/?q=Boutique%20Basico%202%20Hand%20Cuauhtémoc,"https://www.google.com/maps/search/?api=1&query=19.41339619,-99.16797099"
Boutique Danali,Cuauhtémoc,+52 55 5521 2805,emperatrizz0722@gmail.com,https://wa.me/525555212805,https://www.facebook.com/search/pages/?q=Boutique%20Danali%20Cuauhtémoc,"https://www.google.com/maps/search/?api=1&query=19.43533168,-99.13512183"
Boutique Erick,Cuauhtémoc,+52 55 5512 7676,el.catrin04@gmail.com,https://wa.me/525555127676,https://www.facebook.com/search/pages/?q=Boutique%20Erick%20Cuauhtémoc,"https://www.google.com/maps/search/?api=1&query=19.43659953,-99.13364016"
Boutique Jaime Hemsani,Cuauhtémoc,+52 55 6039 2932,hemsani_men@hotmail.com,https://wa.me/525560392932,https://www.facebook.com/search/pages/?q=Boutique%20Jaime%20Hemsani%20Cuauhtémoc,"https://www.google.com/maps/search/?api=1&query=19.42044944,-99.17289973"
Boutique Lulo,Cuauhtémoc,+52 55 5592 5040,tiendaslulo@gmail.com,https://wa.me/525555925040,https://www.facebook.com/search/pages/?q=Boutique%20Lulo%20Cuauhtémoc,"https://www.google.com/maps/search/?api=1&query=19.43221904,-99.16705418"
Boutique Nany Shop Collection,Cuauhtémoc,+52 56 2673 1754,boquini7500@gmail.com,https://wa.me/525626731754,https://www.facebook.com/search/pages/?q=Boutique%20Nany%20Shop%20Collection%20Cuauhtémoc,"https://www.google.com/maps/search/?api=1&query=19.44395224,-99.12568636"
Boutique Pablo Cesar,Cuauhtémoc,+52 55 2890 4920,sastreriapablocesar@hotmail.com,https://wa.me/525528904920,https://www.facebook.com/search/pages/?q=Boutique%20Pablo%20Cesar%20Cuauhtémoc,"https://www.google.com/maps/search/?api=1&query=19.43909572,-99.13339377"
Camiseria La Moda,Cuauhtémoc,+52 55 5521 5146,camiserialamoda65@gmail.com,https://wa.me/525555215146,https://www.facebook.com/search/pages/?q=Camiseria%20La%20Moda%20Cuauhtémoc,"https://www.google.com/maps/search/?api=1&query=19.43339155,-99.14551803"
Caro Shop,Cuauhtémoc,+52 55 4711 9222,caroshopcat@gmail.com.mx,https://wa.me/525547119222,https://www.facebook.com/search/pages/?q=Caro%20Shop%20Cuauhtémoc,"https://www.google.com/maps/search/?api=1&query=19.43389409,-99.14100886"
Ciclon Jeans,Cuauhtémoc,+52 55 5522 6391,ND,https://wa.me/525555226391,https://WWW.CICLONJEANS.MX/,"https://www.google.com/maps/search/?api=1&query=19.43600977,-99.12502419"
Comfort Jeans 16 De Septiembre,Cuauhtémoc,+52 55 5522 2886,administracion@comfortjeans.com.mx,https://wa.me/525555222886,https://www.facebook.com/search/pages/?q=Comfort%20Jeans%2016%20De%20Septiembre%20Cuauhtémoc,"https://www.google.com/maps/search/?api=1&query=19.43212294,-99.13539478"
Confort Jeans,Cuauhtémoc,+52 56 2411 8580,comonfort@19hotmail.com,https://wa.me/525624118580,https://WWW.COMONFORT.MX/,"https://www.google.com/maps/search/?api=1&query=19.43663641,-99.12549517"
Darrkluffy Shop,Cuauhtémoc,+52 55 6527 6023,darrkshop@hotlook.com.mx,https://wa.me/525565276023,https://www.facebook.com/search/pages/?q=Darrkluffy%20Shop%20Cuauhtémoc,"https://www.google.com/maps/search/?api=1&query=19.43389409,-99.14100886"
David Fashion,Cuauhtémoc,+52 55 5592 0609,davidhaswasa@gmail.com,https://wa.me/525555920609,https://www.facebook.com/search/pages/?q=David%20Fashion%20Cuauhtémoc,"https://www.google.com/maps/search/?api=1&query=19.42691016,-99.13400599"
Diabsolie Girl Shop,Cuauhtémoc,+52 55 3013 3808,ada_nig@hotmail.com.mx,https://wa.me/525530133808,https://www.facebook.com/search/pages/?q=Diabsolie%20Girl%20Shop%20Cuauhtémoc,"https://www.google.com/maps/search/?api=1&query=19.43389409,-99.14100886"
Dots Store,Cuauhtémoc,+52 55 1934 7271,gustavoivan96@hotmail.com,https://wa.me/525519347271,https://WWW.DOTSSTORE.COM/,"https://www.google.com/maps/search/?api=1&query=19.41968256,-99.16403393"
Elen Fashion,Cuauhtémoc,+52 56 7865 4387,voovfashion@19hotmail.com,https://wa.me/525678654387,https://WWW.VOOV.COM/,"https://www.google.com/maps/search/?api=1&query=19.43647834,-99.12522133"
Equizo Moda,Cuauhtémoc,+52 55 2733 2708,esquizomoda@hotmail.com,https://wa.me/525527332708,https://www.facebook.com/search/pages/?q=Equizo%20Moda%20Cuauhtémoc,"https://www.google.com/maps/search/?api=1&query=19.43820756,-99.12380986"
Erick Mar Boutique,Cuauhtémoc,+52 55 5511 7159,ND,https://wa.me/525555117159,https://WWW.ERIKMAR.COM/,"https://www.google.com/maps/search/?api=1&query=19.42566355,-99.16335221"
Fashion Aqua,Cuauhtémoc,+52 50 8648 0610,yaris@19hotmail.com,https://wa.me/525086480610,https://WWW.YARIS.COM.MX/,"https://www.google.com/maps/search/?api=1&query=19.43747853,-99.12442646"
Fergina Jeans Tienda De Ropa,Cuauhtémoc,+52 55 1488 9552,naremoda@19hotmail.com,https://wa.me/525514889552,https://WWW.NAREMODA.COM/,"https://www.google.com/maps/search/?api=1&query=19.43615731,-99.12562499"
Fit Jeans,Cuauhtémoc,+52 56 5576 3566,shactur@19hotmail.com,https://wa.me/525655763566,https://WWW.SHACTUR.COM/,"https://www.google.com/maps/search/?api=1&query=19.43741244,-99.12396488"
Gao Boutique,Cuauhtémoc,+52 55 7956 9470,cerch_70@hotmail.com,https://wa.me/525579569470,https://www.facebook.com/search/pages/?q=Gao%20Boutique%20Cuauhtémoc,"https://www.google.com/maps/search/?api=1&query=19.43590501,-99.12712395"
Gevy Jeans,Cuauhtémoc,+52 55 5542 6600,gevijeans@live.com.mx,https://wa.me/525555426600,https://www.facebook.com/search/pages/?q=Gevy%20Jeans%20Cuauhtémoc,"https://www.google.com/maps/search/?api=1&query=19.42640271,-99.13306905"
Kanishtha Fashion,Cuauhtémoc,+52 55 4194 3545,vasv78@outlook.com,https://wa.me/525541943545,https://www.facebook.com/search/pages/?q=Kanishtha%20Fashion%20Cuauhtémoc,"https://www.google.com/maps/search/?api=1&query=19.43657385,-99.1346972"
Kira Boutique,Cuauhtémoc,+52 55 6354 3766,kiracffi@gmail.com,https://wa.me/525563543766,https://www.facebook.com/search/pages/?q=Kira%20Boutique%20Cuauhtémoc,"https://www.google.com/maps/search/?api=1&query=19.43680561,-99.12679917"
Kira Boutique,Cuauhtémoc,+52 55 6916 5290,kira.cfdi@gmail.com,https://wa.me/525569165290,https://www.facebook.com/search/pages/?q=Kira%20Boutique%20Cuauhtémoc,"https://www.google.com/maps/search/?api=1&query=19.43731581,-99.12649865"
Kuro Neko Shop,Cuauhtémoc,+52 56 1150 3411,blod54333@gmail.com,https://wa.me/525611503411,https://www.facebook.com/search/pages/?q=Kuro%20Neko%20Shop%20Cuauhtémoc,"https://www.google.com/maps/search/?api=1&query=19.44018466,-99.15719028"
Lya Shop,Cuauhtémoc,+52 55 7510 9985,lyashopcdmx@gmail.com,https://wa.me/525575109985,https://www.facebook.com/search/pages/?q=Lya%20Shop%20Cuauhtémoc,"https://www.google.com/maps/search/?api=1&query=19.42535083,-99.15390057"
Magiks Shop,Cuauhtémoc,+52 55 5520 3500,magicshop@gmail.com.mx,https://wa.me/525555203500,https://www.facebook.com/search/pages/?q=Magiks%20Shop%20Cuauhtémoc,"https://www.google.com/maps/search/?api=1&query=19.433604,-99.14105481"
Marte Jeans,Cuauhtémoc,+52 55 5522 1163,marianiux85@gmail.com,https://wa.me/525555221163,https://WWW.MARTEJEANS.COM/,"https://www.google.com/maps/search/?api=1&query=19.43213779,-99.12577171"
Mary Fashion,Cuauhtémoc,+52 56 4328 5210,zion@19hotmail.com,https://wa.me/525643285210,https://WWW.ZION.COM/,"https://www.google.com/maps/search/?api=1&query=19.43624762,-99.12561279"
Mecanico Jeans,Cuauhtémoc,+52 56 4772 7665,mecanicojeans@gmail.com,https://wa.me/525647727665,https://MECANICOJEANS.COM/,"https://www.google.com/maps/search/?api=1&query=19.42109573,-99.15489001"
Mens Fashion,Cuauhtémoc,+52 55 5510 3868,ofa161@telmexmail.com,https://wa.me/525555103868,https://www.facebook.com/search/pages/?q=Mens%20Fashion%20Cuauhtémoc,"https://www.google.com/maps/search/?api=1&query=19.43264182,-99.13852303"
Mens Fashion Outlet Gante,Cuauhtémoc,+52 55 1825 4233,ND,https://wa.me/525518254233,https://WWW.MENSFASHION.COM/,"https://www.google.com/maps/search/?api=1&query=19.43374477,-99.13931969"
Merak Store,Cuauhtémoc,+52 55 7075 3839,ND,https://wa.me/525570753839,https://WWW.MERAKSTORE.COM/,"https://www.google.com/maps/search/?api=1&query=19.42583401,-99.133842"
Mezclilla,Cuauhtémoc,+52 55 4383 1467,mezclilla@19hotmail.com,https://wa.me/525543831467,https://WWW.MEZCLILLA.COM/,"https://www.google.com/maps/search/?api=1&query=19.43613743,-99.12508647"
Moda & Pritex,Cuauhtémoc,+52 56 1369 2082,modaspritex@gmail.com,https://wa.me/525613692082,https://www.facebook.com/search/pages/?q=Moda%20%26%20Pritex%20Cuauhtémoc,"https://www.google.com/maps/search/?api=1&query=19.43488622,-99.12603755"
Moda Basica,Cuauhtémoc,+52 56 9814 7023,modabasica@19hotmail.com,https://wa.me/525698147023,https://WWW.MODABASICA.COM/,"https://www.google.com/maps/search/?api=1&query=19.43582285,-99.12567006"
Moda Casual Yary,Cuauhtémoc,+52 55 7513 2788,yaris@19hotmail.com,https://wa.me/525575132788,https://WWW.YARIS.COM/,"https://www.google.com/maps/search/?api=1&query=19.43690628,-99.1240412"
Moda De Jenny,Cuauhtémoc,+52 55 2519 9289,modajenny@hotmail.com,https://wa.me/525525199289,https://WWW.MODAJENNY.COM/,"https://www.google.com/maps/search/?api=1&query=19.4349229,-99.12630484"
Moda Magica,Cuauhtémoc,+52 56 2478 4110,modamagika7@gmail.com,https://wa.me/525624784110,https://WWW.MAGICA.COM/,"https://www.google.com/maps/search/?api=1&query=19.43545298,-99.12577164"
Moda Om,Cuauhtémoc,+52 55 4329 7917,modamoor@gmail.com,https://wa.me/525543297917,https://www.facebook.com/search/pages/?q=Moda%20Om%20Cuauhtémoc,"https://www.google.com/maps/search/?api=1&query=19.43586755,-99.12418366"
Moda Quetzal,Cuauhtémoc,+52 56 4376 1235,irvin@19hotmail.com.mx,https://wa.me/525643761235,https://WWW.QUETZAL.COM/,"https://www.google.com/maps/search/?api=1&query=19.43684999,-99.12488339"
Modas Aber,Cuauhtémoc,+52 56 2710 9320,paolis@19hotmail.com,https://wa.me/525627109320,https://WWW.ABER.COM/,"https://www.google.com/maps/search/?api=1&query=19.43683208,-99.1248856"
Modas Jade,Cuauhtémoc,+52 55 5186 1414,jade@1hotmail.com.mx,https://wa.me/525551861414,https://WWW.JADE.COM.MX/,"https://www.google.com/maps/search/?api=1&query=19.43746349,-99.12429246"
Modas Karina Ropa De Dama,Cuauhtémoc,+52 09 8652 3147,karens@19hotmail.com,https://wa.me/520986523147,https://WWW.KARINA.COM/,"https://www.google.com/maps/search/?api=1&query=19.43518254,-99.12581173"
Modas Laura,Cuauhtémoc,+52 55 5709 2227,villagranjuancarlos@hotmail.com,https://wa.me/525557092227,https://www.facebook.com/search/pages/?q=Modas%20Laura%20Cuauhtémoc,"https://www.google.com/maps/search/?api=1&query=19.42885757,-99.13395621"
Modas Marlen,Cuauhtémoc,+52 56 7438 6321,zhenxiao@19hotmail.com,https://wa.me/525674386321,https://WWW.ZHENXIAO.COM/,"https://www.google.com/maps/search/?api=1&query=19.4353886,-99.12666282"
Modas Mayra,Cuauhtémoc,+52 56 7988 4312,modasmayra@gmail.com,https://wa.me/525679884312,https://www.facebook.com/search/pages/?q=Modas%20Mayra%20Cuauhtémoc,"https://www.google.com/maps/search/?api=1&query=19.43758563,-99.12543415"
Modas Paty,Cuauhtémoc,+52 55 5542 3581,modapaty22@gmail.com,https://wa.me/525555423581,https://www.facebook.com/search/pages/?q=Modas%20Paty%20Cuauhtémoc,"https://www.google.com/maps/search/?api=1&query=19.43494562,-99.12433363"
Modas Porti,Cuauhtémoc,+52 55 5702 3151,porti@19hotmail.com,https://wa.me/525557023151,https://WWW.PORTI.COM/,"https://www.google.com/maps/search/?api=1&query=19.43541541,-99.12665924"
Modas Raquel,Cuauhtémoc,+52 55 5789 8149,raquelito@19hotmail.com.mx,https://wa.me/525557898149,https://WWW.RAQUELITO.COM/,"https://www.google.com/maps/search/?api=1&query=19.43653059,-99.12446532"
Modas Ricky,Cuauhtémoc,+52 55 6398 9799,ricky@19hotmail.com.mx,https://wa.me/525563989799,https://WWW.RICKY.COM/,"https://www.google.com/maps/search/?api=1&query=19.43695834,-99.12487001"
Modas Tnt,Cuauhtémoc,+52 55 2919 7108,ND,https://wa.me/525529197108,https://WWW.TNTMODAS.COM.MX/,"https://www.google.com/maps/search/?api=1&query=19.43670392,-99.12689736"
Modas Yami,Cuauhtémoc,+52 55 5158 1150,sally@19hotmail.com,https://wa.me/525551581150,https://WWW.SALLY.COM/,"https://www.google.com/maps/search/?api=1&query=19.43499569,-99.12637987"
Numero Uno En Moda,Cuauhtémoc,+52 55 5795 7161,uritspinto@gmail.com,https://wa.me/525557957161,https://www.facebook.com/search/pages/?q=Numero%20Uno%20En%20Moda%20Cuauhtémoc,"https://www.google.com/maps/search/?api=1&query=19.43668999,-99.12590472"
Ocean The Fashion,Cuauhtémoc,+52 55 1179 4024,ocean@19fashotmail.com.mx,https://wa.me/525511794024,https://WWW.OCEAN.COM.MX/,"https://www.google.com/maps/search/?api=1&query=19.43719552,-99.12399758"
Oficina Modas Del Dia,Cuauhtémoc,+52 55 5542 5406,liorandyam@gmail.com,https://wa.me/525555425406,https://www.facebook.com/search/pages/?q=Oficina%20Modas%20Del%20Dia%20Cuauhtémoc,"https://www.google.com/maps/search/?api=1&query=19.4356221,-99.12511264"
Ok Both Shopping Family,Cuauhtémoc,+52 77 7572 9090,okboth19@hotmail.com,https://wa.me/527775729090,https://WWW.OKBOTH.COM/,"https://www.google.com/maps/search/?api=1&query=19.43587743,-99.1256627"
Oms Fashion Boutique,Cuauhtémoc,+52 55 5522 2744,ND,https://wa.me/525555222744,https://WWW.OMSFASHIONBOUTIQUE.COM.MX/,"https://www.google.com/maps/search/?api=1&query=19.43583795,-99.12504623"
Opps Jeans,Cuauhtémoc,+52 55 8532 7097,ND,https://wa.me/525585327097,https://WWW.OPPSJEANS.COM.MX/,"https://www.google.com/maps/search/?api=1&query=19.42584914,-99.13401339"
Paris Boutique,Cuauhtémoc,+52 55 3885 6172,dianaponcemata@gmail.com,https://wa.me/525538856172,https://www.facebook.com/search/pages/?q=Paris%20Boutique%20Cuauhtémoc,"https://www.google.com/maps/search/?api=1&query=19.43108928,-99.13526896"
Regreso Jeans,Cuauhtémoc,+52 56 7789 5400,regresojeans@gmail.com,https://wa.me/525677895400,https://www.facebook.com/search/pages/?q=Regreso%20Jeans%20Cuauhtémoc,"https://www.google.com/maps/search/?api=1&query=19.43455816,-99.12590342"
Ropa Para Caballero Bless Jeans,Cuauhtémoc,+52 56 5263 5896,galery@19hotmail.com,https://wa.me/525652635896,https://WWW.FASHION.COM/,"https://www.google.com/maps/search/?api=1&query=19.43715219,-99.1254946"
Ropa Para Caballero Fashion Men,Cuauhtémoc,+52 55 8963 2175,fashion@19hotmail.com,https://wa.me/525589632175,https://WWW.FASHIONMEN.COM/,"https://www.google.com/maps/search/?api=1&query=19.43715219,-99.1254946"
Ropa Para Caballeros Deep Style,Cuauhtémoc,+52 53 8932 5871,deepstyle@19hotmail.com,https://wa.me/525389325871,https://WWW.DEEPSTYLE.COM/,"https://www.google.com/maps/search/?api=1&query=19.43715219,-99.1254946"
Ropa Para Caballeros Yellow Shop Moda Juvenil,Cuauhtémoc,+52 56 2398 2499,yellow@19hotmail.com,https://wa.me/525623982499,https://WWW.YELLOWSHOP.COM/,"https://www.google.com/maps/search/?api=1&query=19.43715219,-99.1254946"
Ropa Para Dama Arcana Moda,Cuauhtémoc,+52 55 5709 5412,comentarios@arcanamoda.com,https://wa.me/525557095412,https://WWW.ARCAMODA.COM/,"https://www.google.com/maps/search/?api=1&query=19.42527341,-99.13670964"
Savi Jeans,Cuauhtémoc,+52 55 3470 2937,rafaelfvillalobos@gmail.com,https://wa.me/525534702937,https://www.facebook.com/search/pages/?q=Savi%20Jeans%20Cuauhtémoc,"https://www.google.com/maps/search/?api=1&query=19.43679407,-99.12671356"
Shadam Boutique,Cuauhtémoc,+52 55 2337 6096,breshadam@gmail.com,https://wa.me/525523376096,https://www.facebook.com/search/pages/?q=Shadam%20Boutique%20Cuauhtémoc,"https://www.google.com/maps/search/?api=1&query=19.43726119,-99.12650504"
Shen Store,Cuauhtémoc,+52 55 5521 5133,amix.msu@gmail.com,https://wa.me/525555215133,https://www.facebook.com/search/pages/?q=Shen%20Store%20Cuauhtémoc,"https://www.google.com/maps/search/?api=1&query=19.43389409,-99.14100886"
Shicas Jeans,Cuauhtémoc,+52 55 1794 0994,contacto@shicasjens.com.mx,https://wa.me/525517940994,https://SHICASJEANS.COM.MX/,"https://www.google.com/maps/search/?api=1&query=19.4327859,-99.12609405"
Shop,Cuauhtémoc,+52 55 3630 4388,moonpusareugenia@gmail.com,https://wa.me/525536304388,https://www.facebook.com/search/pages/?q=Shop%20Cuauhtémoc,"https://www.google.com/maps/search/?api=1&query=19.43389409,-99.14100886"
Style Fashion,Cuauhtémoc,+52 55 2716 2200,style@19hotmail.com,https://wa.me/525527162200,https://WWW.STYLEFASHION.COM/,"https://www.google.com/maps/search/?api=1&query=19.43663993,-99.1255234"
Susy Boutique,Cuauhtémoc,+52 55 5535 8777,susy.boutique@yahoo.com,https://wa.me/525555358777,https://www.facebook.com/search/pages/?q=Susy%20Boutique%20Cuauhtémoc,"https://www.google.com/maps/search/?api=1&query=19.43374181,-99.16682989"
Texas Jeans,Cuauhtémoc,+52 55 3322 8895,texasjeanscontacto@gmail.com,https://wa.me/525533228895,https://www.facebook.com/search/pages/?q=Texas%20Jeans%20Cuauhtémoc,"https://www.google.com/maps/search/?api=1&query=19.44191987,-99.12890007"
Texas Jeans Gela Solis,Cuauhtémoc,+52 55 2140 5106,angelica70sol@gmail.com,https://wa.me/525521405106,https://www.facebook.com/search/pages/?q=Texas%20Jeans%20Gela%20Solis%20Cuauhtémoc,"https://www.google.com/maps/search/?api=1&query=19.44182028,-99.12890388"
Tienda De Chamarras Magic Store,Cuauhtémoc,+52 55 2258 6200,magic@19hotmail.com.mx,https://wa.me/525522586200,https://WWW.MAGIC.COM/,"https://www.google.com/maps/search/?api=1&query=19.43542455,-99.12520349"
Tienda De Pantalones De Mezclilla,Cuauhtémoc,+52 56 1275 8690,ashely@19hotmail.com,https://wa.me/525612758690,https://WWW.ASHLEY.COM/,"https://www.google.com/maps/search/?api=1&query=19.43696033,-99.12496757"
Tienda De Ropa De Mujer Mezclilla,Cuauhtémoc,+52 55 7494 8692,stafy@19hotmail.com,https://wa.me/525574948692,https://WWW.STAFYJEANS.COM/,"https://www.google.com/maps/search/?api=1&query=19.43756343,-99.12516993"
Tienda De Ropa De Mujer Sarane Fashion,Cuauhtémoc,+52 56 8712 5480,saranefashion@19hotmail.com,https://wa.me/525687125480,https://WWW.SARANEFASHION.COM/,"https://www.google.com/maps/search/?api=1&query=19.43691566,-99.1249736"
Tienda De Ropa De Mujer Uff Fashion,Cuauhtémoc,+52 56 8755 2133,fashion.@19hotmail.com.mx,https://wa.me/525687552133,https://WWW.FASHION.COM/,"https://www.google.com/maps/search/?api=1&query=19.4375907,-99.12541727"
Tienda De Ropa Idalid Modas,Cuauhtémoc,+52 56 7322 9988,idalid@outlook.com,https://wa.me/525673229988,https://www.facebook.com/search/pages/?q=Tienda%20De%20Ropa%20Idalid%20Modas%20Cuauhtémoc,"https://www.google.com/maps/search/?api=1&query=19.43658882,-99.1251135"
Tienda De Ropa Juvenil Modas Julieta,Cuauhtémoc,+52 55 4269 3456,isha@19hotmail.com,https://wa.me/525542693456,https://WWW.ISHA.COM/,"https://www.google.com/maps/search/?api=1&query=19.43696033,-99.12496757"
Tienda De Ropa Magia Boutique,Cuauhtémoc,+52 55 5539 9957,magic@hotmail.com,https://wa.me/525555399957,https://WWW.MAGICORG.COM.MX/,"https://www.google.com/maps/search/?api=1&query=19.43743138,-99.12400652"
Tienda De Ropa Modas Chula,Cuauhtémoc,+52 55 3186 3614,laneta@19hotmail.com,https://wa.me/525531863614,https://WWW.LANETA.COM/,"https://www.google.com/maps/search/?api=1&query=19.43700399,-99.12486436"
Tienda De Ropa Modas Mateo,Cuauhtémoc,+52 56 4680 4689,mateo@19hotmail.com,https://wa.me/525646804689,https://WWW.MATEO.COM/,"https://www.google.com/maps/search/?api=1&query=19.43756343,-99.12516993"
Tienda De Ropa Modas Ricky,Cuauhtémoc,+52 55 5708 2315,ricky@19hotmail.com.mx,https://wa.me/525557082315,https://WWW.RICKY.COM/,"https://www.google.com/maps/search/?api=1&query=19.43654766,-99.1246182"
Tienda De Ropa Naked Boutique,Cuauhtémoc,+52 81 2001 9359,hola@nakedboutique.com,https://wa.me/528120019359,https://NAKEDBOUTIQUE.COM/,"https://www.google.com/maps/search/?api=1&query=19.42322177,-99.15975187"
Tienda De Ropa Para Dama Fashion,Cuauhtémoc,+52 55 3988 4359,fashion@19hotmail.com,https://wa.me/525539884359,https://WWW.FASHION.COM/,"https://www.google.com/maps/search/?api=1&query=19.43507247,-99.12577067"
Tienda De Ropa Para Dama Marias Boutique,Cuauhtémoc,+52 56 7435 6409,epidemic@19hotail.com,https://wa.me/525674356409,https://WWW.EPIDEMIC.COM/,"https://www.google.com/maps/search/?api=1&query=19.43584081,-99.12656162"
Tienda De Ropa Para Dama Moda Om,Cuauhtémoc,+52 55 6432 8654,glamurosa@19hotmail.com,https://wa.me/525564328654,https://WWW.GLAMUROSSA.COM/,"https://www.google.com/maps/search/?api=1&query=19.43558713,-99.12663629"
Tienda De Ropa Para Dama Ocean The Fashion,Cuauhtémoc,+52 55 3584 4420,omaixf@hotmail.com,https://wa.me/525535844420,https://WWW.OMAX.COM.MX/,"https://www.google.com/maps/search/?api=1&query=19.4370598,-99.12401805"
Tienda De Ropa Para Dama Yao Star Fashion,Cuauhtémoc,+52 55 5925 9842,ND,https://wa.me/525559259842,https://YAOSTAR.COM.MX/,"https://www.google.com/maps/search/?api=1&query=19.43701608,-99.12646578"
Tienda De Ropa Para Mujer Miztly Jeans,Cuauhtémoc,+52 55 8545 7954,ese.eme.60@gmail.com,https://wa.me/525585457954,https://WWW.MISTLYJEANS.COM.MX/,"https://www.google.com/maps/search/?api=1&query=19.43492934,-99.12635174"
Tiffany Boutique,Cuauhtémoc,+52 56 3000 0023,alejandroh@gmail.com,https://wa.me/525630000023,https://WWW.TIFFANYBOUTIQUE.COM.MX/,"https://www.google.com/maps/search/?api=1&query=19.42661658,-99.13426565"
Upsett Store,Cuauhtémoc,+52 55 6787 7388,upsettstore@gmail.com,https://wa.me/525567877388,https://WWW.UPSETTCLOTHING.NET/,"https://www.google.com/maps/search/?api=1&query=19.43613815,-99.1337032"
Usigli Shop,Cuauhtémoc,+52 55 3110 6136,local312@hotmail.com.mx,https://wa.me/525531106136,https://www.facebook.com/search/pages/?q=Usigli%20Shop%20Cuauhtémoc,"https://www.google.com/maps/search/?api=1&query=19.433604,-99.14105481"
Venta De Ropa Para Dama Hg Jeans,Cuauhtémoc,+52 55 3188 6015,ernestohernandez730@gmail.com,https://wa.me/525531886015,https://www.facebook.com/search/pages/?q=Venta%20De%20Ropa%20Para%20Dama%20Hg%20Jeans%20Cuauhtémoc,"https://www.google.com/maps/search/?api=1&query=19.43489015,-99.12522331"
Yi-Yi Boutique,Cuauhtémoc,+52 56 1278 2778,changzhengmex@gmail.com,https://wa.me/525612782778,https://www.facebook.com/search/pages/?q=Yi-Yi%20Boutique%20Cuauhtémoc,"https://www.google.com/maps/search/?api=1&query=19.43680055,-99.12676163"
Yossi Fashion Class,Cuauhtémoc,+52 55 5522 9127,yossi6b@hotmail.com,https://wa.me/525555229127,https://www.facebook.com/search/pages/?q=Yossi%20Fashion%20Class%20Cuauhtémoc,"https://www.google.com/maps/search/?api=1&query=19.42691016,-99.13400599"
Afro Street Fashion,Cuauhtémoc,+52 55 1210 4505,ND,https://wa.me/525512104505,https://www.facebook.com/search/pages/?q=Afro%20Street%20Fashion%20Cuauhtémoc,"https://www.google.com/maps/search/?api=1&query=19.43865983,-99.12521923"
Aftermath Moda Kia,Cuauhtémoc,+52 55 4530 7461,ND,https://wa.me/525545307461,https://www.facebook.com/search/pages/?q=Aftermath%20Moda%20Kia%20Cuauhtémoc,"https://www.google.com/maps/search/?api=1&query=19.43766842,-99.12612239"
Alegria Boutique,Cuauhtémoc,+52 55 5534 3000,ND,https://wa.me/525555343000,https://www.facebook.com/search/pages/?q=Alegria%20Boutique%20Cuauhtémoc,"https://www.google.com/maps/search/?api=1&query=19.43200559,-99.13651101"
Allison Jeans,Cuauhtémoc,+52 55 3153 0075,ND,https://wa.me/525531530075,https://www.facebook.com/search/pages/?q=Allison%20Jeans%20Cuauhtémoc,"https://www.google.com/maps/search/?api=1&query=19.44695578,-99.12890645"
Ana Lorena Moda,Cuauhtémoc,+52 55 5709 5363,ND,https://wa.me/525557095363,https://www.facebook.com/search/pages/?q=Ana%20Lorena%20Moda%20Cuauhtémoc,"https://www.google.com/maps/search/?api=1&query=19.42805277,-99.13406493"
Ara Modas,Cuauhtémoc,+52 55 1488 7857,ND,https://wa.me/525514887857,https://www.facebook.com/search/pages/?q=Ara%20Modas%20Cuauhtémoc,"https://www.google.com/maps/search/?api=1&query=19.43756132,-99.12434804"
Arara Moda,Cuauhtémoc,+52 56 3988 6666,ND,https://wa.me/525639886666,https://www.facebook.com/search/pages/?q=Arara%20Moda%20Cuauhtémoc,"https://www.google.com/maps/search/?api=1&query=19.43597135,-99.12699884"
Aura Df Moda,Cuauhtémoc,+52 55 2137 4671,ND,https://wa.me/525521374671,https://www.facebook.com/search/pages/?q=Aura%20Df%20Moda%20Cuauhtémoc,"https://www.google.com/maps/search/?api=1&query=19.43204503,-99.13001872"
Bambu Estilo,Cuauhtémoc,+52 56 3638 5877,ND,https://wa.me/525636385877,https://www.facebook.com/search/pages/?q=Bambu%20Estilo%20Cuauhtémoc,"https://www.google.com/maps/search/?api=1&query=19.43636634,-99.12566586"
Beni Modas,Cuauhtémoc,+52 55 7941 4114,ND,https://wa.me/525579414114,https://www.facebook.com/search/pages/?q=Beni%20Modas%20Cuauhtémoc,"https://www.google.com/maps/search/?api=1&query=19.43566712,-99.1274722"
Boutique Cesarin,Cuauhtémoc,+52 55 2397 1379,ND,https://wa.me/525523971379,https://www.facebook.com/search/pages/?q=Boutique%20Cesarin%20Cuauhtémoc,"https://www.google.com/maps/search/?api=1&query=19.43146528,-99.12905153"
Boutique Chicles Bombas,Cuauhtémoc,+52 56 2655 8257,ND,https://wa.me/525626558257,https://www.facebook.com/search/pages/?q=Boutique%20Chicles%20Bombas%20Cuauhtémoc,"https://www.google.com/maps/search/?api=1&query=19.43766592,-99.13779297"
Boutique Danik,Cuauhtémoc,+52 55 1386 1819,ND,https://wa.me/525513861819,https://www.facebook.com/search/pages/?q=Boutique%20Danik%20Cuauhtémoc,"https://www.google.com/maps/search/?api=1&query=19.43400346,-99.12768557"
Boutique Davis,Cuauhtémoc,+52 56 2790 9372,ND,https://wa.me/525627909372,https://www.facebook.com/search/pages/?q=Boutique%20Davis%20Cuauhtémoc,"https://www.google.com/maps/search/?api=1&query=19.437601,-99.1247201"
Boutique De Ropa Sd,Cuauhtémoc,+52 55 1126 1740,ND,https://wa.me/525511261740,https://www.facebook.com/search/pages/?q=Boutique%20De%20Ropa%20Sd%20Cuauhtémoc,"https://www.google.com/maps/search/?api=1&query=19.44496694,-99.12856218"
Boutique La Principal,Cuauhtémoc,+52 55 5526 0260,ND,https://wa.me/525555260260,https://www.facebook.com/search/pages/?q=Boutique%20La%20Principal%20Cuauhtémoc,"https://www.google.com/maps/search/?api=1&query=19.44067203,-99.13436085"
Boutique Rous,Cuauhtémoc,+52 55 6318 3346,ND,https://wa.me/525563183346,https://www.facebook.com/search/pages/?q=Boutique%20Rous%20Cuauhtémoc,"https://www.google.com/maps/search/?api=1&query=19.43108928,-99.13526896"
Boutique Trocco,Cuauhtémoc,+52 55 5703 1329,ND,https://wa.me/525557031329,https://www.facebook.com/search/pages/?q=Boutique%20Trocco%20Cuauhtémoc,"https://www.google.com/maps/search/?api=1&query=19.44101911,-99.15916931"
Brecca Modas,Cuauhtémoc,+52 55 3892 6036,ND,https://wa.me/525538926036,https://www.facebook.com/search/pages/?q=Brecca%20Modas%20Cuauhtémoc,"https://www.google.com/maps/search/?api=1&query=19.43666263,-99.1265829"
Candy Moda,Cuauhtémoc,+52 55 2423 4561,ND,https://wa.me/525524234561,https://www.facebook.com/search/pages/?q=Candy%20Moda%20Cuauhtémoc,"https://www.google.com/maps/search/?api=1&query=19.43638889,-99.124554"
Ceka Moda,Cuauhtémoc,+52 55 8338 9968,ND,https://wa.me/525583389968,https://www.facebook.com/search/pages/?q=Ceka%20Moda%20Cuauhtémoc,"https://www.google.com/maps/search/?api=1&query=19.43699949,-99.12519133"
Center Moda,Cuauhtémoc,+52 55 2311 4500,ND,https://wa.me/525523114500,https://www.facebook.com/search/pages/?q=Center%20Moda%20Cuauhtémoc,"https://www.google.com/maps/search/?api=1&query=19.43227999,-99.12680925"
Chick Jeans Ropa De Dama,Cuauhtémoc,+52 55 1585 6049,ND,https://wa.me/525515856049,https://www.facebook.com/search/pages/?q=Chick%20Jeans%20Ropa%20De%20Dama%20Cuauhtémoc,"https://www.google.com/maps/search/?api=1&query=19.43760414,-99.12639964"
Coco Moda,Cuauhtémoc,+52 55 8136 7453,ND,https://wa.me/525581367453,https://www.facebook.com/search/pages/?q=Coco%20Moda%20Cuauhtémoc,"https://www.google.com/maps/search/?api=1&query=19.43621829,-99.12499743"
Coo2 Moda,Cuauhtémoc,+52 56 4816 8437,ND,https://wa.me/525648168437,https://www.facebook.com/search/pages/?q=Coo2%20Moda%20Cuauhtémoc,"https://www.google.com/maps/search/?api=1&query=19.42608727,-99.1366352"
D Gra Dress Boutique,Cuauhtémoc,+52 55 1224 3531,ND,https://wa.me/525512243531,https://www.facebook.com/search/pages/?q=D%20Gra%20Dress%20Boutique%20Cuauhtémoc,"https://www.google.com/maps/search/?api=1&query=19.40516533,-99.16153377"
Damaris Moda,Cuauhtémoc,+52 55 4870 4373,ND,https://wa.me/525548704373,https://www.facebook.com/search/pages/?q=Damaris%20Moda%20Cuauhtémoc,"https://www.google.com/maps/search/?api=1&query=19.43945244,-99.12356643"
Damaris Moda,Cuauhtémoc,+52 55 5245 6195,ND,https://wa.me/525552456195,https://www.facebook.com/search/pages/?q=Damaris%20Moda%20Cuauhtémoc,"https://www.google.com/maps/search/?api=1&query=19.43754398,-99.12418564"
Dn Moda Ropa Para Dama,Cuauhtémoc,+52 55 4972 1153,ND,https://wa.me/525549721153,https://www.facebook.com/search/pages/?q=Dn%20Moda%20Ropa%20Para%20Dama%20Cuauhtémoc,"https://www.google.com/maps/search/?api=1&query=19.42683344,-99.13280776"
E-Fashion,Cuauhtémoc,+52 56 3999 8888,ND,https://wa.me/525639998888,https://www.facebook.com/search/pages/?q=E-Fashion%20Cuauhtémoc,"https://www.google.com/maps/search/?api=1&query=19.43975394,-99.12893757"
Eli Moda,Cuauhtémoc,+52 56 2466 1654,ND,https://wa.me/525624661654,https://www.facebook.com/search/pages/?q=Eli%20Moda%20Cuauhtémoc,"https://www.google.com/maps/search/?api=1&query=19.4334465,-99.12602743"
Elsy Boutique,Cuauhtémoc,+52 55 5494 2946,ND,https://wa.me/525554942946,https://www.facebook.com/search/pages/?q=Elsy%20Boutique%20Cuauhtémoc,"https://www.google.com/maps/search/?api=1&query=19.44364164,-99.1368678"
Estacionamiento Privado Plaza Del Sol Fashion Center,Cuauhtémoc,+52 55 8035 4590,ND,https://wa.me/525580354590,https://www.facebook.com/search/pages/?q=Estacionamiento%20Privado%20Plaza%20Del%20Sol%20Fashion%20Center%20Cuauhtémoc,"https://www.google.com/maps/search/?api=1&query=19.43636634,-99.12566586"
Estudio Moda,Cuauhtémoc,+52 56 2759 5450,ND,https://wa.me/525627595450,https://www.facebook.com/search/pages/?q=Estudio%20Moda%20Cuauhtémoc,"https://www.google.com/maps/search/?api=1&query=19.43681209,-99.12684724"
Fashion,Cuauhtémoc,+52 55 3060 9033,ND,https://wa.me/525530609033,https://www.facebook.com/search/pages/?q=Fashion%20Cuauhtémoc,"https://www.google.com/maps/search/?api=1&query=19.43694068,-99.12727909"
Fashion Go,Cuauhtémoc,+52 55 7710 6419,ND,https://wa.me/525577106419,https://www.facebook.com/search/pages/?q=Fashion%20Go%20Cuauhtémoc,"https://www.google.com/maps/search/?api=1&query=19.43668999,-99.12590472"
Fashion Key,Cuauhtémoc,+52 55 3417 3763,ND,https://wa.me/525534173763,https://www.facebook.com/search/pages/?q=Fashion%20Key%20Cuauhtémoc,"https://www.google.com/maps/search/?api=1&query=19.43590374,-99.12711456"
Fimons Moda Para Caballero,Cuauhtémoc,+52 56 3418 8888,ND,https://wa.me/525634188888,https://www.facebook.com/search/pages/?q=Fimons%20Moda%20Para%20Caballero%20Cuauhtémoc,"https://www.google.com/maps/search/?api=1&query=19.43636634,-99.12566586"
Fiore Fashion,Cuauhtémoc,+52 55 9168 4066,ND,https://wa.me/525591684066,https://www.facebook.com/search/pages/?q=Fiore%20Fashion%20Cuauhtémoc,"https://www.google.com/maps/search/?api=1&query=19.42583401,-99.133842"
Fipo Moda,Cuauhtémoc,+52 55 2830 3045,ND,https://wa.me/525528303045,https://www.facebook.com/search/pages/?q=Fipo%20Moda%20Cuauhtémoc,"https://www.google.com/maps/search/?api=1&query=19.43240702,-99.12473227"
Frecee Style,Cuauhtémoc,+52 55 8162 3832,ND,https://wa.me/525581623832,https://www.facebook.com/search/pages/?q=Frecee%20Style%20Cuauhtémoc,"https://www.google.com/maps/search/?api=1&query=19.43752161,-99.12397598"
Genos Boutique,Cuauhtémoc,+52 55 5542 6626,ND,https://wa.me/525555426626,https://www.facebook.com/search/pages/?q=Genos%20Boutique%20Cuauhtémoc,"https://www.google.com/maps/search/?api=1&query=19.42658732,-99.13329076"
Gorgeous Lady Fashion,Cuauhtémoc,+52 55 2892 4851,ND,https://wa.me/525528924851,https://www.facebook.com/search/pages/?q=Gorgeous%20Lady%20Fashion%20Cuauhtémoc,"https://www.google.com/maps/search/?api=1&query=19.43697109,-99.12805707"
Happy Store Ropa Tienda,Cuauhtémoc,+52 55 3045 1564,ND,https://wa.me/525530451564,https://www.facebook.com/search/pages/?q=Happy%20Store%20Ropa%20Tienda%20Cuauhtémoc,"https://www.google.com/maps/search/?api=1&query=19.44043173,-99.16422497"
Harumi Boutique,Cuauhtémoc,+52 55 6436 1671,ND,https://wa.me/525564361671,https://www.facebook.com/search/pages/?q=Harumi%20Boutique%20Cuauhtémoc,"https://www.google.com/maps/search/?api=1&query=19.44341234,-99.13228708"
Hola Fashion,Cuauhtémoc,+52 55 6518 6736,ND,https://wa.me/525565186736,https://www.facebook.com/search/pages/?q=Hola%20Fashion%20Cuauhtémoc,"https://www.google.com/maps/search/?api=1&query=19.43997723,-99.13110846"
Hopeshop,Cuauhtémoc,+52 56 1084 9890,ND,https://wa.me/525610849890,https://www.facebook.com/search/pages/?q=Hopeshop%20Cuauhtémoc,"https://www.google.com/maps/search/?api=1&query=19.4251976,-99.13305864"
Intimoda,Cuauhtémoc,+52 55 3990 5578,ND,https://wa.me/525539905578,https://www.facebook.com/search/pages/?q=Intimoda%20Cuauhtémoc,"https://www.google.com/maps/search/?api=1&query=19.43343756,-99.12602864"
Itsashop,Cuauhtémoc,+52 56 3418 4444,ND,https://wa.me/525634184444,https://www.facebook.com/search/pages/?q=Itsashop%20Cuauhtémoc,"https://www.google.com/maps/search/?api=1&query=19.43668999,-99.12590472"
Jany Nine Fashion,Cuauhtémoc,+52 56 3720 2275,ND,https://wa.me/525637202275,https://www.facebook.com/search/pages/?q=Jany%20Nine%20Fashion%20Cuauhtémoc,"https://www.google.com/maps/search/?api=1&query=19.43598043,-99.12706567"
Jean Diaz,Cuauhtémoc,+52 55 6150 8047,ND,https://wa.me/525561508047,https://www.facebook.com/search/pages/?q=Jean%20Diaz%20Cuauhtémoc,"https://www.google.com/maps/search/?api=1&query=19.4251976,-99.13305864"
Jeans Mauro,Cuauhtémoc,+52 55 6006 5528,ND,https://wa.me/525560065528,https://www.facebook.com/search/pages/?q=Jeans%20Mauro%20Cuauhtémoc,"https://www.google.com/maps/search/?api=1&query=19.42942529,-99.14142656"
Jeans Nieto,Cuauhtémoc,+52 55 2693 9980,ND,https://wa.me/525526939980,https://www.facebook.com/search/pages/?q=Jeans%20Nieto%20Cuauhtémoc,"https://www.google.com/maps/search/?api=1&query=19.4379239,-99.12703784"
Jeans Para Caballero,Cuauhtémoc,+52 56 2756 6016,ND,https://wa.me/525627566016,https://www.facebook.com/search/pages/?q=Jeans%20Para%20Caballero%20Cuauhtémoc,"https://www.google.com/maps/search/?api=1&query=19.4321609,-99.12677375"
Jh Boutique,Cuauhtémoc,+52 55 5522 5164,ND,https://wa.me/525555225164,https://www.facebook.com/search/pages/?q=Jh%20Boutique%20Cuauhtémoc,"https://www.google.com/maps/search/?api=1&query=19.43455816,-99.12590342"
Jiomara Fashion,Cuauhtémoc,+52 55 4403 6182,ND,https://wa.me/525544036182,https://www.facebook.com/search/pages/?q=Jiomara%20Fashion%20Cuauhtémoc,"https://www.google.com/maps/search/?api=1&query=19.42733057,-99.13418037"
Jonny Rogers Boutique,Cuauhtémoc,+52 55 2839 2596,ND,https://wa.me/525528392596,https://www.facebook.com/search/pages/?q=Jonny%20Rogers%20Boutique%20Cuauhtémoc,"https://www.google.com/maps/search/?api=1&query=19.4468805,-99.12779042"
Khaos Shopping,Cuauhtémoc,+52 56 2051 1932,ND,https://wa.me/525620511932,https://www.facebook.com/search/pages/?q=Khaos%20Shopping%20Cuauhtémoc,"https://www.google.com/maps/search/?api=1&query=19.42691016,-99.13400599"
Kicse Jeans,Cuauhtémoc,+52 55 3828 9967,ND,https://wa.me/525538289967,https://www.facebook.com/search/pages/?q=Kicse%20Jeans%20Cuauhtémoc,"https://www.google.com/maps/search/?api=1&query=19.43636634,-99.12566586"
La Moda De Paris Jean,Cuauhtémoc,+52 55 5522 0085,ND,https://wa.me/525555220085,https://www.facebook.com/search/pages/?q=La%20Moda%20De%20Paris%20Jean%20Cuauhtémoc,"https://www.google.com/maps/search/?api=1&query=19.42640271,-99.13306905"
Lia Shop,Cuauhtémoc,+52 55 5522 9344,ND,https://wa.me/525555229344,https://www.facebook.com/search/pages/?q=Lia%20Shop%20Cuauhtémoc,"https://www.google.com/maps/search/?api=1&query=19.42691016,-99.13400599"
Lishop,Cuauhtémoc,+52 55 6122 9159,ND,https://wa.me/525561229159,https://www.facebook.com/search/pages/?q=Lishop%20Cuauhtémoc,"https://www.google.com/maps/search/?api=1&query=19.4263876,-99.1399527"
Luz Moda,Cuauhtémoc,+52 55 3701 8002,ND,https://wa.me/525537018002,https://www.facebook.com/search/pages/?q=Luz%20Moda%20Cuauhtémoc,"https://www.google.com/maps/search/?api=1&query=19.43288422,-99.12695629"
Magia Moda,Cuauhtémoc,+52 55 4784 3640,ND,https://wa.me/525547843640,https://www.facebook.com/search/pages/?q=Magia%20Moda%20Cuauhtémoc,"https://www.google.com/maps/search/?api=1&query=19.43843269,-99.12376362"
Maraly Jeans,Cuauhtémoc,+52 77 1109 5596,ND,https://wa.me/527711095596,https://www.facebook.com/search/pages/?q=Maraly%20Jeans%20Cuauhtémoc,"https://www.google.com/maps/search/?api=1&query=19.43756746,-99.12440561"
Mary Fashion,Cuauhtémoc,+52 55 5106 8092,ND,https://wa.me/525551068092,https://www.facebook.com/search/pages/?q=Mary%20Fashion%20Cuauhtémoc,"https://www.google.com/maps/search/?api=1&query=19.4369476,-99.1278763"
Marylyns Fashion,Cuauhtémoc,+52 55 5131 0761,ND,https://wa.me/525551310761,https://www.facebook.com/search/pages/?q=Marylyns%20Fashion%20Cuauhtémoc,"https://www.google.com/maps/search/?api=1&query=19.42875845,-99.13397047"
Mia Shop,Cuauhtémoc,+52 55 7522 2621,ND,https://wa.me/525575222621,https://www.facebook.com/search/pages/?q=Mia%20Shop%20Cuauhtémoc,"https://www.google.com/maps/search/?api=1&query=19.43822457,-99.13118325"
Mila Boutique,Cuauhtémoc,+52 55 1575 9932,ND,https://wa.me/525515759932,https://www.facebook.com/search/pages/?q=Mila%20Boutique%20Cuauhtémoc,"https://www.google.com/maps/search/?api=1&query=19.43598043,-99.12706567"
Moda Agogo,Cuauhtémoc,+52 55 4309 1397,ND,https://wa.me/525543091397,https://www.facebook.com/search/pages/?q=Moda%20Agogo%20Cuauhtémoc,"https://www.google.com/maps/search/?api=1&query=19.42975918,-99.13036569"
Moda Casual De Dama,Cuauhtémoc,+52 55 2312 0146,ND,https://wa.me/525523120146,https://www.facebook.com/search/pages/?q=Moda%20Casual%20De%20Dama%20Cuauhtémoc,"https://www.google.com/maps/search/?api=1&query=19.43196209,-99.12506851"
Moda Casual De Temporada,Cuauhtémoc,+52 55 2961 5415,ND,https://wa.me/525529615415,https://www.facebook.com/search/pages/?q=Moda%20Casual%20De%20Temporada%20Cuauhtémoc,"https://www.google.com/maps/search/?api=1&query=19.43636634,-99.12566586"
Moda Casual Frida Sofia,Cuauhtémoc,+52 55 5795 5875,ND,https://wa.me/525557955875,https://www.facebook.com/search/pages/?q=Moda%20Casual%20Frida%20Sofia%20Cuauhtémoc,"https://www.google.com/maps/search/?api=1&query=19.43774525,-99.12681809"
Moda Casual Mg Collection,Cuauhtémoc,+52 55 2912 5779,ND,https://wa.me/525529125779,https://www.facebook.com/search/pages/?q=Moda%20Casual%20Mg%20Collection%20Cuauhtémoc,"https://www.google.com/maps/search/?api=1&query=19.43444673,-99.12762322"
Moda Casual Tomato,Cuauhtémoc,+52 55 5721 3654,ND,https://wa.me/525557213654,https://www.facebook.com/search/pages/?q=Moda%20Casual%20Tomato%20Cuauhtémoc,"https://www.google.com/maps/search/?api=1&query=19.43634063,-99.12417349"
Moda D Fer,Cuauhtémoc,+52 55 6970 0586,ND,https://wa.me/525569700586,https://www.facebook.com/search/pages/?q=Moda%20D%20Fer%20Cuauhtémoc,"https://www.google.com/maps/search/?api=1&query=19.43192991,-99.12479215"
Moda En Algodon Joki,Cuauhtémoc,+52 55 2616 5271,ND,https://wa.me/525526165271,https://www.facebook.com/search/pages/?q=Moda%20En%20Algodon%20Joki%20Cuauhtémoc,"https://www.google.com/maps/search/?api=1&query=19.43546759,-99.12749835"
Moda Jequi Jesus San,Cuauhtémoc,+52 55 3128 7182,ND,https://wa.me/525531287182,https://www.facebook.com/search/pages/?q=Moda%20Jequi%20Jesus%20San%20Cuauhtémoc,"https://www.google.com/maps/search/?api=1&query=19.43680435,-99.12678978"
Moda Luvi,Cuauhtémoc,+52 55 3562 0376,ND,https://wa.me/525535620376,https://www.facebook.com/search/pages/?q=Moda%20Luvi%20Cuauhtémoc,"https://www.google.com/maps/search/?api=1&query=19.43854498,-99.12537414"
Moda Nicole,Cuauhtémoc,+52 55 2879 5152,ND,https://wa.me/525528795152,https://www.facebook.com/search/pages/?q=Moda%20Nicole%20Cuauhtémoc,"https://www.google.com/maps/search/?api=1&query=19.43833716,-99.12539916"
Moda Osiris,Cuauhtémoc,+52 55 2570 8854,ND,https://wa.me/525525708854,https://www.facebook.com/search/pages/?q=Moda%20Osiris%20Cuauhtémoc,"https://www.google.com/maps/search/?api=1&query=19.43754196,-99.12416673"
Moda Outlet,Cuauhtémoc,+52 55 8188 8816,ND,https://wa.me/525581888816,https://www.facebook.com/search/pages/?q=Moda%20Outlet%20Cuauhtémoc,"https://www.google.com/maps/search/?api=1&query=19.42571495,-99.13231609"
Moda Toris,Cuauhtémoc,+52 55 2616 3311,ND,https://wa.me/525526163311,https://www.facebook.com/search/pages/?q=Moda%20Toris%20Cuauhtémoc,"https://www.google.com/maps/search/?api=1&query=19.43544529,-99.12676158"
Moda Vega,Cuauhtémoc,+52 55 1829 3653,ND,https://wa.me/525518293653,https://www.facebook.com/search/pages/?q=Moda%20Vega%20Cuauhtémoc,"https://www.google.com/maps/search/?api=1&query=19.4371258,-99.12558297"
Modas Alondra,Cuauhtémoc,+52 55 5542 6874,ND,https://wa.me/525555426874,https://www.facebook.com/search/pages/?q=Modas%20Alondra%20Cuauhtémoc,"https://www.google.com/maps/search/?api=1&query=19.43207725,-99.12605883"
Modas Arlette,Cuauhtémoc,+52 55 7760 7173,ND,https://wa.me/525577607173,https://www.facebook.com/search/pages/?q=Modas%20Arlette%20Cuauhtémoc,"https://www.google.com/maps/search/?api=1&query=19.43756132,-99.12434804"
Modas Cynthia,Cuauhtémoc,+52 55 2971 0322,ND,https://wa.me/525529710322,https://www.facebook.com/search/pages/?q=Modas%20Cynthia%20Cuauhtémoc,"https://www.google.com/maps/search/?api=1&query=19.43811142,-99.12542634"
Modas Dk,Cuauhtémoc,+52 55 4778 1982,ND,https://wa.me/525547781982,https://www.facebook.com/search/pages/?q=Modas%20Dk%20Cuauhtémoc,"https://www.google.com/maps/search/?api=1&query=19.43186427,-99.13004199"
Modas Gael,Cuauhtémoc,+52 55 5929 1037,ND,https://wa.me/525559291037,https://www.facebook.com/search/pages/?q=Modas%20Gael%20Cuauhtémoc,"https://www.google.com/maps/search/?api=1&query=19.43235347,-99.12620436"
Modas Gonay,Cuauhtémoc,+52 55 6538 0406,ND,https://wa.me/525565380406,https://www.facebook.com/search/pages/?q=Modas%20Gonay%20Cuauhtémoc,"https://www.google.com/maps/search/?api=1&query=19.43544529,-99.12676158"
Modas Jacque,Cuauhtémoc,+52 55 5702 1969,ND,https://wa.me/525557021969,https://www.facebook.com/search/pages/?q=Modas%20Jacque%20Cuauhtémoc,"https://www.google.com/maps/search/?api=1&query=19.43789025,-99.12387506"
Modas Jeans,Cuauhtémoc,+52 55 4324 5006,ND,https://wa.me/525543245006,https://www.facebook.com/search/pages/?q=Modas%20Jeans%20Cuauhtémoc,"https://www.google.com/maps/search/?api=1&query=19.43485261,-99.12756814"
Modas Kely,Cuauhtémoc,+52 55 2014 6934,ND,https://wa.me/525520146934,https://www.facebook.com/search/pages/?q=Modas%20Kely%20Cuauhtémoc,"https://www.google.com/maps/search/?api=1&query=19.43752769,-99.12718788"
Modas Matty,Cuauhtémoc,+52 56 1043 3439,ND,https://wa.me/525610433439,https://www.facebook.com/search/pages/?q=Modas%20Matty%20Cuauhtémoc,"https://www.google.com/maps/search/?api=1&query=19.43853601,-99.12537522"
Modas Mayte,Cuauhtémoc,+52 55 4265 4964,ND,https://wa.me/525542654964,https://www.facebook.com/search/pages/?q=Modas%20Mayte%20Cuauhtémoc,"https://www.google.com/maps/search/?api=1&query=19.4382715,-99.12526953"
Modas Naty,Cuauhtémoc,+52 55 4319 7616,ND,https://wa.me/525543197616,https://www.facebook.com/search/pages/?q=Modas%20Naty%20Cuauhtémoc,"https://www.google.com/maps/search/?api=1&query=19.4369476,-99.1278763"
Modas Peluchin,Cuauhtémoc,+52 55 4934 9760,ND,https://wa.me/525549349760,https://www.facebook.com/search/pages/?q=Modas%20Peluchin%20Cuauhtémoc,"https://www.google.com/maps/search/?api=1&query=19.43386067,-99.12778708"
Modas Rocio,Cuauhtémoc,+52 55 7440 9500,ND,https://wa.me/525574409500,https://www.facebook.com/search/pages/?q=Modas%20Rocio%20Cuauhtémoc,"https://www.google.com/maps/search/?api=1&query=19.43697109,-99.12805707"
Modas Rou,Cuauhtémoc,+52 59 5109 8795,ND,https://wa.me/525951098795,https://www.facebook.com/search/pages/?q=Modas%20Rou%20Cuauhtémoc,"https://www.google.com/maps/search/?api=1&query=19.43812038,-99.12542526"
Modas Sofi,Cuauhtémoc,+52 56 3803 9675,ND,https://wa.me/525638039675,https://www.facebook.com/search/pages/?q=Modas%20Sofi%20Cuauhtémoc,"https://www.google.com/maps/search/?api=1&query=19.43756132,-99.12434804"
Mone Jeans,Cuauhtémoc,+52 55 1559 1590,ND,https://wa.me/525515591590,https://www.facebook.com/search/pages/?q=Mone%20Jeans%20Cuauhtémoc,"https://www.google.com/maps/search/?api=1&query=19.43726119,-99.12650504"
Mone Jeans,Cuauhtémoc,+52 55 5162 9568,ND,https://wa.me/525551629568,https://www.facebook.com/search/pages/?q=Mone%20Jeans%20Cuauhtémoc,"https://www.google.com/maps/search/?api=1&query=19.43772375,-99.12662747"
Mone Jeans,Cuauhtémoc,+52 55 3738 8481,ND,https://wa.me/525537388481,https://www.facebook.com/search/pages/?q=Mone%20Jeans%20Cuauhtémoc,"https://www.google.com/maps/search/?api=1&query=19.43811142,-99.12542634"
Monserrat Moda,Cuauhtémoc,+52 55 3106 0833,ND,https://wa.me/525531060833,https://www.facebook.com/search/pages/?q=Monserrat%20Moda%20Cuauhtémoc,"https://www.google.com/maps/search/?api=1&query=19.43694068,-99.12727909"
Nare Moda,Cuauhtémoc,+52 55 5789 0385,ND,https://wa.me/525557890385,https://www.facebook.com/search/pages/?q=Nare%20Moda%20Cuauhtémoc,"https://www.google.com/maps/search/?api=1&query=19.43598298,-99.12708444"
New Fashion,Cuauhtémoc,+52 55 3978 8837,ND,https://wa.me/525539788837,https://www.facebook.com/search/pages/?q=New%20Fashion%20Cuauhtémoc,"https://www.google.com/maps/search/?api=1&query=19.44319922,-99.13281442"
Noti Modas,Cuauhtémoc,+52 56 3046 8580,ND,https://wa.me/525630468580,https://www.facebook.com/search/pages/?q=Noti%20Modas%20Cuauhtémoc,"https://www.google.com/maps/search/?api=1&query=19.43679929,-99.12675224"
Only Fashion,Cuauhtémoc,+52 55 2616 2852,ND,https://wa.me/525526162852,https://www.facebook.com/search/pages/?q=Only%20Fashion%20Cuauhtémoc,"https://www.google.com/maps/search/?api=1&query=19.43675275,-99.12726932"
Outlend De Marcas Jeans,Cuauhtémoc,+52 77 6113 2552,ND,https://wa.me/527761132552,https://www.facebook.com/search/pages/?q=Outlend%20De%20Marcas%20Jeans%20Cuauhtémoc,"https://www.google.com/maps/search/?api=1&query=19.43117783,-99.13874367"
Outlet Shop Cdmx,Cuauhtémoc,+52 56 2087 8565,ND,https://wa.me/525620878565,https://www.facebook.com/search/pages/?q=Outlet%20Shop%20Cdmx%20Cuauhtémoc,"https://www.google.com/maps/search/?api=1&query=19.42463538,-99.15498932"
Pantalones De Mezclilla Y Gabardina,Cuauhtémoc,+52 55 3470 3169,ND,https://wa.me/525534703169,https://www.facebook.com/search/pages/?q=Pantalones%20De%20Mezclilla%20Y%20Gabardina%20Cuauhtémoc,"https://www.google.com/maps/search/?api=1&query=19.437601,-99.1247201"
Pantalones G Y G,Cuauhtémoc,+52 55 4802 4776,ND,https://wa.me/525548024776,https://www.facebook.com/search/pages/?q=Pantalones%20G%20Y%20G%20Cuauhtémoc,"https://www.google.com/maps/search/?api=1&query=19.43772822,-99.12588222"
Pasaporte Jeans,Cuauhtémoc,+52 55 5551 6228,ND,https://wa.me/525555516228,https://www.facebook.com/search/pages/?q=Pasaporte%20Jeans%20Cuauhtémoc,"https://www.google.com/maps/search/?api=1&query=19.4339269,-99.12506489"
Pekes A La Moda,Cuauhtémoc,+52 55 4188 4166,ND,https://wa.me/525541884166,https://www.facebook.com/search/pages/?q=Pekes%20A%20La%20Moda%20Cuauhtémoc,"https://www.google.com/maps/search/?api=1&query=19.43571863,-99.12565747"
Playeras De Moda Tcl,Cuauhtémoc,+52 55 3378 0225,ND,https://wa.me/525533780225,https://www.facebook.com/search/pages/?q=Playeras%20De%20Moda%20Tcl%20Cuauhtémoc,"https://www.google.com/maps/search/?api=1&query=19.43764662,-99.1272442"
Puskin Boutique,Cuauhtémoc,+52 52 5579 4375,ND,https://wa.me/525255794375,https://www.facebook.com/search/pages/?q=Puskin%20Boutique%20Cuauhtémoc,"https://www.google.com/maps/search/?api=1&query=19.42535083,-99.15390057"
Rivain S Jeans,Cuauhtémoc,+52 55 5522 0378,ND,https://wa.me/525555220378,https://www.facebook.com/search/pages/?q=Rivain%20S%20Jeans%20Cuauhtémoc,"https://www.google.com/maps/search/?api=1&query=19.43295596,-99.12564882"
Rock Jeans,Cuauhtémoc,+52 55 2252 6665,ND,https://wa.me/525522526665,https://www.facebook.com/search/pages/?q=Rock%20Jeans%20Cuauhtémoc,"https://www.google.com/maps/search/?api=1&query=19.4267518,-99.13463475"
Romo Shop,Cuauhtémoc,+52 55 5704 0833,ND,https://wa.me/525557040833,https://www.facebook.com/search/pages/?q=Romo%20Shop%20Cuauhtémoc,"https://www.google.com/maps/search/?api=1&query=19.43664601,-99.12656765"
Ropa De Dama Andy Fashion,Cuauhtémoc,+52 55 1372 3124,ND,https://wa.me/525513723124,https://www.facebook.com/search/pages/?q=Ropa%20De%20Dama%20Andy%20Fashion%20Cuauhtémoc,"https://www.google.com/maps/search/?api=1&query=19.43750102,-99.12719201"
Ropa De Dama Bombishop,Cuauhtémoc,+52 55 4489 1995,ND,https://wa.me/525544891995,https://www.facebook.com/search/pages/?q=Ropa%20De%20Dama%20Bombishop%20Cuauhtémoc,"https://www.google.com/maps/search/?api=1&query=19.43205398,-99.13001756"
Ropamujer Modas M Y J,Cuauhtémoc,+52 55 6757 8561,ND,https://wa.me/525567578561,https://www.facebook.com/search/pages/?q=Ropamujer%20Modas%20M%20Y%20J%20Cuauhtémoc,"https://www.google.com/maps/search/?api=1&query=19.4382715,-99.12526953"
Satisfashion Boutique,Cuauhtémoc,+52 55 3880 8976,ND,https://wa.me/525538808976,https://www.facebook.com/search/pages/?q=Satisfashion%20Boutique%20Cuauhtémoc,"https://www.google.com/maps/search/?api=1&query=19.42071694,-99.16682785"
Style Fashion,Cuauhtémoc,+52 55 5542 6314,ND,https://wa.me/525555426314,https://www.facebook.com/search/pages/?q=Style%20Fashion%20Cuauhtémoc,"https://www.google.com/maps/search/?api=1&query=19.42683344,-99.13280776"
Suprice Jeans,Cuauhtémoc,+52 55 3315 7505,ND,https://wa.me/525533157505,https://www.facebook.com/search/pages/?q=Suprice%20Jeans%20Cuauhtémoc,"https://www.google.com/maps/search/?api=1&query=19.43668999,-99.12590472"
Surprise Jeans,Cuauhtémoc,+52 55 8141 0686,ND,https://wa.me/525581410686,https://www.facebook.com/search/pages/?q=Surprise%20Jeans%20Cuauhtémoc,"https://www.google.com/maps/search/?api=1&query=19.44303374,-99.12971607"
Surprise Jeans,Cuauhtémoc,+52 55 8141 0660,ND,https://wa.me/525581410660,https://www.facebook.com/search/pages/?q=Surprise%20Jeans%20Cuauhtémoc,"https://www.google.com/maps/search/?api=1&query=19.44303374,-99.12971607"
The Rave Store,Cuauhtémoc,+52 55 4839 9226,ND,https://wa.me/525548399226,https://www.facebook.com/search/pages/?q=The%20Rave%20Store%20Cuauhtémoc,"https://www.google.com/maps/search/?api=1&query=19.43598043,-99.12706567"
Tienda De Jeans Surprise,Cuauhtémoc,+52 55 5562 2692,ND,https://wa.me/525555622692,https://www.facebook.com/search/pages/?q=Tienda%20De%20Jeans%20Surprise%20Cuauhtémoc,"https://www.google.com/maps/search/?api=1&query=19.43493593,-99.12639981"
Tienda De Pantalones Dama Y Caballero,Cuauhtémoc,+52 55 7213 3693,ND,https://wa.me/525572133693,https://www.facebook.com/search/pages/?q=Tienda%20De%20Pantalones%20Dama%20Y%20Caballero%20Cuauhtémoc,"https://www.google.com/maps/search/?api=1&query=19.4439608,-99.13817908"
Tienda De Pantalones Secret,Cuauhtémoc,+52 58 3343 9544,ND,https://wa.me/525833439544,https://www.facebook.com/search/pages/?q=Tienda%20De%20Pantalones%20Secret%20Cuauhtémoc,"https://www.google.com/maps/search/?api=1&query=19.43574964,-99.12420139"
Tienda De Roa Caramelo Fashion,Cuauhtémoc,+52 55 5702 1600,ND,https://wa.me/525557021600,https://www.facebook.com/search/pages/?q=Tienda%20De%20Roa%20Caramelo%20Fashion%20Cuauhtémoc,"https://www.google.com/maps/search/?api=1&query=19.43767059,-99.12614126"
Tienda De Ropa De Moda El Buho,Cuauhtémoc,+52 55 5704 2410,ND,https://wa.me/525557042410,https://www.facebook.com/search/pages/?q=Tienda%20De%20Ropa%20De%20Moda%20El%20Buho%20Cuauhtémoc,"https://www.google.com/maps/search/?api=1&query=19.43643486,-99.12496965"
Tienda De Ropa De Mujer Modas Delice,Cuauhtémoc,+52 55 5702 4933,ND,https://wa.me/525557024933,https://www.facebook.com/search/pages/?q=Tienda%20De%20Ropa%20De%20Mujer%20Modas%20Delice%20Cuauhtémoc,"https://www.google.com/maps/search/?api=1&query=19.43765904,-99.12645847"
Tienda De Ropa Elegance Jeans,Cuauhtémoc,+52 55 6072 6835,ND,https://wa.me/525560726835,https://www.facebook.com/search/pages/?q=Tienda%20De%20Ropa%20Elegance%20Jeans%20Cuauhtémoc,"https://www.google.com/maps/search/?api=1&query=19.43668999,-99.12590472"
Tienda De Ropa Fashion Globe,Cuauhtémoc,+52 55 5522 1939,ND,https://wa.me/525555221939,https://www.facebook.com/search/pages/?q=Tienda%20De%20Ropa%20Fashion%20Globe%20Cuauhtémoc,"https://www.google.com/maps/search/?api=1&query=19.43545078,-99.12424249"
Tienda De Ropa Moda Casual De Temporada,Cuauhtémoc,+52 55 5789 5949,ND,https://wa.me/525557895949,https://www.facebook.com/search/pages/?q=Tienda%20De%20Ropa%20Moda%20Casual%20De%20Temporada%20Cuauhtémoc,"https://www.google.com/maps/search/?api=1&query=19.43579321,-99.12505196"
Tienda De Ropa Moda Manzana,Cuauhtémoc,+52 55 4923 8143,ND,https://wa.me/525549238143,https://www.facebook.com/search/pages/?q=Tienda%20De%20Ropa%20Moda%20Manzana%20Cuauhtémoc,"https://www.google.com/maps/search/?api=1&query=19.43770737,-99.12570109"
Tienda De Ropa Moda Moor Bodega,Cuauhtémoc,+52 55 5522 5570,ND,https://wa.me/525555225570,https://www.facebook.com/search/pages/?q=Tienda%20De%20Ropa%20Moda%20Moor%20Bodega%20Cuauhtémoc,"https://www.google.com/maps/search/?api=1&query=19.43583085,-99.12418918"
Tienda De Ropa Modas Lizbeth,Cuauhtémoc,+52 55 4787 8546,ND,https://wa.me/525547878546,https://www.facebook.com/search/pages/?q=Tienda%20De%20Ropa%20Modas%20Lizbeth%20Cuauhtémoc,"https://www.google.com/maps/search/?api=1&query=19.43717919,-99.12644743"
Tienda De Ropa Niquel Jeans,Cuauhtémoc,+52 55 4524 9324,ND,https://wa.me/525545249324,https://www.facebook.com/search/pages/?q=Tienda%20De%20Ropa%20Niquel%20Jeans%20Cuauhtémoc,"https://www.google.com/maps/search/?api=1&query=19.43668999,-99.12590472"
Tienda De Ropa Para Dama Moda Arturs,Cuauhtémoc,+52 55 4061 5091,ND,https://wa.me/525540615091,https://www.facebook.com/search/pages/?q=Tienda%20De%20Ropa%20Para%20Dama%20Moda%20Arturs%20Cuauhtémoc,"https://www.google.com/maps/search/?api=1&query=19.4356329,-99.12569262"
Tienda De Ropa Yellow Shop,Cuauhtémoc,+52 55 2149 8384,ND,https://wa.me/525521498384,https://www.facebook.com/search/pages/?q=Tienda%20De%20Ropa%20Yellow%20Shop%20Cuauhtémoc,"https://www.google.com/maps/search/?api=1&query=19.43668999,-99.12590472"
Tofe Jeans,Cuauhtémoc,+52 56 2155 6429,ND,https://wa.me/525621556429,https://www.facebook.com/search/pages/?q=Tofe%20Jeans%20Cuauhtémoc,"https://www.google.com/maps/search/?api=1&query=19.43697109,-99.12805707"
Tsa Shop,Cuauhtémoc,+52 56 4006 6668,ND,https://wa.me/525640066668,https://www.facebook.com/search/pages/?q=Tsa%20Shop%20Cuauhtémoc,"https://www.google.com/maps/search/?api=1&query=19.43205398,-99.13001756"
Tu Moda,Cuauhtémoc,+52 56 1869 3619,ND,https://wa.me/525618693619,https://www.facebook.com/search/pages/?q=Tu%20Moda%20Cuauhtémoc,"https://www.google.com/maps/search/?api=1&query=19.43204503,-99.13001872"
Urban Shop,Cuauhtémoc,+52 55 2731 3685,ND,https://wa.me/525527313685,https://www.facebook.com/search/pages/?q=Urban%20Shop%20Cuauhtémoc,"https://www.google.com/maps/search/?api=1&query=19.43598043,-99.12706567"
Veka Shopi,Cuauhtémoc,+52 55 1551 9787,ND,https://wa.me/525515519787,https://www.facebook.com/search/pages/?q=Veka%20Shopi%20Cuauhtémoc,"https://www.google.com/maps/search/?api=1&query=19.43389409,-99.14100886"
Venta De Pantalones Levis,Cuauhtémoc,+52 56 2198 1285,ND,https://wa.me/525621981285,https://www.facebook.com/search/pages/?q=Venta%20De%20Pantalones%20Levis%20Cuauhtémoc,"https://www.google.com/maps/search/?api=1&query=19.43761476,-99.12821813"
Venta De Ropa Para Dama Fashion Go,Cuauhtémoc,+52 55 2314 4256,ND,https://wa.me/525523144256,https://www.facebook.com/search/pages/?q=Venta%20De%20Ropa%20Para%20Dama%20Fashion%20Go%20Cuauhtémoc,"https://www.google.com/maps/search/?api=1&query=19.43680308,-99.1267804"
Vessel Atelier Boutique,Cuauhtémoc,+52 55 2134 5757,ND,https://wa.me/525521345757,https://www.facebook.com/search/pages/?q=Vessel%20Atelier%20Boutique%20Cuauhtémoc,"https://www.google.com/maps/search/?api=1&query=19.41873026,-99.15994322"
Yely Shop,Cuauhtémoc,+52 55 9673 1209,ND,https://wa.me/525596731209,https://www.facebook.com/search/pages/?q=Yely%20Shop%20Cuauhtémoc,"https://www.google.com/maps/search/?api=1&query=19.43593646,-99.12674203"
Yolosmi Jeans,Cuauhtémoc,+52 55 5702 3161,ND,https://wa.me/525557023161,https://www.facebook.com/search/pages/?q=Yolosmi%20Jeans%20Cuauhtémoc,"https://www.google.com/maps/search/?api=1&query=19.43501447,-99.12698031"
Basana Boutique,Gustavo A. Madero,+52 55 1198 7746,fer_espi18@hotmail.com,https://wa.me/525511987746,https://www.facebook.com/search/pages/?q=Basana%20Boutique%20Gustavo%20A.%20Madero,"https://www.google.com/maps/search/?api=1&query=19.48147694,-99.11676893"
Boutique Angy,Gustavo A. Madero,+52 55 9190 7768,ND,https://wa.me/525591907768,https://WWW.ROPACARMENZA.COM/,"https://www.google.com/maps/search/?api=1&query=19.56192748,-99.13658061"
Boutique De Ropa,Gustavo A. Madero,+52 55 6036 0753,marthabellochavez63@gmail.com,https://wa.me/525560360753,https://www.facebook.com/search/pages/?q=Boutique%20De%20Ropa%20Gustavo%20A.%20Madero,"https://www.google.com/maps/search/?api=1&query=19.54789791,-99.14301316"
Boutique Giselle,Gustavo A. Madero,+52 55 3675 2460,ND,https://wa.me/525536752460,https://WWW.BOUTIQUEGISELLE.COM/,"https://www.google.com/maps/search/?api=1&query=19.49272059,-99.1264764"
Boutique Hadas,Gustavo A. Madero,+52 55 6093 9416,tinkmpeoncita@hotmail.com,https://wa.me/525560939416,https://www.facebook.com/search/pages/?q=Boutique%20Hadas%20Gustavo%20A.%20Madero,"https://www.google.com/maps/search/?api=1&query=19.45331771,-99.06036769"
Boutique Ivyv Shop,Gustavo A. Madero,+52 55 2757 9067,yuliana.ochoa13@gmail.com,https://wa.me/525527579067,https://www.facebook.com/search/pages/?q=Boutique%20Ivyv%20Shop%20Gustavo%20A.%20Madero,"https://www.google.com/maps/search/?api=1&query=19.52136016,-99.15999891"
Boutique Mony,Gustavo A. Madero,+52 55 5144 3736,monitzel8@gmail.com,https://wa.me/525551443736,https://www.facebook.com/search/pages/?q=Boutique%20Mony%20Gustavo%20A.%20Madero,"https://www.google.com/maps/search/?api=1&query=19.54701691,-99.14185775"
Boutique Y Spa,Gustavo A. Madero,+52 56 1401 5231,erika.resendiz.rd@gmail.com,https://wa.me/525614015231,https://www.facebook.com/search/pages/?q=Boutique%20Y%20Spa%20Gustavo%20A.%20Madero,"https://www.google.com/maps/search/?api=1&query=19.47682568,-99.08290483"
La Boutique,Gustavo A. Madero,+52 55 6866 5906,deussadin535@gmail.com,https://wa.me/525568665906,https://www.facebook.com/search/pages/?q=La%20Boutique%20Gustavo%20A.%20Madero,"https://www.google.com/maps/search/?api=1&query=19.48061864,-99.06351974"
Rose Boutique,Gustavo A. Madero,+52 56 1988 9057,espinozanayeli79@gamail.com,https://wa.me/525619889057,https://www.facebook.com/search/pages/?q=Rose%20Boutique%20Gustavo%20A.%20Madero,"https://www.google.com/maps/search/?api=1&query=19.45555514,-99.05427381"
Tienda De Ropa Boutique Jesara,Gustavo A. Madero,+52 55 2893 2818,jesara2710@gmail.com,https://wa.me/525528932818,https://www.facebook.com/search/pages/?q=Tienda%20De%20Ropa%20Boutique%20Jesara%20Gustavo%20A.%20Madero,"https://www.google.com/maps/search/?api=1&query=19.55524166,-99.1325542"
Boutique Amelia,Gustavo A. Madero,+52 55 7805 6184,ND,https://wa.me/525578056184,https://www.facebook.com/search/pages/?q=Boutique%20Amelia%20Gustavo%20A.%20Madero,"https://www.google.com/maps/search/?api=1&query=19.45524593,-99.05511199"
Boutique Bella Moda,Gustavo A. Madero,+52 55 1135 7665,ND,https://wa.me/525511357665,https://www.facebook.com/search/pages/?q=Boutique%20Bella%20Moda%20Gustavo%20A.%20Madero,"https://www.google.com/maps/search/?api=1&query=19.51672092,-99.13469223"
Boutique Bonita,Gustavo A. Madero,+52 47 7846 1008,ND,https://wa.me/524778461008,https://www.facebook.com/search/pages/?q=Boutique%20Bonita%20Gustavo%20A.%20Madero,"https://www.google.com/maps/search/?api=1&query=19.50774404,-99.09721106"
Boutique Dasha,Gustavo A. Madero,+52 55 6565 0968,ND,https://wa.me/525565650968,https://www.facebook.com/search/pages/?q=Boutique%20Dasha%20Gustavo%20A.%20Madero,"https://www.google.com/maps/search/?api=1&query=19.53776761,-99.14918588"
Boutique De Ropa Terron,Gustavo A. Madero,+52 55 2514 7675,ND,https://wa.me/525525147675,https://www.facebook.com/search/pages/?q=Boutique%20De%20Ropa%20Terron%20Gustavo%20A.%20Madero,"https://www.google.com/maps/search/?api=1&query=19.50034273,-99.08321568"
Boutique De Rouse,Gustavo A. Madero,+52 55 1829 7613,ND,https://wa.me/525518297613,https://www.facebook.com/search/pages/?q=Boutique%20De%20Rouse%20Gustavo%20A.%20Madero,"https://www.google.com/maps/search/?api=1&query=19.48393963,-99.07181281"
Boutique Diane,Gustavo A. Madero,+52 55 3347 3428,ND,https://wa.me/525533473428,https://www.facebook.com/search/pages/?q=Boutique%20Diane%20Gustavo%20A.%20Madero,"https://www.google.com/maps/search/?api=1&query=19.55191671,-99.13211729"
Boutique Distrito Colombia,Gustavo A. Madero,+52 55 2666 0955,ND,https://wa.me/525526660955,https://www.facebook.com/search/pages/?q=Boutique%20Distrito%20Colombia%20Gustavo%20A.%20Madero,"https://www.google.com/maps/search/?api=1&query=19.49120679,-99.13359362"
Boutique Eden,Gustavo A. Madero,+52 55 4139 0979,ND,https://wa.me/525541390979,https://www.facebook.com/search/pages/?q=Boutique%20Eden%20Gustavo%20A.%20Madero,"https://www.google.com/maps/search/?api=1&query=19.49751546,-99.12753749"
Boutique Estilo Urbno Ropa De Dama,Gustavo A. Madero,+52 55 5737 3814,ND,https://wa.me/525557373814,https://www.facebook.com/search/pages/?q=Boutique%20Estilo%20Urbno%20Ropa%20De%20Dama%20Gustavo%20A.%20Madero,"https://www.google.com/maps/search/?api=1&query=19.47632432,-99.08229723"
Boutique Gold,Gustavo A. Madero,+52 55 2520 0670,ND,https://wa.me/525525200670,https://www.facebook.com/search/pages/?q=Boutique%20Gold%20Gustavo%20A.%20Madero,"https://www.google.com/maps/search/?api=1&query=19.47603862,-99.08053653"
Boutique Grauben,Gustavo A. Madero,+52 55 4143 8125,ND,https://wa.me/525541438125,https://www.facebook.com/search/pages/?q=Boutique%20Grauben%20Gustavo%20A.%20Madero,"https://www.google.com/maps/search/?api=1&query=19.47836215,-99.12437905"
Boutique Ideal Para La Mujer,Gustavo A. Madero,+52 55 5947 7192,ND,https://wa.me/525559477192,https://www.facebook.com/search/pages/?q=Boutique%20Ideal%20Para%20La%20Mujer%20Gustavo%20A.%20Madero,"https://www.google.com/maps/search/?api=1&query=19.46619869,-99.08097647"
Boutique Ilove Me,Gustavo A. Madero,+52 56 2640 7025,ND,https://wa.me/525626407025,https://www.facebook.com/search/pages/?q=Boutique%20Ilove%20Me%20Gustavo%20A.%20Madero,"https://www.google.com/maps/search/?api=1&query=19.50194986,-99.08496538"
Boutique Kletos,Gustavo A. Madero,+52 55 2880 3525,ND,https://wa.me/525528803525,https://www.facebook.com/search/pages/?q=Boutique%20Kletos%20Gustavo%20A.%20Madero,"https://www.google.com/maps/search/?api=1&query=19.48569436,-99.09460778"
Boutique Maria Isabel,Gustavo A. Madero,+52 55 4012 3067,ND,https://wa.me/525540123067,https://www.facebook.com/search/pages/?q=Boutique%20Maria%20Isabel%20Gustavo%20A.%20Madero,"https://www.google.com/maps/search/?api=1&query=19.54438717,-99.13929316"
Boutique Mia,Gustavo A. Madero,+52 56 1854 9326,ND,https://wa.me/525618549326,https://www.facebook.com/search/pages/?q=Boutique%20Mia%20Gustavo%20A.%20Madero,"https://www.google.com/maps/search/?api=1&query=19.45814639,-99.10920042"
Boutique Moreno,Gustavo A. Madero,+52 55 2178 6239,ND,https://wa.me/525521786239,https://www.facebook.com/search/pages/?q=Boutique%20Moreno%20Gustavo%20A.%20Madero,"https://www.google.com/maps/search/?api=1&query=19.55253654,-99.14476259"
Boutique Ofelia,Gustavo A. Madero,+52 55 2343 7870,ND,https://wa.me/525523437870,https://www.facebook.com/search/pages/?q=Boutique%20Ofelia%20Gustavo%20A.%20Madero,"https://www.google.com/maps/search/?api=1&query=19.47441479,-99.06300513"
Boutique Our Secret,Gustavo A. Madero,+52 55 3970 6005,ND,https://wa.me/525539706005,https://www.facebook.com/search/pages/?q=Boutique%20Our%20Secret%20Gustavo%20A.%20Madero,"https://www.google.com/maps/search/?api=1&query=19.45331771,-99.06036769"
Boutique Paquito,Gustavo A. Madero,+52 55 1577 8420,ND,https://wa.me/525515778420,https://www.facebook.com/search/pages/?q=Boutique%20Paquito%20Gustavo%20A.%20Madero,"https://www.google.com/maps/search/?api=1&query=19.5431961,-99.14882102"
Boutique Para Dama Shopin Time,Gustavo A. Madero,+52 56 3589 0452,ND,https://wa.me/525635890452,https://www.facebook.com/search/pages/?q=Boutique%20Para%20Dama%20Shopin%20Time%20Gustavo%20A.%20Madero,"https://www.google.com/maps/search/?api=1&query=19.46105662,-99.10511954"
Boutique Ropa,Gustavo A. Madero,+52 55 3190 5342,ND,https://wa.me/525531905342,https://www.facebook.com/search/pages/?q=Boutique%20Ropa%20Gustavo%20A.%20Madero,"https://www.google.com/maps/search/?api=1&query=19.47723743,-99.1247318"
Boutique Sam,Gustavo A. Madero,+52 56 2199 9282,ND,https://wa.me/525621999282,https://www.facebook.com/search/pages/?q=Boutique%20Sam%20Gustavo%20A.%20Madero,"https://www.google.com/maps/search/?api=1&query=19.49067738,-99.0746512"
Boutique Santa Suerte,Gustavo A. Madero,+52 55 2763 5639,ND,https://wa.me/525527635639,https://www.facebook.com/search/pages/?q=Boutique%20Santa%20Suerte%20Gustavo%20A.%20Madero,"https://www.google.com/maps/search/?api=1&query=19.47765113,-99.14319152"
Boutique Tutti Frutti,Gustavo A. Madero,+52 55 4764 0415,ND,https://wa.me/525547640415,https://www.facebook.com/search/pages/?q=Boutique%20Tutti%20Frutti%20Gustavo%20A.%20Madero,"https://www.google.com/maps/search/?api=1&query=19.55695323,-99.1365965"
Boutique Verde Esmeralda,Gustavo A. Madero,+52 55 4576 8240,ND,https://wa.me/525545768240,https://www.facebook.com/search/pages/?q=Boutique%20Verde%20Esmeralda%20Gustavo%20A.%20Madero,"https://www.google.com/maps/search/?api=1&query=19.54128761,-99.14383347"
Boutique Viry,Gustavo A. Madero,+52 55 7119 6150,ND,https://wa.me/525571196150,https://www.facebook.com/search/pages/?q=Boutique%20Viry%20Gustavo%20A.%20Madero,"https://www.google.com/maps/search/?api=1&query=19.53666278,-99.15031158"
Boutique Xocoretta,Gustavo A. Madero,+52 56 3138 0000,ND,https://wa.me/525631380000,https://www.facebook.com/search/pages/?q=Boutique%20Xocoretta%20Gustavo%20A.%20Madero,"https://www.google.com/maps/search/?api=1&query=19.54382631,-99.13894067"
Casa Boutique,Gustavo A. Madero,+52 55 1791 7489,ND,https://wa.me/525517917489,https://www.facebook.com/search/pages/?q=Casa%20Boutique%20Gustavo%20A.%20Madero,"https://www.google.com/maps/search/?api=1&query=19.48936584,-99.06944977"
Clothing Shop Mf Venta De Ropa,Gustavo A. Madero,+52 55 3238 0467,ND,https://wa.me/525532380467,https://www.facebook.com/search/pages/?q=Clothing%20Shop%20Mf%20Venta%20De%20Ropa%20Gustavo%20A.%20Madero,"https://www.google.com/maps/search/?api=1&query=19.56032022,-99.13362249"
Drake Shop,Gustavo A. Madero,+52 56 1319 3384,ND,https://wa.me/525613193384,https://www.facebook.com/search/pages/?q=Drake%20Shop%20Gustavo%20A.%20Madero,"https://www.google.com/maps/search/?api=1&query=19.55194873,-99.13657033"
Ecomoda Maga,Gustavo A. Madero,+52 55 4905 3297,ND,https://wa.me/525549053297,https://www.facebook.com/search/pages/?q=Ecomoda%20Maga%20Gustavo%20A.%20Madero,"https://www.google.com/maps/search/?api=1&query=19.49927051,-99.07834441"
Jimmys Shop,Gustavo A. Madero,+52 55 1833 1936,ND,https://wa.me/525518331936,https://www.facebook.com/search/pages/?q=Jimmys%20Shop%20Gustavo%20A.%20Madero,"https://www.google.com/maps/search/?api=1&query=19.4915508,-99.07343739"
Katy Ber Boutique,Gustavo A. Madero,+52 55 5781 2673,ND,https://wa.me/525557812673,https://www.facebook.com/search/pages/?q=Katy%20Ber%20Boutique%20Gustavo%20A.%20Madero,"https://www.google.com/maps/search/?api=1&query=19.48893051,-99.1245478"
Libelulas Shop,Gustavo A. Madero,+52 55 1359 7668,ND,https://wa.me/525513597668,https://www.facebook.com/search/pages/?q=Libelulas%20Shop%20Gustavo%20A.%20Madero,"https://www.google.com/maps/search/?api=1&query=19.47577696,-99.11682183"
Lisam Boutique Venta De Ropa,Gustavo A. Madero,+52 55 4219 6133,ND,https://wa.me/525542196133,https://www.facebook.com/search/pages/?q=Lisam%20Boutique%20Venta%20De%20Ropa%20Gustavo%20A.%20Madero,"https://www.google.com/maps/search/?api=1&query=19.49828863,-99.12826829"
Majo Moda,Gustavo A. Madero,+52 55 5213 6146,ND,https://wa.me/525552136146,https://www.facebook.com/search/pages/?q=Majo%20Moda%20Gustavo%20A.%20Madero,"https://www.google.com/maps/search/?api=1&query=19.52969916,-99.155362"
Maras Boutique,Gustavo A. Madero,+52 52 5611 4587,ND,https://wa.me/525256114587,https://www.facebook.com/search/pages/?q=Maras%20Boutique%20Gustavo%20A.%20Madero,"https://www.google.com/maps/search/?api=1&query=19.50653486,-99.08961899"
Mili Boutique,Gustavo A. Madero,+52 55 7614 7190,ND,https://wa.me/525576147190,https://www.facebook.com/search/pages/?q=Mili%20Boutique%20Gustavo%20A.%20Madero,"https://www.google.com/maps/search/?api=1&query=19.50213651,-99.09638159"
Milumer Fashion,Gustavo A. Madero,+52 55 2113 2068,ND,https://wa.me/525521132068,https://www.facebook.com/search/pages/?q=Milumer%20Fashion%20Gustavo%20A.%20Madero,"https://www.google.com/maps/search/?api=1&query=19.56311359,-99.13980653"
Moda Actual Venta De Ropa,Gustavo A. Madero,+52 56 2037 8957,ND,https://wa.me/525620378957,https://www.facebook.com/search/pages/?q=Moda%20Actual%20Venta%20De%20Ropa%20Gustavo%20A.%20Madero,"https://www.google.com/maps/search/?api=1&query=19.45670864,-99.10419391"
Moda Victor,Gustavo A. Madero,+52 55 4272 7639,ND,https://wa.me/525542727639,https://www.facebook.com/search/pages/?q=Moda%20Victor%20Gustavo%20A.%20Madero,"https://www.google.com/maps/search/?api=1&query=19.46808345,-99.14006718"
Moda Y Estilo For J&B,Gustavo A. Madero,+52 55 3348 1331,ND,https://wa.me/525533481331,https://www.facebook.com/search/pages/?q=Moda%20Y%20Estilo%20For%20J%26B%20Gustavo%20A.%20Madero,"https://www.google.com/maps/search/?api=1&query=19.48934224,-99.13894114"
Modas L Y A,Gustavo A. Madero,+52 56 1183 2575,ND,https://wa.me/525611832575,https://www.facebook.com/search/pages/?q=Modas%20L%20Y%20A%20Gustavo%20A.%20Madero,"https://www.google.com/maps/search/?api=1&query=19.54791787,-99.13565883"
Onlyfashion - Estilo De Barrio,Gustavo A. Madero,+52 55 1698 3227,ND,https://wa.me/525516983227,https://www.facebook.com/search/pages/?q=Onlyfashion%20-%20Estilo%20De%20Barrio%20Gustavo%20A.%20Madero,"https://www.google.com/maps/search/?api=1&query=19.53056206,-99.1420197"
The Fashion Corner Boutique Para Hombre Y Mujer,Gustavo A. Madero,+52 55 8303 6459,ND,https://wa.me/525583036459,https://www.facebook.com/search/pages/?q=The%20Fashion%20Corner%20Boutique%20Para%20Hombre%20Y%20Mujer%20Gustavo%20A.%20Madero,"https://www.google.com/maps/search/?api=1&query=19.54474362,-99.14003229"
Tienda De Ropa Moda Dulce,Gustavo A. Madero,+52 55 2651 0879,ND,https://wa.me/525526510879,https://www.facebook.com/search/pages/?q=Tienda%20De%20Ropa%20Moda%20Dulce%20Gustavo%20A.%20Madero,"https://www.google.com/maps/search/?api=1&query=19.55579786,-99.13364187"
Tienda De Ropa Para Caballero Time Skate Shop,Gustavo A. Madero,+52 56 1419 1542,ND,https://wa.me/525614191542,https://www.facebook.com/search/pages/?q=Tienda%20De%20Ropa%20Para%20Caballero%20Time%20Skate%20Shop%20Gustavo%20A.%20Madero,"https://www.google.com/maps/search/?api=1&query=19.55489181,-99.13182599"
Tienda De Ropa Paty Fashion,Gustavo A. Madero,+52 55 1284 7811,ND,https://wa.me/525512847811,https://www.facebook.com/search/pages/?q=Tienda%20De%20Ropa%20Paty%20Fashion%20Gustavo%20A.%20Madero,"https://www.google.com/maps/search/?api=1&query=19.55715955,-99.13378512"
Tienda Fashion Store,Gustavo A. Madero,+52 55 9494 5973,ND,https://wa.me/525594945973,https://www.facebook.com/search/pages/?q=Tienda%20Fashion%20Store%20Gustavo%20A.%20Madero,"https://www.google.com/maps/search/?api=1&query=19.46674934,-99.132764"
Venta De Ropa Moda Actual,Gustavo A. Madero,+52 55 8822 9293,ND,https://wa.me/525588229293,https://www.facebook.com/search/pages/?q=Venta%20De%20Ropa%20Moda%20Actual%20Gustavo%20A.%20Madero,"https://www.google.com/maps/search/?api=1&query=19.56232079,-99.13964099"
Venta De Tenis Y Pantalones Para Hombre Y Mujer,Gustavo A. Madero,+52 56 1855 2573,ND,https://wa.me/525618552573,https://www.facebook.com/search/pages/?q=Venta%20De%20Tenis%20Y%20Pantalones%20Para%20Hombre%20Y%20Mujer%20Gustavo%20A.%20Madero,"https://www.google.com/maps/search/?api=1&query=19.49460648,-99.12148974"
Yassel Boutique De Ropa,Gustavo A. Madero,+52 55 2948 5110,ND,https://wa.me/525529485110,https://www.facebook.com/search/pages/?q=Yassel%20Boutique%20De%20Ropa%20Gustavo%20A.%20Madero,"https://www.google.com/maps/search/?api=1&query=19.48604886,-99.06945592"
Zee Moda,Gustavo A. Madero,+52 55 3313 5950,ND,https://wa.me/525533135950,https://www.facebook.com/search/pages/?q=Zee%20Moda%20Gustavo%20A.%20Madero,"https://www.google.com/maps/search/?api=1&query=19.48014404,-99.06501588"
Aimar Boutique,Iztacalco,+52 55 8817 5401,antonio_zony@hotmail.com,https://wa.me/525588175401,https://www.facebook.com/search/pages/?q=Aimar%20Boutique%20Iztacalco,"https://www.google.com/maps/search/?api=1&query=19.38282395,-99.06134673"
Boutique D Almis,Iztacalco,+52 55 3115 1147,alma_blusas@hotmail.com,https://wa.me/525531151147,https://www.facebook.com/search/pages/?q=Boutique%20D%20Almis%20Iztacalco,"https://www.google.com/maps/search/?api=1&query=19.39366701,-99.06815047"
Boutique Sato,Iztacalco,+52 55 4769 4220,sato.co@hotmail.com,https://wa.me/525547694220,https://www.facebook.com/search/pages/?q=Boutique%20Sato%20Iztacalco,"https://www.google.com/maps/search/?api=1&query=19.4012457,-99.13464651"
Iran Boutique,Iztacalco,+52 55 1912 9019,iaboytes@hotmail.com,https://wa.me/525519129019,https://www.facebook.com/search/pages/?q=Iran%20Boutique%20Iztacalco,"https://www.google.com/maps/search/?api=1&query=19.38381547,-99.12961814"
Moda Alternativa Lulynn,Iztacalco,+52 56 5020 6975,aylin.perez@lulynn.com.mx,https://wa.me/525650206975,https://www.facebook.com/search/pages/?q=Moda%20Alternativa%20Lulynn%20Iztacalco,"https://www.google.com/maps/search/?api=1&query=19.40364186,-99.12786656"
Boutique Besu,Iztacalco,+52 55 4059 0970,ND,https://wa.me/525540590970,https://www.facebook.com/search/pages/?q=Boutique%20Besu%20Iztacalco,"https://www.google.com/maps/search/?api=1&query=19.3882696,-99.1134911"
Boutique Curvy Shop,Iztacalco,+52 55 7371 0517,ND,https://wa.me/525573710517,https://www.facebook.com/search/pages/?q=Boutique%20Curvy%20Shop%20Iztacalco,"https://www.google.com/maps/search/?api=1&query=19.39136739,-99.07033968"
Boutique Kelly,Iztacalco,+52 55 2720 3464,ND,https://wa.me/525527203464,https://www.facebook.com/search/pages/?q=Boutique%20Kelly%20Iztacalco,"https://www.google.com/maps/search/?api=1&query=19.3962898,-99.08316417"
Boutique Ropa Dama,Iztacalco,+52 55 4198 4973,ND,https://wa.me/525541984973,https://www.facebook.com/search/pages/?q=Boutique%20Ropa%20Dama%20Iztacalco,"https://www.google.com/maps/search/?api=1&query=19.38650207,-99.06266132"
Boutique Santy,Iztacalco,+52 55 2235 2892,ND,https://wa.me/525522352892,https://www.facebook.com/search/pages/?q=Boutique%20Santy%20Iztacalco,"https://www.google.com/maps/search/?api=1&query=19.39489079,-99.07549725"
Fusion Jeans,Iztacalco,+52 56 2006 9495,ND,https://wa.me/525620069495,https://www.facebook.com/search/pages/?q=Fusion%20Jeans%20Iztacalco,"https://www.google.com/maps/search/?api=1&query=19.38432575,-99.10100897"
Moda Accesorios Luna,Iztacalco,+52 56 1032 0019,ND,https://wa.me/525610320019,https://www.facebook.com/search/pages/?q=Moda%20Accesorios%20Luna%20Iztacalco,"https://www.google.com/maps/search/?api=1&query=19.39943822,-99.09572067"
Modas Scarlet,Iztacalco,+52 55 9191 1610,ND,https://wa.me/525591911610,https://www.facebook.com/search/pages/?q=Modas%20Scarlet%20Iztacalco,"https://www.google.com/maps/search/?api=1&query=19.39522429,-99.11959918"
Tu Boutique,Iztacalco,+52 55 7360 6942,ND,https://wa.me/525573606942,https://www.facebook.com/search/pages/?q=Tu%20Boutique%20Iztacalco,"https://www.google.com/maps/search/?api=1&query=19.38795302,-99.07216982"
Barby Shop,Iztapalapa,+52 55 3875 0022,ND,https://wa.me/525538750022,https://WWW.BARBYSHOP.COM/,"https://www.google.com/maps/search/?api=1&query=19.34855301,-98.99808769"
Boutique Ashley,Iztapalapa,+52 56 1035 9504,nashleyc.232013@gmail.com,https://wa.me/525610359504,https://www.facebook.com/search/pages/?q=Boutique%20Ashley%20Iztapalapa,"https://www.google.com/maps/search/?api=1&query=19.32250055,-99.02827748"
Boutique Demagu,Iztapalapa,+52 55 3697 1690,demagu0710@gmail.com,https://wa.me/525536971690,https://www.facebook.com/search/pages/?q=Boutique%20Demagu%20Iztapalapa,"https://www.google.com/maps/search/?api=1&query=19.35919157,-99.08852104"
Boutique Estrella,Iztapalapa,+52 55 4757 7130,leroy.ignacio68@gmail.com,https://wa.me/525547577130,https://www.facebook.com/search/pages/?q=Boutique%20Estrella%20Iztapalapa,"https://www.google.com/maps/search/?api=1&query=19.34557648,-98.99842095"
Boutique Muzuctochtl,Iztapalapa,+52 55 1898 3244,neritoch@yahoo.com.mx,https://wa.me/525518983244,https://www.facebook.com/search/pages/?q=Boutique%20Muzuctochtl%20Iztapalapa,"https://www.google.com/maps/search/?api=1&query=19.36264838,-99.08700422"
Diosas Marcando Moda Y Estilo,Iztapalapa,+52 55 4474 9139,ignaciorangel440@gmail.com,https://wa.me/525544749139,https://www.facebook.com/search/pages/?q=Diosas%20Marcando%20Moda%20Y%20Estilo%20Iztapalapa,"https://www.google.com/maps/search/?api=1&query=19.33505358,-99.03245729"
Guachitos Boutique,Iztapalapa,+52 55 5067 0055,aquiahuatl_88@hotmail.com,https://wa.me/525550670055,https://www.facebook.com/search/pages/?q=Guachitos%20Boutique%20Iztapalapa,"https://www.google.com/maps/search/?api=1&query=19.35042797,-99.01099286"
Pikystore,Iztapalapa,+52 55 2045 3703,sandykmtapia9726@gmail.com,https://wa.me/525520453703,https://www.facebook.com/search/pages/?q=Pikystore%20Iztapalapa,"https://www.google.com/maps/search/?api=1&query=19.32964899,-99.02041539"
Ropa Malany Fashion Outfit,Iztapalapa,+52 55 7798 3941,vilvhis1203@gmail.com,https://wa.me/525577983941,https://www.facebook.com/search/pages/?q=Ropa%20Malany%20Fashion%20Outfit%20Iztapalapa,"https://www.google.com/maps/search/?api=1&query=19.29113703,-99.06685053"
Tienda De Ropa De Mujer Gersone Jeans,Iztapalapa,+52 55 3511 5620,bichgael73@gmail.com,https://wa.me/525535115620,https://www.facebook.com/search/pages/?q=Tienda%20De%20Ropa%20De%20Mujer%20Gersone%20Jeans%20Iztapalapa,"https://www.google.com/maps/search/?api=1&query=19.35883575,-99.12176323"
Articulos De Importacion Estilo Importado,Iztapalapa,+52 55 9164 7525,ND,https://wa.me/525591647525,https://www.facebook.com/search/pages/?q=Articulos%20De%20Importacion%20Estilo%20Importado%20Iztapalapa,"https://www.google.com/maps/search/?api=1&query=19.35328405,-99.02270045"
Bety Boop Boutique,Iztapalapa,+52 55 6141 5263,ND,https://wa.me/525561415263,https://www.facebook.com/search/pages/?q=Bety%20Boop%20Boutique%20Iztapalapa,"https://www.google.com/maps/search/?api=1&query=19.34878626,-99.02227337"
Boutique Adictas A La Moda,Iztapalapa,+52 55 2311 8113,ND,https://wa.me/525523118113,https://www.facebook.com/search/pages/?q=Boutique%20Adictas%20A%20La%20Moda%20Iztapalapa,"https://www.google.com/maps/search/?api=1&query=19.35260627,-99.02483961"
Boutique Alband,Iztapalapa,+52 55 5183 5244,ND,https://wa.me/525551835244,https://www.facebook.com/search/pages/?q=Boutique%20Alband%20Iztapalapa,"https://www.google.com/maps/search/?api=1&query=19.34077353,-99.02433033"
Boutique Alexis,Iztapalapa,+52 55 3710 5517,ND,https://wa.me/525537105517,https://www.facebook.com/search/pages/?q=Boutique%20Alexis%20Iztapalapa,"https://www.google.com/maps/search/?api=1&query=19.34121635,-99.00726778"
Boutique Algo Bonito,Iztapalapa,+52 56 2459 1132,ND,https://wa.me/525624591132,https://www.facebook.com/search/pages/?q=Boutique%20Algo%20Bonito%20Iztapalapa,"https://www.google.com/maps/search/?api=1&query=19.36014501,-99.00783438"
Boutique Angel,Iztapalapa,+52 55 8471 8447,ND,https://wa.me/525584718447,https://www.facebook.com/search/pages/?q=Boutique%20Angel%20Iztapalapa,"https://www.google.com/maps/search/?api=1&query=19.32895172,-99.0217723"
Boutique Angie,Iztapalapa,+52 55 6163 7599,ND,https://wa.me/525561637599,https://www.facebook.com/search/pages/?q=Boutique%20Angie%20Iztapalapa,"https://www.google.com/maps/search/?api=1&query=19.32842444,-99.02078864"
Boutique Angye,Iztapalapa,+52 55 4752 1441,ND,https://wa.me/525547521441,https://www.facebook.com/search/pages/?q=Boutique%20Angye%20Iztapalapa,"https://www.google.com/maps/search/?api=1&query=19.32373087,-99.04168154"
Boutique Ari,Iztapalapa,+52 56 3101 9017,ND,https://wa.me/525631019017,https://www.facebook.com/search/pages/?q=Boutique%20Ari%20Iztapalapa,"https://www.google.com/maps/search/?api=1&query=19.3149742,-99.04778083"
Boutique Ay Caramba,Iztapalapa,+52 56 1258 9159,ND,https://wa.me/525612589159,https://www.facebook.com/search/pages/?q=Boutique%20Ay%20Caramba%20Iztapalapa,"https://www.google.com/maps/search/?api=1&query=19.35928315,-99.00716619"
Boutique Bell Bell,Iztapalapa,+52 56 1705 6042,ND,https://wa.me/525617056042,https://www.facebook.com/search/pages/?q=Boutique%20Bell%20Bell%20Iztapalapa,"https://www.google.com/maps/search/?api=1&query=19.33791657,-99.05932229"
Boutique Clothes Shop,Iztapalapa,+52 55 2862 1990,ND,https://wa.me/525528621990,https://www.facebook.com/search/pages/?q=Boutique%20Clothes%20Shop%20Iztapalapa,"https://www.google.com/maps/search/?api=1&query=19.35179904,-99.05581096"
Boutique Cls Shop,Iztapalapa,+52 56 3269 7803,ND,https://wa.me/525632697803,https://www.facebook.com/search/pages/?q=Boutique%20Cls%20Shop%20Iztapalapa,"https://www.google.com/maps/search/?api=1&query=19.33830604,-99.00609561"
Boutique Coralillo Wester,Iztapalapa,+52 55 1385 8292,ND,https://wa.me/525513858292,https://www.facebook.com/search/pages/?q=Boutique%20Coralillo%20Wester%20Iztapalapa,"https://www.google.com/maps/search/?api=1&query=19.32729791,-99.10360321"
Boutique De Ropa Gape,Iztapalapa,+52 55 3741 8453,ND,https://wa.me/525537418453,https://www.facebook.com/search/pages/?q=Boutique%20De%20Ropa%20Gape%20Iztapalapa,"https://www.google.com/maps/search/?api=1&query=19.34171712,-98.98531308"
Boutique De Ropa Kisefrogss,Iztapalapa,+52 55 8092 4975,ND,https://wa.me/525580924975,https://www.facebook.com/search/pages/?q=Boutique%20De%20Ropa%20Kisefrogss%20Iztapalapa,"https://www.google.com/maps/search/?api=1&query=19.38265437,-99.06329411"
Boutique De Ropa Male,Iztapalapa,+52 55 6765 9293,ND,https://wa.me/525567659293,https://www.facebook.com/search/pages/?q=Boutique%20De%20Ropa%20Male%20Iztapalapa,"https://www.google.com/maps/search/?api=1&query=19.35378169,-99.06453826"
Boutique De Ropa Moda Magica,Iztapalapa,+52 55 2302 9392,ND,https://wa.me/525523029392,https://www.facebook.com/search/pages/?q=Boutique%20De%20Ropa%20Moda%20Magica%20Iztapalapa,"https://www.google.com/maps/search/?api=1&query=19.34048971,-98.98587227"
Boutique De Ropa Nancy,Iztapalapa,+52 55 2028 6228,ND,https://wa.me/525520286228,https://www.facebook.com/search/pages/?q=Boutique%20De%20Ropa%20Nancy%20Iztapalapa,"https://www.google.com/maps/search/?api=1&query=19.32013929,-99.04760402"
Boutique De Ropa Sonia,Iztapalapa,+52 55 1758 3607,ND,https://wa.me/525517583607,https://www.facebook.com/search/pages/?q=Boutique%20De%20Ropa%20Sonia%20Iztapalapa,"https://www.google.com/maps/search/?api=1&query=19.33171618,-99.09432197"
Boutique Dian,Iztapalapa,+52 55 8360 2647,ND,https://wa.me/525583602647,https://www.facebook.com/search/pages/?q=Boutique%20Dian%20Iztapalapa,"https://www.google.com/maps/search/?api=1&query=19.34047394,-99.00689198"
Boutique Edgardito,Iztapalapa,+52 55 4451 7895,ND,https://wa.me/525544517895,https://www.facebook.com/search/pages/?q=Boutique%20Edgardito%20Iztapalapa,"https://www.google.com/maps/search/?api=1&query=19.29566858,-99.07592693"
Boutique Eli,Iztapalapa,+52 55 6791 7321,ND,https://wa.me/525567917321,https://www.facebook.com/search/pages/?q=Boutique%20Eli%20Iztapalapa,"https://www.google.com/maps/search/?api=1&query=19.34542654,-99.0100814"
Boutique Emelin,Iztapalapa,+52 55 1272 6369,ND,https://wa.me/525512726369,https://www.facebook.com/search/pages/?q=Boutique%20Emelin%20Iztapalapa,"https://www.google.com/maps/search/?api=1&query=19.33770269,-99.01670786"
Boutique Evolution,Iztapalapa,+52 55 6462 3951,ND,https://wa.me/525564623951,https://www.facebook.com/search/pages/?q=Boutique%20Evolution%20Iztapalapa,"https://www.google.com/maps/search/?api=1&query=19.34209938,-98.98895133"
Boutique Extravaganza,Iztapalapa,+52 55 3378 2121,ND,https://wa.me/525533782121,https://www.facebook.com/search/pages/?q=Boutique%20Extravaganza%20Iztapalapa,"https://www.google.com/maps/search/?api=1&query=19.34563855,-98.99916126"
Boutique Fani,Iztapalapa,+52 55 5465 5904,ND,https://wa.me/525554655904,https://www.facebook.com/search/pages/?q=Boutique%20Fani%20Iztapalapa,"https://www.google.com/maps/search/?api=1&query=19.32996479,-99.05836123"
Boutique Fanny,Iztapalapa,+52 55 1295 1470,ND,https://wa.me/525512951470,https://www.facebook.com/search/pages/?q=Boutique%20Fanny%20Iztapalapa,"https://www.google.com/maps/search/?api=1&query=19.34246705,-99.02254891"
Boutique Fashion,Iztapalapa,+52 55 8404 9512,ND,https://wa.me/525584049512,https://www.facebook.com/search/pages/?q=Boutique%20Fashion%20Iztapalapa,"https://www.google.com/maps/search/?api=1&query=19.33738935,-99.01154247"
Boutique Fashion Royal,Iztapalapa,+52 56 3492 2021,ND,https://wa.me/525634922021,https://www.facebook.com/search/pages/?q=Boutique%20Fashion%20Royal%20Iztapalapa,"https://www.google.com/maps/search/?api=1&query=19.35223373,-99.01050358"
Boutique Francis,Iztapalapa,+52 55 7695 3063,ND,https://wa.me/525576953063,https://www.facebook.com/search/pages/?q=Boutique%20Francis%20Iztapalapa,"https://www.google.com/maps/search/?api=1&query=19.34769611,-98.99048828"
Boutique Frida,Iztapalapa,+52 55 8186 9702,ND,https://wa.me/525581869702,https://www.facebook.com/search/pages/?q=Boutique%20Frida%20Iztapalapa,"https://www.google.com/maps/search/?api=1&query=19.36169942,-99.01837889"
Boutique Guille,Iztapalapa,+52 55 6627 6510,ND,https://wa.me/525566276510,https://www.facebook.com/search/pages/?q=Boutique%20Guille%20Iztapalapa,"https://www.google.com/maps/search/?api=1&query=19.37410689,-99.00637432"
Boutique Honey,Iztapalapa,+52 55 6699 6593,ND,https://wa.me/525566996593,https://www.facebook.com/search/pages/?q=Boutique%20Honey%20Iztapalapa,"https://www.google.com/maps/search/?api=1&query=19.37410689,-99.00637432"
Boutique Imperio,Iztapalapa,+52 55 7041 7188,ND,https://wa.me/525570417188,https://www.facebook.com/search/pages/?q=Boutique%20Imperio%20Iztapalapa,"https://www.google.com/maps/search/?api=1&query=19.33170957,-99.01179177"
Boutique Isabel Vargas,Iztapalapa,+52 55 6891 8523,ND,https://wa.me/525568918523,https://www.facebook.com/search/pages/?q=Boutique%20Isabel%20Vargas%20Iztapalapa,"https://www.google.com/maps/search/?api=1&query=19.34302518,-99.02211167"
Boutique Jaque Jess,Iztapalapa,+52 55 7835 5563,ND,https://wa.me/525578355563,https://www.facebook.com/search/pages/?q=Boutique%20Jaque%20Jess%20Iztapalapa,"https://www.google.com/maps/search/?api=1&query=19.32740873,-99.03704864"
Boutique Josephine,Iztapalapa,+52 55 3977 8600,ND,https://wa.me/525539778600,https://www.facebook.com/search/pages/?q=Boutique%20Josephine%20Iztapalapa,"https://www.google.com/maps/search/?api=1&query=19.34308263,-98.98959253"
Boutique K M,Iztapalapa,+52 55 1609 8679,ND,https://wa.me/525516098679,https://www.facebook.com/search/pages/?q=Boutique%20K%20M%20Iztapalapa,"https://www.google.com/maps/search/?api=1&query=19.3507967,-99.009715"
Boutique K-Shao,Iztapalapa,+52 56 3816 7065,ND,https://wa.me/525638167065,https://www.facebook.com/search/pages/?q=Boutique%20K-Shao%20Iztapalapa,"https://www.google.com/maps/search/?api=1&query=19.33864993,-99.00612478"
Boutique Karina,Iztapalapa,+52 56 1893 0856,ND,https://wa.me/525618930856,https://www.facebook.com/search/pages/?q=Boutique%20Karina%20Iztapalapa,"https://www.google.com/maps/search/?api=1&query=19.34395796,-99.00817623"
Boutique Karlita,Iztapalapa,+52 55 6503 4450,ND,https://wa.me/525565034450,https://www.facebook.com/search/pages/?q=Boutique%20Karlita%20Iztapalapa,"https://www.google.com/maps/search/?api=1&query=19.33998001,-99.00487787"
Boutique La China,Iztapalapa,+52 56 0232 4910,ND,https://wa.me/525602324910,https://www.facebook.com/search/pages/?q=Boutique%20La%20China%20Iztapalapa,"https://www.google.com/maps/search/?api=1&query=19.31585776,-99.06046737"
Boutique La China,Iztapalapa,+52 55 4083 9751,ND,https://wa.me/525540839751,https://www.facebook.com/search/pages/?q=Boutique%20La%20China%20Iztapalapa,"https://www.google.com/maps/search/?api=1&query=19.32832764,-99.04353646"
Boutique La Poletiña,Iztapalapa,+52 55 6507 3759,ND,https://wa.me/525565073759,https://www.facebook.com/search/pages/?q=Boutique%20La%20Poletiña%20Iztapalapa,"https://www.google.com/maps/search/?api=1&query=19.38727861,-99.07980925"
Boutique Lady Fashion,Iztapalapa,+52 56 2416 2759,ND,https://wa.me/525624162759,https://www.facebook.com/search/pages/?q=Boutique%20Lady%20Fashion%20Iztapalapa,"https://www.google.com/maps/search/?api=1&query=19.33449517,-99.08004008"
Boutique Las Princesas,Iztapalapa,+52 55 3814 8257,ND,https://wa.me/525538148257,https://www.facebook.com/search/pages/?q=Boutique%20Las%20Princesas%20Iztapalapa,"https://www.google.com/maps/search/?api=1&query=19.30362193,-99.08529731"
Boutique Liz,Iztapalapa,+52 55 1349 2416,ND,https://wa.me/525513492416,https://www.facebook.com/search/pages/?q=Boutique%20Liz%20Iztapalapa,"https://www.google.com/maps/search/?api=1&query=19.33435267,-99.02957635"
Boutique Luz Serch,Iztapalapa,+52 55 8036 2947,ND,https://wa.me/525580362947,https://www.facebook.com/search/pages/?q=Boutique%20Luz%20Serch%20Iztapalapa,"https://www.google.com/maps/search/?api=1&query=19.34804609,-99.01645195"
Boutique Maria Isabel,Iztapalapa,+52 55 1272 8581,ND,https://wa.me/525512728581,https://www.facebook.com/search/pages/?q=Boutique%20Maria%20Isabel%20Iztapalapa,"https://www.google.com/maps/search/?api=1&query=19.34219998,-99.00916389"
Boutique Mary,Iztapalapa,+52 55 5190 3162,ND,https://wa.me/525551903162,https://www.facebook.com/search/pages/?q=Boutique%20Mary%20Iztapalapa,"https://www.google.com/maps/search/?api=1&query=19.36060628,-99.0159918"
Boutique Meiliy,Iztapalapa,+52 55 6696 3452,ND,https://wa.me/525566963452,https://www.facebook.com/search/pages/?q=Boutique%20Meiliy%20Iztapalapa,"https://www.google.com/maps/search/?api=1&query=19.31666558,-99.04553971"
Boutique Mery,Iztapalapa,+52 22 1793 1154,ND,https://wa.me/522217931154,https://www.facebook.com/search/pages/?q=Boutique%20Mery%20Iztapalapa,"https://www.google.com/maps/search/?api=1&query=19.34426328,-99.01167069"
Boutique Michelle Pink,Iztapalapa,+52 55 2138 9813,ND,https://wa.me/525521389813,https://www.facebook.com/search/pages/?q=Boutique%20Michelle%20Pink%20Iztapalapa,"https://www.google.com/maps/search/?api=1&query=19.36030788,-99.09416769"
Boutique Mika,Iztapalapa,+52 55 6812 8069,ND,https://wa.me/525568128069,https://www.facebook.com/search/pages/?q=Boutique%20Mika%20Iztapalapa,"https://www.google.com/maps/search/?api=1&query=19.33788145,-99.00501634"
Boutique Mini,Iztapalapa,+52 55 8332 7424,ND,https://wa.me/525583327424,https://www.facebook.com/search/pages/?q=Boutique%20Mini%20Iztapalapa,"https://www.google.com/maps/search/?api=1&query=19.34451029,-99.02074727"
Boutique Moik,Iztapalapa,+52 56 1174 8410,ND,https://wa.me/525611748410,https://www.facebook.com/search/pages/?q=Boutique%20Moik%20Iztapalapa,"https://www.google.com/maps/search/?api=1&query=19.34778458,-99.01872712"
Boutique My Style,Iztapalapa,+52 55 5167 4783,ND,https://wa.me/525551674783,https://www.facebook.com/search/pages/?q=Boutique%20My%20Style%20Iztapalapa,"https://www.google.com/maps/search/?api=1&query=19.33366086,-99.03729583"
Boutique Nicole Shop,Iztapalapa,+52 55 3493 8542,ND,https://wa.me/525534938542,https://www.facebook.com/search/pages/?q=Boutique%20Nicole%20Shop%20Iztapalapa,"https://www.google.com/maps/search/?api=1&query=19.35267094,-98.99601803"
Boutique Nilo,Iztapalapa,+52 56 1704 5037,ND,https://wa.me/525617045037,https://www.facebook.com/search/pages/?q=Boutique%20Nilo%20Iztapalapa,"https://www.google.com/maps/search/?api=1&query=19.31657015,-99.06294612"
Boutique Princes Venta De Ropa Y Accesorios,Iztapalapa,+52 56 1394 5904,ND,https://wa.me/525613945904,https://www.facebook.com/search/pages/?q=Boutique%20Princes%20Venta%20De%20Ropa%20Y%20Accesorios%20Iztapalapa,"https://www.google.com/maps/search/?api=1&query=19.32772216,-98.97550939"
Boutique Princesas,Iztapalapa,+52 55 4057 3147,ND,https://wa.me/525540573147,https://www.facebook.com/search/pages/?q=Boutique%20Princesas%20Iztapalapa,"https://www.google.com/maps/search/?api=1&query=19.39224457,-99.04426442"
Boutique Ramirez,Iztapalapa,+52 55 8037 6896,ND,https://wa.me/525580376896,https://www.facebook.com/search/pages/?q=Boutique%20Ramirez%20Iztapalapa,"https://www.google.com/maps/search/?api=1&query=19.29921926,-99.07450304"
Boutique Regina,Iztapalapa,+52 55 7351 4729,ND,https://wa.me/525573514729,https://www.facebook.com/search/pages/?q=Boutique%20Regina%20Iztapalapa,"https://www.google.com/maps/search/?api=1&query=19.36291026,-99.01737607"
Boutique Rene,Iztapalapa,+52 55 2050 9553,ND,https://wa.me/525520509553,https://www.facebook.com/search/pages/?q=Boutique%20Rene%20Iztapalapa,"https://www.google.com/maps/search/?api=1&query=19.31750872,-99.04569396"
Boutique Romuick,Iztapalapa,+52 55 2496 7930,ND,https://wa.me/525524967930,https://www.facebook.com/search/pages/?q=Boutique%20Romuick%20Iztapalapa,"https://www.google.com/maps/search/?api=1&query=19.35070852,-99.02288148"
Boutique Roqueta,Iztapalapa,+52 55 8604 9498,ND,https://wa.me/525586049498,https://www.facebook.com/search/pages/?q=Boutique%20Roqueta%20Iztapalapa,"https://www.google.com/maps/search/?api=1&query=19.36167526,-98.99677454"
Boutique Rosita,Iztapalapa,+52 55 5034 0901,ND,https://wa.me/525550340901,https://www.facebook.com/search/pages/?q=Boutique%20Rosita%20Iztapalapa,"https://www.google.com/maps/search/?api=1&query=19.32411301,-99.04279023"
Boutique Roxys,Iztapalapa,+52 55 3934 3918,ND,https://wa.me/525539343918,https://www.facebook.com/search/pages/?q=Boutique%20Roxys%20Iztapalapa,"https://www.google.com/maps/search/?api=1&query=19.34325034,-99.02240597"
Boutique Rs,Iztapalapa,+52 56 1647 4545,ND,https://wa.me/525616474545,https://www.facebook.com/search/pages/?q=Boutique%20Rs%20Iztapalapa,"https://www.google.com/maps/search/?api=1&query=19.33648719,-99.04277574"
Boutique Ruby,Iztapalapa,+52 55 4029 2785,ND,https://wa.me/525540292785,https://www.facebook.com/search/pages/?q=Boutique%20Ruby%20Iztapalapa,"https://www.google.com/maps/search/?api=1&query=19.35460025,-99.02441596"
Boutique Sandy And Lety,Iztapalapa,+52 55 6316 1140,ND,https://wa.me/525563161140,https://www.facebook.com/search/pages/?q=Boutique%20Sandy%20And%20Lety%20Iztapalapa,"https://www.google.com/maps/search/?api=1&query=19.31662858,-99.05969333"
Boutique Sc,Iztapalapa,+52 55 7492 8450,ND,https://wa.me/525574928450,https://www.facebook.com/search/pages/?q=Boutique%20Sc%20Iztapalapa,"https://www.google.com/maps/search/?api=1&query=19.34722973,-98.98856118"
Boutique Serendipiti,Iztapalapa,+52 55 6633 8770,ND,https://wa.me/525566338770,https://www.facebook.com/search/pages/?q=Boutique%20Serendipiti%20Iztapalapa,"https://www.google.com/maps/search/?api=1&query=19.34022672,-99.01931876"
Boutique Susy,Iztapalapa,+52 55 7925 3339,ND,https://wa.me/525579253339,https://www.facebook.com/search/pages/?q=Boutique%20Susy%20Iztapalapa,"https://www.google.com/maps/search/?api=1&query=19.34793987,-99.08138416"
Boutique Tres Princesas,Iztapalapa,+52 55 9488 3237,ND,https://wa.me/525594883237,https://www.facebook.com/search/pages/?q=Boutique%20Tres%20Princesas%20Iztapalapa,"https://www.google.com/maps/search/?api=1&query=19.33707235,-99.01556898"
Boutique Xanna,Iztapalapa,+52 55 2108 1529,ND,https://wa.me/525521081529,https://www.facebook.com/search/pages/?q=Boutique%20Xanna%20Iztapalapa,"https://www.google.com/maps/search/?api=1&query=19.37625917,-99.03695791"
Boutique Y Accesorios Valentina,Iztapalapa,+52 55 3384 7570,ND,https://wa.me/525533847570,https://www.facebook.com/search/pages/?q=Boutique%20Y%20Accesorios%20Valentina%20Iztapalapa,"https://www.google.com/maps/search/?api=1&query=19.34030324,-99.02908637"
Boutique Yarazet,Iztapalapa,+52 55 2508 7235,ND,https://wa.me/525525087235,https://www.facebook.com/search/pages/?q=Boutique%20Yarazet%20Iztapalapa,"https://www.google.com/maps/search/?api=1&query=19.31066709,-99.07136869"
Boutique Yareth,Iztapalapa,+52 56 1743 7055,ND,https://wa.me/525617437055,https://www.facebook.com/search/pages/?q=Boutique%20Yareth%20Iztapalapa,"https://www.google.com/maps/search/?api=1&query=19.28628012,-99.06782102"
Condado Jeans,Iztapalapa,+52 55 5600 3660,ND,https://wa.me/525556003660,https://www.facebook.com/search/pages/?q=Condado%20Jeans%20Iztapalapa,"https://www.google.com/maps/search/?api=1&query=19.37686551,-99.09661302"
Crowing Up Jeans Y Shirt,Iztapalapa,+52 55 1552 9298,ND,https://wa.me/525515529298,https://www.facebook.com/search/pages/?q=Crowing%20Up%20Jeans%20Y%20Shirt%20Iztapalapa,"https://www.google.com/maps/search/?api=1&query=19.36556723,-99.00547313"
Curvy Shop,Iztapalapa,+52 55 8412 5700,ND,https://wa.me/525584125700,https://www.facebook.com/search/pages/?q=Curvy%20Shop%20Iztapalapa,"https://www.google.com/maps/search/?api=1&query=19.350066,-99.01075271"
Estetica Dalivy Store,Iztapalapa,+52 55 3706 3290,ND,https://wa.me/525537063290,https://www.facebook.com/search/pages/?q=Estetica%20Dalivy%20Store%20Iztapalapa,"https://www.google.com/maps/search/?api=1&query=19.34762513,-99.07655824"
Gamly Shop,Iztapalapa,+52 55 6193 7808,ND,https://wa.me/525561937808,https://www.facebook.com/search/pages/?q=Gamly%20Shop%20Iztapalapa,"https://www.google.com/maps/search/?api=1&query=19.30697269,-99.08469051"
Id Boutique,Iztapalapa,+52 55 2590 6310,ND,https://wa.me/525525906310,https://www.facebook.com/search/pages/?q=Id%20Boutique%20Iztapalapa,"https://www.google.com/maps/search/?api=1&query=19.36120088,-99.1152272"
Jaap Boutique,Iztapalapa,+52 55 3493 3986,ND,https://wa.me/525534933986,https://www.facebook.com/search/pages/?q=Jaap%20Boutique%20Iztapalapa,"https://www.google.com/maps/search/?api=1&query=19.37852201,-99.12023577"
Jessica S Boutique,Iztapalapa,+52 55 7887 1500,ND,https://wa.me/525578871500,https://www.facebook.com/search/pages/?q=Jessica%20S%20Boutique%20Iztapalapa,"https://www.google.com/maps/search/?api=1&query=19.30279239,-99.08401629"
Knps Boutique,Iztapalapa,+52 55 6587 0152,ND,https://wa.me/525565870152,https://www.facebook.com/search/pages/?q=Knps%20Boutique%20Iztapalapa,"https://www.google.com/maps/search/?api=1&query=19.37410689,-99.00637432"
Kongg Store,Iztapalapa,+52 56 1165 8073,ND,https://wa.me/525611658073,https://www.facebook.com/search/pages/?q=Kongg%20Store%20Iztapalapa,"https://www.google.com/maps/search/?api=1&query=19.35644547,-98.99715019"
La Boutique,Iztapalapa,+52 55 8219 5209,ND,https://wa.me/525582195209,https://www.facebook.com/search/pages/?q=La%20Boutique%20Iztapalapa,"https://www.google.com/maps/search/?api=1&query=19.33680947,-99.0012301"
Lili Boutique,Iztapalapa,+52 55 3042 2010,ND,https://wa.me/525530422010,https://www.facebook.com/search/pages/?q=Lili%20Boutique%20Iztapalapa,"https://www.google.com/maps/search/?api=1&query=19.34035186,-99.02277982"
Love Boutique,Iztapalapa,+52 55 1505 7496,ND,https://wa.me/525515057496,https://www.facebook.com/search/pages/?q=Love%20Boutique%20Iztapalapa,"https://www.google.com/maps/search/?api=1&query=19.34886735,-99.01156385"
Meraki Boutique,Iztapalapa,+52 55 3112 9512,ND,https://wa.me/525531129512,https://www.facebook.com/search/pages/?q=Meraki%20Boutique%20Iztapalapa,"https://www.google.com/maps/search/?api=1&query=19.31584903,-99.06933032"
Mezclilla Tavo S,Iztapalapa,+52 55 1298 6506,ND,https://wa.me/525512986506,https://www.facebook.com/search/pages/?q=Mezclilla%20Tavo%20S%20Iztapalapa,"https://www.google.com/maps/search/?api=1&query=19.29113703,-99.06685053"
Moda Urbana,Iztapalapa,+52 56 2475 8843,ND,https://wa.me/525624758843,https://www.facebook.com/search/pages/?q=Moda%20Urbana%20Iztapalapa,"https://www.google.com/maps/search/?api=1&query=19.31706329,-99.07425606"
Modas Anti,Iztapalapa,+52 55 8026 2566,ND,https://wa.me/525580262566,https://www.facebook.com/search/pages/?q=Modas%20Anti%20Iztapalapa,"https://www.google.com/maps/search/?api=1&query=19.34535372,-99.0071669"
Modas Monse Ii,Iztapalapa,+52 55 5850 4789,ND,https://wa.me/525558504789,https://www.facebook.com/search/pages/?q=Modas%20Monse%20Ii%20Iztapalapa,"https://www.google.com/maps/search/?api=1&query=19.31079328,-99.06990934"
Nanstyle,Iztapalapa,+52 55 3728 3380,ND,https://wa.me/525537283380,https://www.facebook.com/search/pages/?q=Nanstyle%20Iztapalapa,"https://www.google.com/maps/search/?api=1&query=19.31105757,-99.07257332"
Puesto Todo Rock Shop,Iztapalapa,+52 77 6767 1764,ND,https://wa.me/527767671764,https://www.facebook.com/search/pages/?q=Puesto%20Todo%20Rock%20Shop%20Iztapalapa,"https://www.google.com/maps/search/?api=1&query=19.35053221,-99.0750617"
Rexina Boutique,Iztapalapa,+52 55 4526 8624,ND,https://wa.me/525545268624,https://www.facebook.com/search/pages/?q=Rexina%20Boutique%20Iztapalapa,"https://www.google.com/maps/search/?api=1&query=19.39471652,-99.04971632"
Ropa De Moda. Venta De Ropa,Iztapalapa,+52 56 1472 3292,ND,https://wa.me/525614723292,https://www.facebook.com/search/pages/?q=Ropa%20De%20Moda.%20Venta%20De%20Ropa%20Iztapalapa,"https://www.google.com/maps/search/?api=1&query=19.37519122,-99.00538478"
Shopping,Iztapalapa,+52 55 2839 9169,ND,https://wa.me/525528399169,https://www.facebook.com/search/pages/?q=Shopping%20Iztapalapa,"https://www.google.com/maps/search/?api=1&query=19.33476324,-99.02123434"
The Closet,Iztapalapa,+52 55 2701 3123,ND,https://wa.me/525527013123,https://www.facebook.com/search/pages/?q=The%20Closet%20Iztapalapa,"https://www.google.com/maps/search/?api=1&query=19.36507179,-99.11160634"
Tienda De Ropa Am Fashion,Iztapalapa,+52 55 6129 8108,ND,https://wa.me/525561298108,https://www.facebook.com/search/pages/?q=Tienda%20De%20Ropa%20Am%20Fashion%20Iztapalapa,"https://www.google.com/maps/search/?api=1&query=19.3107976,-99.07062102"
Tienda De Ropa Boutique Vero,Iztapalapa,+52 55 4956 6401,ND,https://wa.me/525549566401,https://www.facebook.com/search/pages/?q=Tienda%20De%20Ropa%20Boutique%20Vero%20Iztapalapa,"https://www.google.com/maps/search/?api=1&query=19.34183187,-99.01894419"
Tienda De Ropa De Moda,Iztapalapa,+52 55 3422 0401,ND,https://wa.me/525534220401,https://www.facebook.com/search/pages/?q=Tienda%20De%20Ropa%20De%20Moda%20Iztapalapa,"https://www.google.com/maps/search/?api=1&query=19.31649687,-99.07307197"
Tienda De Ropa Leboutique,Iztapalapa,+52 55 5832 7332,ND,https://wa.me/525558327332,https://www.facebook.com/search/pages/?q=Tienda%20De%20Ropa%20Leboutique%20Iztapalapa,"https://www.google.com/maps/search/?api=1&query=19.35192151,-99.00298561"
Tienda De Ropa Modas Mishel,Iztapalapa,+52 55 2761 0339,ND,https://wa.me/525527610339,https://www.facebook.com/search/pages/?q=Tienda%20De%20Ropa%20Modas%20Mishel%20Iztapalapa,"https://www.google.com/maps/search/?api=1&query=19.34503138,-99.00913552"
Tienda De Ropa Modas Renata,Iztapalapa,+52 56 1133 3492,ND,https://wa.me/525611333492,https://www.facebook.com/search/pages/?q=Tienda%20De%20Ropa%20Modas%20Renata%20Iztapalapa,"https://www.google.com/maps/search/?api=1&query=19.34403987,-99.00592077"
Tienda De Ropa Pantalones Cristobal,Iztapalapa,+52 55 6319 4648,ND,https://wa.me/525563194648,https://www.facebook.com/search/pages/?q=Tienda%20De%20Ropa%20Pantalones%20Cristobal%20Iztapalapa,"https://www.google.com/maps/search/?api=1&query=19.36077491,-99.0915031"
Tienda De Ropa Plater Store,Iztapalapa,+52 55 3569 4601,ND,https://wa.me/525535694601,https://www.facebook.com/search/pages/?q=Tienda%20De%20Ropa%20Plater%20Store%20Iztapalapa,"https://www.google.com/maps/search/?api=1&query=19.33342349,-99.02573336"
Todo Para El Vaquero,Iztapalapa,+52 55 3022 6271,ND,https://wa.me/525530226271,https://www.facebook.com/search/pages/?q=Todo%20Para%20El%20Vaquero%20Iztapalapa,"https://www.google.com/maps/search/?api=1&query=19.31150043,-99.06992438"
Venta De Ropa Boutique Central,Iztapalapa,+52 55 6125 2386,ND,https://wa.me/525561252386,https://www.facebook.com/search/pages/?q=Venta%20De%20Ropa%20Boutique%20Central%20Iztapalapa,"https://www.google.com/maps/search/?api=1&query=19.36840496,-99.09486679"
Venta De Ropa Boutique Lunites Shop,Iztapalapa,+52 55 4470 4839,ND,https://wa.me/525544704839,https://www.facebook.com/search/pages/?q=Venta%20De%20Ropa%20Boutique%20Lunites%20Shop%20Iztapalapa,"https://www.google.com/maps/search/?api=1&query=19.33539732,-99.08042947"
Venta De Ropa L Style,Iztapalapa,+52 55 4047 2433,ND,https://wa.me/525540472433,https://www.facebook.com/search/pages/?q=Venta%20De%20Ropa%20L%20Style%20Iztapalapa,"https://www.google.com/maps/search/?api=1&query=19.34941026,-99.06614591"
Venta De Ropa Modas Jade,Iztapalapa,+52 56 1418 7715,ND,https://wa.me/525614187715,https://www.facebook.com/search/pages/?q=Venta%20De%20Ropa%20Modas%20Jade%20Iztapalapa,"https://www.google.com/maps/search/?api=1&query=19.33403191,-99.04281504"
Verde Boutique,Iztapalapa,+52 55 1821 7616,ND,https://wa.me/525518217616,https://www.facebook.com/search/pages/?q=Verde%20Boutique%20Iztapalapa,"https://www.google.com/maps/search/?api=1&query=19.31799978,-99.06228384"
Zaras Boutique,Iztapalapa,+52 55 5429 7431,ND,https://wa.me/525554297431,https://www.facebook.com/search/pages/?q=Zaras%20Boutique%20Iztapalapa,"https://www.google.com/maps/search/?api=1&query=19.33574272,-99.02021085"
Sara Boutique,La Magdalena Contreras,+52 55 2312 5136,zarapaeez@gmail.com,https://wa.me/525523125136,https://www.facebook.com/search/pages/?q=Sara%20Boutique%20La%20Magdalena%20Contreras,"https://www.google.com/maps/search/?api=1&query=19.3040958,-99.26951103"
Boutique De Ropa,La Magdalena Contreras,+52 55 2286 9608,ND,https://wa.me/525522869608,https://www.facebook.com/search/pages/?q=Boutique%20De%20Ropa%20La%20Magdalena%20Contreras,"https://www.google.com/maps/search/?api=1&query=19.31729311,-99.24376811"
Boutique Elizabeth,La Magdalena Contreras,+52 55 3202 3247,ND,https://wa.me/525532023247,https://www.facebook.com/search/pages/?q=Boutique%20Elizabeth%20La%20Magdalena%20Contreras,"https://www.google.com/maps/search/?api=1&query=19.31422263,-99.25836095"
Boutique Majo,La Magdalena Contreras,+52 55 6114 5791,ND,https://wa.me/525561145791,https://www.facebook.com/search/pages/?q=Boutique%20Majo%20La%20Magdalena%20Contreras,"https://www.google.com/maps/search/?api=1&query=19.31424499,-99.25731479"
Eb Boutique,La Magdalena Contreras,+52 56 2206 9111,ND,https://wa.me/525622069111,https://www.facebook.com/search/pages/?q=Eb%20Boutique%20La%20Magdalena%20Contreras,"https://www.google.com/maps/search/?api=1&query=19.30948037,-99.25976876"
Mi Pequeña Boutique,La Magdalena Contreras,+52 55 2178 5232,ND,https://wa.me/525521785232,https://www.facebook.com/search/pages/?q=Mi%20Pequeña%20Boutique%20La%20Magdalena%20Contreras,"https://www.google.com/maps/search/?api=1&query=19.30463416,-99.26920395"
Moda Casual Oscar,La Magdalena Contreras,+52 56 2706 2252,ND,https://wa.me/525627062252,https://www.facebook.com/search/pages/?q=Moda%20Casual%20Oscar%20La%20Magdalena%20Contreras,"https://www.google.com/maps/search/?api=1&query=19.32024171,-99.24141624"
Moda Ropa Y Calidad Sh,La Magdalena Contreras,+52 55 4520 7778,ND,https://wa.me/525545207778,https://www.facebook.com/search/pages/?q=Moda%20Ropa%20Y%20Calidad%20Sh%20La%20Magdalena%20Contreras,"https://www.google.com/maps/search/?api=1&query=19.29727504,-99.26075933"
Moda Y Estilo Feroly,La Magdalena Contreras,+52 55 3860 1948,ND,https://wa.me/525538601948,https://www.facebook.com/search/pages/?q=Moda%20Y%20Estilo%20Feroly%20La%20Magdalena%20Contreras,"https://www.google.com/maps/search/?api=1&query=19.31668617,-99.25564839"
Modas Maya,La Magdalena Contreras,+52 55 3736 7907,ND,https://wa.me/525537367907,https://www.facebook.com/search/pages/?q=Modas%20Maya%20La%20Magdalena%20Contreras,"https://www.google.com/maps/search/?api=1&query=19.29766717,-99.24381471"
Modas Misita,La Magdalena Contreras,+52 55 3656 4607,ND,https://wa.me/525536564607,https://www.facebook.com/search/pages/?q=Modas%20Misita%20La%20Magdalena%20Contreras,"https://www.google.com/maps/search/?api=1&query=19.32573545,-99.2480953"
Ropa Y Accesorios Good Style,La Magdalena Contreras,+52 55 7135 8782,ND,https://wa.me/525571358782,https://www.facebook.com/search/pages/?q=Ropa%20Y%20Accesorios%20Good%20Style%20La%20Magdalena%20Contreras,"https://www.google.com/maps/search/?api=1&query=19.29745862,-99.26191097"
Special Clothing Boutique Ropa Dama,La Magdalena Contreras,+52 56 1283 6604,ND,https://wa.me/525612836604,https://www.facebook.com/search/pages/?q=Special%20Clothing%20Boutique%20Ropa%20Dama%20La%20Magdalena%20Contreras,"https://www.google.com/maps/search/?api=1&query=19.30631749,-99.24759086"
Tienda De Ropa Coco Skate Shop,La Magdalena Contreras,+52 55 3827 0575,ND,https://wa.me/525538270575,https://www.facebook.com/search/pages/?q=Tienda%20De%20Ropa%20Coco%20Skate%20Shop%20La%20Magdalena%20Contreras,"https://www.google.com/maps/search/?api=1&query=19.31330043,-99.25697636"
Tienda De Ropa The Ambition Shop,La Magdalena Contreras,+52 56 3677 9283,ND,https://wa.me/525636779283,https://www.facebook.com/search/pages/?q=Tienda%20De%20Ropa%20The%20Ambition%20Shop%20La%20Magdalena%20Contreras,"https://www.google.com/maps/search/?api=1&query=19.32087868,-99.2407232"
Tienda Vaquera El Encanto,La Magdalena Contreras,+52 55 3819 8394,ND,https://wa.me/525538198394,https://www.facebook.com/search/pages/?q=Tienda%20Vaquera%20El%20Encanto%20La%20Magdalena%20Contreras,"https://www.google.com/maps/search/?api=1&query=19.29762925,-99.2418303"
Tokky Shop,La Magdalena Contreras,+52 55 3424 0592,ND,https://wa.me/525534240592,https://www.facebook.com/search/pages/?q=Tokky%20Shop%20La%20Magdalena%20Contreras,"https://www.google.com/maps/search/?api=1&query=19.31042432,-99.26230152"
Venta De Ropa Bruno Y Bruna Moda Y Estilo,La Magdalena Contreras,+52 55 6474 9452,ND,https://wa.me/525564749452,https://www.facebook.com/search/pages/?q=Venta%20De%20Ropa%20Bruno%20Y%20Bruna%20Moda%20Y%20Estilo%20La%20Magdalena%20Contreras,"https://www.google.com/maps/search/?api=1&query=19.30741611,-99.24857147"
Venta De Ropa De Mujer Boutique Victoria,La Magdalena Contreras,+52 55 4864 5436,ND,https://wa.me/525548645436,https://www.facebook.com/search/pages/?q=Venta%20De%20Ropa%20De%20Mujer%20Boutique%20Victoria%20La%20Magdalena%20Contreras,"https://www.google.com/maps/search/?api=1&query=19.31648635,-99.256494"
Venta De Ropa Miu Closet,La Magdalena Contreras,+52 55 2961 9998,ND,https://wa.me/525529619998,https://www.facebook.com/search/pages/?q=Venta%20De%20Ropa%20Miu%20Closet%20La%20Magdalena%20Contreras,"https://www.google.com/maps/search/?api=1&query=19.31063271,-99.24545907"
Venta De Ropa Nueva Boutique Olis,La Magdalena Contreras,+52 55 1744 5605,ND,https://wa.me/525517445605,https://www.facebook.com/search/pages/?q=Venta%20De%20Ropa%20Nueva%20Boutique%20Olis%20La%20Magdalena%20Contreras,"https://www.google.com/maps/search/?api=1&query=19.30468666,-99.25353362"
Yunnivs Shope,La Magdalena Contreras,+52 55 2331 1335,ND,https://wa.me/525523311335,https://www.facebook.com/search/pages/?q=Yunnivs%20Shope%20La%20Magdalena%20Contreras,"https://www.google.com/maps/search/?api=1&query=19.31042432,-99.26230152"
Be Concept Store,Miguel Hidalgo,+52 55 5540 3157,ND,https://wa.me/525555403157,https://WWW.BECONCEPTSTORE.COM/,"https://www.google.com/maps/search/?api=1&query=19.4270928,-99.21214836"
Boutique Cruella,Miguel Hidalgo,+52 56 3279 4030,contact@wearecruella.com,https://wa.me/525632794030,https://WWW.WEARECRUELLA.COM/,"https://www.google.com/maps/search/?api=1&query=19.43049618,-99.18096017"
Hugo Store Antara,Miguel Hidalgo,+52 55 7844 4737,rocio-landy_lara@hugobos.com,https://wa.me/525578444737,https://WWW.HUGOBOSS.COM/,"https://www.google.com/maps/search/?api=1&query=19.43859104,-99.20287258"
Pepe Jeans Mexico,Miguel Hidalgo,+52 55 3058 4203,masanchez@awwg.com,https://wa.me/525530584203,https://www.facebook.com/search/pages/?q=Pepe%20Jeans%20Mexico%20Miguel%20Hidalgo,"https://www.google.com/maps/search/?api=1&query=19.43866506,-99.20554631"
Boutique Eva,Miguel Hidalgo,+52 55 3628 3633,ND,https://wa.me/525536283633,https://www.facebook.com/search/pages/?q=Boutique%20Eva%20Miguel%20Hidalgo,"https://www.google.com/maps/search/?api=1&query=19.43960833,-99.17761414"
Boutique Isabela,Miguel Hidalgo,+52 55 3561 2093,ND,https://wa.me/525535612093,https://www.facebook.com/search/pages/?q=Boutique%20Isabela%20Miguel%20Hidalgo,"https://www.google.com/maps/search/?api=1&query=19.45275583,-99.20226512"
Boutique Karina,Miguel Hidalgo,+52 55 4555 6676,ND,https://wa.me/525545556676,https://www.facebook.com/search/pages/?q=Boutique%20Karina%20Miguel%20Hidalgo,"https://www.google.com/maps/search/?api=1&query=19.45275583,-99.20226512"
Boutique Nena,Miguel Hidalgo,+52 42 7128 5287,ND,https://wa.me/524271285287,https://www.facebook.com/search/pages/?q=Boutique%20Nena%20Miguel%20Hidalgo,"https://www.google.com/maps/search/?api=1&query=19.44986919,-99.18646062"
Boutique Viri Clothing,Miguel Hidalgo,+52 56 1140 4737,ND,https://wa.me/525611404737,https://www.facebook.com/search/pages/?q=Boutique%20Viri%20Clothing%20Miguel%20Hidalgo,"https://www.google.com/maps/search/?api=1&query=19.45488096,-99.20203791"
Compra Venta De Ropa Mulier Concept Store,Miguel Hidalgo,+52 55 5282 4031,ND,https://wa.me/525552824031,https://www.facebook.com/search/pages/?q=Compra%20Venta%20De%20Ropa%20Mulier%20Concept%20Store%20Miguel%20Hidalgo,"https://www.google.com/maps/search/?api=1&query=19.42679796,-99.21372139"
Inmoda,Miguel Hidalgo,+52 55 5250 6139,ND,https://wa.me/525552506139,https://www.facebook.com/search/pages/?q=Inmoda%20Miguel%20Hidalgo,"https://www.google.com/maps/search/?api=1&query=19.43543795,-99.1901796"
Km Moda Y Accesorios,Miguel Hidalgo,+52 55 8833 4837,ND,https://wa.me/525588334837,https://www.facebook.com/search/pages/?q=Km%20Moda%20Y%20Accesorios%20Miguel%20Hidalgo,"https://www.google.com/maps/search/?api=1&query=19.45275583,-99.20226512"
Montserrat Boutique,Miguel Hidalgo,+52 55 5399 4078,ND,https://wa.me/525553994078,https://www.facebook.com/search/pages/?q=Montserrat%20Boutique%20Miguel%20Hidalgo,"https://www.google.com/maps/search/?api=1&query=19.45275583,-99.20226512"
Venta De Ropa Hecha A Mano Modas Washintton,Miguel Hidalgo,+52 56 1852 6765,ND,https://wa.me/525618526765,https://www.facebook.com/search/pages/?q=Venta%20De%20Ropa%20Hecha%20A%20Mano%20Modas%20Washintton%20Miguel%20Hidalgo,"https://www.google.com/maps/search/?api=1&query=19.4029971,-99.18736617"
Venta De Ropa Para Dama Modas Lulu,Miguel Hidalgo,+52 55 2303 1693,ND,https://wa.me/525523031693,https://www.facebook.com/search/pages/?q=Venta%20De%20Ropa%20Para%20Dama%20Modas%20Lulu%20Miguel%20Hidalgo,"https://www.google.com/maps/search/?api=1&query=19.4029971,-99.18736617"
Venta De Ropa Y Composturas Boutique Sandy,Miguel Hidalgo,+52 55 2501 2446,ND,https://wa.me/525525012446,https://www.facebook.com/search/pages/?q=Venta%20De%20Ropa%20Y%20Composturas%20Boutique%20Sandy%20Miguel%20Hidalgo,"https://www.google.com/maps/search/?api=1&query=19.41069024,-99.19049873"
Boutique Emy,Milpa Alta,+52 55 4573 6890,emyboutique21@gmail.com,https://wa.me/525545736890,https://www.facebook.com/search/pages/?q=Boutique%20Emy%20Milpa%20Alta,"https://www.google.com/maps/search/?api=1&query=19.21973002,-98.99396453"
Boutique De Ropa Haul,Milpa Alta,+52 56 2808 0787,ND,https://wa.me/525628080787,https://www.facebook.com/search/pages/?q=Boutique%20De%20Ropa%20Haul%20Milpa%20Alta,"https://www.google.com/maps/search/?api=1&query=19.21868703,-98.99345466"
Boutique De Ropa Renatta,Milpa Alta,+52 56 3036 2158,ND,https://wa.me/525630362158,https://www.facebook.com/search/pages/?q=Boutique%20De%20Ropa%20Renatta%20Milpa%20Alta,"https://www.google.com/maps/search/?api=1&query=19.21750304,-98.99404737"
Boutique Fashon,Milpa Alta,+52 55 7450 5666,ND,https://wa.me/525574505666,https://www.facebook.com/search/pages/?q=Boutique%20Fashon%20Milpa%20Alta,"https://www.google.com/maps/search/?api=1&query=19.19330575,-99.02292683"
Boutique Fershop,Milpa Alta,+52 56 3425 3031,ND,https://wa.me/525634253031,https://www.facebook.com/search/pages/?q=Boutique%20Fershop%20Milpa%20Alta,"https://www.google.com/maps/search/?api=1&query=19.21611694,-98.99533296"
Boutique Izae,Milpa Alta,+52 55 8814 4563,ND,https://wa.me/525588144563,https://www.facebook.com/search/pages/?q=Boutique%20Izae%20Milpa%20Alta,"https://www.google.com/maps/search/?api=1&query=19.19168307,-99.09029279"
Boutique Leo,Milpa Alta,+52 55 4053 8039,ND,https://wa.me/525540538039,https://www.facebook.com/search/pages/?q=Boutique%20Leo%20Milpa%20Alta,"https://www.google.com/maps/search/?api=1&query=19.21617045,-98.99529366"
Boutique Lo Mejor De La Moda Para Ti,Milpa Alta,+52 55 1523 2704,ND,https://wa.me/525515232704,https://www.facebook.com/search/pages/?q=Boutique%20Lo%20Mejor%20De%20La%20Moda%20Para%20Ti%20Milpa%20Alta,"https://www.google.com/maps/search/?api=1&query=19.1766474,-99.03371049"
Boutique Luz Venta De Ropa Para Dama,Milpa Alta,+52 55 4474 5321,ND,https://wa.me/525544745321,https://www.facebook.com/search/pages/?q=Boutique%20Luz%20Venta%20De%20Ropa%20Para%20Dama%20Milpa%20Alta,"https://www.google.com/maps/search/?api=1&query=19.21176334,-98.99285372"
Boutique Suxyc,Milpa Alta,+52 56 1548 3336,ND,https://wa.me/525615483336,https://www.facebook.com/search/pages/?q=Boutique%20Suxyc%20Milpa%20Alta,"https://www.google.com/maps/search/?api=1&query=19.20259522,-99.04795577"
Melina Boutique Y Accesorios,Milpa Alta,+52 55 2016 2324,ND,https://wa.me/525520162324,https://www.facebook.com/search/pages/?q=Melina%20Boutique%20Y%20Accesorios%20Milpa%20Alta,"https://www.google.com/maps/search/?api=1&query=19.21528225,-98.99626725"
Tienda De Ropa Aj Store,Milpa Alta,+52 22 2018 4886,ND,https://wa.me/522220184886,https://www.facebook.com/search/pages/?q=Tienda%20De%20Ropa%20Aj%20Store%20Milpa%20Alta,"https://www.google.com/maps/search/?api=1&query=19.215155,-98.99630997"
Tienda De Ropa Boutique Lucero Ireth,Milpa Alta,+52 55 4092 5678,ND,https://wa.me/525540925678,https://www.facebook.com/search/pages/?q=Tienda%20De%20Ropa%20Boutique%20Lucero%20Ireth%20Milpa%20Alta,"https://www.google.com/maps/search/?api=1&query=19.17526001,-98.99783274"
Tienda De Ropa Gobo Shop,Milpa Alta,+52 55 2918 9524,ND,https://wa.me/525529189524,https://www.facebook.com/search/pages/?q=Tienda%20De%20Ropa%20Gobo%20Shop%20Milpa%20Alta,"https://www.google.com/maps/search/?api=1&query=19.21717699,-98.99405072"
Venta De Accesorios Y Ropa Magic Store,Milpa Alta,+52 56 2446 0905,ND,https://wa.me/525624460905,https://www.facebook.com/search/pages/?q=Venta%20De%20Accesorios%20Y%20Ropa%20Magic%20Store%20Milpa%20Alta,"https://www.google.com/maps/search/?api=1&query=19.21926085,-98.99315262"
Boutique Lucy,Tláhuac,+52 55 5498 8697,moraleslucia@hotmail.com,https://wa.me/525554988697,https://www.facebook.com/search/pages/?q=Boutique%20Lucy%20Tláhuac,"https://www.google.com/maps/search/?api=1&query=19.24363236,-98.99508535"
Boutique M3,Tláhuac,+52 56 2599 8796,tendenciasmiramar@gmail.com,https://wa.me/525625998796,https://www.facebook.com/search/pages/?q=Boutique%20M3%20Tláhuac,"https://www.google.com/maps/search/?api=1&query=19.3049396,-99.06178703"
Boutique Romeo Y Julieta,Tláhuac,+52 55 1798 6507,jotnalquicira@hotmail.com,https://wa.me/525517986507,https://www.facebook.com/search/pages/?q=Boutique%20Romeo%20Y%20Julieta%20Tláhuac,"https://www.google.com/maps/search/?api=1&query=19.2750824,-99.00172898"
Bill Jeans Butique,Tláhuac,+52 55 3471 0428,ND,https://wa.me/525534710428,https://www.facebook.com/search/pages/?q=Bill%20Jeans%20Butique%20Tláhuac,"https://www.google.com/maps/search/?api=1&query=19.2720248,-99.00659777"
Boutique Adis,Tláhuac,+52 55 4971 7922,ND,https://wa.me/525549717922,https://www.facebook.com/search/pages/?q=Boutique%20Adis%20Tláhuac,"https://www.google.com/maps/search/?api=1&query=19.31271454,-98.96623344"
Boutique Belmont,Tláhuac,+52 55 7512 8454,ND,https://wa.me/525575128454,https://www.facebook.com/search/pages/?q=Boutique%20Belmont%20Tláhuac,"https://www.google.com/maps/search/?api=1&query=19.31048572,-98.96608766"
Boutique Black & White,Tláhuac,+52 55 5842 2305,ND,https://wa.me/525558422305,https://www.facebook.com/search/pages/?q=Boutique%20Black%20%26%20White%20Tláhuac,"https://www.google.com/maps/search/?api=1&query=19.26903822,-99.00550054"
Boutique Camila,Tláhuac,+52 55 3271 7392,ND,https://wa.me/525532717392,https://www.facebook.com/search/pages/?q=Boutique%20Camila%20Tláhuac,"https://www.google.com/maps/search/?api=1&query=19.29580763,-99.05513146"
Boutique Chiquis,Tláhuac,+52 55 2915 6768,ND,https://wa.me/525529156768,https://www.facebook.com/search/pages/?q=Boutique%20Chiquis%20Tláhuac,"https://www.google.com/maps/search/?api=1&query=19.29759759,-99.03631972"
Boutique De Brenda,Tláhuac,+52 56 2103 7260,ND,https://wa.me/525621037260,https://www.facebook.com/search/pages/?q=Boutique%20De%20Brenda%20Tláhuac,"https://www.google.com/maps/search/?api=1&query=19.29703169,-99.05555368"
Boutique De Diseños Lina Fhasion,Tláhuac,+52 55 4885 0210,ND,https://wa.me/525548850210,https://www.facebook.com/search/pages/?q=Boutique%20De%20Diseños%20Lina%20Fhasion%20Tláhuac,"https://www.google.com/maps/search/?api=1&query=19.25939338,-99.00987894"
Boutique De Ropa Karen,Tláhuac,+52 55 6364 2347,ND,https://wa.me/525563642347,https://www.facebook.com/search/pages/?q=Boutique%20De%20Ropa%20Karen%20Tláhuac,"https://www.google.com/maps/search/?api=1&query=19.29630719,-99.0542248"
Boutique Evelyn,Tláhuac,+52 55 1319 2123,ND,https://wa.me/525513192123,https://www.facebook.com/search/pages/?q=Boutique%20Evelyn%20Tláhuac,"https://www.google.com/maps/search/?api=1&query=19.31417743,-99.04604536"
Boutique Fanny,Tláhuac,+52 55 7871 4070,ND,https://wa.me/525578714070,https://www.facebook.com/search/pages/?q=Boutique%20Fanny%20Tláhuac,"https://www.google.com/maps/search/?api=1&query=19.29555868,-99.01478272"
Boutique Lilly,Tláhuac,+52 55 5841 3738,ND,https://wa.me/525558413738,https://www.facebook.com/search/pages/?q=Boutique%20Lilly%20Tláhuac,"https://www.google.com/maps/search/?api=1&query=19.28868775,-99.00591567"
Boutique M&A,Tláhuac,+52 55 1678 5874,ND,https://wa.me/525516785874,https://www.facebook.com/search/pages/?q=Boutique%20M%26A%20Tláhuac,"https://www.google.com/maps/search/?api=1&query=19.28589862,-99.04404474"
Boutique Marisol,Tláhuac,+52 55 4373 5941,ND,https://wa.me/525543735941,https://www.facebook.com/search/pages/?q=Boutique%20Marisol%20Tláhuac,"https://www.google.com/maps/search/?api=1&query=19.27548862,-98.99635983"
Boutique Maxi Moda,Tláhuac,+52 55 4900 3945,ND,https://wa.me/525549003945,https://www.facebook.com/search/pages/?q=Boutique%20Maxi%20Moda%20Tláhuac,"https://www.google.com/maps/search/?api=1&query=19.28493473,-98.99983046"
Boutique Melissa,Tláhuac,+52 55 8572 8212,ND,https://wa.me/525585728212,https://www.facebook.com/search/pages/?q=Boutique%20Melissa%20Tláhuac,"https://www.google.com/maps/search/?api=1&query=19.30888083,-99.04384738"
Boutique Mj,Tláhuac,+52 55 7830 7563,ND,https://wa.me/525578307563,https://www.facebook.com/search/pages/?q=Boutique%20Mj%20Tláhuac,"https://www.google.com/maps/search/?api=1&query=19.29853334,-99.03748622"
Boutique Muy Cuquis,Tláhuac,+52 55 1971 2615,ND,https://wa.me/525519712615,https://www.facebook.com/search/pages/?q=Boutique%20Muy%20Cuquis%20Tláhuac,"https://www.google.com/maps/search/?api=1&query=19.28870792,-99.05443256"
Boutique Paty,Tláhuac,+52 55 7077 5740,ND,https://wa.me/525570775740,https://www.facebook.com/search/pages/?q=Boutique%20Paty%20Tláhuac,"https://www.google.com/maps/search/?api=1&query=19.29577456,-99.03621596"
Boutique Player Jaz,Tláhuac,+52 55 3476 7414,ND,https://wa.me/525534767414,https://www.facebook.com/search/pages/?q=Boutique%20Player%20Jaz%20Tláhuac,"https://www.google.com/maps/search/?api=1&query=19.29186296,-99.03635106"
Boutique Sara,Tláhuac,+52 56 3108 3240,ND,https://wa.me/525631083240,https://www.facebook.com/search/pages/?q=Boutique%20Sara%20Tláhuac,"https://www.google.com/maps/search/?api=1&query=19.29713174,-99.06081144"
Boutique Sara Isabel,Tláhuac,+52 55 1310 7131,ND,https://wa.me/525513107131,https://www.facebook.com/search/pages/?q=Boutique%20Sara%20Isabel%20Tláhuac,"https://www.google.com/maps/search/?api=1&query=19.26851455,-98.99879119"
Boutique Star Fashion,Tláhuac,+52 55 2668 9918,ND,https://wa.me/525526689918,https://www.facebook.com/search/pages/?q=Boutique%20Star%20Fashion%20Tláhuac,"https://www.google.com/maps/search/?api=1&query=19.28642865,-98.99671937"
Closet Jak,Tláhuac,+52 55 5165 9697,ND,https://wa.me/525551659697,https://www.facebook.com/search/pages/?q=Closet%20Jak%20Tláhuac,"https://www.google.com/maps/search/?api=1&query=19.27848937,-99.00632703"
Fashion And Boutique,Tláhuac,+52 55 5616 8154,ND,https://wa.me/525556168154,https://www.facebook.com/search/pages/?q=Fashion%20And%20Boutique%20Tláhuac,"https://www.google.com/maps/search/?api=1&query=19.27748889,-99.00178476"
Jaboutique,Tláhuac,+52 56 1435 9369,ND,https://wa.me/525614359369,https://www.facebook.com/search/pages/?q=Jaboutique%20Tláhuac,"https://www.google.com/maps/search/?api=1&query=19.31199474,-99.0469511"
Modas Montse,Tláhuac,+52 55 4557 5539,ND,https://wa.me/525545575539,https://www.facebook.com/search/pages/?q=Modas%20Montse%20Tláhuac,"https://www.google.com/maps/search/?api=1&query=19.29630719,-99.0542248"
Store By Le Dian,Tláhuac,+52 56 3773 1122,ND,https://wa.me/525637731122,https://www.facebook.com/search/pages/?q=Store%20By%20Le%20Dian%20Tláhuac,"https://www.google.com/maps/search/?api=1&query=19.28640303,-99.04341074"
Sweet Boutique,Tláhuac,+52 55 3976 2794,ND,https://wa.me/525539762794,https://www.facebook.com/search/pages/?q=Sweet%20Boutique%20Tláhuac,"https://www.google.com/maps/search/?api=1&query=19.27088112,-99.00524698"
Tienda Bella Boutique De Ropa Soto,Tláhuac,+52 56 1683 9718,ND,https://wa.me/525616839718,https://www.facebook.com/search/pages/?q=Tienda%20Bella%20Boutique%20De%20Ropa%20Soto%20Tláhuac,"https://www.google.com/maps/search/?api=1&query=19.29665702,-99.05454078"
Tienda De Boutique De Ropa Bety,Tláhuac,+52 55 7800 7468,ND,https://wa.me/525578007468,https://www.facebook.com/search/pages/?q=Tienda%20De%20Boutique%20De%20Ropa%20Bety%20Tláhuac,"https://www.google.com/maps/search/?api=1&query=19.2958484,-99.05624836"
Tienda De Ropa La Moda,Tláhuac,+52 55 8165 3247,ND,https://wa.me/525581653247,https://www.facebook.com/search/pages/?q=Tienda%20De%20Ropa%20La%20Moda%20Tláhuac,"https://www.google.com/maps/search/?api=1&query=19.29490937,-99.02953957"
Tienda De Ropa Mi Estilo,Tláhuac,+52 55 8485 5434,ND,https://wa.me/525584855434,https://www.facebook.com/search/pages/?q=Tienda%20De%20Ropa%20Mi%20Estilo%20Tláhuac,"https://www.google.com/maps/search/?api=1&query=19.30968652,-99.03817875"
Tienda De Ropa Street Life Store,Tláhuac,+52 55 1933 6960,ND,https://wa.me/525519336960,https://www.facebook.com/search/pages/?q=Tienda%20De%20Ropa%20Street%20Life%20Store%20Tláhuac,"https://www.google.com/maps/search/?api=1&query=19.2882655,-99.05311801"
Venta De Jeans Bcv Util,Tláhuac,+52 55 2770 1290,ND,https://wa.me/525527701290,https://www.facebook.com/search/pages/?q=Venta%20De%20Jeans%20Bcv%20Util%20Tláhuac,"https://www.google.com/maps/search/?api=1&query=19.28660579,-99.01364897"
Venta De Ropa Boutique Reni,Tláhuac,+52 55 2742 4288,ND,https://wa.me/525527424288,https://www.facebook.com/search/pages/?q=Venta%20De%20Ropa%20Boutique%20Reni%20Tláhuac,"https://www.google.com/maps/search/?api=1&query=19.27677314,-98.99800172"
Boutique Oscar Hackman,Tlalpan,+52 55 5652 0376,gerenciaadministrativa@oscarhackman.com,https://wa.me/525556520376,https://WWW.GRUPOOSCARHACKMAN.COM/,"https://www.google.com/maps/search/?api=1&query=19.31048928,-99.22386429"
Boutique Woman,Tlalpan,+52 55 1015 9510,patylurojas20@gmail.com,https://wa.me/525510159510,https://www.facebook.com/search/pages/?q=Boutique%20Woman%20Tlalpan,"https://www.google.com/maps/search/?api=1&query=19.22220593,-99.20096936"
Lula And Sand Boutique,Tlalpan,+52 55 8532 3169,lulasandboutique@gmail.com,https://wa.me/525585323169,https://www.facebook.com/search/pages/?q=Lula%20And%20Sand%20Boutique%20Tlalpan,"https://www.google.com/maps/search/?api=1&query=19.2790309,-99.14194923"
Moda Geek,Tlalpan,+52 55 2409 6059,dicuervo423@gmail.com,https://wa.me/525524096059,https://www.facebook.com/search/pages/?q=Moda%20Geek%20Tlalpan,"https://www.google.com/maps/search/?api=1&query=19.30205412,-99.1248631"
Adri Boutique,Tlalpan,+52 55 2747 9327,ND,https://wa.me/525527479327,https://www.facebook.com/search/pages/?q=Adri%20Boutique%20Tlalpan,"https://www.google.com/maps/search/?api=1&query=19.29884188,-99.16820436"
Boutike Aje Y Olokum,Tlalpan,+52 55 5105 9943,ND,https://wa.me/525551059943,https://www.facebook.com/search/pages/?q=Boutike%20Aje%20Y%20Olokum%20Tlalpan,"https://www.google.com/maps/search/?api=1&query=19.21155103,-99.14910743"
Boutike Issa,Tlalpan,+52 55 5603 0998,ND,https://wa.me/525556030998,https://www.facebook.com/search/pages/?q=Boutike%20Issa%20Tlalpan,"https://www.google.com/maps/search/?api=1&query=19.28821877,-99.13196865"
Boutique Amber,Tlalpan,+52 55 4584 2016,ND,https://wa.me/525545842016,https://www.facebook.com/search/pages/?q=Boutique%20Amber%20Tlalpan,"https://www.google.com/maps/search/?api=1&query=19.23314841,-99.18095723"
Boutique Barbaraka Shop,Tlalpan,+52 55 5671 2622,ND,https://wa.me/525556712622,https://www.facebook.com/search/pages/?q=Boutique%20Barbaraka%20Shop%20Tlalpan,"https://www.google.com/maps/search/?api=1&query=19.29561353,-99.23003221"
Boutique Bety,Tlalpan,+52 55 2494 0045,ND,https://wa.me/525524940045,https://www.facebook.com/search/pages/?q=Boutique%20Bety%20Tlalpan,"https://www.google.com/maps/search/?api=1&query=19.29392718,-99.13767796"
Boutique De Ropa,Tlalpan,+52 55 5946 3076,ND,https://wa.me/525559463076,https://www.facebook.com/search/pages/?q=Boutique%20De%20Ropa%20Tlalpan,"https://www.google.com/maps/search/?api=1&query=19.27032235,-99.23794858"
Boutique Dorantes,Tlalpan,+52 55 3048 0286,ND,https://wa.me/525530480286,https://www.facebook.com/search/pages/?q=Boutique%20Dorantes%20Tlalpan,"https://www.google.com/maps/search/?api=1&query=19.26475022,-99.16239266"
Boutique Doña Ofe,Tlalpan,+52 56 2759 1841,ND,https://wa.me/525627591841,https://www.facebook.com/search/pages/?q=Boutique%20Doña%20Ofe%20Tlalpan,"https://www.google.com/maps/search/?api=1&query=19.21846183,-99.20995317"
Boutique Eith,Tlalpan,+52 55 4606 3278,ND,https://wa.me/525546063278,https://www.facebook.com/search/pages/?q=Boutique%20Eith%20Tlalpan,"https://www.google.com/maps/search/?api=1&query=19.27425025,-99.22521049"
Boutique Elisa,Tlalpan,+52 55 3420 3372,ND,https://wa.me/525534203372,https://www.facebook.com/search/pages/?q=Boutique%20Elisa%20Tlalpan,"https://www.google.com/maps/search/?api=1&query=19.27353221,-99.17885543"
Boutique Ely,Tlalpan,+52 55 1198 8208,ND,https://wa.me/525511988208,https://www.facebook.com/search/pages/?q=Boutique%20Ely%20Tlalpan,"https://www.google.com/maps/search/?api=1&query=19.2250734,-99.20071286"
Boutique Eres Tu,Tlalpan,+52 55 6202 7589,ND,https://wa.me/525562027589,https://www.facebook.com/search/pages/?q=Boutique%20Eres%20Tu%20Tlalpan,"https://www.google.com/maps/search/?api=1&query=19.27611161,-99.18267818"
Boutique Fashion,Tlalpan,+52 56 5039 8026,ND,https://wa.me/525650398026,https://www.facebook.com/search/pages/?q=Boutique%20Fashion%20Tlalpan,"https://www.google.com/maps/search/?api=1&query=19.21988851,-99.20105712"
Boutique Gusse,Tlalpan,+52 55 7465 2383,ND,https://wa.me/525574652383,https://www.facebook.com/search/pages/?q=Boutique%20Gusse%20Tlalpan,"https://www.google.com/maps/search/?api=1&query=19.22270847,-99.20411253"
Boutique Jessy,Tlalpan,+52 55 7518 8950,ND,https://wa.me/525575188950,https://www.facebook.com/search/pages/?q=Boutique%20Jessy%20Tlalpan,"https://www.google.com/maps/search/?api=1&query=19.20096953,-99.14131075"
Boutique Juliet,Tlalpan,+52 55 6915 2728,ND,https://wa.me/525569152728,https://www.facebook.com/search/pages/?q=Boutique%20Juliet%20Tlalpan,"https://www.google.com/maps/search/?api=1&query=19.19949465,-99.14294272"
Boutique Kl,Tlalpan,+52 55 7385 9088,ND,https://wa.me/525573859088,https://www.facebook.com/search/pages/?q=Boutique%20Kl%20Tlalpan,"https://www.google.com/maps/search/?api=1&query=19.25142183,-99.17025696"
Boutique Knick Knack,Tlalpan,+52 55 4912 9956,ND,https://wa.me/525549129956,https://www.facebook.com/search/pages/?q=Boutique%20Knick%20Knack%20Tlalpan,"https://www.google.com/maps/search/?api=1&query=19.25167741,-99.17141681"
Boutique Lauren,Tlalpan,+52 55 2884 0333,ND,https://wa.me/525528840333,https://www.facebook.com/search/pages/?q=Boutique%20Lauren%20Tlalpan,"https://www.google.com/maps/search/?api=1&query=19.28783954,-99.16722147"
Boutique Love,Tlalpan,+52 55 7669 6612,ND,https://wa.me/525576696612,https://www.facebook.com/search/pages/?q=Boutique%20Love%20Tlalpan,"https://www.google.com/maps/search/?api=1&query=19.26742711,-99.23922938"
Boutique Luna Bello,Tlalpan,+52 55 8803 2075,ND,https://wa.me/525588032075,https://www.facebook.com/search/pages/?q=Boutique%20Luna%20Bello%20Tlalpan,"https://www.google.com/maps/search/?api=1&query=19.2022055,-99.1407482"
Boutique Lupita,Tlalpan,+52 55 2045 3661,ND,https://wa.me/525520453661,https://www.facebook.com/search/pages/?q=Boutique%20Lupita%20Tlalpan,"https://www.google.com/maps/search/?api=1&query=19.19334686,-99.14230105"
Boutique Lupita,Tlalpan,+52 55 7605 8418,ND,https://wa.me/525576058418,https://www.facebook.com/search/pages/?q=Boutique%20Lupita%20Tlalpan,"https://www.google.com/maps/search/?api=1&query=19.27029514,-99.23949808"
Boutique Malix Fashion,Tlalpan,+52 55 8546 9667,ND,https://wa.me/525585469667,https://www.facebook.com/search/pages/?q=Boutique%20Malix%20Fashion%20Tlalpan,"https://www.google.com/maps/search/?api=1&query=19.25195373,-99.17232999"
Boutique Mi Capricho,Tlalpan,+52 56 2117 6617,ND,https://wa.me/525621176617,https://www.facebook.com/search/pages/?q=Boutique%20Mi%20Capricho%20Tlalpan,"https://www.google.com/maps/search/?api=1&query=19.27642863,-99.17126726"
Boutique Moni,Tlalpan,+52 56 5229 0856,ND,https://wa.me/525652290856,https://www.facebook.com/search/pages/?q=Boutique%20Moni%20Tlalpan,"https://www.google.com/maps/search/?api=1&query=19.26788757,-99.2256056"
Boutique Preciosa,Tlalpan,+52 55 7994 2163,ND,https://wa.me/525579942163,https://www.facebook.com/search/pages/?q=Boutique%20Preciosa%20Tlalpan,"https://www.google.com/maps/search/?api=1&query=19.27616341,-99.171523"
Boutique Sofia,Tlalpan,+52 55 1625 3992,ND,https://wa.me/525516253992,https://www.facebook.com/search/pages/?q=Boutique%20Sofia%20Tlalpan,"https://www.google.com/maps/search/?api=1&query=19.29786284,-99.11847095"
Coraline Boutique,Tlalpan,+52 56 1705 4220,ND,https://wa.me/525617054220,https://www.facebook.com/search/pages/?q=Coraline%20Boutique%20Tlalpan,"https://www.google.com/maps/search/?api=1&query=19.28332759,-99.22860789"
Girl Store,Tlalpan,+52 55 8371 4792,ND,https://wa.me/525583714792,https://www.facebook.com/search/pages/?q=Girl%20Store%20Tlalpan,"https://www.google.com/maps/search/?api=1&query=19.29634747,-99.22084695"
Haberno Shop,Tlalpan,+52 55 1649 9451,ND,https://wa.me/525516499451,https://www.facebook.com/search/pages/?q=Haberno%20Shop%20Tlalpan,"https://www.google.com/maps/search/?api=1&query=19.30281448,-99.12480648"
Innovation Shop,Tlalpan,+52 55 3568 6856,ND,https://wa.me/525535686856,https://www.facebook.com/search/pages/?q=Innovation%20Shop%20Tlalpan,"https://www.google.com/maps/search/?api=1&query=19.27019551,-99.24013814"
Is Boutique,Tlalpan,+52 55 7225 1852,ND,https://wa.me/525572251852,https://www.facebook.com/search/pages/?q=Is%20Boutique%20Tlalpan,"https://www.google.com/maps/search/?api=1&query=19.26642164,-99.16091989"
Lenicol Boutique,Tlalpan,+52 56 1462 3125,ND,https://wa.me/525614623125,https://www.facebook.com/search/pages/?q=Lenicol%20Boutique%20Tlalpan,"https://www.google.com/maps/search/?api=1&query=19.19957299,-99.14099516"
Mi Moda,Tlalpan,+52 55 6678 3455,ND,https://wa.me/525566783455,https://www.facebook.com/search/pages/?q=Mi%20Moda%20Tlalpan,"https://www.google.com/maps/search/?api=1&query=19.28576793,-99.18704092"
Moai Jeans,Tlalpan,+52 56 2716 0711,ND,https://wa.me/525627160711,https://www.facebook.com/search/pages/?q=Moai%20Jeans%20Tlalpan,"https://www.google.com/maps/search/?api=1&query=19.27453023,-99.17286445"
Modas Gaby,Tlalpan,+52 55 4828 8835,ND,https://wa.me/525548288835,https://www.facebook.com/search/pages/?q=Modas%20Gaby%20Tlalpan,"https://www.google.com/maps/search/?api=1&query=19.28783954,-99.16722147"
Pelaos Shop Moda,Tlalpan,+52 55 3131 0080,ND,https://wa.me/525531310080,https://www.facebook.com/search/pages/?q=Pelaos%20Shop%20Moda%20Tlalpan,"https://www.google.com/maps/search/?api=1&query=19.19830074,-99.13885519"
Pinkidinki Shop,Tlalpan,+52 55 7512 9962,ND,https://wa.me/525575129962,https://www.facebook.com/search/pages/?q=Pinkidinki%20Shop%20Tlalpan,"https://www.google.com/maps/search/?api=1&query=19.26602252,-99.16759143"
Ropa Shopp 23,Tlalpan,+52 55 4346 7135,ND,https://wa.me/525543467135,https://www.facebook.com/search/pages/?q=Ropa%20Shopp%2023%20Tlalpan,"https://www.google.com/maps/search/?api=1&query=19.29132303,-99.23774925"
Tienda De Ropa Moda Colibrines,Tlalpan,+52 55 3232 5698,ND,https://wa.me/525532325698,https://www.facebook.com/search/pages/?q=Tienda%20De%20Ropa%20Moda%20Colibrines%20Tlalpan,"https://www.google.com/maps/search/?api=1&query=19.28278839,-99.23226813"
Tienda De Ropa Save Jeans,Tlalpan,+52 55 3089 3941,ND,https://wa.me/525530893941,https://www.facebook.com/search/pages/?q=Tienda%20De%20Ropa%20Save%20Jeans%20Tlalpan,"https://www.google.com/maps/search/?api=1&query=19.26788514,-99.20761235"
Tienda De Ropa Vaquera El Encanto Del Aguila,Tlalpan,+52 55 1315 4983,ND,https://wa.me/525513154983,https://www.facebook.com/search/pages/?q=Tienda%20De%20Ropa%20Vaquera%20El%20Encanto%20Del%20Aguila%20Tlalpan,"https://www.google.com/maps/search/?api=1&query=19.22362634,-99.2008624"
Tienda Vaquera El Encanto,Tlalpan,+52 56 1428 2166,ND,https://wa.me/525614282166,https://www.facebook.com/search/pages/?q=Tienda%20Vaquera%20El%20Encanto%20Tlalpan,"https://www.google.com/maps/search/?api=1&query=19.19980643,-99.14879989"
Tienda Vaquera El Encanto,Tlalpan,+52 55 8687 4969,ND,https://wa.me/525586874969,https://www.facebook.com/search/pages/?q=Tienda%20Vaquera%20El%20Encanto%20Tlalpan,"https://www.google.com/maps/search/?api=1&query=19.23547204,-99.16457591"
V L I Boutique,Tlalpan,+52 55 3699 4630,ND,https://wa.me/525536994630,https://www.facebook.com/search/pages/?q=V%20L%20I%20Boutique%20Tlalpan,"https://www.google.com/maps/search/?api=1&query=19.27550515,-99.17225965"
Vall Shop,Tlalpan,+52 55 1149 7855,ND,https://wa.me/525511497855,https://www.facebook.com/search/pages/?q=Vall%20Shop%20Tlalpan,"https://www.google.com/maps/search/?api=1&query=19.29405464,-99.23075117"
Vicky Shop,Tlalpan,+52 55 5248 1881,ND,https://wa.me/525552481881,https://www.facebook.com/search/pages/?q=Vicky%20Shop%20Tlalpan,"https://www.google.com/maps/search/?api=1&query=19.26824773,-99.21072525"
Xareny Fashion Mexico,Tlalpan,+52 55 4299 4386,ND,https://wa.me/525542994386,https://www.facebook.com/search/pages/?q=Xareny%20Fashion%20Mexico%20Tlalpan,"https://www.google.com/maps/search/?api=1&query=19.30205412,-99.1248631"
Bb By Moda,Venustiano Carranza,+52 56 3424 9371,brench_bhcarrera@hotmail.com,https://wa.me/525634249371,https://www.facebook.com/search/pages/?q=Bb%20By%20Moda%20Venustiano%20Carranza,"https://www.google.com/maps/search/?api=1&query=19.41582597,-99.09634787"
Botique Bb By Moda,Venustiano Carranza,+52 55 6697 5528,bbbymoda@gmail.com,https://wa.me/525566975528,https://www.facebook.com/search/pages/?q=Botique%20Bb%20By%20Moda%20Venustiano%20Carranza,"https://www.google.com/maps/search/?api=1&query=19.41953824,-99.08893287"
Levis Shop Oceania,Venustiano Carranza,+52 55 3355 4410,mbxmxlsoceania@levi.com,https://wa.me/525533554410,https://WWW.LEVI.COM.MX/,"https://www.google.com/maps/search/?api=1&query=19.44097411,-99.09338603"
Lummer Boutique,Venustiano Carranza,+52 56 2042 5065,enna.lumer327@gmail.com,https://wa.me/525620425065,https://www.facebook.com/search/pages/?q=Lummer%20Boutique%20Venustiano%20Carranza,"https://www.google.com/maps/search/?api=1&query=19.40894467,-99.12254707"
Tienda De Pantalones,Venustiano Carranza,+52 55 6990 7538,doradoc33@gmail.com,https://wa.me/525569907538,https://www.facebook.com/search/pages/?q=Tienda%20De%20Pantalones%20Venustiano%20Carranza,"https://www.google.com/maps/search/?api=1&query=19.42902858,-99.12149405"
Aris Moda,Venustiano Carranza,+52 55 4329 7290,ND,https://wa.me/525543297290,https://www.facebook.com/search/pages/?q=Aris%20Moda%20Venustiano%20Carranza,"https://www.google.com/maps/search/?api=1&query=19.43067697,-99.12193351"
Boutique Ales,Venustiano Carranza,+52 55 8036 2808,ND,https://wa.me/525580362808,https://www.facebook.com/search/pages/?q=Boutique%20Ales%20Venustiano%20Carranza,"https://www.google.com/maps/search/?api=1&query=19.42555936,-99.11111738"
Boutique De Ropa,Venustiano Carranza,+52 55 5701 0173,ND,https://wa.me/525557010173,https://www.facebook.com/search/pages/?q=Boutique%20De%20Ropa%20Venustiano%20Carranza,"https://www.google.com/maps/search/?api=1&query=19.42201585,-99.07245825"
Boutique De Ropa,Venustiano Carranza,+52 55 5923 0998,ND,https://wa.me/525559230998,https://www.facebook.com/search/pages/?q=Boutique%20De%20Ropa%20Venustiano%20Carranza,"https://www.google.com/maps/search/?api=1&query=19.42201585,-99.07245825"
Boutique Iviza J3,Venustiano Carranza,+52 55 2659 8326,ND,https://wa.me/525526598326,https://www.facebook.com/search/pages/?q=Boutique%20Iviza%20J3%20Venustiano%20Carranza,"https://www.google.com/maps/search/?api=1&query=19.4275254,-99.056622"
Boutique Katia,Venustiano Carranza,+52 55 8319 3685,ND,https://wa.me/525583193685,https://www.facebook.com/search/pages/?q=Boutique%20Katia%20Venustiano%20Carranza,"https://www.google.com/maps/search/?api=1&query=19.4179703,-99.11707796"
Boutique Wendy,Venustiano Carranza,+52 55 4073 7111,ND,https://wa.me/525540737111,https://www.facebook.com/search/pages/?q=Boutique%20Wendy%20Venustiano%20Carranza,"https://www.google.com/maps/search/?api=1&query=19.41488597,-99.10351913"
Boutique Xochitlan,Venustiano Carranza,+52 55 8231 5165,ND,https://wa.me/525582315165,https://www.facebook.com/search/pages/?q=Boutique%20Xochitlan%20Venustiano%20Carranza,"https://www.google.com/maps/search/?api=1&query=19.42787388,-99.05580894"
Dulce Fama Boutique,Venustiano Carranza,+52 55 2967 4550,ND,https://wa.me/525529674550,https://www.facebook.com/search/pages/?q=Dulce%20Fama%20Boutique%20Venustiano%20Carranza,"https://www.google.com/maps/search/?api=1&query=19.43355203,-99.09362286"
Ecomoda,Venustiano Carranza,+52 55 5492 6477,ND,https://wa.me/525554926477,https://www.facebook.com/search/pages/?q=Ecomoda%20Venustiano%20Carranza,"https://www.google.com/maps/search/?api=1&query=19.45011351,-99.1180862"
Modas El Tio,Venustiano Carranza,+52 55 3565 3163,ND,https://wa.me/525535653163,https://www.facebook.com/search/pages/?q=Modas%20El%20Tio%20Venustiano%20Carranza,"https://www.google.com/maps/search/?api=1&query=19.43074314,-99.12271552"
Puesto De Ropa Boni Fashion,Venustiano Carranza,+52 72 9762 8979,ND,https://wa.me/527297628979,https://www.facebook.com/search/pages/?q=Puesto%20De%20Ropa%20Boni%20Fashion%20Venustiano%20Carranza,"https://www.google.com/maps/search/?api=1&query=19.43277262,-99.0971571"
Sexy Brats Shop,Venustiano Carranza,+52 55 2940 6981,ND,https://wa.me/525529406981,https://www.facebook.com/search/pages/?q=Sexy%20Brats%20Shop%20Venustiano%20Carranza,"https://www.google.com/maps/search/?api=1&query=19.42782504,-99.06962187"
Venta De Ropa Fashion Puz,Venustiano Carranza,+52 55 5479 9496,ND,https://wa.me/525554799496,https://www.facebook.com/search/pages/?q=Venta%20De%20Ropa%20Fashion%20Puz%20Venustiano%20Carranza,"https://www.google.com/maps/search/?api=1&query=19.4118028,-99.085619"
Aragon Jeans,Xochimilco,+52 55 6689 6240,nelicastelan3@gmail.com,https://wa.me/525566896240,https://www.facebook.com/search/pages/?q=Aragon%20Jeans%20Xochimilco,"https://www.google.com/maps/search/?api=1&query=19.26386246,-99.10508988"
Boutique Ivonne,Xochimilco,+52 55 9321 4237,saraivonne118@gmail.com,https://wa.me/525593214237,https://www.facebook.com/search/pages/?q=Boutique%20Ivonne%20Xochimilco,"https://www.google.com/maps/search/?api=1&query=19.24777579,-99.12262228"
Love Boutique,Xochimilco,+52 55 3939 7348,anabel.garrido@hotmail.com,https://wa.me/525539397348,https://www.facebook.com/search/pages/?q=Love%20Boutique%20Xochimilco,"https://www.google.com/maps/search/?api=1&query=19.28595539,-99.11978732"
Alfaros Boutique,Xochimilco,+52 56 5372 6778,ND,https://wa.me/525653726778,https://www.facebook.com/search/pages/?q=Alfaros%20Boutique%20Xochimilco,"https://www.google.com/maps/search/?api=1&query=19.24646173,-99.07389712"
Boutique Angel,Xochimilco,+52 55 2127 2397,ND,https://wa.me/525521272397,https://www.facebook.com/search/pages/?q=Boutique%20Angel%20Xochimilco,"https://www.google.com/maps/search/?api=1&query=19.28264964,-99.11647344"
Boutique Balam,Xochimilco,+52 55 6231 4118,ND,https://wa.me/525562314118,https://www.facebook.com/search/pages/?q=Boutique%20Balam%20Xochimilco,"https://www.google.com/maps/search/?api=1&query=19.19770905,-99.12271612"
Boutique Clothig Store,Xochimilco,+52 55 2307 8991,ND,https://wa.me/525523078991,https://www.facebook.com/search/pages/?q=Boutique%20Clothig%20Store%20Xochimilco,"https://www.google.com/maps/search/?api=1&query=19.28092387,-99.11699707"
Boutique De Ropa Store,Xochimilco,+52 55 7609 5902,ND,https://wa.me/525576095902,https://www.facebook.com/search/pages/?q=Boutique%20De%20Ropa%20Store%20Xochimilco,"https://www.google.com/maps/search/?api=1&query=19.26195702,-99.10124794"
Boutique Emipau,Xochimilco,+52 55 6533 4273,ND,https://wa.me/525565334273,https://www.facebook.com/search/pages/?q=Boutique%20Emipau%20Xochimilco,"https://www.google.com/maps/search/?api=1&query=19.25675708,-99.01655852"
Boutique Genesis,Xochimilco,+52 55 7629 1045,ND,https://wa.me/525576291045,https://www.facebook.com/search/pages/?q=Boutique%20Genesis%20Xochimilco,"https://www.google.com/maps/search/?api=1&query=19.23468722,-99.12104879"
Boutique Grandiosa,Xochimilco,+52 56 2669 4863,ND,https://wa.me/525626694863,https://www.facebook.com/search/pages/?q=Boutique%20Grandiosa%20Xochimilco,"https://www.google.com/maps/search/?api=1&query=19.25731136,-99.13062843"
Boutique Jazmin,Xochimilco,+52 55 2244 4698,ND,https://wa.me/525522444698,https://www.facebook.com/search/pages/?q=Boutique%20Jazmin%20Xochimilco,"https://www.google.com/maps/search/?api=1&query=19.26035581,-99.10155233"
Boutique Jl,Xochimilco,+52 55 2314 6456,ND,https://wa.me/525523146456,https://www.facebook.com/search/pages/?q=Boutique%20Jl%20Xochimilco,"https://www.google.com/maps/search/?api=1&query=19.25006361,-99.05842727"
Boutique Josefina,Xochimilco,+52 55 1362 4189,ND,https://wa.me/525513624189,https://www.facebook.com/search/pages/?q=Boutique%20Josefina%20Xochimilco,"https://www.google.com/maps/search/?api=1&query=19.25962819,-99.03148655"
Boutique Lorena,Xochimilco,+52 55 2939 2791,ND,https://wa.me/525529392791,https://www.facebook.com/search/pages/?q=Boutique%20Lorena%20Xochimilco,"https://www.google.com/maps/search/?api=1&query=19.2481224,-99.02570716"
Boutique Maykols,Xochimilco,+52 55 4824 0166,ND,https://wa.me/525548240166,https://www.facebook.com/search/pages/?q=Boutique%20Maykols%20Xochimilco,"https://www.google.com/maps/search/?api=1&query=19.26486577,-99.10931442"
Boutique Oshun,Xochimilco,+52 55 5177 8497,ND,https://wa.me/525551778497,https://www.facebook.com/search/pages/?q=Boutique%20Oshun%20Xochimilco,"https://www.google.com/maps/search/?api=1&query=19.25701591,-99.0121681"
Boutique Rossbran,Xochimilco,+52 55 2936 0790,ND,https://wa.me/525529360790,https://www.facebook.com/search/pages/?q=Boutique%20Rossbran%20Xochimilco,"https://www.google.com/maps/search/?api=1&query=19.259026,-99.09949651"
Boutique Sarillan,Xochimilco,+52 55 3512 7712,ND,https://wa.me/525535127712,https://www.facebook.com/search/pages/?q=Boutique%20Sarillan%20Xochimilco,"https://www.google.com/maps/search/?api=1&query=19.27101804,-99.11312421"
Boutique Todo Bonito,Xochimilco,+52 55 7919 8617,ND,https://wa.me/525579198617,https://www.facebook.com/search/pages/?q=Boutique%20Todo%20Bonito%20Xochimilco,"https://www.google.com/maps/search/?api=1&query=19.23138774,-99.11830918"
Boutique Xola,Xochimilco,+52 55 4546 9205,ND,https://wa.me/525545469205,https://www.facebook.com/search/pages/?q=Boutique%20Xola%20Xochimilco,"https://www.google.com/maps/search/?api=1&query=19.25657914,-99.0220846"
Eliazar S Collections And Sophie S Boutique,Xochimilco,+52 56 2700 0885,ND,https://wa.me/525627000885,https://www.facebook.com/search/pages/?q=Eliazar%20S%20Collections%20And%20Sophie%20S%20Boutique%20Xochimilco,"https://www.google.com/maps/search/?api=1&query=19.23367838,-99.12062142"
Fire Shop,Xochimilco,+52 56 2149 3935,ND,https://wa.me/525621493935,https://www.facebook.com/search/pages/?q=Fire%20Shop%20Xochimilco,"https://www.google.com/maps/search/?api=1&query=19.25305498,-99.01324214"
Friki Shop,Xochimilco,+52 55 4660 0306,ND,https://wa.me/525546600306,https://www.facebook.com/search/pages/?q=Friki%20Shop%20Xochimilco,"https://www.google.com/maps/search/?api=1&query=19.24643541,-99.07393592"
Kim Fashion Boutique,Xochimilco,+52 55 9371 0884,ND,https://wa.me/525593710884,https://www.facebook.com/search/pages/?q=Kim%20Fashion%20Boutique%20Xochimilco,"https://www.google.com/maps/search/?api=1&query=19.26245067,-99.09880905"
Tienda De Ropa Curvas Y Estilo,Xochimilco,+52 55 2318 0198,ND,https://wa.me/525523180198,https://www.facebook.com/search/pages/?q=Tienda%20De%20Ropa%20Curvas%20Y%20Estilo%20Xochimilco,"https://www.google.com/maps/search/?api=1&query=19.26211226,-99.10199729"
Tienda De Ropa Joss Boutique,Xochimilco,+52 56 2012 9055,ND,https://wa.me/525620129055,https://www.facebook.com/search/pages/?q=Tienda%20De%20Ropa%20Joss%20Boutique%20Xochimilco,"https://www.google.com/maps/search/?api=1&query=19.23608549,-99.12383223"
Tienda De Ropa La Moda,Xochimilco,+52 55 1291 6045,ND,https://wa.me/525512916045,https://www.facebook.com/search/pages/?q=Tienda%20De%20Ropa%20La%20Moda%20Xochimilco,"https://www.google.com/maps/search/?api=1&query=19.25289284,-99.05620261"
Tienda De Ropa Moda Estilo,Xochimilco,+52 55 6975 1118,ND,https://wa.me/525569751118,https://www.facebook.com/search/pages/?q=Tienda%20De%20Ropa%20Moda%20Estilo%20Xochimilco,"https://www.google.com/maps/search/?api=1&query=19.25800522,-99.10199818"
Tienda De Ropa Moda Regina,Xochimilco,+52 55 8388 1687,ND,https://wa.me/525583881687,https://www.facebook.com/search/pages/?q=Tienda%20De%20Ropa%20Moda%20Regina%20Xochimilco,"https://www.google.com/maps/search/?api=1&query=19.26631391,-99.11123048"
Vaquero Mexicno,Xochimilco,+52 44 4658 6243,ND,https://wa.me/524446586243,https://www.facebook.com/search/pages/?q=Vaquero%20Mexicno%20Xochimilco,"https://www.google.com/maps/search/?api=1&query=19.22726259,-99.10651551"
Venta De Ropa 100 Mexicano Diseño Y Moda,Xochimilco,+52 55 4480 1739,ND,https://wa.me/525544801739,https://www.facebook.com/search/pages/?q=Venta%20De%20Ropa%20100%20Mexicano%20Diseño%20Y%20Moda%20Xochimilco,"https://www.google.com/maps/search/?api=1&query=19.27355803,-99.12421753"
